river,bank,kp,mechanism,scenario,stage_m_msl,p_f
Satsunai,left,3.2,fluvial_scour,historical,32.6,0
Satsunai,left,3.2,fluvial_scour,historical,32.8,0
Satsunai,left,3.2,fluvial_scour,historical,33,0
Satsunai,left,3.2,fluvial_scour,historical,33.2,0
Satsunai,left,3.2,fluvial_scour,historical,33.4,0
Satsunai,left,3.2,fluvial_scour,historical,33.6,0
Satsunai,left,3.2,fluvial_scour,historical,33.8,0
Satsunai,left,3.2,fluvial_scour,historical,34,0
Satsunai,left,3.2,fluvial_scour,historical,34.2,0
Satsunai,left,3.2,fluvial_scour,historical,34.4,0
Satsunai,left,3.2,fluvial_scour,historical,34.6,0
Satsunai,left,3.2,fluvial_scour,historical,34.8,0
Satsunai,left,3.2,fluvial_scour,historical,35,0
Satsunai,left,3.2,fluvial_scour,historical,35.2,0
Satsunai,left,3.2,fluvial_scour,historical,35.4,0
Satsunai,left,3.2,fluvial_scour,historical,35.6,0
Satsunai,left,3.2,fluvial_scour,historical,35.8,0
Satsunai,left,3.2,fluvial_scour,historical,36,0
Satsunai,left,3.2,fluvial_scour,historical,36.2,0
Satsunai,left,3.2,fluvial_scour,historical,36.4,0
Satsunai,left,3.2,fluvial_scour,historical,36.6,0
Satsunai,left,3.2,fluvial_scour,historical,36.8,0
Satsunai,left,3.2,fluvial_scour,historical,37,0
Satsunai,left,3.2,fluvial_scour,historical,37.2,0
Satsunai,left,3.2,fluvial_scour,historical,37.4,0
Satsunai,left,3.2,fluvial_scour,historical,37.6,0
Satsunai,left,3.2,fluvial_scour,historical,37.8,0
Satsunai,left,3.2,fluvial_scour,historical,38,0
Satsunai,left,3.2,fluvial_scour,historical,38.2,0
Satsunai,left,3.2,fluvial_scour,historical,38.4,0
Satsunai,left,3.2,fluvial_scour,historical,38.6,0
Satsunai,left,3.2,fluvial_scour,historical,38.8,0
Satsunai,left,3.2,fluvial_scour,historical,39,0
Satsunai,left,3.2,fluvial_scour,historical,39.2,0
Satsunai,left,3.2,fluvial_scour,historical,39.4,0
Satsunai,left,3.2,fluvial_scour,historical,39.6,0
Satsunai,left,3.2,fluvial_scour,historical,39.8,0
Satsunai,left,3.2,fluvial_scour,historical,40,0
Satsunai,left,3.2,fluvial_scour,historical,40.2,0
Satsunai,left,3.2,fluvial_scour,plus4K,32.6,0
Satsunai,left,3.2,fluvial_scour,plus4K,32.8,0
Satsunai,left,3.2,fluvial_scour,plus4K,33,0
Satsunai,left,3.2,fluvial_scour,plus4K,33.2,0
Satsunai,left,3.2,fluvial_scour,plus4K,33.4,0
Satsunai,left,3.2,fluvial_scour,plus4K,33.6,0
Satsunai,left,3.2,fluvial_scour,plus4K,33.8,0
Satsunai,left,3.2,fluvial_scour,plus4K,34,0
Satsunai,left,3.2,fluvial_scour,plus4K,34.2,0
Satsunai,left,3.2,fluvial_scour,plus4K,34.4,0
Satsunai,left,3.2,fluvial_scour,plus4K,34.6,0
Satsunai,left,3.2,fluvial_scour,plus4K,34.8,0
Satsunai,left,3.2,fluvial_scour,plus4K,35,0
Satsunai,left,3.2,fluvial_scour,plus4K,35.2,0
Satsunai,left,3.2,fluvial_scour,plus4K,35.4,0
Satsunai,left,3.2,fluvial_scour,plus4K,35.6,0
Satsunai,left,3.2,fluvial_scour,plus4K,35.8,0
Satsunai,left,3.2,fluvial_scour,plus4K,36,0
Satsunai,left,3.2,fluvial_scour,plus4K,36.2,0
Satsunai,left,3.2,fluvial_scour,plus4K,36.4,0
Satsunai,left,3.2,fluvial_scour,plus4K,36.6,0
Satsunai,left,3.2,fluvial_scour,plus4K,36.8,0
Satsunai,left,3.2,fluvial_scour,plus4K,37,0
Satsunai,left,3.2,fluvial_scour,plus4K,37.2,0
Satsunai,left,3.2,fluvial_scour,plus4K,37.4,0
Satsunai,left,3.2,fluvial_scour,plus4K,37.6,0
Satsunai,left,3.2,fluvial_scour,plus4K,37.8,0
Satsunai,left,3.2,fluvial_scour,plus4K,38,0
Satsunai,left,3.2,fluvial_scour,plus4K,38.2,0
Satsunai,left,3.2,fluvial_scour,plus4K,38.4,0
Satsunai,left,3.2,fluvial_scour,plus4K,38.6,0
Satsunai,left,3.2,fluvial_scour,plus4K,38.8,0
Satsunai,left,3.2,fluvial_scour,plus4K,39,0
Satsunai,left,3.2,fluvial_scour,plus4K,39.2,0
Satsunai,left,3.2,fluvial_scour,plus4K,39.4,0
Satsunai,left,3.2,fluvial_scour,plus4K,39.6,0
Satsunai,left,3.2,fluvial_scour,plus4K,39.8,0
Satsunai,left,3.2,fluvial_scour,plus4K,40,0
Satsunai,left,3.2,fluvial_scour,plus4K,40.2,0
Satsunai,left,3.4,fluvial_scour,historical,33.4,0
Satsunai,left,3.4,fluvial_scour,historical,33.6,0
Satsunai,left,3.4,fluvial_scour,historical,33.8,0
Satsunai,left,3.4,fluvial_scour,historical,34,0
Satsunai,left,3.4,fluvial_scour,historical,34.2,0
Satsunai,left,3.4,fluvial_scour,historical,34.4,0
Satsunai,left,3.4,fluvial_scour,historical,34.6,0
Satsunai,left,3.4,fluvial_scour,historical,34.8,0
Satsunai,left,3.4,fluvial_scour,historical,35,0
Satsunai,left,3.4,fluvial_scour,historical,35.2,0
Satsunai,left,3.4,fluvial_scour,historical,35.4,0
Satsunai,left,3.4,fluvial_scour,historical,35.6,0
Satsunai,left,3.4,fluvial_scour,historical,35.8,0
Satsunai,left,3.4,fluvial_scour,historical,36,0
Satsunai,left,3.4,fluvial_scour,historical,36.2,0
Satsunai,left,3.4,fluvial_scour,historical,36.4,0
Satsunai,left,3.4,fluvial_scour,historical,36.6,0
Satsunai,left,3.4,fluvial_scour,historical,36.8,0
Satsunai,left,3.4,fluvial_scour,historical,37,0
Satsunai,left,3.4,fluvial_scour,historical,37.2,0
Satsunai,left,3.4,fluvial_scour,historical,37.4,0
Satsunai,left,3.4,fluvial_scour,historical,37.6,0
Satsunai,left,3.4,fluvial_scour,historical,37.8,0
Satsunai,left,3.4,fluvial_scour,historical,38,0
Satsunai,left,3.4,fluvial_scour,historical,38.2,0
Satsunai,left,3.4,fluvial_scour,historical,38.4,0
Satsunai,left,3.4,fluvial_scour,historical,38.6,0
Satsunai,left,3.4,fluvial_scour,historical,38.8,0
Satsunai,left,3.4,fluvial_scour,historical,39,0
Satsunai,left,3.4,fluvial_scour,historical,39.2,0
Satsunai,left,3.4,fluvial_scour,historical,39.4,0
Satsunai,left,3.4,fluvial_scour,historical,39.6,0
Satsunai,left,3.4,fluvial_scour,historical,39.8,0
Satsunai,left,3.4,fluvial_scour,historical,40,0
Satsunai,left,3.4,fluvial_scour,historical,40.2,0
Satsunai,left,3.4,fluvial_scour,historical,40.4,0
Satsunai,left,3.4,fluvial_scour,plus4K,33.4,0
Satsunai,left,3.4,fluvial_scour,plus4K,33.6,0
Satsunai,left,3.4,fluvial_scour,plus4K,33.8,0
Satsunai,left,3.4,fluvial_scour,plus4K,34,0
Satsunai,left,3.4,fluvial_scour,plus4K,34.2,0
Satsunai,left,3.4,fluvial_scour,plus4K,34.4,0
Satsunai,left,3.4,fluvial_scour,plus4K,34.6,0
Satsunai,left,3.4,fluvial_scour,plus4K,34.8,0
Satsunai,left,3.4,fluvial_scour,plus4K,35,0
Satsunai,left,3.4,fluvial_scour,plus4K,35.2,0
Satsunai,left,3.4,fluvial_scour,plus4K,35.4,0
Satsunai,left,3.4,fluvial_scour,plus4K,35.6,0
Satsunai,left,3.4,fluvial_scour,plus4K,35.8,0
Satsunai,left,3.4,fluvial_scour,plus4K,36,0
Satsunai,left,3.4,fluvial_scour,plus4K,36.2,0
Satsunai,left,3.4,fluvial_scour,plus4K,36.4,0
Satsunai,left,3.4,fluvial_scour,plus4K,36.6,0
Satsunai,left,3.4,fluvial_scour,plus4K,36.8,0
Satsunai,left,3.4,fluvial_scour,plus4K,37,0
Satsunai,left,3.4,fluvial_scour,plus4K,37.2,0
Satsunai,left,3.4,fluvial_scour,plus4K,37.4,0
Satsunai,left,3.4,fluvial_scour,plus4K,37.6,0
Satsunai,left,3.4,fluvial_scour,plus4K,37.8,0
Satsunai,left,3.4,fluvial_scour,plus4K,38,0
Satsunai,left,3.4,fluvial_scour,plus4K,38.2,0
Satsunai,left,3.4,fluvial_scour,plus4K,38.4,0
Satsunai,left,3.4,fluvial_scour,plus4K,38.6,0
Satsunai,left,3.4,fluvial_scour,plus4K,38.8,0
Satsunai,left,3.4,fluvial_scour,plus4K,39,0
Satsunai,left,3.4,fluvial_scour,plus4K,39.2,0
Satsunai,left,3.4,fluvial_scour,plus4K,39.4,0
Satsunai,left,3.4,fluvial_scour,plus4K,39.6,0
Satsunai,left,3.4,fluvial_scour,plus4K,39.8,0
Satsunai,left,3.4,fluvial_scour,plus4K,40,0
Satsunai,left,3.4,fluvial_scour,plus4K,40.2,0
Satsunai,left,3.4,fluvial_scour,plus4K,40.4,0
Satsunai,left,3.6,fluvial_scour,historical,34,0
Satsunai,left,3.6,fluvial_scour,historical,34.2,0
Satsunai,left,3.6,fluvial_scour,historical,34.4,0
Satsunai,left,3.6,fluvial_scour,historical,34.6,0
Satsunai,left,3.6,fluvial_scour,historical,34.8,0
Satsunai,left,3.6,fluvial_scour,historical,35,0
Satsunai,left,3.6,fluvial_scour,historical,35.2,0
Satsunai,left,3.6,fluvial_scour,historical,35.4,0
Satsunai,left,3.6,fluvial_scour,historical,35.6,0
Satsunai,left,3.6,fluvial_scour,historical,35.8,0
Satsunai,left,3.6,fluvial_scour,historical,36,0
Satsunai,left,3.6,fluvial_scour,historical,36.2,0
Satsunai,left,3.6,fluvial_scour,historical,36.4,0
Satsunai,left,3.6,fluvial_scour,historical,36.6,0
Satsunai,left,3.6,fluvial_scour,historical,36.8,0
Satsunai,left,3.6,fluvial_scour,historical,37,0
Satsunai,left,3.6,fluvial_scour,historical,37.2,0
Satsunai,left,3.6,fluvial_scour,historical,37.4,0
Satsunai,left,3.6,fluvial_scour,historical,37.6,0
Satsunai,left,3.6,fluvial_scour,historical,37.8,0
Satsunai,left,3.6,fluvial_scour,historical,38,0
Satsunai,left,3.6,fluvial_scour,historical,38.2,0
Satsunai,left,3.6,fluvial_scour,historical,38.4,0
Satsunai,left,3.6,fluvial_scour,historical,38.6,0
Satsunai,left,3.6,fluvial_scour,historical,38.8,0
Satsunai,left,3.6,fluvial_scour,historical,39,0
Satsunai,left,3.6,fluvial_scour,historical,39.2,0
Satsunai,left,3.6,fluvial_scour,historical,39.4,0
Satsunai,left,3.6,fluvial_scour,historical,39.6,0
Satsunai,left,3.6,fluvial_scour,historical,39.8,0
Satsunai,left,3.6,fluvial_scour,historical,40,0
Satsunai,left,3.6,fluvial_scour,historical,40.2,0
Satsunai,left,3.6,fluvial_scour,historical,40.4,0
Satsunai,left,3.6,fluvial_scour,historical,40.6,0
Satsunai,left,3.6,fluvial_scour,historical,40.8,0
Satsunai,left,3.6,fluvial_scour,historical,41,0
Satsunai,left,3.6,fluvial_scour,plus4K,34,0
Satsunai,left,3.6,fluvial_scour,plus4K,34.2,0
Satsunai,left,3.6,fluvial_scour,plus4K,34.4,0
Satsunai,left,3.6,fluvial_scour,plus4K,34.6,0
Satsunai,left,3.6,fluvial_scour,plus4K,34.8,0
Satsunai,left,3.6,fluvial_scour,plus4K,35,0
Satsunai,left,3.6,fluvial_scour,plus4K,35.2,0
Satsunai,left,3.6,fluvial_scour,plus4K,35.4,0
Satsunai,left,3.6,fluvial_scour,plus4K,35.6,0
Satsunai,left,3.6,fluvial_scour,plus4K,35.8,0
Satsunai,left,3.6,fluvial_scour,plus4K,36,0
Satsunai,left,3.6,fluvial_scour,plus4K,36.2,0
Satsunai,left,3.6,fluvial_scour,plus4K,36.4,0
Satsunai,left,3.6,fluvial_scour,plus4K,36.6,0
Satsunai,left,3.6,fluvial_scour,plus4K,36.8,0
Satsunai,left,3.6,fluvial_scour,plus4K,37,0
Satsunai,left,3.6,fluvial_scour,plus4K,37.2,0
Satsunai,left,3.6,fluvial_scour,plus4K,37.4,0
Satsunai,left,3.6,fluvial_scour,plus4K,37.6,0
Satsunai,left,3.6,fluvial_scour,plus4K,37.8,0
Satsunai,left,3.6,fluvial_scour,plus4K,38,0
Satsunai,left,3.6,fluvial_scour,plus4K,38.2,0
Satsunai,left,3.6,fluvial_scour,plus4K,38.4,0
Satsunai,left,3.6,fluvial_scour,plus4K,38.6,0
Satsunai,left,3.6,fluvial_scour,plus4K,38.8,0
Satsunai,left,3.6,fluvial_scour,plus4K,39,0
Satsunai,left,3.6,fluvial_scour,plus4K,39.2,0
Satsunai,left,3.6,fluvial_scour,plus4K,39.4,0
Satsunai,left,3.6,fluvial_scour,plus4K,39.6,0
Satsunai,left,3.6,fluvial_scour,plus4K,39.8,0
Satsunai,left,3.6,fluvial_scour,plus4K,40,0
Satsunai,left,3.6,fluvial_scour,plus4K,40.2,0
Satsunai,left,3.6,fluvial_scour,plus4K,40.4,0
Satsunai,left,3.6,fluvial_scour,plus4K,40.6,0
Satsunai,left,3.6,fluvial_scour,plus4K,40.8,0
Satsunai,left,3.6,fluvial_scour,plus4K,41,0
Satsunai,left,3.8,fluvial_scour,historical,34.4,0
Satsunai,left,3.8,fluvial_scour,historical,34.6,0
Satsunai,left,3.8,fluvial_scour,historical,34.8,0
Satsunai,left,3.8,fluvial_scour,historical,35,0
Satsunai,left,3.8,fluvial_scour,historical,35.2,0
Satsunai,left,3.8,fluvial_scour,historical,35.4,0
Satsunai,left,3.8,fluvial_scour,historical,35.6,0
Satsunai,left,3.8,fluvial_scour,historical,35.8,0
Satsunai,left,3.8,fluvial_scour,historical,36,0
Satsunai,left,3.8,fluvial_scour,historical,36.2,0
Satsunai,left,3.8,fluvial_scour,historical,36.4,0
Satsunai,left,3.8,fluvial_scour,historical,36.6,0
Satsunai,left,3.8,fluvial_scour,historical,36.8,0
Satsunai,left,3.8,fluvial_scour,historical,37,0
Satsunai,left,3.8,fluvial_scour,historical,37.2,0
Satsunai,left,3.8,fluvial_scour,historical,37.4,0
Satsunai,left,3.8,fluvial_scour,historical,37.6,0
Satsunai,left,3.8,fluvial_scour,historical,37.8,0
Satsunai,left,3.8,fluvial_scour,historical,38,0
Satsunai,left,3.8,fluvial_scour,historical,38.2,0
Satsunai,left,3.8,fluvial_scour,historical,38.4,0
Satsunai,left,3.8,fluvial_scour,historical,38.6,0
Satsunai,left,3.8,fluvial_scour,historical,38.8,0
Satsunai,left,3.8,fluvial_scour,historical,39,0
Satsunai,left,3.8,fluvial_scour,historical,39.2,0
Satsunai,left,3.8,fluvial_scour,historical,39.4,0
Satsunai,left,3.8,fluvial_scour,historical,39.6,0
Satsunai,left,3.8,fluvial_scour,historical,39.8,0
Satsunai,left,3.8,fluvial_scour,historical,40,0
Satsunai,left,3.8,fluvial_scour,historical,40.2,0
Satsunai,left,3.8,fluvial_scour,historical,40.4,0
Satsunai,left,3.8,fluvial_scour,historical,40.6,0
Satsunai,left,3.8,fluvial_scour,historical,40.8,0
Satsunai,left,3.8,fluvial_scour,historical,41,0
Satsunai,left,3.8,fluvial_scour,historical,41.2,0
Satsunai,left,3.8,fluvial_scour,historical,41.4,0
Satsunai,left,3.8,fluvial_scour,historical,41.6,0
Satsunai,left,3.8,fluvial_scour,historical,41.8,0
Satsunai,left,3.8,fluvial_scour,plus4K,34.4,0
Satsunai,left,3.8,fluvial_scour,plus4K,34.6,0
Satsunai,left,3.8,fluvial_scour,plus4K,34.8,0
Satsunai,left,3.8,fluvial_scour,plus4K,35,0
Satsunai,left,3.8,fluvial_scour,plus4K,35.2,0
Satsunai,left,3.8,fluvial_scour,plus4K,35.4,0
Satsunai,left,3.8,fluvial_scour,plus4K,35.6,0
Satsunai,left,3.8,fluvial_scour,plus4K,35.8,0
Satsunai,left,3.8,fluvial_scour,plus4K,36,0
Satsunai,left,3.8,fluvial_scour,plus4K,36.2,0
Satsunai,left,3.8,fluvial_scour,plus4K,36.4,0
Satsunai,left,3.8,fluvial_scour,plus4K,36.6,0
Satsunai,left,3.8,fluvial_scour,plus4K,36.8,0
Satsunai,left,3.8,fluvial_scour,plus4K,37,0
Satsunai,left,3.8,fluvial_scour,plus4K,37.2,0
Satsunai,left,3.8,fluvial_scour,plus4K,37.4,0
Satsunai,left,3.8,fluvial_scour,plus4K,37.6,0
Satsunai,left,3.8,fluvial_scour,plus4K,37.8,0
Satsunai,left,3.8,fluvial_scour,plus4K,38,0
Satsunai,left,3.8,fluvial_scour,plus4K,38.2,0
Satsunai,left,3.8,fluvial_scour,plus4K,38.4,0
Satsunai,left,3.8,fluvial_scour,plus4K,38.6,0
Satsunai,left,3.8,fluvial_scour,plus4K,38.8,0
Satsunai,left,3.8,fluvial_scour,plus4K,39,0
Satsunai,left,3.8,fluvial_scour,plus4K,39.2,0
Satsunai,left,3.8,fluvial_scour,plus4K,39.4,0
Satsunai,left,3.8,fluvial_scour,plus4K,39.6,0
Satsunai,left,3.8,fluvial_scour,plus4K,39.8,0
Satsunai,left,3.8,fluvial_scour,plus4K,40,0
Satsunai,left,3.8,fluvial_scour,plus4K,40.2,0
Satsunai,left,3.8,fluvial_scour,plus4K,40.4,0
Satsunai,left,3.8,fluvial_scour,plus4K,40.6,0
Satsunai,left,3.8,fluvial_scour,plus4K,40.8,0
Satsunai,left,3.8,fluvial_scour,plus4K,41,0
Satsunai,left,3.8,fluvial_scour,plus4K,41.2,0
Satsunai,left,3.8,fluvial_scour,plus4K,41.4,0
Satsunai,left,3.8,fluvial_scour,plus4K,41.6,0
Satsunai,left,3.8,fluvial_scour,plus4K,41.8,0
Satsunai,left,4,fluvial_scour,historical,35,0
Satsunai,left,4,fluvial_scour,historical,35.2,0
Satsunai,left,4,fluvial_scour,historical,35.4,0
Satsunai,left,4,fluvial_scour,historical,35.6,0
Satsunai,left,4,fluvial_scour,historical,35.8,0
Satsunai,left,4,fluvial_scour,historical,36,0
Satsunai,left,4,fluvial_scour,historical,36.2,0
Satsunai,left,4,fluvial_scour,historical,36.4,0
Satsunai,left,4,fluvial_scour,historical,36.6,0
Satsunai,left,4,fluvial_scour,historical,36.8,0
Satsunai,left,4,fluvial_scour,historical,37,0
Satsunai,left,4,fluvial_scour,historical,37.2,0
Satsunai,left,4,fluvial_scour,historical,37.4,0
Satsunai,left,4,fluvial_scour,historical,37.6,0
Satsunai,left,4,fluvial_scour,historical,37.8,0
Satsunai,left,4,fluvial_scour,historical,38,0
Satsunai,left,4,fluvial_scour,historical,38.2,0
Satsunai,left,4,fluvial_scour,historical,38.4,0
Satsunai,left,4,fluvial_scour,historical,38.6,0
Satsunai,left,4,fluvial_scour,historical,38.8,0
Satsunai,left,4,fluvial_scour,historical,39,0
Satsunai,left,4,fluvial_scour,historical,39.2,0
Satsunai,left,4,fluvial_scour,historical,39.4,0
Satsunai,left,4,fluvial_scour,historical,39.6,0
Satsunai,left,4,fluvial_scour,historical,39.8,0
Satsunai,left,4,fluvial_scour,historical,40,0
Satsunai,left,4,fluvial_scour,historical,40.2,0
Satsunai,left,4,fluvial_scour,historical,40.4,0
Satsunai,left,4,fluvial_scour,historical,40.6,0
Satsunai,left,4,fluvial_scour,historical,40.8,0
Satsunai,left,4,fluvial_scour,historical,41,0
Satsunai,left,4,fluvial_scour,historical,41.2,0
Satsunai,left,4,fluvial_scour,historical,41.4,0
Satsunai,left,4,fluvial_scour,historical,41.6,0
Satsunai,left,4,fluvial_scour,historical,41.8,0
Satsunai,left,4,fluvial_scour,historical,42,0
Satsunai,left,4,fluvial_scour,historical,42.2,0
Satsunai,left,4,fluvial_scour,historical,42.4,0
Satsunai,left,4,fluvial_scour,historical,42.6,0
Satsunai,left,4,fluvial_scour,plus4K,35,0
Satsunai,left,4,fluvial_scour,plus4K,35.2,0
Satsunai,left,4,fluvial_scour,plus4K,35.4,0
Satsunai,left,4,fluvial_scour,plus4K,35.6,0
Satsunai,left,4,fluvial_scour,plus4K,35.8,0
Satsunai,left,4,fluvial_scour,plus4K,36,0
Satsunai,left,4,fluvial_scour,plus4K,36.2,0
Satsunai,left,4,fluvial_scour,plus4K,36.4,0
Satsunai,left,4,fluvial_scour,plus4K,36.6,0
Satsunai,left,4,fluvial_scour,plus4K,36.8,0
Satsunai,left,4,fluvial_scour,plus4K,37,0
Satsunai,left,4,fluvial_scour,plus4K,37.2,0
Satsunai,left,4,fluvial_scour,plus4K,37.4,0
Satsunai,left,4,fluvial_scour,plus4K,37.6,0
Satsunai,left,4,fluvial_scour,plus4K,37.8,0
Satsunai,left,4,fluvial_scour,plus4K,38,0
Satsunai,left,4,fluvial_scour,plus4K,38.2,0
Satsunai,left,4,fluvial_scour,plus4K,38.4,0
Satsunai,left,4,fluvial_scour,plus4K,38.6,0
Satsunai,left,4,fluvial_scour,plus4K,38.8,0
Satsunai,left,4,fluvial_scour,plus4K,39,0
Satsunai,left,4,fluvial_scour,plus4K,39.2,0
Satsunai,left,4,fluvial_scour,plus4K,39.4,0
Satsunai,left,4,fluvial_scour,plus4K,39.6,0
Satsunai,left,4,fluvial_scour,plus4K,39.8,0
Satsunai,left,4,fluvial_scour,plus4K,40,0
Satsunai,left,4,fluvial_scour,plus4K,40.2,0
Satsunai,left,4,fluvial_scour,plus4K,40.4,0
Satsunai,left,4,fluvial_scour,plus4K,40.6,0
Satsunai,left,4,fluvial_scour,plus4K,40.8,0
Satsunai,left,4,fluvial_scour,plus4K,41,0
Satsunai,left,4,fluvial_scour,plus4K,41.2,0
Satsunai,left,4,fluvial_scour,plus4K,41.4,0
Satsunai,left,4,fluvial_scour,plus4K,41.6,0
Satsunai,left,4,fluvial_scour,plus4K,41.8,0
Satsunai,left,4,fluvial_scour,plus4K,42,0
Satsunai,left,4,fluvial_scour,plus4K,42.2,0
Satsunai,left,4,fluvial_scour,plus4K,42.4,0
Satsunai,left,4,fluvial_scour,plus4K,42.6,0
Satsunai,left,4.2,fluvial_scour,historical,35.4,0
Satsunai,left,4.2,fluvial_scour,historical,35.6,0
Satsunai,left,4.2,fluvial_scour,historical,35.8,0
Satsunai,left,4.2,fluvial_scour,historical,36,0
Satsunai,left,4.2,fluvial_scour,historical,36.2,0
Satsunai,left,4.2,fluvial_scour,historical,36.4,0
Satsunai,left,4.2,fluvial_scour,historical,36.6,0
Satsunai,left,4.2,fluvial_scour,historical,36.8,0
Satsunai,left,4.2,fluvial_scour,historical,37,0
Satsunai,left,4.2,fluvial_scour,historical,37.2,0
Satsunai,left,4.2,fluvial_scour,historical,37.4,0
Satsunai,left,4.2,fluvial_scour,historical,37.6,0
Satsunai,left,4.2,fluvial_scour,historical,37.8,0
Satsunai,left,4.2,fluvial_scour,historical,38,0
Satsunai,left,4.2,fluvial_scour,historical,38.2,0
Satsunai,left,4.2,fluvial_scour,historical,38.4,0
Satsunai,left,4.2,fluvial_scour,historical,38.6,0
Satsunai,left,4.2,fluvial_scour,historical,38.8,0
Satsunai,left,4.2,fluvial_scour,historical,39,0
Satsunai,left,4.2,fluvial_scour,historical,39.2,0
Satsunai,left,4.2,fluvial_scour,historical,39.4,0
Satsunai,left,4.2,fluvial_scour,historical,39.6,0
Satsunai,left,4.2,fluvial_scour,historical,39.8,0
Satsunai,left,4.2,fluvial_scour,historical,40,0
Satsunai,left,4.2,fluvial_scour,historical,40.2,0
Satsunai,left,4.2,fluvial_scour,historical,40.4,0
Satsunai,left,4.2,fluvial_scour,historical,40.6,0
Satsunai,left,4.2,fluvial_scour,historical,40.8,0
Satsunai,left,4.2,fluvial_scour,historical,41,0
Satsunai,left,4.2,fluvial_scour,historical,41.2,0
Satsunai,left,4.2,fluvial_scour,historical,41.4,0
Satsunai,left,4.2,fluvial_scour,historical,41.6,0
Satsunai,left,4.2,fluvial_scour,historical,41.8,0
Satsunai,left,4.2,fluvial_scour,historical,42,0
Satsunai,left,4.2,fluvial_scour,historical,42.2,0
Satsunai,left,4.2,fluvial_scour,historical,42.4,0
Satsunai,left,4.2,fluvial_scour,historical,42.6,0
Satsunai,left,4.2,fluvial_scour,plus4K,35.4,0
Satsunai,left,4.2,fluvial_scour,plus4K,35.6,0
Satsunai,left,4.2,fluvial_scour,plus4K,35.8,0
Satsunai,left,4.2,fluvial_scour,plus4K,36,0
Satsunai,left,4.2,fluvial_scour,plus4K,36.2,0
Satsunai,left,4.2,fluvial_scour,plus4K,36.4,0
Satsunai,left,4.2,fluvial_scour,plus4K,36.6,0
Satsunai,left,4.2,fluvial_scour,plus4K,36.8,0
Satsunai,left,4.2,fluvial_scour,plus4K,37,0
Satsunai,left,4.2,fluvial_scour,plus4K,37.2,0
Satsunai,left,4.2,fluvial_scour,plus4K,37.4,0
Satsunai,left,4.2,fluvial_scour,plus4K,37.6,0
Satsunai,left,4.2,fluvial_scour,plus4K,37.8,0
Satsunai,left,4.2,fluvial_scour,plus4K,38,0
Satsunai,left,4.2,fluvial_scour,plus4K,38.2,0
Satsunai,left,4.2,fluvial_scour,plus4K,38.4,0
Satsunai,left,4.2,fluvial_scour,plus4K,38.6,0
Satsunai,left,4.2,fluvial_scour,plus4K,38.8,0
Satsunai,left,4.2,fluvial_scour,plus4K,39,0
Satsunai,left,4.2,fluvial_scour,plus4K,39.2,0
Satsunai,left,4.2,fluvial_scour,plus4K,39.4,0
Satsunai,left,4.2,fluvial_scour,plus4K,39.6,0
Satsunai,left,4.2,fluvial_scour,plus4K,39.8,0
Satsunai,left,4.2,fluvial_scour,plus4K,40,0
Satsunai,left,4.2,fluvial_scour,plus4K,40.2,0
Satsunai,left,4.2,fluvial_scour,plus4K,40.4,0
Satsunai,left,4.2,fluvial_scour,plus4K,40.6,0
Satsunai,left,4.2,fluvial_scour,plus4K,40.8,0
Satsunai,left,4.2,fluvial_scour,plus4K,41,0
Satsunai,left,4.2,fluvial_scour,plus4K,41.2,0
Satsunai,left,4.2,fluvial_scour,plus4K,41.4,0
Satsunai,left,4.2,fluvial_scour,plus4K,41.6,0
Satsunai,left,4.2,fluvial_scour,plus4K,41.8,0
Satsunai,left,4.2,fluvial_scour,plus4K,42,0
Satsunai,left,4.2,fluvial_scour,plus4K,42.2,0
Satsunai,left,4.2,fluvial_scour,plus4K,42.4,0
Satsunai,left,4.2,fluvial_scour,plus4K,42.6,0
Satsunai,left,4.4,fluvial_scour,historical,36.2,0
Satsunai,left,4.4,fluvial_scour,historical,36.4,0
Satsunai,left,4.4,fluvial_scour,historical,36.6,0
Satsunai,left,4.4,fluvial_scour,historical,36.8,0
Satsunai,left,4.4,fluvial_scour,historical,37,0
Satsunai,left,4.4,fluvial_scour,historical,37.2,0
Satsunai,left,4.4,fluvial_scour,historical,37.4,0
Satsunai,left,4.4,fluvial_scour,historical,37.6,0
Satsunai,left,4.4,fluvial_scour,historical,37.8,0
Satsunai,left,4.4,fluvial_scour,historical,38,0
Satsunai,left,4.4,fluvial_scour,historical,38.2,0
Satsunai,left,4.4,fluvial_scour,historical,38.4,0
Satsunai,left,4.4,fluvial_scour,historical,38.6,0
Satsunai,left,4.4,fluvial_scour,historical,38.8,0
Satsunai,left,4.4,fluvial_scour,historical,39,0
Satsunai,left,4.4,fluvial_scour,historical,39.2,0
Satsunai,left,4.4,fluvial_scour,historical,39.4,0
Satsunai,left,4.4,fluvial_scour,historical,39.6,0
Satsunai,left,4.4,fluvial_scour,historical,39.8,0
Satsunai,left,4.4,fluvial_scour,historical,40,0
Satsunai,left,4.4,fluvial_scour,historical,40.2,0
Satsunai,left,4.4,fluvial_scour,historical,40.4,0
Satsunai,left,4.4,fluvial_scour,historical,40.6,0
Satsunai,left,4.4,fluvial_scour,historical,40.8,0
Satsunai,left,4.4,fluvial_scour,historical,41,0
Satsunai,left,4.4,fluvial_scour,historical,41.2,0
Satsunai,left,4.4,fluvial_scour,historical,41.4,0
Satsunai,left,4.4,fluvial_scour,historical,41.6,0
Satsunai,left,4.4,fluvial_scour,historical,41.8,0
Satsunai,left,4.4,fluvial_scour,historical,42,0
Satsunai,left,4.4,fluvial_scour,historical,42.2,0
Satsunai,left,4.4,fluvial_scour,historical,42.4,0
Satsunai,left,4.4,fluvial_scour,historical,42.6,0
Satsunai,left,4.4,fluvial_scour,historical,42.8,0
Satsunai,left,4.4,fluvial_scour,historical,43,0
Satsunai,left,4.4,fluvial_scour,historical,43.2,0
Satsunai,left,4.4,fluvial_scour,plus4K,36.2,0
Satsunai,left,4.4,fluvial_scour,plus4K,36.4,0
Satsunai,left,4.4,fluvial_scour,plus4K,36.6,0
Satsunai,left,4.4,fluvial_scour,plus4K,36.8,0
Satsunai,left,4.4,fluvial_scour,plus4K,37,0
Satsunai,left,4.4,fluvial_scour,plus4K,37.2,0
Satsunai,left,4.4,fluvial_scour,plus4K,37.4,0
Satsunai,left,4.4,fluvial_scour,plus4K,37.6,0
Satsunai,left,4.4,fluvial_scour,plus4K,37.8,0
Satsunai,left,4.4,fluvial_scour,plus4K,38,0
Satsunai,left,4.4,fluvial_scour,plus4K,38.2,0
Satsunai,left,4.4,fluvial_scour,plus4K,38.4,0
Satsunai,left,4.4,fluvial_scour,plus4K,38.6,0
Satsunai,left,4.4,fluvial_scour,plus4K,38.8,0
Satsunai,left,4.4,fluvial_scour,plus4K,39,0
Satsunai,left,4.4,fluvial_scour,plus4K,39.2,0
Satsunai,left,4.4,fluvial_scour,plus4K,39.4,0
Satsunai,left,4.4,fluvial_scour,plus4K,39.6,0
Satsunai,left,4.4,fluvial_scour,plus4K,39.8,0
Satsunai,left,4.4,fluvial_scour,plus4K,40,0
Satsunai,left,4.4,fluvial_scour,plus4K,40.2,0
Satsunai,left,4.4,fluvial_scour,plus4K,40.4,0
Satsunai,left,4.4,fluvial_scour,plus4K,40.6,0
Satsunai,left,4.4,fluvial_scour,plus4K,40.8,0
Satsunai,left,4.4,fluvial_scour,plus4K,41,0
Satsunai,left,4.4,fluvial_scour,plus4K,41.2,0
Satsunai,left,4.4,fluvial_scour,plus4K,41.4,0
Satsunai,left,4.4,fluvial_scour,plus4K,41.6,0
Satsunai,left,4.4,fluvial_scour,plus4K,41.8,0
Satsunai,left,4.4,fluvial_scour,plus4K,42,0
Satsunai,left,4.4,fluvial_scour,plus4K,42.2,0
Satsunai,left,4.4,fluvial_scour,plus4K,42.4,0
Satsunai,left,4.4,fluvial_scour,plus4K,42.6,0
Satsunai,left,4.4,fluvial_scour,plus4K,42.8,0
Satsunai,left,4.4,fluvial_scour,plus4K,43,0
Satsunai,left,4.4,fluvial_scour,plus4K,43.2,0
Satsunai,left,4.6,fluvial_scour,historical,37.2,0
Satsunai,left,4.6,fluvial_scour,historical,37.4,0
Satsunai,left,4.6,fluvial_scour,historical,37.6,0
Satsunai,left,4.6,fluvial_scour,historical,37.8,0
Satsunai,left,4.6,fluvial_scour,historical,38,0
Satsunai,left,4.6,fluvial_scour,historical,38.2,0
Satsunai,left,4.6,fluvial_scour,historical,38.4,0
Satsunai,left,4.6,fluvial_scour,historical,38.6,0
Satsunai,left,4.6,fluvial_scour,historical,38.8,0
Satsunai,left,4.6,fluvial_scour,historical,39,0
Satsunai,left,4.6,fluvial_scour,historical,39.2,0
Satsunai,left,4.6,fluvial_scour,historical,39.4,0
Satsunai,left,4.6,fluvial_scour,historical,39.6,0
Satsunai,left,4.6,fluvial_scour,historical,39.8,0
Satsunai,left,4.6,fluvial_scour,historical,40,0
Satsunai,left,4.6,fluvial_scour,historical,40.2,0
Satsunai,left,4.6,fluvial_scour,historical,40.4,0
Satsunai,left,4.6,fluvial_scour,historical,40.6,0
Satsunai,left,4.6,fluvial_scour,historical,40.8,0
Satsunai,left,4.6,fluvial_scour,historical,41,0
Satsunai,left,4.6,fluvial_scour,historical,41.2,0
Satsunai,left,4.6,fluvial_scour,historical,41.4,0
Satsunai,left,4.6,fluvial_scour,historical,41.6,0
Satsunai,left,4.6,fluvial_scour,historical,41.8,0
Satsunai,left,4.6,fluvial_scour,historical,42,0
Satsunai,left,4.6,fluvial_scour,historical,42.2,0
Satsunai,left,4.6,fluvial_scour,historical,42.4,0
Satsunai,left,4.6,fluvial_scour,historical,42.6,0
Satsunai,left,4.6,fluvial_scour,historical,42.8,0
Satsunai,left,4.6,fluvial_scour,historical,43,0
Satsunai,left,4.6,fluvial_scour,historical,43.2,0
Satsunai,left,4.6,fluvial_scour,historical,43.4,0
Satsunai,left,4.6,fluvial_scour,historical,43.6,0
Satsunai,left,4.6,fluvial_scour,historical,43.8,0
Satsunai,left,4.6,fluvial_scour,plus4K,37.2,0
Satsunai,left,4.6,fluvial_scour,plus4K,37.4,0
Satsunai,left,4.6,fluvial_scour,plus4K,37.6,0
Satsunai,left,4.6,fluvial_scour,plus4K,37.8,0
Satsunai,left,4.6,fluvial_scour,plus4K,38,0
Satsunai,left,4.6,fluvial_scour,plus4K,38.2,0
Satsunai,left,4.6,fluvial_scour,plus4K,38.4,0
Satsunai,left,4.6,fluvial_scour,plus4K,38.6,0
Satsunai,left,4.6,fluvial_scour,plus4K,38.8,0
Satsunai,left,4.6,fluvial_scour,plus4K,39,0
Satsunai,left,4.6,fluvial_scour,plus4K,39.2,0
Satsunai,left,4.6,fluvial_scour,plus4K,39.4,0
Satsunai,left,4.6,fluvial_scour,plus4K,39.6,0
Satsunai,left,4.6,fluvial_scour,plus4K,39.8,0
Satsunai,left,4.6,fluvial_scour,plus4K,40,0
Satsunai,left,4.6,fluvial_scour,plus4K,40.2,0
Satsunai,left,4.6,fluvial_scour,plus4K,40.4,0
Satsunai,left,4.6,fluvial_scour,plus4K,40.6,0
Satsunai,left,4.6,fluvial_scour,plus4K,40.8,0
Satsunai,left,4.6,fluvial_scour,plus4K,41,0
Satsunai,left,4.6,fluvial_scour,plus4K,41.2,0
Satsunai,left,4.6,fluvial_scour,plus4K,41.4,0
Satsunai,left,4.6,fluvial_scour,plus4K,41.6,0
Satsunai,left,4.6,fluvial_scour,plus4K,41.8,0
Satsunai,left,4.6,fluvial_scour,plus4K,42,0
Satsunai,left,4.6,fluvial_scour,plus4K,42.2,0
Satsunai,left,4.6,fluvial_scour,plus4K,42.4,0
Satsunai,left,4.6,fluvial_scour,plus4K,42.6,0
Satsunai,left,4.6,fluvial_scour,plus4K,42.8,0
Satsunai,left,4.6,fluvial_scour,plus4K,43,0
Satsunai,left,4.6,fluvial_scour,plus4K,43.2,0
Satsunai,left,4.6,fluvial_scour,plus4K,43.4,0
Satsunai,left,4.6,fluvial_scour,plus4K,43.6,0
Satsunai,left,4.6,fluvial_scour,plus4K,43.8,0
Satsunai,left,4.8,fluvial_scour,historical,37.6,0
Satsunai,left,4.8,fluvial_scour,historical,37.8,0
Satsunai,left,4.8,fluvial_scour,historical,38,0
Satsunai,left,4.8,fluvial_scour,historical,38.2,0
Satsunai,left,4.8,fluvial_scour,historical,38.4,0
Satsunai,left,4.8,fluvial_scour,historical,38.6,0
Satsunai,left,4.8,fluvial_scour,historical,38.8,0
Satsunai,left,4.8,fluvial_scour,historical,39,0
Satsunai,left,4.8,fluvial_scour,historical,39.2,0
Satsunai,left,4.8,fluvial_scour,historical,39.4,0
Satsunai,left,4.8,fluvial_scour,historical,39.6,0
Satsunai,left,4.8,fluvial_scour,historical,39.8,0
Satsunai,left,4.8,fluvial_scour,historical,40,0
Satsunai,left,4.8,fluvial_scour,historical,40.2,0
Satsunai,left,4.8,fluvial_scour,historical,40.4,0
Satsunai,left,4.8,fluvial_scour,historical,40.6,0
Satsunai,left,4.8,fluvial_scour,historical,40.8,0
Satsunai,left,4.8,fluvial_scour,historical,41,0
Satsunai,left,4.8,fluvial_scour,historical,41.2,0
Satsunai,left,4.8,fluvial_scour,historical,41.4,0
Satsunai,left,4.8,fluvial_scour,historical,41.6,0
Satsunai,left,4.8,fluvial_scour,historical,41.8,0
Satsunai,left,4.8,fluvial_scour,historical,42,0
Satsunai,left,4.8,fluvial_scour,historical,42.2,0
Satsunai,left,4.8,fluvial_scour,historical,42.4,0
Satsunai,left,4.8,fluvial_scour,historical,42.6,0
Satsunai,left,4.8,fluvial_scour,historical,42.8,0
Satsunai,left,4.8,fluvial_scour,historical,43,0
Satsunai,left,4.8,fluvial_scour,historical,43.2,0
Satsunai,left,4.8,fluvial_scour,historical,43.4,0
Satsunai,left,4.8,fluvial_scour,historical,43.6,0
Satsunai,left,4.8,fluvial_scour,historical,43.8,0
Satsunai,left,4.8,fluvial_scour,historical,44,0
Satsunai,left,4.8,fluvial_scour,historical,44.2,0
Satsunai,left,4.8,fluvial_scour,plus4K,37.6,0
Satsunai,left,4.8,fluvial_scour,plus4K,37.8,0
Satsunai,left,4.8,fluvial_scour,plus4K,38,0
Satsunai,left,4.8,fluvial_scour,plus4K,38.2,0
Satsunai,left,4.8,fluvial_scour,plus4K,38.4,0
Satsunai,left,4.8,fluvial_scour,plus4K,38.6,0
Satsunai,left,4.8,fluvial_scour,plus4K,38.8,0
Satsunai,left,4.8,fluvial_scour,plus4K,39,0
Satsunai,left,4.8,fluvial_scour,plus4K,39.2,0
Satsunai,left,4.8,fluvial_scour,plus4K,39.4,0
Satsunai,left,4.8,fluvial_scour,plus4K,39.6,0
Satsunai,left,4.8,fluvial_scour,plus4K,39.8,0
Satsunai,left,4.8,fluvial_scour,plus4K,40,0
Satsunai,left,4.8,fluvial_scour,plus4K,40.2,0
Satsunai,left,4.8,fluvial_scour,plus4K,40.4,0
Satsunai,left,4.8,fluvial_scour,plus4K,40.6,0
Satsunai,left,4.8,fluvial_scour,plus4K,40.8,0
Satsunai,left,4.8,fluvial_scour,plus4K,41,0
Satsunai,left,4.8,fluvial_scour,plus4K,41.2,0
Satsunai,left,4.8,fluvial_scour,plus4K,41.4,0
Satsunai,left,4.8,fluvial_scour,plus4K,41.6,0
Satsunai,left,4.8,fluvial_scour,plus4K,41.8,0
Satsunai,left,4.8,fluvial_scour,plus4K,42,0
Satsunai,left,4.8,fluvial_scour,plus4K,42.2,0
Satsunai,left,4.8,fluvial_scour,plus4K,42.4,0
Satsunai,left,4.8,fluvial_scour,plus4K,42.6,0
Satsunai,left,4.8,fluvial_scour,plus4K,42.8,0
Satsunai,left,4.8,fluvial_scour,plus4K,43,0
Satsunai,left,4.8,fluvial_scour,plus4K,43.2,0
Satsunai,left,4.8,fluvial_scour,plus4K,43.4,0
Satsunai,left,4.8,fluvial_scour,plus4K,43.6,0
Satsunai,left,4.8,fluvial_scour,plus4K,43.8,0
Satsunai,left,4.8,fluvial_scour,plus4K,44,0
Satsunai,left,4.8,fluvial_scour,plus4K,44.2,0
Satsunai,left,5,fluvial_scour,historical,38.4,0
Satsunai,left,5,fluvial_scour,historical,38.6,0
Satsunai,left,5,fluvial_scour,historical,38.8,0
Satsunai,left,5,fluvial_scour,historical,39,0
Satsunai,left,5,fluvial_scour,historical,39.2,0
Satsunai,left,5,fluvial_scour,historical,39.4,0
Satsunai,left,5,fluvial_scour,historical,39.6,0
Satsunai,left,5,fluvial_scour,historical,39.8,0
Satsunai,left,5,fluvial_scour,historical,40,0
Satsunai,left,5,fluvial_scour,historical,40.2,0
Satsunai,left,5,fluvial_scour,historical,40.4,0
Satsunai,left,5,fluvial_scour,historical,40.6,0
Satsunai,left,5,fluvial_scour,historical,40.8,0
Satsunai,left,5,fluvial_scour,historical,41,0
Satsunai,left,5,fluvial_scour,historical,41.2,0
Satsunai,left,5,fluvial_scour,historical,41.4,0
Satsunai,left,5,fluvial_scour,historical,41.6,0
Satsunai,left,5,fluvial_scour,historical,41.8,0
Satsunai,left,5,fluvial_scour,historical,42,0
Satsunai,left,5,fluvial_scour,historical,42.2,0
Satsunai,left,5,fluvial_scour,historical,42.4,0
Satsunai,left,5,fluvial_scour,historical,42.6,0
Satsunai,left,5,fluvial_scour,historical,42.8,0
Satsunai,left,5,fluvial_scour,historical,43,0
Satsunai,left,5,fluvial_scour,historical,43.2,0
Satsunai,left,5,fluvial_scour,historical,43.4,0
Satsunai,left,5,fluvial_scour,historical,43.6,0
Satsunai,left,5,fluvial_scour,historical,43.8,0
Satsunai,left,5,fluvial_scour,historical,44,0
Satsunai,left,5,fluvial_scour,historical,44.2,0
Satsunai,left,5,fluvial_scour,historical,44.4,0
Satsunai,left,5,fluvial_scour,historical,44.6,0
Satsunai,left,5,fluvial_scour,historical,44.8,0
Satsunai,left,5,fluvial_scour,historical,45,0
Satsunai,left,5,fluvial_scour,plus4K,38.4,0
Satsunai,left,5,fluvial_scour,plus4K,38.6,0
Satsunai,left,5,fluvial_scour,plus4K,38.8,0
Satsunai,left,5,fluvial_scour,plus4K,39,0
Satsunai,left,5,fluvial_scour,plus4K,39.2,0
Satsunai,left,5,fluvial_scour,plus4K,39.4,0
Satsunai,left,5,fluvial_scour,plus4K,39.6,0
Satsunai,left,5,fluvial_scour,plus4K,39.8,0
Satsunai,left,5,fluvial_scour,plus4K,40,0
Satsunai,left,5,fluvial_scour,plus4K,40.2,0
Satsunai,left,5,fluvial_scour,plus4K,40.4,0
Satsunai,left,5,fluvial_scour,plus4K,40.6,0
Satsunai,left,5,fluvial_scour,plus4K,40.8,0
Satsunai,left,5,fluvial_scour,plus4K,41,0
Satsunai,left,5,fluvial_scour,plus4K,41.2,0
Satsunai,left,5,fluvial_scour,plus4K,41.4,0
Satsunai,left,5,fluvial_scour,plus4K,41.6,0
Satsunai,left,5,fluvial_scour,plus4K,41.8,0
Satsunai,left,5,fluvial_scour,plus4K,42,0
Satsunai,left,5,fluvial_scour,plus4K,42.2,0
Satsunai,left,5,fluvial_scour,plus4K,42.4,0
Satsunai,left,5,fluvial_scour,plus4K,42.6,0
Satsunai,left,5,fluvial_scour,plus4K,42.8,0
Satsunai,left,5,fluvial_scour,plus4K,43,0
Satsunai,left,5,fluvial_scour,plus4K,43.2,0
Satsunai,left,5,fluvial_scour,plus4K,43.4,0
Satsunai,left,5,fluvial_scour,plus4K,43.6,0
Satsunai,left,5,fluvial_scour,plus4K,43.8,0
Satsunai,left,5,fluvial_scour,plus4K,44,0
Satsunai,left,5,fluvial_scour,plus4K,44.2,0
Satsunai,left,5,fluvial_scour,plus4K,44.4,0
Satsunai,left,5,fluvial_scour,plus4K,44.6,0
Satsunai,left,5,fluvial_scour,plus4K,44.8,0
Satsunai,left,5,fluvial_scour,plus4K,45,0
Satsunai,left,5.2,fluvial_scour,historical,39.2,0
Satsunai,left,5.2,fluvial_scour,historical,39.4,0
Satsunai,left,5.2,fluvial_scour,historical,39.6,0
Satsunai,left,5.2,fluvial_scour,historical,39.8,0
Satsunai,left,5.2,fluvial_scour,historical,40,0
Satsunai,left,5.2,fluvial_scour,historical,40.2,0
Satsunai,left,5.2,fluvial_scour,historical,40.4,0
Satsunai,left,5.2,fluvial_scour,historical,40.6,0
Satsunai,left,5.2,fluvial_scour,historical,40.8,0
Satsunai,left,5.2,fluvial_scour,historical,41,0
Satsunai,left,5.2,fluvial_scour,historical,41.2,0
Satsunai,left,5.2,fluvial_scour,historical,41.4,0
Satsunai,left,5.2,fluvial_scour,historical,41.6,0
Satsunai,left,5.2,fluvial_scour,historical,41.8,0
Satsunai,left,5.2,fluvial_scour,historical,42,0
Satsunai,left,5.2,fluvial_scour,historical,42.2,0
Satsunai,left,5.2,fluvial_scour,historical,42.4,0
Satsunai,left,5.2,fluvial_scour,historical,42.6,0
Satsunai,left,5.2,fluvial_scour,historical,42.8,0
Satsunai,left,5.2,fluvial_scour,historical,43,0
Satsunai,left,5.2,fluvial_scour,historical,43.2,0
Satsunai,left,5.2,fluvial_scour,historical,43.4,0
Satsunai,left,5.2,fluvial_scour,historical,43.6,0
Satsunai,left,5.2,fluvial_scour,historical,43.8,0
Satsunai,left,5.2,fluvial_scour,historical,44,0
Satsunai,left,5.2,fluvial_scour,historical,44.2,0
Satsunai,left,5.2,fluvial_scour,historical,44.4,0
Satsunai,left,5.2,fluvial_scour,historical,44.6,0
Satsunai,left,5.2,fluvial_scour,historical,44.8,0
Satsunai,left,5.2,fluvial_scour,historical,45,0
Satsunai,left,5.2,fluvial_scour,historical,45.2,0
Satsunai,left,5.2,fluvial_scour,historical,45.4,0
Satsunai,left,5.2,fluvial_scour,historical,45.6,0
Satsunai,left,5.2,fluvial_scour,historical,45.8,0
Satsunai,left,5.2,fluvial_scour,plus4K,39.2,0
Satsunai,left,5.2,fluvial_scour,plus4K,39.4,0
Satsunai,left,5.2,fluvial_scour,plus4K,39.6,0
Satsunai,left,5.2,fluvial_scour,plus4K,39.8,0
Satsunai,left,5.2,fluvial_scour,plus4K,40,0
Satsunai,left,5.2,fluvial_scour,plus4K,40.2,0
Satsunai,left,5.2,fluvial_scour,plus4K,40.4,0
Satsunai,left,5.2,fluvial_scour,plus4K,40.6,0
Satsunai,left,5.2,fluvial_scour,plus4K,40.8,0
Satsunai,left,5.2,fluvial_scour,plus4K,41,0
Satsunai,left,5.2,fluvial_scour,plus4K,41.2,0
Satsunai,left,5.2,fluvial_scour,plus4K,41.4,0
Satsunai,left,5.2,fluvial_scour,plus4K,41.6,0
Satsunai,left,5.2,fluvial_scour,plus4K,41.8,0
Satsunai,left,5.2,fluvial_scour,plus4K,42,0
Satsunai,left,5.2,fluvial_scour,plus4K,42.2,0
Satsunai,left,5.2,fluvial_scour,plus4K,42.4,0
Satsunai,left,5.2,fluvial_scour,plus4K,42.6,0
Satsunai,left,5.2,fluvial_scour,plus4K,42.8,0
Satsunai,left,5.2,fluvial_scour,plus4K,43,0
Satsunai,left,5.2,fluvial_scour,plus4K,43.2,0
Satsunai,left,5.2,fluvial_scour,plus4K,43.4,0
Satsunai,left,5.2,fluvial_scour,plus4K,43.6,0
Satsunai,left,5.2,fluvial_scour,plus4K,43.8,0
Satsunai,left,5.2,fluvial_scour,plus4K,44,0
Satsunai,left,5.2,fluvial_scour,plus4K,44.2,0
Satsunai,left,5.2,fluvial_scour,plus4K,44.4,0
Satsunai,left,5.2,fluvial_scour,plus4K,44.6,0
Satsunai,left,5.2,fluvial_scour,plus4K,44.8,0
Satsunai,left,5.2,fluvial_scour,plus4K,45,0
Satsunai,left,5.2,fluvial_scour,plus4K,45.2,0
Satsunai,left,5.2,fluvial_scour,plus4K,45.4,0
Satsunai,left,5.2,fluvial_scour,plus4K,45.6,0
Satsunai,left,5.2,fluvial_scour,plus4K,45.8,0
Satsunai,left,5.4,fluvial_scour,historical,39.8,0
Satsunai,left,5.4,fluvial_scour,historical,40,0
Satsunai,left,5.4,fluvial_scour,historical,40.2,0
Satsunai,left,5.4,fluvial_scour,historical,40.4,0
Satsunai,left,5.4,fluvial_scour,historical,40.6,0
Satsunai,left,5.4,fluvial_scour,historical,40.8,0
Satsunai,left,5.4,fluvial_scour,historical,41,0
Satsunai,left,5.4,fluvial_scour,historical,41.2,0
Satsunai,left,5.4,fluvial_scour,historical,41.4,0
Satsunai,left,5.4,fluvial_scour,historical,41.6,0
Satsunai,left,5.4,fluvial_scour,historical,41.8,0
Satsunai,left,5.4,fluvial_scour,historical,42,0
Satsunai,left,5.4,fluvial_scour,historical,42.2,0
Satsunai,left,5.4,fluvial_scour,historical,42.4,0
Satsunai,left,5.4,fluvial_scour,historical,42.6,0
Satsunai,left,5.4,fluvial_scour,historical,42.8,0
Satsunai,left,5.4,fluvial_scour,historical,43,0
Satsunai,left,5.4,fluvial_scour,historical,43.2,0
Satsunai,left,5.4,fluvial_scour,historical,43.4,0
Satsunai,left,5.4,fluvial_scour,historical,43.6,0
Satsunai,left,5.4,fluvial_scour,historical,43.8,0
Satsunai,left,5.4,fluvial_scour,historical,44,0
Satsunai,left,5.4,fluvial_scour,historical,44.2,0
Satsunai,left,5.4,fluvial_scour,historical,44.4,0
Satsunai,left,5.4,fluvial_scour,historical,44.6,0
Satsunai,left,5.4,fluvial_scour,historical,44.8,0
Satsunai,left,5.4,fluvial_scour,historical,45,0
Satsunai,left,5.4,fluvial_scour,historical,45.2,0
Satsunai,left,5.4,fluvial_scour,historical,45.4,0
Satsunai,left,5.4,fluvial_scour,historical,45.6,0
Satsunai,left,5.4,fluvial_scour,historical,45.8,0
Satsunai,left,5.4,fluvial_scour,historical,46,0
Satsunai,left,5.4,fluvial_scour,historical,46.2,0
Satsunai,left,5.4,fluvial_scour,historical,46.4,0
Satsunai,left,5.4,fluvial_scour,historical,46.6,0
Satsunai,left,5.4,fluvial_scour,plus4K,39.8,0
Satsunai,left,5.4,fluvial_scour,plus4K,40,0
Satsunai,left,5.4,fluvial_scour,plus4K,40.2,0
Satsunai,left,5.4,fluvial_scour,plus4K,40.4,0
Satsunai,left,5.4,fluvial_scour,plus4K,40.6,0
Satsunai,left,5.4,fluvial_scour,plus4K,40.8,0
Satsunai,left,5.4,fluvial_scour,plus4K,41,0
Satsunai,left,5.4,fluvial_scour,plus4K,41.2,0
Satsunai,left,5.4,fluvial_scour,plus4K,41.4,0
Satsunai,left,5.4,fluvial_scour,plus4K,41.6,0
Satsunai,left,5.4,fluvial_scour,plus4K,41.8,0
Satsunai,left,5.4,fluvial_scour,plus4K,42,0
Satsunai,left,5.4,fluvial_scour,plus4K,42.2,0
Satsunai,left,5.4,fluvial_scour,plus4K,42.4,0
Satsunai,left,5.4,fluvial_scour,plus4K,42.6,0
Satsunai,left,5.4,fluvial_scour,plus4K,42.8,0
Satsunai,left,5.4,fluvial_scour,plus4K,43,0
Satsunai,left,5.4,fluvial_scour,plus4K,43.2,0
Satsunai,left,5.4,fluvial_scour,plus4K,43.4,0
Satsunai,left,5.4,fluvial_scour,plus4K,43.6,0
Satsunai,left,5.4,fluvial_scour,plus4K,43.8,0
Satsunai,left,5.4,fluvial_scour,plus4K,44,0
Satsunai,left,5.4,fluvial_scour,plus4K,44.2,0
Satsunai,left,5.4,fluvial_scour,plus4K,44.4,0
Satsunai,left,5.4,fluvial_scour,plus4K,44.6,0
Satsunai,left,5.4,fluvial_scour,plus4K,44.8,0
Satsunai,left,5.4,fluvial_scour,plus4K,45,0
Satsunai,left,5.4,fluvial_scour,plus4K,45.2,0
Satsunai,left,5.4,fluvial_scour,plus4K,45.4,0
Satsunai,left,5.4,fluvial_scour,plus4K,45.6,0
Satsunai,left,5.4,fluvial_scour,plus4K,45.8,0
Satsunai,left,5.4,fluvial_scour,plus4K,46,0
Satsunai,left,5.4,fluvial_scour,plus4K,46.2,0
Satsunai,left,5.4,fluvial_scour,plus4K,46.4,0
Satsunai,left,5.4,fluvial_scour,plus4K,46.6,0
Satsunai,left,5.6,fluvial_scour,historical,40.4,0
Satsunai,left,5.6,fluvial_scour,historical,40.6,0
Satsunai,left,5.6,fluvial_scour,historical,40.8,0
Satsunai,left,5.6,fluvial_scour,historical,41,0
Satsunai,left,5.6,fluvial_scour,historical,41.2,0
Satsunai,left,5.6,fluvial_scour,historical,41.4,0
Satsunai,left,5.6,fluvial_scour,historical,41.6,0
Satsunai,left,5.6,fluvial_scour,historical,41.8,0
Satsunai,left,5.6,fluvial_scour,historical,42,0
Satsunai,left,5.6,fluvial_scour,historical,42.2,0
Satsunai,left,5.6,fluvial_scour,historical,42.4,0
Satsunai,left,5.6,fluvial_scour,historical,42.6,0
Satsunai,left,5.6,fluvial_scour,historical,42.8,0
Satsunai,left,5.6,fluvial_scour,historical,43,0
Satsunai,left,5.6,fluvial_scour,historical,43.2,0
Satsunai,left,5.6,fluvial_scour,historical,43.4,0
Satsunai,left,5.6,fluvial_scour,historical,43.6,0
Satsunai,left,5.6,fluvial_scour,historical,43.8,0
Satsunai,left,5.6,fluvial_scour,historical,44,0
Satsunai,left,5.6,fluvial_scour,historical,44.2,0
Satsunai,left,5.6,fluvial_scour,historical,44.4,0
Satsunai,left,5.6,fluvial_scour,historical,44.6,0
Satsunai,left,5.6,fluvial_scour,historical,44.8,0
Satsunai,left,5.6,fluvial_scour,historical,45,0
Satsunai,left,5.6,fluvial_scour,historical,45.2,0
Satsunai,left,5.6,fluvial_scour,historical,45.4,0
Satsunai,left,5.6,fluvial_scour,historical,45.6,0
Satsunai,left,5.6,fluvial_scour,historical,45.8,0
Satsunai,left,5.6,fluvial_scour,historical,46,0
Satsunai,left,5.6,fluvial_scour,historical,46.2,0
Satsunai,left,5.6,fluvial_scour,historical,46.4,0
Satsunai,left,5.6,fluvial_scour,historical,46.6,0
Satsunai,left,5.6,fluvial_scour,historical,46.8,0
Satsunai,left,5.6,fluvial_scour,historical,47,0
Satsunai,left,5.6,fluvial_scour,historical,47.2,0
Satsunai,left,5.6,fluvial_scour,plus4K,40.4,0
Satsunai,left,5.6,fluvial_scour,plus4K,40.6,0
Satsunai,left,5.6,fluvial_scour,plus4K,40.8,0
Satsunai,left,5.6,fluvial_scour,plus4K,41,0
Satsunai,left,5.6,fluvial_scour,plus4K,41.2,0
Satsunai,left,5.6,fluvial_scour,plus4K,41.4,0
Satsunai,left,5.6,fluvial_scour,plus4K,41.6,0
Satsunai,left,5.6,fluvial_scour,plus4K,41.8,0
Satsunai,left,5.6,fluvial_scour,plus4K,42,0
Satsunai,left,5.6,fluvial_scour,plus4K,42.2,0
Satsunai,left,5.6,fluvial_scour,plus4K,42.4,0
Satsunai,left,5.6,fluvial_scour,plus4K,42.6,0
Satsunai,left,5.6,fluvial_scour,plus4K,42.8,0
Satsunai,left,5.6,fluvial_scour,plus4K,43,0
Satsunai,left,5.6,fluvial_scour,plus4K,43.2,0
Satsunai,left,5.6,fluvial_scour,plus4K,43.4,0
Satsunai,left,5.6,fluvial_scour,plus4K,43.6,0
Satsunai,left,5.6,fluvial_scour,plus4K,43.8,0
Satsunai,left,5.6,fluvial_scour,plus4K,44,0
Satsunai,left,5.6,fluvial_scour,plus4K,44.2,0
Satsunai,left,5.6,fluvial_scour,plus4K,44.4,0
Satsunai,left,5.6,fluvial_scour,plus4K,44.6,0
Satsunai,left,5.6,fluvial_scour,plus4K,44.8,0
Satsunai,left,5.6,fluvial_scour,plus4K,45,0
Satsunai,left,5.6,fluvial_scour,plus4K,45.2,0
Satsunai,left,5.6,fluvial_scour,plus4K,45.4,0
Satsunai,left,5.6,fluvial_scour,plus4K,45.6,0
Satsunai,left,5.6,fluvial_scour,plus4K,45.8,0
Satsunai,left,5.6,fluvial_scour,plus4K,46,0
Satsunai,left,5.6,fluvial_scour,plus4K,46.2,0
Satsunai,left,5.6,fluvial_scour,plus4K,46.4,0
Satsunai,left,5.6,fluvial_scour,plus4K,46.6,0
Satsunai,left,5.6,fluvial_scour,plus4K,46.8,0
Satsunai,left,5.6,fluvial_scour,plus4K,47,0
Satsunai,left,5.6,fluvial_scour,plus4K,47.2,0
Satsunai,left,5.8,fluvial_scour,historical,41,0
Satsunai,left,5.8,fluvial_scour,historical,41.2,0
Satsunai,left,5.8,fluvial_scour,historical,41.4,0
Satsunai,left,5.8,fluvial_scour,historical,41.6,0
Satsunai,left,5.8,fluvial_scour,historical,41.8,0
Satsunai,left,5.8,fluvial_scour,historical,42,0
Satsunai,left,5.8,fluvial_scour,historical,42.2,0
Satsunai,left,5.8,fluvial_scour,historical,42.4,0
Satsunai,left,5.8,fluvial_scour,historical,42.6,0
Satsunai,left,5.8,fluvial_scour,historical,42.8,0
Satsunai,left,5.8,fluvial_scour,historical,43,0
Satsunai,left,5.8,fluvial_scour,historical,43.2,0
Satsunai,left,5.8,fluvial_scour,historical,43.4,0
Satsunai,left,5.8,fluvial_scour,historical,43.6,0
Satsunai,left,5.8,fluvial_scour,historical,43.8,0
Satsunai,left,5.8,fluvial_scour,historical,44,0
Satsunai,left,5.8,fluvial_scour,historical,44.2,0
Satsunai,left,5.8,fluvial_scour,historical,44.4,0
Satsunai,left,5.8,fluvial_scour,historical,44.6,0
Satsunai,left,5.8,fluvial_scour,historical,44.8,0
Satsunai,left,5.8,fluvial_scour,historical,45,0
Satsunai,left,5.8,fluvial_scour,historical,45.2,0
Satsunai,left,5.8,fluvial_scour,historical,45.4,0
Satsunai,left,5.8,fluvial_scour,historical,45.6,0
Satsunai,left,5.8,fluvial_scour,historical,45.8,0
Satsunai,left,5.8,fluvial_scour,historical,46,0
Satsunai,left,5.8,fluvial_scour,historical,46.2,0
Satsunai,left,5.8,fluvial_scour,historical,46.4,0
Satsunai,left,5.8,fluvial_scour,historical,46.6,0
Satsunai,left,5.8,fluvial_scour,historical,46.8,0
Satsunai,left,5.8,fluvial_scour,historical,47,0
Satsunai,left,5.8,fluvial_scour,historical,47.2,0
Satsunai,left,5.8,fluvial_scour,historical,47.4,0
Satsunai,left,5.8,fluvial_scour,historical,47.6,0
Satsunai,left,5.8,fluvial_scour,historical,47.8,0
Satsunai,left,5.8,fluvial_scour,plus4K,41,0
Satsunai,left,5.8,fluvial_scour,plus4K,41.2,0
Satsunai,left,5.8,fluvial_scour,plus4K,41.4,0
Satsunai,left,5.8,fluvial_scour,plus4K,41.6,0
Satsunai,left,5.8,fluvial_scour,plus4K,41.8,0
Satsunai,left,5.8,fluvial_scour,plus4K,42,0
Satsunai,left,5.8,fluvial_scour,plus4K,42.2,0
Satsunai,left,5.8,fluvial_scour,plus4K,42.4,0
Satsunai,left,5.8,fluvial_scour,plus4K,42.6,0
Satsunai,left,5.8,fluvial_scour,plus4K,42.8,0
Satsunai,left,5.8,fluvial_scour,plus4K,43,0
Satsunai,left,5.8,fluvial_scour,plus4K,43.2,0
Satsunai,left,5.8,fluvial_scour,plus4K,43.4,0
Satsunai,left,5.8,fluvial_scour,plus4K,43.6,0
Satsunai,left,5.8,fluvial_scour,plus4K,43.8,0
Satsunai,left,5.8,fluvial_scour,plus4K,44,0
Satsunai,left,5.8,fluvial_scour,plus4K,44.2,0
Satsunai,left,5.8,fluvial_scour,plus4K,44.4,0
Satsunai,left,5.8,fluvial_scour,plus4K,44.6,0
Satsunai,left,5.8,fluvial_scour,plus4K,44.8,0
Satsunai,left,5.8,fluvial_scour,plus4K,45,0
Satsunai,left,5.8,fluvial_scour,plus4K,45.2,0
Satsunai,left,5.8,fluvial_scour,plus4K,45.4,0
Satsunai,left,5.8,fluvial_scour,plus4K,45.6,0
Satsunai,left,5.8,fluvial_scour,plus4K,45.8,0
Satsunai,left,5.8,fluvial_scour,plus4K,46,0
Satsunai,left,5.8,fluvial_scour,plus4K,46.2,0
Satsunai,left,5.8,fluvial_scour,plus4K,46.4,0
Satsunai,left,5.8,fluvial_scour,plus4K,46.6,0
Satsunai,left,5.8,fluvial_scour,plus4K,46.8,0
Satsunai,left,5.8,fluvial_scour,plus4K,47,0
Satsunai,left,5.8,fluvial_scour,plus4K,47.2,0
Satsunai,left,5.8,fluvial_scour,plus4K,47.4,0
Satsunai,left,5.8,fluvial_scour,plus4K,47.6,0
Satsunai,left,5.8,fluvial_scour,plus4K,47.8,0
Satsunai,left,6,fluvial_scour,historical,41.8,0
Satsunai,left,6,fluvial_scour,historical,42,0
Satsunai,left,6,fluvial_scour,historical,42.2,0
Satsunai,left,6,fluvial_scour,historical,42.4,0
Satsunai,left,6,fluvial_scour,historical,42.6,0
Satsunai,left,6,fluvial_scour,historical,42.8,0
Satsunai,left,6,fluvial_scour,historical,43,0
Satsunai,left,6,fluvial_scour,historical,43.2,0
Satsunai,left,6,fluvial_scour,historical,43.4,0
Satsunai,left,6,fluvial_scour,historical,43.6,0
Satsunai,left,6,fluvial_scour,historical,43.8,0
Satsunai,left,6,fluvial_scour,historical,44,0
Satsunai,left,6,fluvial_scour,historical,44.2,0
Satsunai,left,6,fluvial_scour,historical,44.4,0
Satsunai,left,6,fluvial_scour,historical,44.6,0
Satsunai,left,6,fluvial_scour,historical,44.8,0
Satsunai,left,6,fluvial_scour,historical,45,0
Satsunai,left,6,fluvial_scour,historical,45.2,0
Satsunai,left,6,fluvial_scour,historical,45.4,0
Satsunai,left,6,fluvial_scour,historical,45.6,0
Satsunai,left,6,fluvial_scour,historical,45.8,0
Satsunai,left,6,fluvial_scour,historical,46,0
Satsunai,left,6,fluvial_scour,historical,46.2,0
Satsunai,left,6,fluvial_scour,historical,46.4,0
Satsunai,left,6,fluvial_scour,historical,46.6,0
Satsunai,left,6,fluvial_scour,historical,46.8,0
Satsunai,left,6,fluvial_scour,historical,47,0
Satsunai,left,6,fluvial_scour,historical,47.2,0
Satsunai,left,6,fluvial_scour,historical,47.4,0
Satsunai,left,6,fluvial_scour,historical,47.6,0
Satsunai,left,6,fluvial_scour,historical,47.8,0
Satsunai,left,6,fluvial_scour,historical,48,0
Satsunai,left,6,fluvial_scour,historical,48.2,0
Satsunai,left,6,fluvial_scour,historical,48.4,0
Satsunai,left,6,fluvial_scour,historical,48.6,0
Satsunai,left,6,fluvial_scour,plus4K,41.8,0
Satsunai,left,6,fluvial_scour,plus4K,42,0
Satsunai,left,6,fluvial_scour,plus4K,42.2,0
Satsunai,left,6,fluvial_scour,plus4K,42.4,0
Satsunai,left,6,fluvial_scour,plus4K,42.6,0
Satsunai,left,6,fluvial_scour,plus4K,42.8,0
Satsunai,left,6,fluvial_scour,plus4K,43,0
Satsunai,left,6,fluvial_scour,plus4K,43.2,0
Satsunai,left,6,fluvial_scour,plus4K,43.4,0
Satsunai,left,6,fluvial_scour,plus4K,43.6,0
Satsunai,left,6,fluvial_scour,plus4K,43.8,0
Satsunai,left,6,fluvial_scour,plus4K,44,0
Satsunai,left,6,fluvial_scour,plus4K,44.2,0
Satsunai,left,6,fluvial_scour,plus4K,44.4,0
Satsunai,left,6,fluvial_scour,plus4K,44.6,0
Satsunai,left,6,fluvial_scour,plus4K,44.8,0
Satsunai,left,6,fluvial_scour,plus4K,45,0
Satsunai,left,6,fluvial_scour,plus4K,45.2,0
Satsunai,left,6,fluvial_scour,plus4K,45.4,0
Satsunai,left,6,fluvial_scour,plus4K,45.6,0
Satsunai,left,6,fluvial_scour,plus4K,45.8,0
Satsunai,left,6,fluvial_scour,plus4K,46,0
Satsunai,left,6,fluvial_scour,plus4K,46.2,0
Satsunai,left,6,fluvial_scour,plus4K,46.4,0
Satsunai,left,6,fluvial_scour,plus4K,46.6,0
Satsunai,left,6,fluvial_scour,plus4K,46.8,0
Satsunai,left,6,fluvial_scour,plus4K,47,0
Satsunai,left,6,fluvial_scour,plus4K,47.2,0
Satsunai,left,6,fluvial_scour,plus4K,47.4,0
Satsunai,left,6,fluvial_scour,plus4K,47.6,0
Satsunai,left,6,fluvial_scour,plus4K,47.8,0
Satsunai,left,6,fluvial_scour,plus4K,48,0
Satsunai,left,6,fluvial_scour,plus4K,48.2,0
Satsunai,left,6,fluvial_scour,plus4K,48.4,0
Satsunai,left,6,fluvial_scour,plus4K,48.6,0
Satsunai,left,6.2,fluvial_scour,historical,42.6,0
Satsunai,left,6.2,fluvial_scour,historical,42.8,0
Satsunai,left,6.2,fluvial_scour,historical,43,0
Satsunai,left,6.2,fluvial_scour,historical,43.2,0
Satsunai,left,6.2,fluvial_scour,historical,43.4,0
Satsunai,left,6.2,fluvial_scour,historical,43.6,0
Satsunai,left,6.2,fluvial_scour,historical,43.8,0
Satsunai,left,6.2,fluvial_scour,historical,44,0
Satsunai,left,6.2,fluvial_scour,historical,44.2,0
Satsunai,left,6.2,fluvial_scour,historical,44.4,0
Satsunai,left,6.2,fluvial_scour,historical,44.6,0
Satsunai,left,6.2,fluvial_scour,historical,44.8,0
Satsunai,left,6.2,fluvial_scour,historical,45,0
Satsunai,left,6.2,fluvial_scour,historical,45.2,0
Satsunai,left,6.2,fluvial_scour,historical,45.4,0
Satsunai,left,6.2,fluvial_scour,historical,45.6,0
Satsunai,left,6.2,fluvial_scour,historical,45.8,0
Satsunai,left,6.2,fluvial_scour,historical,46,0
Satsunai,left,6.2,fluvial_scour,historical,46.2,0
Satsunai,left,6.2,fluvial_scour,historical,46.4,0
Satsunai,left,6.2,fluvial_scour,historical,46.6,0
Satsunai,left,6.2,fluvial_scour,historical,46.8,0
Satsunai,left,6.2,fluvial_scour,historical,47,0
Satsunai,left,6.2,fluvial_scour,historical,47.2,0
Satsunai,left,6.2,fluvial_scour,historical,47.4,0
Satsunai,left,6.2,fluvial_scour,historical,47.6,0
Satsunai,left,6.2,fluvial_scour,historical,47.8,0
Satsunai,left,6.2,fluvial_scour,historical,48,0
Satsunai,left,6.2,fluvial_scour,historical,48.2,0
Satsunai,left,6.2,fluvial_scour,historical,48.4,0
Satsunai,left,6.2,fluvial_scour,historical,48.6,0
Satsunai,left,6.2,fluvial_scour,historical,48.8,0
Satsunai,left,6.2,fluvial_scour,historical,49,0
Satsunai,left,6.2,fluvial_scour,historical,49.2,0
Satsunai,left,6.2,fluvial_scour,historical,49.4,0
Satsunai,left,6.2,fluvial_scour,plus4K,42.6,0
Satsunai,left,6.2,fluvial_scour,plus4K,42.8,0
Satsunai,left,6.2,fluvial_scour,plus4K,43,0
Satsunai,left,6.2,fluvial_scour,plus4K,43.2,0
Satsunai,left,6.2,fluvial_scour,plus4K,43.4,0
Satsunai,left,6.2,fluvial_scour,plus4K,43.6,0
Satsunai,left,6.2,fluvial_scour,plus4K,43.8,0
Satsunai,left,6.2,fluvial_scour,plus4K,44,0
Satsunai,left,6.2,fluvial_scour,plus4K,44.2,0
Satsunai,left,6.2,fluvial_scour,plus4K,44.4,0
Satsunai,left,6.2,fluvial_scour,plus4K,44.6,0
Satsunai,left,6.2,fluvial_scour,plus4K,44.8,0
Satsunai,left,6.2,fluvial_scour,plus4K,45,0
Satsunai,left,6.2,fluvial_scour,plus4K,45.2,0
Satsunai,left,6.2,fluvial_scour,plus4K,45.4,0
Satsunai,left,6.2,fluvial_scour,plus4K,45.6,0
Satsunai,left,6.2,fluvial_scour,plus4K,45.8,0
Satsunai,left,6.2,fluvial_scour,plus4K,46,0
Satsunai,left,6.2,fluvial_scour,plus4K,46.2,0
Satsunai,left,6.2,fluvial_scour,plus4K,46.4,0
Satsunai,left,6.2,fluvial_scour,plus4K,46.6,0
Satsunai,left,6.2,fluvial_scour,plus4K,46.8,0
Satsunai,left,6.2,fluvial_scour,plus4K,47,0
Satsunai,left,6.2,fluvial_scour,plus4K,47.2,0
Satsunai,left,6.2,fluvial_scour,plus4K,47.4,0
Satsunai,left,6.2,fluvial_scour,plus4K,47.6,0
Satsunai,left,6.2,fluvial_scour,plus4K,47.8,0
Satsunai,left,6.2,fluvial_scour,plus4K,48,0
Satsunai,left,6.2,fluvial_scour,plus4K,48.2,0
Satsunai,left,6.2,fluvial_scour,plus4K,48.4,0
Satsunai,left,6.2,fluvial_scour,plus4K,48.6,0
Satsunai,left,6.2,fluvial_scour,plus4K,48.8,0
Satsunai,left,6.2,fluvial_scour,plus4K,49,0
Satsunai,left,6.2,fluvial_scour,plus4K,49.2,0
Satsunai,left,6.2,fluvial_scour,plus4K,49.4,0
Satsunai,left,6.4,fluvial_scour,historical,43.4,0
Satsunai,left,6.4,fluvial_scour,historical,43.6,0
Satsunai,left,6.4,fluvial_scour,historical,43.8,0
Satsunai,left,6.4,fluvial_scour,historical,44,0
Satsunai,left,6.4,fluvial_scour,historical,44.2,0
Satsunai,left,6.4,fluvial_scour,historical,44.4,0
Satsunai,left,6.4,fluvial_scour,historical,44.6,0
Satsunai,left,6.4,fluvial_scour,historical,44.8,0
Satsunai,left,6.4,fluvial_scour,historical,45,0
Satsunai,left,6.4,fluvial_scour,historical,45.2,0
Satsunai,left,6.4,fluvial_scour,historical,45.4,0
Satsunai,left,6.4,fluvial_scour,historical,45.6,0
Satsunai,left,6.4,fluvial_scour,historical,45.8,0
Satsunai,left,6.4,fluvial_scour,historical,46,0
Satsunai,left,6.4,fluvial_scour,historical,46.2,0
Satsunai,left,6.4,fluvial_scour,historical,46.4,0
Satsunai,left,6.4,fluvial_scour,historical,46.6,0
Satsunai,left,6.4,fluvial_scour,historical,46.8,0
Satsunai,left,6.4,fluvial_scour,historical,47,0
Satsunai,left,6.4,fluvial_scour,historical,47.2,0
Satsunai,left,6.4,fluvial_scour,historical,47.4,0
Satsunai,left,6.4,fluvial_scour,historical,47.6,0
Satsunai,left,6.4,fluvial_scour,historical,47.8,0
Satsunai,left,6.4,fluvial_scour,historical,48,0
Satsunai,left,6.4,fluvial_scour,historical,48.2,0
Satsunai,left,6.4,fluvial_scour,historical,48.4,0
Satsunai,left,6.4,fluvial_scour,historical,48.6,0
Satsunai,left,6.4,fluvial_scour,historical,48.8,0
Satsunai,left,6.4,fluvial_scour,historical,49,0
Satsunai,left,6.4,fluvial_scour,historical,49.2,0
Satsunai,left,6.4,fluvial_scour,historical,49.4,0
Satsunai,left,6.4,fluvial_scour,historical,49.6,0
Satsunai,left,6.4,fluvial_scour,historical,49.8,0
Satsunai,left,6.4,fluvial_scour,historical,50,0
Satsunai,left,6.4,fluvial_scour,plus4K,43.4,0
Satsunai,left,6.4,fluvial_scour,plus4K,43.6,0
Satsunai,left,6.4,fluvial_scour,plus4K,43.8,0
Satsunai,left,6.4,fluvial_scour,plus4K,44,0
Satsunai,left,6.4,fluvial_scour,plus4K,44.2,0
Satsunai,left,6.4,fluvial_scour,plus4K,44.4,0
Satsunai,left,6.4,fluvial_scour,plus4K,44.6,0
Satsunai,left,6.4,fluvial_scour,plus4K,44.8,0
Satsunai,left,6.4,fluvial_scour,plus4K,45,0
Satsunai,left,6.4,fluvial_scour,plus4K,45.2,0
Satsunai,left,6.4,fluvial_scour,plus4K,45.4,0
Satsunai,left,6.4,fluvial_scour,plus4K,45.6,0
Satsunai,left,6.4,fluvial_scour,plus4K,45.8,0
Satsunai,left,6.4,fluvial_scour,plus4K,46,0
Satsunai,left,6.4,fluvial_scour,plus4K,46.2,0
Satsunai,left,6.4,fluvial_scour,plus4K,46.4,0
Satsunai,left,6.4,fluvial_scour,plus4K,46.6,0
Satsunai,left,6.4,fluvial_scour,plus4K,46.8,0
Satsunai,left,6.4,fluvial_scour,plus4K,47,0
Satsunai,left,6.4,fluvial_scour,plus4K,47.2,0
Satsunai,left,6.4,fluvial_scour,plus4K,47.4,0
Satsunai,left,6.4,fluvial_scour,plus4K,47.6,0
Satsunai,left,6.4,fluvial_scour,plus4K,47.8,0
Satsunai,left,6.4,fluvial_scour,plus4K,48,0
Satsunai,left,6.4,fluvial_scour,plus4K,48.2,0
Satsunai,left,6.4,fluvial_scour,plus4K,48.4,0
Satsunai,left,6.4,fluvial_scour,plus4K,48.6,0
Satsunai,left,6.4,fluvial_scour,plus4K,48.8,0
Satsunai,left,6.4,fluvial_scour,plus4K,49,0
Satsunai,left,6.4,fluvial_scour,plus4K,49.2,0
Satsunai,left,6.4,fluvial_scour,plus4K,49.4,0
Satsunai,left,6.4,fluvial_scour,plus4K,49.6,0
Satsunai,left,6.4,fluvial_scour,plus4K,49.8,0
Satsunai,left,6.4,fluvial_scour,plus4K,50,0
Satsunai,left,6.6,fluvial_scour,historical,44,0
Satsunai,left,6.6,fluvial_scour,historical,44.2,0
Satsunai,left,6.6,fluvial_scour,historical,44.4,0
Satsunai,left,6.6,fluvial_scour,historical,44.6,0
Satsunai,left,6.6,fluvial_scour,historical,44.8,0
Satsunai,left,6.6,fluvial_scour,historical,45,0
Satsunai,left,6.6,fluvial_scour,historical,45.2,0
Satsunai,left,6.6,fluvial_scour,historical,45.4,0
Satsunai,left,6.6,fluvial_scour,historical,45.6,0
Satsunai,left,6.6,fluvial_scour,historical,45.8,0
Satsunai,left,6.6,fluvial_scour,historical,46,0
Satsunai,left,6.6,fluvial_scour,historical,46.2,0
Satsunai,left,6.6,fluvial_scour,historical,46.4,0
Satsunai,left,6.6,fluvial_scour,historical,46.6,0
Satsunai,left,6.6,fluvial_scour,historical,46.8,0
Satsunai,left,6.6,fluvial_scour,historical,47,0
Satsunai,left,6.6,fluvial_scour,historical,47.2,0
Satsunai,left,6.6,fluvial_scour,historical,47.4,0
Satsunai,left,6.6,fluvial_scour,historical,47.6,0
Satsunai,left,6.6,fluvial_scour,historical,47.8,0
Satsunai,left,6.6,fluvial_scour,historical,48,0
Satsunai,left,6.6,fluvial_scour,historical,48.2,0
Satsunai,left,6.6,fluvial_scour,historical,48.4,0
Satsunai,left,6.6,fluvial_scour,historical,48.6,0
Satsunai,left,6.6,fluvial_scour,historical,48.8,0
Satsunai,left,6.6,fluvial_scour,historical,49,0
Satsunai,left,6.6,fluvial_scour,historical,49.2,0
Satsunai,left,6.6,fluvial_scour,historical,49.4,0
Satsunai,left,6.6,fluvial_scour,historical,49.6,0
Satsunai,left,6.6,fluvial_scour,historical,49.8,0
Satsunai,left,6.6,fluvial_scour,historical,50,0
Satsunai,left,6.6,fluvial_scour,historical,50.2,0
Satsunai,left,6.6,fluvial_scour,historical,50.4,0
Satsunai,left,6.6,fluvial_scour,historical,50.6,0
Satsunai,left,6.6,fluvial_scour,historical,50.8,0
Satsunai,left,6.6,fluvial_scour,plus4K,44,0
Satsunai,left,6.6,fluvial_scour,plus4K,44.2,0
Satsunai,left,6.6,fluvial_scour,plus4K,44.4,0
Satsunai,left,6.6,fluvial_scour,plus4K,44.6,0
Satsunai,left,6.6,fluvial_scour,plus4K,44.8,0
Satsunai,left,6.6,fluvial_scour,plus4K,45,0
Satsunai,left,6.6,fluvial_scour,plus4K,45.2,0
Satsunai,left,6.6,fluvial_scour,plus4K,45.4,0
Satsunai,left,6.6,fluvial_scour,plus4K,45.6,0
Satsunai,left,6.6,fluvial_scour,plus4K,45.8,0
Satsunai,left,6.6,fluvial_scour,plus4K,46,0
Satsunai,left,6.6,fluvial_scour,plus4K,46.2,0
Satsunai,left,6.6,fluvial_scour,plus4K,46.4,0
Satsunai,left,6.6,fluvial_scour,plus4K,46.6,0
Satsunai,left,6.6,fluvial_scour,plus4K,46.8,0
Satsunai,left,6.6,fluvial_scour,plus4K,47,0
Satsunai,left,6.6,fluvial_scour,plus4K,47.2,0
Satsunai,left,6.6,fluvial_scour,plus4K,47.4,0
Satsunai,left,6.6,fluvial_scour,plus4K,47.6,0
Satsunai,left,6.6,fluvial_scour,plus4K,47.8,0
Satsunai,left,6.6,fluvial_scour,plus4K,48,0
Satsunai,left,6.6,fluvial_scour,plus4K,48.2,0
Satsunai,left,6.6,fluvial_scour,plus4K,48.4,0
Satsunai,left,6.6,fluvial_scour,plus4K,48.6,0
Satsunai,left,6.6,fluvial_scour,plus4K,48.8,0
Satsunai,left,6.6,fluvial_scour,plus4K,49,0
Satsunai,left,6.6,fluvial_scour,plus4K,49.2,0
Satsunai,left,6.6,fluvial_scour,plus4K,49.4,0
Satsunai,left,6.6,fluvial_scour,plus4K,49.6,0
Satsunai,left,6.6,fluvial_scour,plus4K,49.8,0
Satsunai,left,6.6,fluvial_scour,plus4K,50,0
Satsunai,left,6.6,fluvial_scour,plus4K,50.2,0
Satsunai,left,6.6,fluvial_scour,plus4K,50.4,0
Satsunai,left,6.6,fluvial_scour,plus4K,50.6,0
Satsunai,left,6.6,fluvial_scour,plus4K,50.8,0
Satsunai,left,6.8,fluvial_scour,historical,44.6,0
Satsunai,left,6.8,fluvial_scour,historical,44.8,0
Satsunai,left,6.8,fluvial_scour,historical,45,0
Satsunai,left,6.8,fluvial_scour,historical,45.2,0
Satsunai,left,6.8,fluvial_scour,historical,45.4,0
Satsunai,left,6.8,fluvial_scour,historical,45.6,0
Satsunai,left,6.8,fluvial_scour,historical,45.8,0
Satsunai,left,6.8,fluvial_scour,historical,46,0
Satsunai,left,6.8,fluvial_scour,historical,46.2,0
Satsunai,left,6.8,fluvial_scour,historical,46.4,0
Satsunai,left,6.8,fluvial_scour,historical,46.6,0
Satsunai,left,6.8,fluvial_scour,historical,46.8,0
Satsunai,left,6.8,fluvial_scour,historical,47,0
Satsunai,left,6.8,fluvial_scour,historical,47.2,0
Satsunai,left,6.8,fluvial_scour,historical,47.4,0
Satsunai,left,6.8,fluvial_scour,historical,47.6,0
Satsunai,left,6.8,fluvial_scour,historical,47.8,0
Satsunai,left,6.8,fluvial_scour,historical,48,0
Satsunai,left,6.8,fluvial_scour,historical,48.2,0
Satsunai,left,6.8,fluvial_scour,historical,48.4,0
Satsunai,left,6.8,fluvial_scour,historical,48.6,0
Satsunai,left,6.8,fluvial_scour,historical,48.8,0
Satsunai,left,6.8,fluvial_scour,historical,49,0
Satsunai,left,6.8,fluvial_scour,historical,49.2,0
Satsunai,left,6.8,fluvial_scour,historical,49.4,0
Satsunai,left,6.8,fluvial_scour,historical,49.6,0
Satsunai,left,6.8,fluvial_scour,historical,49.8,0
Satsunai,left,6.8,fluvial_scour,historical,50,0
Satsunai,left,6.8,fluvial_scour,historical,50.2,0
Satsunai,left,6.8,fluvial_scour,historical,50.4,0
Satsunai,left,6.8,fluvial_scour,historical,50.6,0
Satsunai,left,6.8,fluvial_scour,historical,50.8,0
Satsunai,left,6.8,fluvial_scour,historical,51,0
Satsunai,left,6.8,fluvial_scour,historical,51.2,0
Satsunai,left,6.8,fluvial_scour,historical,51.4,0
Satsunai,left,6.8,fluvial_scour,historical,51.6,0
Satsunai,left,6.8,fluvial_scour,historical,51.8,0
Satsunai,left,6.8,fluvial_scour,plus4K,44.6,0
Satsunai,left,6.8,fluvial_scour,plus4K,44.8,0
Satsunai,left,6.8,fluvial_scour,plus4K,45,0
Satsunai,left,6.8,fluvial_scour,plus4K,45.2,0
Satsunai,left,6.8,fluvial_scour,plus4K,45.4,0
Satsunai,left,6.8,fluvial_scour,plus4K,45.6,0
Satsunai,left,6.8,fluvial_scour,plus4K,45.8,0
Satsunai,left,6.8,fluvial_scour,plus4K,46,0
Satsunai,left,6.8,fluvial_scour,plus4K,46.2,0
Satsunai,left,6.8,fluvial_scour,plus4K,46.4,0
Satsunai,left,6.8,fluvial_scour,plus4K,46.6,0
Satsunai,left,6.8,fluvial_scour,plus4K,46.8,0
Satsunai,left,6.8,fluvial_scour,plus4K,47,0
Satsunai,left,6.8,fluvial_scour,plus4K,47.2,0
Satsunai,left,6.8,fluvial_scour,plus4K,47.4,0
Satsunai,left,6.8,fluvial_scour,plus4K,47.6,0
Satsunai,left,6.8,fluvial_scour,plus4K,47.8,0
Satsunai,left,6.8,fluvial_scour,plus4K,48,0
Satsunai,left,6.8,fluvial_scour,plus4K,48.2,0
Satsunai,left,6.8,fluvial_scour,plus4K,48.4,0
Satsunai,left,6.8,fluvial_scour,plus4K,48.6,0
Satsunai,left,6.8,fluvial_scour,plus4K,48.8,0
Satsunai,left,6.8,fluvial_scour,plus4K,49,0
Satsunai,left,6.8,fluvial_scour,plus4K,49.2,0
Satsunai,left,6.8,fluvial_scour,plus4K,49.4,0
Satsunai,left,6.8,fluvial_scour,plus4K,49.6,0
Satsunai,left,6.8,fluvial_scour,plus4K,49.8,0
Satsunai,left,6.8,fluvial_scour,plus4K,50,0
Satsunai,left,6.8,fluvial_scour,plus4K,50.2,0
Satsunai,left,6.8,fluvial_scour,plus4K,50.4,0
Satsunai,left,6.8,fluvial_scour,plus4K,50.6,0
Satsunai,left,6.8,fluvial_scour,plus4K,50.8,0
Satsunai,left,6.8,fluvial_scour,plus4K,51,0
Satsunai,left,6.8,fluvial_scour,plus4K,51.2,0
Satsunai,left,6.8,fluvial_scour,plus4K,51.4,0
Satsunai,left,6.8,fluvial_scour,plus4K,51.6,0
Satsunai,left,6.8,fluvial_scour,plus4K,51.8,0
Satsunai,left,7,fluvial_scour,historical,45,0
Satsunai,left,7,fluvial_scour,historical,45.2,0
Satsunai,left,7,fluvial_scour,historical,45.4,0
Satsunai,left,7,fluvial_scour,historical,45.6,0
Satsunai,left,7,fluvial_scour,historical,45.8,0
Satsunai,left,7,fluvial_scour,historical,46,0
Satsunai,left,7,fluvial_scour,historical,46.2,0
Satsunai,left,7,fluvial_scour,historical,46.4,0
Satsunai,left,7,fluvial_scour,historical,46.6,0
Satsunai,left,7,fluvial_scour,historical,46.8,0
Satsunai,left,7,fluvial_scour,historical,47,0
Satsunai,left,7,fluvial_scour,historical,47.2,0
Satsunai,left,7,fluvial_scour,historical,47.4,0
Satsunai,left,7,fluvial_scour,historical,47.6,0
Satsunai,left,7,fluvial_scour,historical,47.8,0
Satsunai,left,7,fluvial_scour,historical,48,0
Satsunai,left,7,fluvial_scour,historical,48.2,0
Satsunai,left,7,fluvial_scour,historical,48.4,0
Satsunai,left,7,fluvial_scour,historical,48.6,0
Satsunai,left,7,fluvial_scour,historical,48.8,0
Satsunai,left,7,fluvial_scour,historical,49,0
Satsunai,left,7,fluvial_scour,historical,49.2,0
Satsunai,left,7,fluvial_scour,historical,49.4,0
Satsunai,left,7,fluvial_scour,historical,49.6,0
Satsunai,left,7,fluvial_scour,historical,49.8,0
Satsunai,left,7,fluvial_scour,historical,50,0
Satsunai,left,7,fluvial_scour,historical,50.2,0
Satsunai,left,7,fluvial_scour,historical,50.4,0
Satsunai,left,7,fluvial_scour,historical,50.6,0
Satsunai,left,7,fluvial_scour,historical,50.8,0
Satsunai,left,7,fluvial_scour,historical,51,0
Satsunai,left,7,fluvial_scour,historical,51.2,0
Satsunai,left,7,fluvial_scour,historical,51.4,0
Satsunai,left,7,fluvial_scour,historical,51.6,0
Satsunai,left,7,fluvial_scour,historical,51.8,0
Satsunai,left,7,fluvial_scour,historical,52,0
Satsunai,left,7,fluvial_scour,historical,52.2,0
Satsunai,left,7,fluvial_scour,historical,52.4,0
Satsunai,left,7,fluvial_scour,historical,52.6,0
Satsunai,left,7,fluvial_scour,historical,52.8,0
Satsunai,left,7,fluvial_scour,historical,53,0
Satsunai,left,7,fluvial_scour,plus4K,45,0
Satsunai,left,7,fluvial_scour,plus4K,45.2,0
Satsunai,left,7,fluvial_scour,plus4K,45.4,0
Satsunai,left,7,fluvial_scour,plus4K,45.6,0
Satsunai,left,7,fluvial_scour,plus4K,45.8,0
Satsunai,left,7,fluvial_scour,plus4K,46,0
Satsunai,left,7,fluvial_scour,plus4K,46.2,0
Satsunai,left,7,fluvial_scour,plus4K,46.4,0
Satsunai,left,7,fluvial_scour,plus4K,46.6,0
Satsunai,left,7,fluvial_scour,plus4K,46.8,0
Satsunai,left,7,fluvial_scour,plus4K,47,0
Satsunai,left,7,fluvial_scour,plus4K,47.2,0
Satsunai,left,7,fluvial_scour,plus4K,47.4,0
Satsunai,left,7,fluvial_scour,plus4K,47.6,0
Satsunai,left,7,fluvial_scour,plus4K,47.8,0
Satsunai,left,7,fluvial_scour,plus4K,48,0
Satsunai,left,7,fluvial_scour,plus4K,48.2,0
Satsunai,left,7,fluvial_scour,plus4K,48.4,0
Satsunai,left,7,fluvial_scour,plus4K,48.6,0
Satsunai,left,7,fluvial_scour,plus4K,48.8,0
Satsunai,left,7,fluvial_scour,plus4K,49,0
Satsunai,left,7,fluvial_scour,plus4K,49.2,0
Satsunai,left,7,fluvial_scour,plus4K,49.4,0
Satsunai,left,7,fluvial_scour,plus4K,49.6,0
Satsunai,left,7,fluvial_scour,plus4K,49.8,0
Satsunai,left,7,fluvial_scour,plus4K,50,0
Satsunai,left,7,fluvial_scour,plus4K,50.2,0
Satsunai,left,7,fluvial_scour,plus4K,50.4,0
Satsunai,left,7,fluvial_scour,plus4K,50.6,0
Satsunai,left,7,fluvial_scour,plus4K,50.8,0
Satsunai,left,7,fluvial_scour,plus4K,51,0
Satsunai,left,7,fluvial_scour,plus4K,51.2,0
Satsunai,left,7,fluvial_scour,plus4K,51.4,0
Satsunai,left,7,fluvial_scour,plus4K,51.6,0
Satsunai,left,7,fluvial_scour,plus4K,51.8,0
Satsunai,left,7,fluvial_scour,plus4K,52,0
Satsunai,left,7,fluvial_scour,plus4K,52.2,0
Satsunai,left,7,fluvial_scour,plus4K,52.4,0
Satsunai,left,7,fluvial_scour,plus4K,52.6,0
Satsunai,left,7,fluvial_scour,plus4K,52.8,0
Satsunai,left,7,fluvial_scour,plus4K,53,0
Satsunai,left,7.2,fluvial_scour,historical,46,0
Satsunai,left,7.2,fluvial_scour,historical,46.2,0
Satsunai,left,7.2,fluvial_scour,historical,46.4,0
Satsunai,left,7.2,fluvial_scour,historical,46.6,0
Satsunai,left,7.2,fluvial_scour,historical,46.8,0
Satsunai,left,7.2,fluvial_scour,historical,47,0
Satsunai,left,7.2,fluvial_scour,historical,47.2,0
Satsunai,left,7.2,fluvial_scour,historical,47.4,0
Satsunai,left,7.2,fluvial_scour,historical,47.6,0
Satsunai,left,7.2,fluvial_scour,historical,47.8,0
Satsunai,left,7.2,fluvial_scour,historical,48,0
Satsunai,left,7.2,fluvial_scour,historical,48.2,0
Satsunai,left,7.2,fluvial_scour,historical,48.4,0
Satsunai,left,7.2,fluvial_scour,historical,48.6,0
Satsunai,left,7.2,fluvial_scour,historical,48.8,0
Satsunai,left,7.2,fluvial_scour,historical,49,0
Satsunai,left,7.2,fluvial_scour,historical,49.2,0
Satsunai,left,7.2,fluvial_scour,historical,49.4,0
Satsunai,left,7.2,fluvial_scour,historical,49.6,0
Satsunai,left,7.2,fluvial_scour,historical,49.8,0
Satsunai,left,7.2,fluvial_scour,historical,50,0
Satsunai,left,7.2,fluvial_scour,historical,50.2,0
Satsunai,left,7.2,fluvial_scour,historical,50.4,0
Satsunai,left,7.2,fluvial_scour,historical,50.6,0
Satsunai,left,7.2,fluvial_scour,historical,50.8,0
Satsunai,left,7.2,fluvial_scour,historical,51,0
Satsunai,left,7.2,fluvial_scour,historical,51.2,0
Satsunai,left,7.2,fluvial_scour,historical,51.4,0
Satsunai,left,7.2,fluvial_scour,historical,51.6,0
Satsunai,left,7.2,fluvial_scour,historical,51.8,0
Satsunai,left,7.2,fluvial_scour,historical,52,0
Satsunai,left,7.2,fluvial_scour,historical,52.2,0
Satsunai,left,7.2,fluvial_scour,historical,52.4,0
Satsunai,left,7.2,fluvial_scour,historical,52.6,0
Satsunai,left,7.2,fluvial_scour,historical,52.8,0
Satsunai,left,7.2,fluvial_scour,plus4K,46,0
Satsunai,left,7.2,fluvial_scour,plus4K,46.2,0
Satsunai,left,7.2,fluvial_scour,plus4K,46.4,0
Satsunai,left,7.2,fluvial_scour,plus4K,46.6,0
Satsunai,left,7.2,fluvial_scour,plus4K,46.8,0
Satsunai,left,7.2,fluvial_scour,plus4K,47,0
Satsunai,left,7.2,fluvial_scour,plus4K,47.2,0
Satsunai,left,7.2,fluvial_scour,plus4K,47.4,0
Satsunai,left,7.2,fluvial_scour,plus4K,47.6,0
Satsunai,left,7.2,fluvial_scour,plus4K,47.8,0
Satsunai,left,7.2,fluvial_scour,plus4K,48,0
Satsunai,left,7.2,fluvial_scour,plus4K,48.2,0
Satsunai,left,7.2,fluvial_scour,plus4K,48.4,0
Satsunai,left,7.2,fluvial_scour,plus4K,48.6,0
Satsunai,left,7.2,fluvial_scour,plus4K,48.8,0
Satsunai,left,7.2,fluvial_scour,plus4K,49,0
Satsunai,left,7.2,fluvial_scour,plus4K,49.2,0
Satsunai,left,7.2,fluvial_scour,plus4K,49.4,0
Satsunai,left,7.2,fluvial_scour,plus4K,49.6,0
Satsunai,left,7.2,fluvial_scour,plus4K,49.8,0
Satsunai,left,7.2,fluvial_scour,plus4K,50,0
Satsunai,left,7.2,fluvial_scour,plus4K,50.2,0
Satsunai,left,7.2,fluvial_scour,plus4K,50.4,0
Satsunai,left,7.2,fluvial_scour,plus4K,50.6,0
Satsunai,left,7.2,fluvial_scour,plus4K,50.8,0
Satsunai,left,7.2,fluvial_scour,plus4K,51,0
Satsunai,left,7.2,fluvial_scour,plus4K,51.2,0
Satsunai,left,7.2,fluvial_scour,plus4K,51.4,0
Satsunai,left,7.2,fluvial_scour,plus4K,51.6,0
Satsunai,left,7.2,fluvial_scour,plus4K,51.8,0
Satsunai,left,7.2,fluvial_scour,plus4K,52,0
Satsunai,left,7.2,fluvial_scour,plus4K,52.2,0
Satsunai,left,7.2,fluvial_scour,plus4K,52.4,0
Satsunai,left,7.2,fluvial_scour,plus4K,52.6,0
Satsunai,left,7.2,fluvial_scour,plus4K,52.8,0
Satsunai,left,7.4,fluvial_scour,historical,46.8,0
Satsunai,left,7.4,fluvial_scour,historical,47,0
Satsunai,left,7.4,fluvial_scour,historical,47.2,0
Satsunai,left,7.4,fluvial_scour,historical,47.4,0
Satsunai,left,7.4,fluvial_scour,historical,47.6,0
Satsunai,left,7.4,fluvial_scour,historical,47.8,0
Satsunai,left,7.4,fluvial_scour,historical,48,0
Satsunai,left,7.4,fluvial_scour,historical,48.2,0
Satsunai,left,7.4,fluvial_scour,historical,48.4,0
Satsunai,left,7.4,fluvial_scour,historical,48.6,0
Satsunai,left,7.4,fluvial_scour,historical,48.8,0
Satsunai,left,7.4,fluvial_scour,historical,49,0
Satsunai,left,7.4,fluvial_scour,historical,49.2,0
Satsunai,left,7.4,fluvial_scour,historical,49.4,0
Satsunai,left,7.4,fluvial_scour,historical,49.6,0
Satsunai,left,7.4,fluvial_scour,historical,49.8,0
Satsunai,left,7.4,fluvial_scour,historical,50,0
Satsunai,left,7.4,fluvial_scour,historical,50.2,0
Satsunai,left,7.4,fluvial_scour,historical,50.4,0
Satsunai,left,7.4,fluvial_scour,historical,50.6,0
Satsunai,left,7.4,fluvial_scour,historical,50.8,0
Satsunai,left,7.4,fluvial_scour,historical,51,0
Satsunai,left,7.4,fluvial_scour,historical,51.2,0
Satsunai,left,7.4,fluvial_scour,historical,51.4,0
Satsunai,left,7.4,fluvial_scour,historical,51.6,0
Satsunai,left,7.4,fluvial_scour,historical,51.8,0
Satsunai,left,7.4,fluvial_scour,historical,52,0
Satsunai,left,7.4,fluvial_scour,historical,52.2,0
Satsunai,left,7.4,fluvial_scour,historical,52.4,0
Satsunai,left,7.4,fluvial_scour,historical,52.6,0
Satsunai,left,7.4,fluvial_scour,historical,52.8,0
Satsunai,left,7.4,fluvial_scour,historical,53,0
Satsunai,left,7.4,fluvial_scour,historical,53.2,0
Satsunai,left,7.4,fluvial_scour,historical,53.4,0
Satsunai,left,7.4,fluvial_scour,historical,53.6,0
Satsunai,left,7.4,fluvial_scour,plus4K,46.8,0
Satsunai,left,7.4,fluvial_scour,plus4K,47,0
Satsunai,left,7.4,fluvial_scour,plus4K,47.2,0
Satsunai,left,7.4,fluvial_scour,plus4K,47.4,0
Satsunai,left,7.4,fluvial_scour,plus4K,47.6,0
Satsunai,left,7.4,fluvial_scour,plus4K,47.8,0
Satsunai,left,7.4,fluvial_scour,plus4K,48,0
Satsunai,left,7.4,fluvial_scour,plus4K,48.2,0
Satsunai,left,7.4,fluvial_scour,plus4K,48.4,0
Satsunai,left,7.4,fluvial_scour,plus4K,48.6,0
Satsunai,left,7.4,fluvial_scour,plus4K,48.8,0
Satsunai,left,7.4,fluvial_scour,plus4K,49,0
Satsunai,left,7.4,fluvial_scour,plus4K,49.2,0
Satsunai,left,7.4,fluvial_scour,plus4K,49.4,0
Satsunai,left,7.4,fluvial_scour,plus4K,49.6,0
Satsunai,left,7.4,fluvial_scour,plus4K,49.8,0
Satsunai,left,7.4,fluvial_scour,plus4K,50,0
Satsunai,left,7.4,fluvial_scour,plus4K,50.2,0
Satsunai,left,7.4,fluvial_scour,plus4K,50.4,0
Satsunai,left,7.4,fluvial_scour,plus4K,50.6,0
Satsunai,left,7.4,fluvial_scour,plus4K,50.8,0
Satsunai,left,7.4,fluvial_scour,plus4K,51,0
Satsunai,left,7.4,fluvial_scour,plus4K,51.2,0
Satsunai,left,7.4,fluvial_scour,plus4K,51.4,0
Satsunai,left,7.4,fluvial_scour,plus4K,51.6,0
Satsunai,left,7.4,fluvial_scour,plus4K,51.8,0
Satsunai,left,7.4,fluvial_scour,plus4K,52,0
Satsunai,left,7.4,fluvial_scour,plus4K,52.2,0
Satsunai,left,7.4,fluvial_scour,plus4K,52.4,0
Satsunai,left,7.4,fluvial_scour,plus4K,52.6,0
Satsunai,left,7.4,fluvial_scour,plus4K,52.8,0
Satsunai,left,7.4,fluvial_scour,plus4K,53,0
Satsunai,left,7.4,fluvial_scour,plus4K,53.2,0
Satsunai,left,7.4,fluvial_scour,plus4K,53.4,0
Satsunai,left,7.4,fluvial_scour,plus4K,53.6,0
Satsunai,left,7.6,fluvial_scour,historical,47.6,0
Satsunai,left,7.6,fluvial_scour,historical,47.8,0
Satsunai,left,7.6,fluvial_scour,historical,48,0
Satsunai,left,7.6,fluvial_scour,historical,48.2,0
Satsunai,left,7.6,fluvial_scour,historical,48.4,0
Satsunai,left,7.6,fluvial_scour,historical,48.6,0
Satsunai,left,7.6,fluvial_scour,historical,48.8,0
Satsunai,left,7.6,fluvial_scour,historical,49,0
Satsunai,left,7.6,fluvial_scour,historical,49.2,0
Satsunai,left,7.6,fluvial_scour,historical,49.4,0
Satsunai,left,7.6,fluvial_scour,historical,49.6,0
Satsunai,left,7.6,fluvial_scour,historical,49.8,0
Satsunai,left,7.6,fluvial_scour,historical,50,0
Satsunai,left,7.6,fluvial_scour,historical,50.2,0
Satsunai,left,7.6,fluvial_scour,historical,50.4,0
Satsunai,left,7.6,fluvial_scour,historical,50.6,0
Satsunai,left,7.6,fluvial_scour,historical,50.8,0
Satsunai,left,7.6,fluvial_scour,historical,51,0
Satsunai,left,7.6,fluvial_scour,historical,51.2,0
Satsunai,left,7.6,fluvial_scour,historical,51.4,0
Satsunai,left,7.6,fluvial_scour,historical,51.6,0
Satsunai,left,7.6,fluvial_scour,historical,51.8,0
Satsunai,left,7.6,fluvial_scour,historical,52,0
Satsunai,left,7.6,fluvial_scour,historical,52.2,0
Satsunai,left,7.6,fluvial_scour,historical,52.4,0
Satsunai,left,7.6,fluvial_scour,historical,52.6,0
Satsunai,left,7.6,fluvial_scour,historical,52.8,0
Satsunai,left,7.6,fluvial_scour,historical,53,0
Satsunai,left,7.6,fluvial_scour,historical,53.2,0
Satsunai,left,7.6,fluvial_scour,historical,53.4,0
Satsunai,left,7.6,fluvial_scour,historical,53.6,0
Satsunai,left,7.6,fluvial_scour,historical,53.8,0
Satsunai,left,7.6,fluvial_scour,historical,54,0
Satsunai,left,7.6,fluvial_scour,historical,54.2,0
Satsunai,left,7.6,fluvial_scour,historical,54.4,0
Satsunai,left,7.6,fluvial_scour,historical,54.6,0
Satsunai,left,7.6,fluvial_scour,plus4K,47.6,0
Satsunai,left,7.6,fluvial_scour,plus4K,47.8,0
Satsunai,left,7.6,fluvial_scour,plus4K,48,0
Satsunai,left,7.6,fluvial_scour,plus4K,48.2,0
Satsunai,left,7.6,fluvial_scour,plus4K,48.4,0
Satsunai,left,7.6,fluvial_scour,plus4K,48.6,0
Satsunai,left,7.6,fluvial_scour,plus4K,48.8,0
Satsunai,left,7.6,fluvial_scour,plus4K,49,0
Satsunai,left,7.6,fluvial_scour,plus4K,49.2,0
Satsunai,left,7.6,fluvial_scour,plus4K,49.4,0
Satsunai,left,7.6,fluvial_scour,plus4K,49.6,0
Satsunai,left,7.6,fluvial_scour,plus4K,49.8,0
Satsunai,left,7.6,fluvial_scour,plus4K,50,0
Satsunai,left,7.6,fluvial_scour,plus4K,50.2,0
Satsunai,left,7.6,fluvial_scour,plus4K,50.4,0
Satsunai,left,7.6,fluvial_scour,plus4K,50.6,0
Satsunai,left,7.6,fluvial_scour,plus4K,50.8,0
Satsunai,left,7.6,fluvial_scour,plus4K,51,0
Satsunai,left,7.6,fluvial_scour,plus4K,51.2,0
Satsunai,left,7.6,fluvial_scour,plus4K,51.4,0
Satsunai,left,7.6,fluvial_scour,plus4K,51.6,0
Satsunai,left,7.6,fluvial_scour,plus4K,51.8,0
Satsunai,left,7.6,fluvial_scour,plus4K,52,0
Satsunai,left,7.6,fluvial_scour,plus4K,52.2,0
Satsunai,left,7.6,fluvial_scour,plus4K,52.4,0
Satsunai,left,7.6,fluvial_scour,plus4K,52.6,0
Satsunai,left,7.6,fluvial_scour,plus4K,52.8,0
Satsunai,left,7.6,fluvial_scour,plus4K,53,0
Satsunai,left,7.6,fluvial_scour,plus4K,53.2,0
Satsunai,left,7.6,fluvial_scour,plus4K,53.4,0
Satsunai,left,7.6,fluvial_scour,plus4K,53.6,0
Satsunai,left,7.6,fluvial_scour,plus4K,53.8,0
Satsunai,left,7.6,fluvial_scour,plus4K,54,0
Satsunai,left,7.6,fluvial_scour,plus4K,54.2,0
Satsunai,left,7.6,fluvial_scour,plus4K,54.4,0
Satsunai,left,7.6,fluvial_scour,plus4K,54.6,0
Satsunai,left,7.8,fluvial_scour,historical,48.4,0
Satsunai,left,7.8,fluvial_scour,historical,48.6,0
Satsunai,left,7.8,fluvial_scour,historical,48.8,0
Satsunai,left,7.8,fluvial_scour,historical,49,0
Satsunai,left,7.8,fluvial_scour,historical,49.2,0
Satsunai,left,7.8,fluvial_scour,historical,49.4,0
Satsunai,left,7.8,fluvial_scour,historical,49.6,0
Satsunai,left,7.8,fluvial_scour,historical,49.8,0
Satsunai,left,7.8,fluvial_scour,historical,50,0
Satsunai,left,7.8,fluvial_scour,historical,50.2,0
Satsunai,left,7.8,fluvial_scour,historical,50.4,0
Satsunai,left,7.8,fluvial_scour,historical,50.6,0
Satsunai,left,7.8,fluvial_scour,historical,50.8,0
Satsunai,left,7.8,fluvial_scour,historical,51,0
Satsunai,left,7.8,fluvial_scour,historical,51.2,0
Satsunai,left,7.8,fluvial_scour,historical,51.4,0
Satsunai,left,7.8,fluvial_scour,historical,51.6,0
Satsunai,left,7.8,fluvial_scour,historical,51.8,0
Satsunai,left,7.8,fluvial_scour,historical,52,0
Satsunai,left,7.8,fluvial_scour,historical,52.2,0
Satsunai,left,7.8,fluvial_scour,historical,52.4,0
Satsunai,left,7.8,fluvial_scour,historical,52.6,0
Satsunai,left,7.8,fluvial_scour,historical,52.8,0
Satsunai,left,7.8,fluvial_scour,historical,53,0
Satsunai,left,7.8,fluvial_scour,historical,53.2,0
Satsunai,left,7.8,fluvial_scour,historical,53.4,0
Satsunai,left,7.8,fluvial_scour,historical,53.6,0
Satsunai,left,7.8,fluvial_scour,historical,53.8,0
Satsunai,left,7.8,fluvial_scour,historical,54,0
Satsunai,left,7.8,fluvial_scour,historical,54.2,0
Satsunai,left,7.8,fluvial_scour,historical,54.4,0
Satsunai,left,7.8,fluvial_scour,historical,54.6,0
Satsunai,left,7.8,fluvial_scour,historical,54.8,0
Satsunai,left,7.8,fluvial_scour,historical,55,0
Satsunai,left,7.8,fluvial_scour,historical,55.2,0
Satsunai,left,7.8,fluvial_scour,historical,55.4,0
Satsunai,left,7.8,fluvial_scour,plus4K,48.4,0
Satsunai,left,7.8,fluvial_scour,plus4K,48.6,0
Satsunai,left,7.8,fluvial_scour,plus4K,48.8,0
Satsunai,left,7.8,fluvial_scour,plus4K,49,0
Satsunai,left,7.8,fluvial_scour,plus4K,49.2,0
Satsunai,left,7.8,fluvial_scour,plus4K,49.4,0
Satsunai,left,7.8,fluvial_scour,plus4K,49.6,0
Satsunai,left,7.8,fluvial_scour,plus4K,49.8,0
Satsunai,left,7.8,fluvial_scour,plus4K,50,0
Satsunai,left,7.8,fluvial_scour,plus4K,50.2,0
Satsunai,left,7.8,fluvial_scour,plus4K,50.4,0
Satsunai,left,7.8,fluvial_scour,plus4K,50.6,0
Satsunai,left,7.8,fluvial_scour,plus4K,50.8,0
Satsunai,left,7.8,fluvial_scour,plus4K,51,0
Satsunai,left,7.8,fluvial_scour,plus4K,51.2,0
Satsunai,left,7.8,fluvial_scour,plus4K,51.4,0
Satsunai,left,7.8,fluvial_scour,plus4K,51.6,0
Satsunai,left,7.8,fluvial_scour,plus4K,51.8,0
Satsunai,left,7.8,fluvial_scour,plus4K,52,0
Satsunai,left,7.8,fluvial_scour,plus4K,52.2,0
Satsunai,left,7.8,fluvial_scour,plus4K,52.4,0
Satsunai,left,7.8,fluvial_scour,plus4K,52.6,0
Satsunai,left,7.8,fluvial_scour,plus4K,52.8,0
Satsunai,left,7.8,fluvial_scour,plus4K,53,0
Satsunai,left,7.8,fluvial_scour,plus4K,53.2,0
Satsunai,left,7.8,fluvial_scour,plus4K,53.4,0
Satsunai,left,7.8,fluvial_scour,plus4K,53.6,0
Satsunai,left,7.8,fluvial_scour,plus4K,53.8,0
Satsunai,left,7.8,fluvial_scour,plus4K,54,0
Satsunai,left,7.8,fluvial_scour,plus4K,54.2,0
Satsunai,left,7.8,fluvial_scour,plus4K,54.4,0
Satsunai,left,7.8,fluvial_scour,plus4K,54.6,0
Satsunai,left,7.8,fluvial_scour,plus4K,54.8,0
Satsunai,left,7.8,fluvial_scour,plus4K,55,0
Satsunai,left,7.8,fluvial_scour,plus4K,55.2,0
Satsunai,left,7.8,fluvial_scour,plus4K,55.4,0
Satsunai,left,8,fluvial_scour,historical,48.8,0
Satsunai,left,8,fluvial_scour,historical,49,0
Satsunai,left,8,fluvial_scour,historical,49.2,0
Satsunai,left,8,fluvial_scour,historical,49.4,0
Satsunai,left,8,fluvial_scour,historical,49.6,0
Satsunai,left,8,fluvial_scour,historical,49.8,0
Satsunai,left,8,fluvial_scour,historical,50,0
Satsunai,left,8,fluvial_scour,historical,50.2,0
Satsunai,left,8,fluvial_scour,historical,50.4,0
Satsunai,left,8,fluvial_scour,historical,50.6,0
Satsunai,left,8,fluvial_scour,historical,50.8,0
Satsunai,left,8,fluvial_scour,historical,51,0
Satsunai,left,8,fluvial_scour,historical,51.2,0
Satsunai,left,8,fluvial_scour,historical,51.4,0
Satsunai,left,8,fluvial_scour,historical,51.6,0
Satsunai,left,8,fluvial_scour,historical,51.8,0
Satsunai,left,8,fluvial_scour,historical,52,0
Satsunai,left,8,fluvial_scour,historical,52.2,0
Satsunai,left,8,fluvial_scour,historical,52.4,0
Satsunai,left,8,fluvial_scour,historical,52.6,0
Satsunai,left,8,fluvial_scour,historical,52.8,0
Satsunai,left,8,fluvial_scour,historical,53,0
Satsunai,left,8,fluvial_scour,historical,53.2,0
Satsunai,left,8,fluvial_scour,historical,53.4,0
Satsunai,left,8,fluvial_scour,historical,53.6,0
Satsunai,left,8,fluvial_scour,historical,53.8,0
Satsunai,left,8,fluvial_scour,historical,54,0
Satsunai,left,8,fluvial_scour,historical,54.2,0
Satsunai,left,8,fluvial_scour,historical,54.4,0
Satsunai,left,8,fluvial_scour,historical,54.6,0
Satsunai,left,8,fluvial_scour,historical,54.8,0
Satsunai,left,8,fluvial_scour,historical,55,0
Satsunai,left,8,fluvial_scour,historical,55.2,0
Satsunai,left,8,fluvial_scour,historical,55.4,0
Satsunai,left,8,fluvial_scour,historical,55.6,0
Satsunai,left,8,fluvial_scour,historical,55.8,0
Satsunai,left,8,fluvial_scour,historical,56,0
Satsunai,left,8,fluvial_scour,plus4K,48.8,0
Satsunai,left,8,fluvial_scour,plus4K,49,0
Satsunai,left,8,fluvial_scour,plus4K,49.2,0
Satsunai,left,8,fluvial_scour,plus4K,49.4,0
Satsunai,left,8,fluvial_scour,plus4K,49.6,0
Satsunai,left,8,fluvial_scour,plus4K,49.8,0
Satsunai,left,8,fluvial_scour,plus4K,50,0
Satsunai,left,8,fluvial_scour,plus4K,50.2,0
Satsunai,left,8,fluvial_scour,plus4K,50.4,0
Satsunai,left,8,fluvial_scour,plus4K,50.6,0
Satsunai,left,8,fluvial_scour,plus4K,50.8,0
Satsunai,left,8,fluvial_scour,plus4K,51,0
Satsunai,left,8,fluvial_scour,plus4K,51.2,0
Satsunai,left,8,fluvial_scour,plus4K,51.4,0
Satsunai,left,8,fluvial_scour,plus4K,51.6,0
Satsunai,left,8,fluvial_scour,plus4K,51.8,0
Satsunai,left,8,fluvial_scour,plus4K,52,0
Satsunai,left,8,fluvial_scour,plus4K,52.2,0
Satsunai,left,8,fluvial_scour,plus4K,52.4,0
Satsunai,left,8,fluvial_scour,plus4K,52.6,0
Satsunai,left,8,fluvial_scour,plus4K,52.8,0
Satsunai,left,8,fluvial_scour,plus4K,53,0
Satsunai,left,8,fluvial_scour,plus4K,53.2,0
Satsunai,left,8,fluvial_scour,plus4K,53.4,0
Satsunai,left,8,fluvial_scour,plus4K,53.6,0
Satsunai,left,8,fluvial_scour,plus4K,53.8,0
Satsunai,left,8,fluvial_scour,plus4K,54,0
Satsunai,left,8,fluvial_scour,plus4K,54.2,0
Satsunai,left,8,fluvial_scour,plus4K,54.4,0
Satsunai,left,8,fluvial_scour,plus4K,54.6,0
Satsunai,left,8,fluvial_scour,plus4K,54.8,0
Satsunai,left,8,fluvial_scour,plus4K,55,0
Satsunai,left,8,fluvial_scour,plus4K,55.2,0
Satsunai,left,8,fluvial_scour,plus4K,55.4,0
Satsunai,left,8,fluvial_scour,plus4K,55.6,0
Satsunai,left,8,fluvial_scour,plus4K,55.8,0
Satsunai,left,8,fluvial_scour,plus4K,56,0
Satsunai,left,8.2,fluvial_scour,historical,49.6,0
Satsunai,left,8.2,fluvial_scour,historical,49.8,0
Satsunai,left,8.2,fluvial_scour,historical,50,0
Satsunai,left,8.2,fluvial_scour,historical,50.2,0
Satsunai,left,8.2,fluvial_scour,historical,50.4,0
Satsunai,left,8.2,fluvial_scour,historical,50.6,0
Satsunai,left,8.2,fluvial_scour,historical,50.8,0
Satsunai,left,8.2,fluvial_scour,historical,51,0
Satsunai,left,8.2,fluvial_scour,historical,51.2,0
Satsunai,left,8.2,fluvial_scour,historical,51.4,0
Satsunai,left,8.2,fluvial_scour,historical,51.6,0
Satsunai,left,8.2,fluvial_scour,historical,51.8,0
Satsunai,left,8.2,fluvial_scour,historical,52,0
Satsunai,left,8.2,fluvial_scour,historical,52.2,0
Satsunai,left,8.2,fluvial_scour,historical,52.4,0
Satsunai,left,8.2,fluvial_scour,historical,52.6,0
Satsunai,left,8.2,fluvial_scour,historical,52.8,0
Satsunai,left,8.2,fluvial_scour,historical,53,0
Satsunai,left,8.2,fluvial_scour,historical,53.2,0
Satsunai,left,8.2,fluvial_scour,historical,53.4,0
Satsunai,left,8.2,fluvial_scour,historical,53.6,0
Satsunai,left,8.2,fluvial_scour,historical,53.8,0
Satsunai,left,8.2,fluvial_scour,historical,54,0
Satsunai,left,8.2,fluvial_scour,historical,54.2,0
Satsunai,left,8.2,fluvial_scour,historical,54.4,0
Satsunai,left,8.2,fluvial_scour,historical,54.6,0
Satsunai,left,8.2,fluvial_scour,historical,54.8,0
Satsunai,left,8.2,fluvial_scour,historical,55,0
Satsunai,left,8.2,fluvial_scour,historical,55.2,0
Satsunai,left,8.2,fluvial_scour,historical,55.4,0
Satsunai,left,8.2,fluvial_scour,historical,55.6,0
Satsunai,left,8.2,fluvial_scour,historical,55.8,0
Satsunai,left,8.2,fluvial_scour,historical,56,0
Satsunai,left,8.2,fluvial_scour,historical,56.2,0
Satsunai,left,8.2,fluvial_scour,historical,56.4,0
Satsunai,left,8.2,fluvial_scour,historical,56.6,0
Satsunai,left,8.2,fluvial_scour,plus4K,49.6,0
Satsunai,left,8.2,fluvial_scour,plus4K,49.8,0
Satsunai,left,8.2,fluvial_scour,plus4K,50,0
Satsunai,left,8.2,fluvial_scour,plus4K,50.2,0
Satsunai,left,8.2,fluvial_scour,plus4K,50.4,0
Satsunai,left,8.2,fluvial_scour,plus4K,50.6,0
Satsunai,left,8.2,fluvial_scour,plus4K,50.8,0
Satsunai,left,8.2,fluvial_scour,plus4K,51,0
Satsunai,left,8.2,fluvial_scour,plus4K,51.2,0
Satsunai,left,8.2,fluvial_scour,plus4K,51.4,0
Satsunai,left,8.2,fluvial_scour,plus4K,51.6,0
Satsunai,left,8.2,fluvial_scour,plus4K,51.8,0
Satsunai,left,8.2,fluvial_scour,plus4K,52,0
Satsunai,left,8.2,fluvial_scour,plus4K,52.2,0
Satsunai,left,8.2,fluvial_scour,plus4K,52.4,0
Satsunai,left,8.2,fluvial_scour,plus4K,52.6,0
Satsunai,left,8.2,fluvial_scour,plus4K,52.8,0
Satsunai,left,8.2,fluvial_scour,plus4K,53,0
Satsunai,left,8.2,fluvial_scour,plus4K,53.2,0
Satsunai,left,8.2,fluvial_scour,plus4K,53.4,0
Satsunai,left,8.2,fluvial_scour,plus4K,53.6,0
Satsunai,left,8.2,fluvial_scour,plus4K,53.8,0
Satsunai,left,8.2,fluvial_scour,plus4K,54,0
Satsunai,left,8.2,fluvial_scour,plus4K,54.2,0
Satsunai,left,8.2,fluvial_scour,plus4K,54.4,0
Satsunai,left,8.2,fluvial_scour,plus4K,54.6,0
Satsunai,left,8.2,fluvial_scour,plus4K,54.8,0
Satsunai,left,8.2,fluvial_scour,plus4K,55,0
Satsunai,left,8.2,fluvial_scour,plus4K,55.2,0
Satsunai,left,8.2,fluvial_scour,plus4K,55.4,0
Satsunai,left,8.2,fluvial_scour,plus4K,55.6,0
Satsunai,left,8.2,fluvial_scour,plus4K,55.8,0
Satsunai,left,8.2,fluvial_scour,plus4K,56,0
Satsunai,left,8.2,fluvial_scour,plus4K,56.2,0
Satsunai,left,8.2,fluvial_scour,plus4K,56.4,0
Satsunai,left,8.2,fluvial_scour,plus4K,56.6,0
Satsunai,left,8.4,fluvial_scour,historical,50.6,0
Satsunai,left,8.4,fluvial_scour,historical,50.8,0
Satsunai,left,8.4,fluvial_scour,historical,51,0
Satsunai,left,8.4,fluvial_scour,historical,51.2,0
Satsunai,left,8.4,fluvial_scour,historical,51.4,0
Satsunai,left,8.4,fluvial_scour,historical,51.6,0
Satsunai,left,8.4,fluvial_scour,historical,51.8,0
Satsunai,left,8.4,fluvial_scour,historical,52,0
Satsunai,left,8.4,fluvial_scour,historical,52.2,0
Satsunai,left,8.4,fluvial_scour,historical,52.4,0
Satsunai,left,8.4,fluvial_scour,historical,52.6,0
Satsunai,left,8.4,fluvial_scour,historical,52.8,0
Satsunai,left,8.4,fluvial_scour,historical,53,0
Satsunai,left,8.4,fluvial_scour,historical,53.2,0
Satsunai,left,8.4,fluvial_scour,historical,53.4,0
Satsunai,left,8.4,fluvial_scour,historical,53.6,0
Satsunai,left,8.4,fluvial_scour,historical,53.8,0
Satsunai,left,8.4,fluvial_scour,historical,54,0
Satsunai,left,8.4,fluvial_scour,historical,54.2,0
Satsunai,left,8.4,fluvial_scour,historical,54.4,0
Satsunai,left,8.4,fluvial_scour,historical,54.6,0
Satsunai,left,8.4,fluvial_scour,historical,54.8,0
Satsunai,left,8.4,fluvial_scour,historical,55,0
Satsunai,left,8.4,fluvial_scour,historical,55.2,0
Satsunai,left,8.4,fluvial_scour,historical,55.4,0
Satsunai,left,8.4,fluvial_scour,historical,55.6,0
Satsunai,left,8.4,fluvial_scour,historical,55.8,0
Satsunai,left,8.4,fluvial_scour,historical,56,0
Satsunai,left,8.4,fluvial_scour,historical,56.2,0
Satsunai,left,8.4,fluvial_scour,historical,56.4,0
Satsunai,left,8.4,fluvial_scour,historical,56.6,0
Satsunai,left,8.4,fluvial_scour,historical,56.8,0
Satsunai,left,8.4,fluvial_scour,historical,57,0
Satsunai,left,8.4,fluvial_scour,historical,57.2,0
Satsunai,left,8.4,fluvial_scour,historical,57.4,0
Satsunai,left,8.4,fluvial_scour,plus4K,50.6,0
Satsunai,left,8.4,fluvial_scour,plus4K,50.8,0
Satsunai,left,8.4,fluvial_scour,plus4K,51,0
Satsunai,left,8.4,fluvial_scour,plus4K,51.2,0
Satsunai,left,8.4,fluvial_scour,plus4K,51.4,0
Satsunai,left,8.4,fluvial_scour,plus4K,51.6,0
Satsunai,left,8.4,fluvial_scour,plus4K,51.8,0
Satsunai,left,8.4,fluvial_scour,plus4K,52,0
Satsunai,left,8.4,fluvial_scour,plus4K,52.2,0
Satsunai,left,8.4,fluvial_scour,plus4K,52.4,0
Satsunai,left,8.4,fluvial_scour,plus4K,52.6,0
Satsunai,left,8.4,fluvial_scour,plus4K,52.8,0
Satsunai,left,8.4,fluvial_scour,plus4K,53,0
Satsunai,left,8.4,fluvial_scour,plus4K,53.2,0
Satsunai,left,8.4,fluvial_scour,plus4K,53.4,0
Satsunai,left,8.4,fluvial_scour,plus4K,53.6,0
Satsunai,left,8.4,fluvial_scour,plus4K,53.8,0
Satsunai,left,8.4,fluvial_scour,plus4K,54,0
Satsunai,left,8.4,fluvial_scour,plus4K,54.2,0
Satsunai,left,8.4,fluvial_scour,plus4K,54.4,0
Satsunai,left,8.4,fluvial_scour,plus4K,54.6,0
Satsunai,left,8.4,fluvial_scour,plus4K,54.8,0
Satsunai,left,8.4,fluvial_scour,plus4K,55,0
Satsunai,left,8.4,fluvial_scour,plus4K,55.2,0
Satsunai,left,8.4,fluvial_scour,plus4K,55.4,0
Satsunai,left,8.4,fluvial_scour,plus4K,55.6,0
Satsunai,left,8.4,fluvial_scour,plus4K,55.8,0
Satsunai,left,8.4,fluvial_scour,plus4K,56,0
Satsunai,left,8.4,fluvial_scour,plus4K,56.2,0
Satsunai,left,8.4,fluvial_scour,plus4K,56.4,0
Satsunai,left,8.4,fluvial_scour,plus4K,56.6,0
Satsunai,left,8.4,fluvial_scour,plus4K,56.8,0
Satsunai,left,8.4,fluvial_scour,plus4K,57,0
Satsunai,left,8.4,fluvial_scour,plus4K,57.2,0
Satsunai,left,8.4,fluvial_scour,plus4K,57.4,0
Satsunai,left,8.6,fluvial_scour,historical,51.2,0
Satsunai,left,8.6,fluvial_scour,historical,51.4,0
Satsunai,left,8.6,fluvial_scour,historical,51.6,0
Satsunai,left,8.6,fluvial_scour,historical,51.8,0
Satsunai,left,8.6,fluvial_scour,historical,52,0
Satsunai,left,8.6,fluvial_scour,historical,52.2,0
Satsunai,left,8.6,fluvial_scour,historical,52.4,0
Satsunai,left,8.6,fluvial_scour,historical,52.6,0
Satsunai,left,8.6,fluvial_scour,historical,52.8,0
Satsunai,left,8.6,fluvial_scour,historical,53,0
Satsunai,left,8.6,fluvial_scour,historical,53.2,0
Satsunai,left,8.6,fluvial_scour,historical,53.4,0
Satsunai,left,8.6,fluvial_scour,historical,53.6,0
Satsunai,left,8.6,fluvial_scour,historical,53.8,0
Satsunai,left,8.6,fluvial_scour,historical,54,0
Satsunai,left,8.6,fluvial_scour,historical,54.2,0
Satsunai,left,8.6,fluvial_scour,historical,54.4,0
Satsunai,left,8.6,fluvial_scour,historical,54.6,0
Satsunai,left,8.6,fluvial_scour,historical,54.8,0
Satsunai,left,8.6,fluvial_scour,historical,55,0
Satsunai,left,8.6,fluvial_scour,historical,55.2,0
Satsunai,left,8.6,fluvial_scour,historical,55.4,0
Satsunai,left,8.6,fluvial_scour,historical,55.6,0
Satsunai,left,8.6,fluvial_scour,historical,55.8,0
Satsunai,left,8.6,fluvial_scour,historical,56,0
Satsunai,left,8.6,fluvial_scour,historical,56.2,0
Satsunai,left,8.6,fluvial_scour,historical,56.4,0
Satsunai,left,8.6,fluvial_scour,historical,56.6,0
Satsunai,left,8.6,fluvial_scour,historical,56.8,0
Satsunai,left,8.6,fluvial_scour,historical,57,0
Satsunai,left,8.6,fluvial_scour,historical,57.2,0
Satsunai,left,8.6,fluvial_scour,historical,57.4,0
Satsunai,left,8.6,fluvial_scour,historical,57.6,0
Satsunai,left,8.6,fluvial_scour,historical,57.8,0
Satsunai,left,8.6,fluvial_scour,historical,58,0
Satsunai,left,8.6,fluvial_scour,plus4K,51.2,0
Satsunai,left,8.6,fluvial_scour,plus4K,51.4,0
Satsunai,left,8.6,fluvial_scour,plus4K,51.6,0
Satsunai,left,8.6,fluvial_scour,plus4K,51.8,0
Satsunai,left,8.6,fluvial_scour,plus4K,52,0
Satsunai,left,8.6,fluvial_scour,plus4K,52.2,0
Satsunai,left,8.6,fluvial_scour,plus4K,52.4,0
Satsunai,left,8.6,fluvial_scour,plus4K,52.6,0
Satsunai,left,8.6,fluvial_scour,plus4K,52.8,0
Satsunai,left,8.6,fluvial_scour,plus4K,53,0
Satsunai,left,8.6,fluvial_scour,plus4K,53.2,0
Satsunai,left,8.6,fluvial_scour,plus4K,53.4,0
Satsunai,left,8.6,fluvial_scour,plus4K,53.6,0
Satsunai,left,8.6,fluvial_scour,plus4K,53.8,0
Satsunai,left,8.6,fluvial_scour,plus4K,54,0
Satsunai,left,8.6,fluvial_scour,plus4K,54.2,0
Satsunai,left,8.6,fluvial_scour,plus4K,54.4,0
Satsunai,left,8.6,fluvial_scour,plus4K,54.6,0
Satsunai,left,8.6,fluvial_scour,plus4K,54.8,0
Satsunai,left,8.6,fluvial_scour,plus4K,55,0
Satsunai,left,8.6,fluvial_scour,plus4K,55.2,0
Satsunai,left,8.6,fluvial_scour,plus4K,55.4,0
Satsunai,left,8.6,fluvial_scour,plus4K,55.6,0
Satsunai,left,8.6,fluvial_scour,plus4K,55.8,0
Satsunai,left,8.6,fluvial_scour,plus4K,56,0
Satsunai,left,8.6,fluvial_scour,plus4K,56.2,0
Satsunai,left,8.6,fluvial_scour,plus4K,56.4,0
Satsunai,left,8.6,fluvial_scour,plus4K,56.6,0
Satsunai,left,8.6,fluvial_scour,plus4K,56.8,0
Satsunai,left,8.6,fluvial_scour,plus4K,57,0
Satsunai,left,8.6,fluvial_scour,plus4K,57.2,0
Satsunai,left,8.6,fluvial_scour,plus4K,57.4,0
Satsunai,left,8.6,fluvial_scour,plus4K,57.6,0
Satsunai,left,8.6,fluvial_scour,plus4K,57.8,0
Satsunai,left,8.6,fluvial_scour,plus4K,58,0
Satsunai,left,8.8,fluvial_scour,historical,51.6,0
Satsunai,left,8.8,fluvial_scour,historical,51.8,0
Satsunai,left,8.8,fluvial_scour,historical,52,0
Satsunai,left,8.8,fluvial_scour,historical,52.2,0
Satsunai,left,8.8,fluvial_scour,historical,52.4,0
Satsunai,left,8.8,fluvial_scour,historical,52.6,0
Satsunai,left,8.8,fluvial_scour,historical,52.8,0
Satsunai,left,8.8,fluvial_scour,historical,53,0
Satsunai,left,8.8,fluvial_scour,historical,53.2,0
Satsunai,left,8.8,fluvial_scour,historical,53.4,0
Satsunai,left,8.8,fluvial_scour,historical,53.6,0
Satsunai,left,8.8,fluvial_scour,historical,53.8,0
Satsunai,left,8.8,fluvial_scour,historical,54,0
Satsunai,left,8.8,fluvial_scour,historical,54.2,0
Satsunai,left,8.8,fluvial_scour,historical,54.4,0
Satsunai,left,8.8,fluvial_scour,historical,54.6,0
Satsunai,left,8.8,fluvial_scour,historical,54.8,0
Satsunai,left,8.8,fluvial_scour,historical,55,0
Satsunai,left,8.8,fluvial_scour,historical,55.2,0
Satsunai,left,8.8,fluvial_scour,historical,55.4,0
Satsunai,left,8.8,fluvial_scour,historical,55.6,0
Satsunai,left,8.8,fluvial_scour,historical,55.8,0
Satsunai,left,8.8,fluvial_scour,historical,56,0
Satsunai,left,8.8,fluvial_scour,historical,56.2,0
Satsunai,left,8.8,fluvial_scour,historical,56.4,0
Satsunai,left,8.8,fluvial_scour,historical,56.6,0
Satsunai,left,8.8,fluvial_scour,historical,56.8,0
Satsunai,left,8.8,fluvial_scour,historical,57,0
Satsunai,left,8.8,fluvial_scour,historical,57.2,0
Satsunai,left,8.8,fluvial_scour,historical,57.4,0
Satsunai,left,8.8,fluvial_scour,historical,57.6,0
Satsunai,left,8.8,fluvial_scour,historical,57.8,0
Satsunai,left,8.8,fluvial_scour,historical,58,0
Satsunai,left,8.8,fluvial_scour,historical,58.2,0
Satsunai,left,8.8,fluvial_scour,historical,58.4,0
Satsunai,left,8.8,fluvial_scour,historical,58.6,0
Satsunai,left,8.8,fluvial_scour,plus4K,51.6,0
Satsunai,left,8.8,fluvial_scour,plus4K,51.8,0
Satsunai,left,8.8,fluvial_scour,plus4K,52,0
Satsunai,left,8.8,fluvial_scour,plus4K,52.2,0
Satsunai,left,8.8,fluvial_scour,plus4K,52.4,0
Satsunai,left,8.8,fluvial_scour,plus4K,52.6,0
Satsunai,left,8.8,fluvial_scour,plus4K,52.8,0
Satsunai,left,8.8,fluvial_scour,plus4K,53,0
Satsunai,left,8.8,fluvial_scour,plus4K,53.2,0
Satsunai,left,8.8,fluvial_scour,plus4K,53.4,0
Satsunai,left,8.8,fluvial_scour,plus4K,53.6,0
Satsunai,left,8.8,fluvial_scour,plus4K,53.8,0
Satsunai,left,8.8,fluvial_scour,plus4K,54,0
Satsunai,left,8.8,fluvial_scour,plus4K,54.2,0
Satsunai,left,8.8,fluvial_scour,plus4K,54.4,0
Satsunai,left,8.8,fluvial_scour,plus4K,54.6,0
Satsunai,left,8.8,fluvial_scour,plus4K,54.8,0
Satsunai,left,8.8,fluvial_scour,plus4K,55,0
Satsunai,left,8.8,fluvial_scour,plus4K,55.2,0
Satsunai,left,8.8,fluvial_scour,plus4K,55.4,0
Satsunai,left,8.8,fluvial_scour,plus4K,55.6,0
Satsunai,left,8.8,fluvial_scour,plus4K,55.8,0
Satsunai,left,8.8,fluvial_scour,plus4K,56,0
Satsunai,left,8.8,fluvial_scour,plus4K,56.2,0
Satsunai,left,8.8,fluvial_scour,plus4K,56.4,0
Satsunai,left,8.8,fluvial_scour,plus4K,56.6,0
Satsunai,left,8.8,fluvial_scour,plus4K,56.8,0
Satsunai,left,8.8,fluvial_scour,plus4K,57,0
Satsunai,left,8.8,fluvial_scour,plus4K,57.2,0
Satsunai,left,8.8,fluvial_scour,plus4K,57.4,0
Satsunai,left,8.8,fluvial_scour,plus4K,57.6,0
Satsunai,left,8.8,fluvial_scour,plus4K,57.8,0
Satsunai,left,8.8,fluvial_scour,plus4K,58,0
Satsunai,left,8.8,fluvial_scour,plus4K,58.2,0
Satsunai,left,8.8,fluvial_scour,plus4K,58.4,0
Satsunai,left,8.8,fluvial_scour,plus4K,58.6,0
Satsunai,left,9,fluvial_scour,historical,53.2,0
Satsunai,left,9,fluvial_scour,historical,53.4,0
Satsunai,left,9,fluvial_scour,historical,53.6,0
Satsunai,left,9,fluvial_scour,historical,53.8,0
Satsunai,left,9,fluvial_scour,historical,54,0
Satsunai,left,9,fluvial_scour,historical,54.2,0
Satsunai,left,9,fluvial_scour,historical,54.4,0
Satsunai,left,9,fluvial_scour,historical,54.6,0
Satsunai,left,9,fluvial_scour,historical,54.8,0
Satsunai,left,9,fluvial_scour,historical,55,0
Satsunai,left,9,fluvial_scour,historical,55.2,0
Satsunai,left,9,fluvial_scour,historical,55.4,0
Satsunai,left,9,fluvial_scour,historical,55.6,0
Satsunai,left,9,fluvial_scour,historical,55.8,0
Satsunai,left,9,fluvial_scour,historical,56,0
Satsunai,left,9,fluvial_scour,historical,56.2,0
Satsunai,left,9,fluvial_scour,historical,56.4,0
Satsunai,left,9,fluvial_scour,historical,56.6,0
Satsunai,left,9,fluvial_scour,historical,56.8,0
Satsunai,left,9,fluvial_scour,historical,57,0
Satsunai,left,9,fluvial_scour,historical,57.2,0
Satsunai,left,9,fluvial_scour,historical,57.4,0
Satsunai,left,9,fluvial_scour,historical,57.6,0
Satsunai,left,9,fluvial_scour,historical,57.8,0
Satsunai,left,9,fluvial_scour,historical,58,0
Satsunai,left,9,fluvial_scour,historical,58.2,0
Satsunai,left,9,fluvial_scour,historical,58.4,0
Satsunai,left,9,fluvial_scour,historical,58.6,0
Satsunai,left,9,fluvial_scour,historical,58.8,0
Satsunai,left,9,fluvial_scour,historical,59,0
Satsunai,left,9,fluvial_scour,historical,59.2,0
Satsunai,left,9,fluvial_scour,historical,59.4,0
Satsunai,left,9,fluvial_scour,historical,59.6,0
Satsunai,left,9,fluvial_scour,plus4K,53.2,0
Satsunai,left,9,fluvial_scour,plus4K,53.4,0
Satsunai,left,9,fluvial_scour,plus4K,53.6,0
Satsunai,left,9,fluvial_scour,plus4K,53.8,0
Satsunai,left,9,fluvial_scour,plus4K,54,0
Satsunai,left,9,fluvial_scour,plus4K,54.2,0
Satsunai,left,9,fluvial_scour,plus4K,54.4,0
Satsunai,left,9,fluvial_scour,plus4K,54.6,0
Satsunai,left,9,fluvial_scour,plus4K,54.8,0
Satsunai,left,9,fluvial_scour,plus4K,55,0
Satsunai,left,9,fluvial_scour,plus4K,55.2,0
Satsunai,left,9,fluvial_scour,plus4K,55.4,0
Satsunai,left,9,fluvial_scour,plus4K,55.6,0
Satsunai,left,9,fluvial_scour,plus4K,55.8,0
Satsunai,left,9,fluvial_scour,plus4K,56,0
Satsunai,left,9,fluvial_scour,plus4K,56.2,0
Satsunai,left,9,fluvial_scour,plus4K,56.4,0
Satsunai,left,9,fluvial_scour,plus4K,56.6,0
Satsunai,left,9,fluvial_scour,plus4K,56.8,0
Satsunai,left,9,fluvial_scour,plus4K,57,0
Satsunai,left,9,fluvial_scour,plus4K,57.2,0
Satsunai,left,9,fluvial_scour,plus4K,57.4,0
Satsunai,left,9,fluvial_scour,plus4K,57.6,0
Satsunai,left,9,fluvial_scour,plus4K,57.8,0
Satsunai,left,9,fluvial_scour,plus4K,58,0
Satsunai,left,9,fluvial_scour,plus4K,58.2,0
Satsunai,left,9,fluvial_scour,plus4K,58.4,0
Satsunai,left,9,fluvial_scour,plus4K,58.6,0
Satsunai,left,9,fluvial_scour,plus4K,58.8,0
Satsunai,left,9,fluvial_scour,plus4K,59,0
Satsunai,left,9,fluvial_scour,plus4K,59.2,0
Satsunai,left,9,fluvial_scour,plus4K,59.4,0
Satsunai,left,9,fluvial_scour,plus4K,59.6,0
Satsunai,left,9.2,fluvial_scour,historical,53.6,0
Satsunai,left,9.2,fluvial_scour,historical,53.8,0
Satsunai,left,9.2,fluvial_scour,historical,54,0
Satsunai,left,9.2,fluvial_scour,historical,54.2,0
Satsunai,left,9.2,fluvial_scour,historical,54.4,0
Satsunai,left,9.2,fluvial_scour,historical,54.6,0
Satsunai,left,9.2,fluvial_scour,historical,54.8,0
Satsunai,left,9.2,fluvial_scour,historical,55,0
Satsunai,left,9.2,fluvial_scour,historical,55.2,0
Satsunai,left,9.2,fluvial_scour,historical,55.4,0
Satsunai,left,9.2,fluvial_scour,historical,55.6,0
Satsunai,left,9.2,fluvial_scour,historical,55.8,0
Satsunai,left,9.2,fluvial_scour,historical,56,0
Satsunai,left,9.2,fluvial_scour,historical,56.2,0
Satsunai,left,9.2,fluvial_scour,historical,56.4,0
Satsunai,left,9.2,fluvial_scour,historical,56.6,0
Satsunai,left,9.2,fluvial_scour,historical,56.8,0
Satsunai,left,9.2,fluvial_scour,historical,57,0
Satsunai,left,9.2,fluvial_scour,historical,57.2,0
Satsunai,left,9.2,fluvial_scour,historical,57.4,0
Satsunai,left,9.2,fluvial_scour,historical,57.6,0
Satsunai,left,9.2,fluvial_scour,historical,57.8,0
Satsunai,left,9.2,fluvial_scour,historical,58,0
Satsunai,left,9.2,fluvial_scour,historical,58.2,0
Satsunai,left,9.2,fluvial_scour,historical,58.4,0
Satsunai,left,9.2,fluvial_scour,historical,58.6,0
Satsunai,left,9.2,fluvial_scour,historical,58.8,0
Satsunai,left,9.2,fluvial_scour,historical,59,0
Satsunai,left,9.2,fluvial_scour,historical,59.2,0
Satsunai,left,9.2,fluvial_scour,historical,59.4,0
Satsunai,left,9.2,fluvial_scour,historical,59.6,0
Satsunai,left,9.2,fluvial_scour,historical,59.8,0
Satsunai,left,9.2,fluvial_scour,historical,60,0
Satsunai,left,9.2,fluvial_scour,historical,60.2,0
Satsunai,left,9.2,fluvial_scour,historical,60.4,0
Satsunai,left,9.2,fluvial_scour,historical,60.6,0
Satsunai,left,9.2,fluvial_scour,plus4K,53.6,0
Satsunai,left,9.2,fluvial_scour,plus4K,53.8,0
Satsunai,left,9.2,fluvial_scour,plus4K,54,0
Satsunai,left,9.2,fluvial_scour,plus4K,54.2,0
Satsunai,left,9.2,fluvial_scour,plus4K,54.4,0
Satsunai,left,9.2,fluvial_scour,plus4K,54.6,0
Satsunai,left,9.2,fluvial_scour,plus4K,54.8,0
Satsunai,left,9.2,fluvial_scour,plus4K,55,0
Satsunai,left,9.2,fluvial_scour,plus4K,55.2,0
Satsunai,left,9.2,fluvial_scour,plus4K,55.4,0
Satsunai,left,9.2,fluvial_scour,plus4K,55.6,0
Satsunai,left,9.2,fluvial_scour,plus4K,55.8,0
Satsunai,left,9.2,fluvial_scour,plus4K,56,0
Satsunai,left,9.2,fluvial_scour,plus4K,56.2,0
Satsunai,left,9.2,fluvial_scour,plus4K,56.4,0
Satsunai,left,9.2,fluvial_scour,plus4K,56.6,0
Satsunai,left,9.2,fluvial_scour,plus4K,56.8,0
Satsunai,left,9.2,fluvial_scour,plus4K,57,0
Satsunai,left,9.2,fluvial_scour,plus4K,57.2,0
Satsunai,left,9.2,fluvial_scour,plus4K,57.4,0
Satsunai,left,9.2,fluvial_scour,plus4K,57.6,0
Satsunai,left,9.2,fluvial_scour,plus4K,57.8,0
Satsunai,left,9.2,fluvial_scour,plus4K,58,0
Satsunai,left,9.2,fluvial_scour,plus4K,58.2,0
Satsunai,left,9.2,fluvial_scour,plus4K,58.4,0
Satsunai,left,9.2,fluvial_scour,plus4K,58.6,0
Satsunai,left,9.2,fluvial_scour,plus4K,58.8,0
Satsunai,left,9.2,fluvial_scour,plus4K,59,0
Satsunai,left,9.2,fluvial_scour,plus4K,59.2,0
Satsunai,left,9.2,fluvial_scour,plus4K,59.4,0
Satsunai,left,9.2,fluvial_scour,plus4K,59.6,0
Satsunai,left,9.2,fluvial_scour,plus4K,59.8,0
Satsunai,left,9.2,fluvial_scour,plus4K,60,0
Satsunai,left,9.2,fluvial_scour,plus4K,60.2,0
Satsunai,left,9.2,fluvial_scour,plus4K,60.4,0
Satsunai,left,9.2,fluvial_scour,plus4K,60.6,0
Satsunai,left,9.4,fluvial_scour,historical,54.2,0
Satsunai,left,9.4,fluvial_scour,historical,54.4,0
Satsunai,left,9.4,fluvial_scour,historical,54.6,0
Satsunai,left,9.4,fluvial_scour,historical,54.8,0
Satsunai,left,9.4,fluvial_scour,historical,55,0
Satsunai,left,9.4,fluvial_scour,historical,55.2,0
Satsunai,left,9.4,fluvial_scour,historical,55.4,0
Satsunai,left,9.4,fluvial_scour,historical,55.6,0
Satsunai,left,9.4,fluvial_scour,historical,55.8,0
Satsunai,left,9.4,fluvial_scour,historical,56,0
Satsunai,left,9.4,fluvial_scour,historical,56.2,0
Satsunai,left,9.4,fluvial_scour,historical,56.4,0
Satsunai,left,9.4,fluvial_scour,historical,56.6,0
Satsunai,left,9.4,fluvial_scour,historical,56.8,0
Satsunai,left,9.4,fluvial_scour,historical,57,0
Satsunai,left,9.4,fluvial_scour,historical,57.2,0
Satsunai,left,9.4,fluvial_scour,historical,57.4,0
Satsunai,left,9.4,fluvial_scour,historical,57.6,0
Satsunai,left,9.4,fluvial_scour,historical,57.8,0
Satsunai,left,9.4,fluvial_scour,historical,58,0
Satsunai,left,9.4,fluvial_scour,historical,58.2,0
Satsunai,left,9.4,fluvial_scour,historical,58.4,0
Satsunai,left,9.4,fluvial_scour,historical,58.6,0
Satsunai,left,9.4,fluvial_scour,historical,58.8,0
Satsunai,left,9.4,fluvial_scour,historical,59,0
Satsunai,left,9.4,fluvial_scour,historical,59.2,0
Satsunai,left,9.4,fluvial_scour,historical,59.4,0
Satsunai,left,9.4,fluvial_scour,historical,59.6,0
Satsunai,left,9.4,fluvial_scour,historical,59.8,0
Satsunai,left,9.4,fluvial_scour,historical,60,0
Satsunai,left,9.4,fluvial_scour,historical,60.2,0
Satsunai,left,9.4,fluvial_scour,historical,60.4,0
Satsunai,left,9.4,fluvial_scour,historical,60.6,0
Satsunai,left,9.4,fluvial_scour,historical,60.8,0
Satsunai,left,9.4,fluvial_scour,historical,61,0
Satsunai,left,9.4,fluvial_scour,historical,61.2,0
Satsunai,left,9.4,fluvial_scour,historical,61.4,0
Satsunai,left,9.4,fluvial_scour,historical,61.6,0
Satsunai,left,9.4,fluvial_scour,historical,61.8,0
Satsunai,left,9.4,fluvial_scour,historical,62,0
Satsunai,left,9.4,fluvial_scour,plus4K,54.2,0
Satsunai,left,9.4,fluvial_scour,plus4K,54.4,0
Satsunai,left,9.4,fluvial_scour,plus4K,54.6,0
Satsunai,left,9.4,fluvial_scour,plus4K,54.8,0
Satsunai,left,9.4,fluvial_scour,plus4K,55,0
Satsunai,left,9.4,fluvial_scour,plus4K,55.2,0
Satsunai,left,9.4,fluvial_scour,plus4K,55.4,0
Satsunai,left,9.4,fluvial_scour,plus4K,55.6,0
Satsunai,left,9.4,fluvial_scour,plus4K,55.8,0
Satsunai,left,9.4,fluvial_scour,plus4K,56,0
Satsunai,left,9.4,fluvial_scour,plus4K,56.2,0
Satsunai,left,9.4,fluvial_scour,plus4K,56.4,0
Satsunai,left,9.4,fluvial_scour,plus4K,56.6,0
Satsunai,left,9.4,fluvial_scour,plus4K,56.8,0
Satsunai,left,9.4,fluvial_scour,plus4K,57,0
Satsunai,left,9.4,fluvial_scour,plus4K,57.2,0
Satsunai,left,9.4,fluvial_scour,plus4K,57.4,0
Satsunai,left,9.4,fluvial_scour,plus4K,57.6,0
Satsunai,left,9.4,fluvial_scour,plus4K,57.8,0
Satsunai,left,9.4,fluvial_scour,plus4K,58,0
Satsunai,left,9.4,fluvial_scour,plus4K,58.2,0
Satsunai,left,9.4,fluvial_scour,plus4K,58.4,0
Satsunai,left,9.4,fluvial_scour,plus4K,58.6,0
Satsunai,left,9.4,fluvial_scour,plus4K,58.8,0
Satsunai,left,9.4,fluvial_scour,plus4K,59,0
Satsunai,left,9.4,fluvial_scour,plus4K,59.2,0
Satsunai,left,9.4,fluvial_scour,plus4K,59.4,0
Satsunai,left,9.4,fluvial_scour,plus4K,59.6,0
Satsunai,left,9.4,fluvial_scour,plus4K,59.8,0
Satsunai,left,9.4,fluvial_scour,plus4K,60,0
Satsunai,left,9.4,fluvial_scour,plus4K,60.2,0
Satsunai,left,9.4,fluvial_scour,plus4K,60.4,0
Satsunai,left,9.4,fluvial_scour,plus4K,60.6,0
Satsunai,left,9.4,fluvial_scour,plus4K,60.8,0
Satsunai,left,9.4,fluvial_scour,plus4K,61,0
Satsunai,left,9.4,fluvial_scour,plus4K,61.2,0
Satsunai,left,9.4,fluvial_scour,plus4K,61.4,0
Satsunai,left,9.4,fluvial_scour,plus4K,61.6,0
Satsunai,left,9.4,fluvial_scour,plus4K,61.8,0
Satsunai,left,9.4,fluvial_scour,plus4K,62,0
Satsunai,left,9.6,fluvial_scour,historical,55,0
Satsunai,left,9.6,fluvial_scour,historical,55.2,0
Satsunai,left,9.6,fluvial_scour,historical,55.4,0
Satsunai,left,9.6,fluvial_scour,historical,55.6,0
Satsunai,left,9.6,fluvial_scour,historical,55.8,0
Satsunai,left,9.6,fluvial_scour,historical,56,0
Satsunai,left,9.6,fluvial_scour,historical,56.2,0
Satsunai,left,9.6,fluvial_scour,historical,56.4,0
Satsunai,left,9.6,fluvial_scour,historical,56.6,0
Satsunai,left,9.6,fluvial_scour,historical,56.8,0
Satsunai,left,9.6,fluvial_scour,historical,57,0
Satsunai,left,9.6,fluvial_scour,historical,57.2,0
Satsunai,left,9.6,fluvial_scour,historical,57.4,0
Satsunai,left,9.6,fluvial_scour,historical,57.6,0
Satsunai,left,9.6,fluvial_scour,historical,57.8,0
Satsunai,left,9.6,fluvial_scour,historical,58,0
Satsunai,left,9.6,fluvial_scour,historical,58.2,0
Satsunai,left,9.6,fluvial_scour,historical,58.4,0
Satsunai,left,9.6,fluvial_scour,historical,58.6,0
Satsunai,left,9.6,fluvial_scour,historical,58.8,0
Satsunai,left,9.6,fluvial_scour,historical,59,0
Satsunai,left,9.6,fluvial_scour,historical,59.2,0
Satsunai,left,9.6,fluvial_scour,historical,59.4,0
Satsunai,left,9.6,fluvial_scour,historical,59.6,0
Satsunai,left,9.6,fluvial_scour,historical,59.8,0
Satsunai,left,9.6,fluvial_scour,historical,60,0
Satsunai,left,9.6,fluvial_scour,historical,60.2,0
Satsunai,left,9.6,fluvial_scour,historical,60.4,0
Satsunai,left,9.6,fluvial_scour,historical,60.6,0
Satsunai,left,9.6,fluvial_scour,historical,60.8,0
Satsunai,left,9.6,fluvial_scour,historical,61,0
Satsunai,left,9.6,fluvial_scour,historical,61.2,0
Satsunai,left,9.6,fluvial_scour,historical,61.4,0
Satsunai,left,9.6,fluvial_scour,historical,61.6,0
Satsunai,left,9.6,fluvial_scour,historical,61.8,0
Satsunai,left,9.6,fluvial_scour,historical,62,0
Satsunai,left,9.6,fluvial_scour,historical,62.2,0
Satsunai,left,9.6,fluvial_scour,historical,62.4,0
Satsunai,left,9.6,fluvial_scour,historical,62.6,0
Satsunai,left,9.6,fluvial_scour,historical,62.8,0
Satsunai,left,9.6,fluvial_scour,plus4K,55,0
Satsunai,left,9.6,fluvial_scour,plus4K,55.2,0
Satsunai,left,9.6,fluvial_scour,plus4K,55.4,0
Satsunai,left,9.6,fluvial_scour,plus4K,55.6,0
Satsunai,left,9.6,fluvial_scour,plus4K,55.8,0
Satsunai,left,9.6,fluvial_scour,plus4K,56,0
Satsunai,left,9.6,fluvial_scour,plus4K,56.2,0
Satsunai,left,9.6,fluvial_scour,plus4K,56.4,0
Satsunai,left,9.6,fluvial_scour,plus4K,56.6,0
Satsunai,left,9.6,fluvial_scour,plus4K,56.8,0
Satsunai,left,9.6,fluvial_scour,plus4K,57,0
Satsunai,left,9.6,fluvial_scour,plus4K,57.2,0
Satsunai,left,9.6,fluvial_scour,plus4K,57.4,0
Satsunai,left,9.6,fluvial_scour,plus4K,57.6,0
Satsunai,left,9.6,fluvial_scour,plus4K,57.8,0
Satsunai,left,9.6,fluvial_scour,plus4K,58,0
Satsunai,left,9.6,fluvial_scour,plus4K,58.2,0
Satsunai,left,9.6,fluvial_scour,plus4K,58.4,0
Satsunai,left,9.6,fluvial_scour,plus4K,58.6,0
Satsunai,left,9.6,fluvial_scour,plus4K,58.8,0
Satsunai,left,9.6,fluvial_scour,plus4K,59,0
Satsunai,left,9.6,fluvial_scour,plus4K,59.2,0
Satsunai,left,9.6,fluvial_scour,plus4K,59.4,0
Satsunai,left,9.6,fluvial_scour,plus4K,59.6,0
Satsunai,left,9.6,fluvial_scour,plus4K,59.8,0
Satsunai,left,9.6,fluvial_scour,plus4K,60,0
Satsunai,left,9.6,fluvial_scour,plus4K,60.2,0
Satsunai,left,9.6,fluvial_scour,plus4K,60.4,0
Satsunai,left,9.6,fluvial_scour,plus4K,60.6,0
Satsunai,left,9.6,fluvial_scour,plus4K,60.8,0
Satsunai,left,9.6,fluvial_scour,plus4K,61,0
Satsunai,left,9.6,fluvial_scour,plus4K,61.2,0
Satsunai,left,9.6,fluvial_scour,plus4K,61.4,0
Satsunai,left,9.6,fluvial_scour,plus4K,61.6,0
Satsunai,left,9.6,fluvial_scour,plus4K,61.8,0
Satsunai,left,9.6,fluvial_scour,plus4K,62,0
Satsunai,left,9.6,fluvial_scour,plus4K,62.2,0
Satsunai,left,9.6,fluvial_scour,plus4K,62.4,0
Satsunai,left,9.6,fluvial_scour,plus4K,62.6,0
Satsunai,left,9.6,fluvial_scour,plus4K,62.8,0
Satsunai,left,9.8,fluvial_scour,historical,56,0
Satsunai,left,9.8,fluvial_scour,historical,56.2,0
Satsunai,left,9.8,fluvial_scour,historical,56.4,0
Satsunai,left,9.8,fluvial_scour,historical,56.6,0
Satsunai,left,9.8,fluvial_scour,historical,56.8,0
Satsunai,left,9.8,fluvial_scour,historical,57,0
Satsunai,left,9.8,fluvial_scour,historical,57.2,0
Satsunai,left,9.8,fluvial_scour,historical,57.4,0
Satsunai,left,9.8,fluvial_scour,historical,57.6,0
Satsunai,left,9.8,fluvial_scour,historical,57.8,0
Satsunai,left,9.8,fluvial_scour,historical,58,0
Satsunai,left,9.8,fluvial_scour,historical,58.2,0
Satsunai,left,9.8,fluvial_scour,historical,58.4,0
Satsunai,left,9.8,fluvial_scour,historical,58.6,0
Satsunai,left,9.8,fluvial_scour,historical,58.8,0
Satsunai,left,9.8,fluvial_scour,historical,59,0
Satsunai,left,9.8,fluvial_scour,historical,59.2,0
Satsunai,left,9.8,fluvial_scour,historical,59.4,0
Satsunai,left,9.8,fluvial_scour,historical,59.6,0
Satsunai,left,9.8,fluvial_scour,historical,59.8,0
Satsunai,left,9.8,fluvial_scour,historical,60,0
Satsunai,left,9.8,fluvial_scour,historical,60.2,0
Satsunai,left,9.8,fluvial_scour,historical,60.4,0
Satsunai,left,9.8,fluvial_scour,historical,60.6,0
Satsunai,left,9.8,fluvial_scour,historical,60.8,0
Satsunai,left,9.8,fluvial_scour,historical,61,0
Satsunai,left,9.8,fluvial_scour,historical,61.2,0
Satsunai,left,9.8,fluvial_scour,historical,61.4,0
Satsunai,left,9.8,fluvial_scour,historical,61.6,0
Satsunai,left,9.8,fluvial_scour,historical,61.8,0
Satsunai,left,9.8,fluvial_scour,historical,62,0
Satsunai,left,9.8,fluvial_scour,historical,62.2,0
Satsunai,left,9.8,fluvial_scour,historical,62.4,0
Satsunai,left,9.8,fluvial_scour,historical,62.6,0
Satsunai,left,9.8,fluvial_scour,historical,62.8,0
Satsunai,left,9.8,fluvial_scour,historical,63,0
Satsunai,left,9.8,fluvial_scour,historical,63.2,0
Satsunai,left,9.8,fluvial_scour,historical,63.4,0
Satsunai,left,9.8,fluvial_scour,historical,63.6,0
Satsunai,left,9.8,fluvial_scour,plus4K,56,0
Satsunai,left,9.8,fluvial_scour,plus4K,56.2,0
Satsunai,left,9.8,fluvial_scour,plus4K,56.4,0
Satsunai,left,9.8,fluvial_scour,plus4K,56.6,0
Satsunai,left,9.8,fluvial_scour,plus4K,56.8,0
Satsunai,left,9.8,fluvial_scour,plus4K,57,0
Satsunai,left,9.8,fluvial_scour,plus4K,57.2,0
Satsunai,left,9.8,fluvial_scour,plus4K,57.4,0
Satsunai,left,9.8,fluvial_scour,plus4K,57.6,0
Satsunai,left,9.8,fluvial_scour,plus4K,57.8,0
Satsunai,left,9.8,fluvial_scour,plus4K,58,0
Satsunai,left,9.8,fluvial_scour,plus4K,58.2,0
Satsunai,left,9.8,fluvial_scour,plus4K,58.4,0
Satsunai,left,9.8,fluvial_scour,plus4K,58.6,0
Satsunai,left,9.8,fluvial_scour,plus4K,58.8,0
Satsunai,left,9.8,fluvial_scour,plus4K,59,0
Satsunai,left,9.8,fluvial_scour,plus4K,59.2,0
Satsunai,left,9.8,fluvial_scour,plus4K,59.4,0
Satsunai,left,9.8,fluvial_scour,plus4K,59.6,0
Satsunai,left,9.8,fluvial_scour,plus4K,59.8,0
Satsunai,left,9.8,fluvial_scour,plus4K,60,0
Satsunai,left,9.8,fluvial_scour,plus4K,60.2,0
Satsunai,left,9.8,fluvial_scour,plus4K,60.4,0
Satsunai,left,9.8,fluvial_scour,plus4K,60.6,0
Satsunai,left,9.8,fluvial_scour,plus4K,60.8,0
Satsunai,left,9.8,fluvial_scour,plus4K,61,0
Satsunai,left,9.8,fluvial_scour,plus4K,61.2,0
Satsunai,left,9.8,fluvial_scour,plus4K,61.4,0
Satsunai,left,9.8,fluvial_scour,plus4K,61.6,0
Satsunai,left,9.8,fluvial_scour,plus4K,61.8,0
Satsunai,left,9.8,fluvial_scour,plus4K,62,0
Satsunai,left,9.8,fluvial_scour,plus4K,62.2,0
Satsunai,left,9.8,fluvial_scour,plus4K,62.4,0
Satsunai,left,9.8,fluvial_scour,plus4K,62.6,0
Satsunai,left,9.8,fluvial_scour,plus4K,62.8,0
Satsunai,left,9.8,fluvial_scour,plus4K,63,0
Satsunai,left,9.8,fluvial_scour,plus4K,63.2,0
Satsunai,left,9.8,fluvial_scour,plus4K,63.4,0
Satsunai,left,9.8,fluvial_scour,plus4K,63.6,0
Satsunai,left,10,fluvial_scour,historical,56.4,0
Satsunai,left,10,fluvial_scour,historical,56.6,0
Satsunai,left,10,fluvial_scour,historical,56.8,0
Satsunai,left,10,fluvial_scour,historical,57,0
Satsunai,left,10,fluvial_scour,historical,57.2,0
Satsunai,left,10,fluvial_scour,historical,57.4,0
Satsunai,left,10,fluvial_scour,historical,57.6,0
Satsunai,left,10,fluvial_scour,historical,57.8,0
Satsunai,left,10,fluvial_scour,historical,58,0
Satsunai,left,10,fluvial_scour,historical,58.2,0
Satsunai,left,10,fluvial_scour,historical,58.4,0
Satsunai,left,10,fluvial_scour,historical,58.6,0
Satsunai,left,10,fluvial_scour,historical,58.8,0
Satsunai,left,10,fluvial_scour,historical,59,0
Satsunai,left,10,fluvial_scour,historical,59.2,0
Satsunai,left,10,fluvial_scour,historical,59.4,0
Satsunai,left,10,fluvial_scour,historical,59.6,0
Satsunai,left,10,fluvial_scour,historical,59.8,0
Satsunai,left,10,fluvial_scour,historical,60,0
Satsunai,left,10,fluvial_scour,historical,60.2,0
Satsunai,left,10,fluvial_scour,historical,60.4,0
Satsunai,left,10,fluvial_scour,historical,60.6,0
Satsunai,left,10,fluvial_scour,historical,60.8,0
Satsunai,left,10,fluvial_scour,historical,61,0
Satsunai,left,10,fluvial_scour,historical,61.2,0
Satsunai,left,10,fluvial_scour,historical,61.4,0
Satsunai,left,10,fluvial_scour,historical,61.6,0
Satsunai,left,10,fluvial_scour,historical,61.8,0
Satsunai,left,10,fluvial_scour,historical,62,0
Satsunai,left,10,fluvial_scour,historical,62.2,0
Satsunai,left,10,fluvial_scour,historical,62.4,0
Satsunai,left,10,fluvial_scour,historical,62.6,0
Satsunai,left,10,fluvial_scour,historical,62.8,0
Satsunai,left,10,fluvial_scour,historical,63,0
Satsunai,left,10,fluvial_scour,historical,63.2,0
Satsunai,left,10,fluvial_scour,historical,63.4,0
Satsunai,left,10,fluvial_scour,historical,63.6,0
Satsunai,left,10,fluvial_scour,historical,63.8,0
Satsunai,left,10,fluvial_scour,historical,64,0
Satsunai,left,10,fluvial_scour,historical,64.2,0
Satsunai,left,10,fluvial_scour,plus4K,56.4,0
Satsunai,left,10,fluvial_scour,plus4K,56.6,0
Satsunai,left,10,fluvial_scour,plus4K,56.8,0
Satsunai,left,10,fluvial_scour,plus4K,57,0
Satsunai,left,10,fluvial_scour,plus4K,57.2,0
Satsunai,left,10,fluvial_scour,plus4K,57.4,0
Satsunai,left,10,fluvial_scour,plus4K,57.6,0
Satsunai,left,10,fluvial_scour,plus4K,57.8,0
Satsunai,left,10,fluvial_scour,plus4K,58,0
Satsunai,left,10,fluvial_scour,plus4K,58.2,0
Satsunai,left,10,fluvial_scour,plus4K,58.4,0
Satsunai,left,10,fluvial_scour,plus4K,58.6,0
Satsunai,left,10,fluvial_scour,plus4K,58.8,0
Satsunai,left,10,fluvial_scour,plus4K,59,0
Satsunai,left,10,fluvial_scour,plus4K,59.2,0
Satsunai,left,10,fluvial_scour,plus4K,59.4,0
Satsunai,left,10,fluvial_scour,plus4K,59.6,0
Satsunai,left,10,fluvial_scour,plus4K,59.8,0
Satsunai,left,10,fluvial_scour,plus4K,60,0
Satsunai,left,10,fluvial_scour,plus4K,60.2,0
Satsunai,left,10,fluvial_scour,plus4K,60.4,0
Satsunai,left,10,fluvial_scour,plus4K,60.6,0
Satsunai,left,10,fluvial_scour,plus4K,60.8,0
Satsunai,left,10,fluvial_scour,plus4K,61,0
Satsunai,left,10,fluvial_scour,plus4K,61.2,0
Satsunai,left,10,fluvial_scour,plus4K,61.4,0
Satsunai,left,10,fluvial_scour,plus4K,61.6,0
Satsunai,left,10,fluvial_scour,plus4K,61.8,0
Satsunai,left,10,fluvial_scour,plus4K,62,0
Satsunai,left,10,fluvial_scour,plus4K,62.2,0
Satsunai,left,10,fluvial_scour,plus4K,62.4,0
Satsunai,left,10,fluvial_scour,plus4K,62.6,0
Satsunai,left,10,fluvial_scour,plus4K,62.8,0
Satsunai,left,10,fluvial_scour,plus4K,63,0
Satsunai,left,10,fluvial_scour,plus4K,63.2,0
Satsunai,left,10,fluvial_scour,plus4K,63.4,0
Satsunai,left,10,fluvial_scour,plus4K,63.6,0
Satsunai,left,10,fluvial_scour,plus4K,63.8,0
Satsunai,left,10,fluvial_scour,plus4K,64,0
Satsunai,left,10,fluvial_scour,plus4K,64.2,0
Satsunai,left,10.2,fluvial_scour,historical,57.6,0
Satsunai,left,10.2,fluvial_scour,historical,57.8,0
Satsunai,left,10.2,fluvial_scour,historical,58,0
Satsunai,left,10.2,fluvial_scour,historical,58.2,0
Satsunai,left,10.2,fluvial_scour,historical,58.4,0
Satsunai,left,10.2,fluvial_scour,historical,58.6,0
Satsunai,left,10.2,fluvial_scour,historical,58.8,0
Satsunai,left,10.2,fluvial_scour,historical,59,0
Satsunai,left,10.2,fluvial_scour,historical,59.2,0
Satsunai,left,10.2,fluvial_scour,historical,59.4,0
Satsunai,left,10.2,fluvial_scour,historical,59.6,0
Satsunai,left,10.2,fluvial_scour,historical,59.8,0
Satsunai,left,10.2,fluvial_scour,historical,60,0
Satsunai,left,10.2,fluvial_scour,historical,60.2,0
Satsunai,left,10.2,fluvial_scour,historical,60.4,0
Satsunai,left,10.2,fluvial_scour,historical,60.6,0
Satsunai,left,10.2,fluvial_scour,historical,60.8,0
Satsunai,left,10.2,fluvial_scour,historical,61,0
Satsunai,left,10.2,fluvial_scour,historical,61.2,0
Satsunai,left,10.2,fluvial_scour,historical,61.4,0
Satsunai,left,10.2,fluvial_scour,historical,61.6,0
Satsunai,left,10.2,fluvial_scour,historical,61.8,0
Satsunai,left,10.2,fluvial_scour,historical,62,0
Satsunai,left,10.2,fluvial_scour,historical,62.2,0
Satsunai,left,10.2,fluvial_scour,historical,62.4,0
Satsunai,left,10.2,fluvial_scour,historical,62.6,0
Satsunai,left,10.2,fluvial_scour,historical,62.8,0
Satsunai,left,10.2,fluvial_scour,historical,63,0
Satsunai,left,10.2,fluvial_scour,historical,63.2,0
Satsunai,left,10.2,fluvial_scour,historical,63.4,0
Satsunai,left,10.2,fluvial_scour,historical,63.6,0
Satsunai,left,10.2,fluvial_scour,historical,63.8,0
Satsunai,left,10.2,fluvial_scour,historical,64,0
Satsunai,left,10.2,fluvial_scour,historical,64.2,0
Satsunai,left,10.2,fluvial_scour,historical,64.4,0
Satsunai,left,10.2,fluvial_scour,historical,64.6,0
Satsunai,left,10.2,fluvial_scour,historical,64.8,0
Satsunai,left,10.2,fluvial_scour,historical,65,0
Satsunai,left,10.2,fluvial_scour,plus4K,57.6,0
Satsunai,left,10.2,fluvial_scour,plus4K,57.8,0
Satsunai,left,10.2,fluvial_scour,plus4K,58,0
Satsunai,left,10.2,fluvial_scour,plus4K,58.2,0
Satsunai,left,10.2,fluvial_scour,plus4K,58.4,0
Satsunai,left,10.2,fluvial_scour,plus4K,58.6,0
Satsunai,left,10.2,fluvial_scour,plus4K,58.8,0
Satsunai,left,10.2,fluvial_scour,plus4K,59,0
Satsunai,left,10.2,fluvial_scour,plus4K,59.2,0
Satsunai,left,10.2,fluvial_scour,plus4K,59.4,0
Satsunai,left,10.2,fluvial_scour,plus4K,59.6,0
Satsunai,left,10.2,fluvial_scour,plus4K,59.8,0
Satsunai,left,10.2,fluvial_scour,plus4K,60,0
Satsunai,left,10.2,fluvial_scour,plus4K,60.2,0
Satsunai,left,10.2,fluvial_scour,plus4K,60.4,0
Satsunai,left,10.2,fluvial_scour,plus4K,60.6,0
Satsunai,left,10.2,fluvial_scour,plus4K,60.8,0
Satsunai,left,10.2,fluvial_scour,plus4K,61,0
Satsunai,left,10.2,fluvial_scour,plus4K,61.2,0
Satsunai,left,10.2,fluvial_scour,plus4K,61.4,0
Satsunai,left,10.2,fluvial_scour,plus4K,61.6,0
Satsunai,left,10.2,fluvial_scour,plus4K,61.8,0
Satsunai,left,10.2,fluvial_scour,plus4K,62,0
Satsunai,left,10.2,fluvial_scour,plus4K,62.2,0
Satsunai,left,10.2,fluvial_scour,plus4K,62.4,0
Satsunai,left,10.2,fluvial_scour,plus4K,62.6,0
Satsunai,left,10.2,fluvial_scour,plus4K,62.8,0
Satsunai,left,10.2,fluvial_scour,plus4K,63,0
Satsunai,left,10.2,fluvial_scour,plus4K,63.2,0
Satsunai,left,10.2,fluvial_scour,plus4K,63.4,0
Satsunai,left,10.2,fluvial_scour,plus4K,63.6,0
Satsunai,left,10.2,fluvial_scour,plus4K,63.8,0
Satsunai,left,10.2,fluvial_scour,plus4K,64,0
Satsunai,left,10.2,fluvial_scour,plus4K,64.2,0
Satsunai,left,10.2,fluvial_scour,plus4K,64.4,0
Satsunai,left,10.2,fluvial_scour,plus4K,64.6,0
Satsunai,left,10.2,fluvial_scour,plus4K,64.8,0
Satsunai,left,10.2,fluvial_scour,plus4K,65,0
Satsunai,left,10.4,fluvial_scour,historical,58.2,0
Satsunai,left,10.4,fluvial_scour,historical,58.4,0
Satsunai,left,10.4,fluvial_scour,historical,58.6,0
Satsunai,left,10.4,fluvial_scour,historical,58.8,0
Satsunai,left,10.4,fluvial_scour,historical,59,0
Satsunai,left,10.4,fluvial_scour,historical,59.2,0
Satsunai,left,10.4,fluvial_scour,historical,59.4,0
Satsunai,left,10.4,fluvial_scour,historical,59.6,0
Satsunai,left,10.4,fluvial_scour,historical,59.8,0
Satsunai,left,10.4,fluvial_scour,historical,60,0
Satsunai,left,10.4,fluvial_scour,historical,60.2,0
Satsunai,left,10.4,fluvial_scour,historical,60.4,0
Satsunai,left,10.4,fluvial_scour,historical,60.6,0
Satsunai,left,10.4,fluvial_scour,historical,60.8,0
Satsunai,left,10.4,fluvial_scour,historical,61,0
Satsunai,left,10.4,fluvial_scour,historical,61.2,0
Satsunai,left,10.4,fluvial_scour,historical,61.4,0
Satsunai,left,10.4,fluvial_scour,historical,61.6,0
Satsunai,left,10.4,fluvial_scour,historical,61.8,0
Satsunai,left,10.4,fluvial_scour,historical,62,0
Satsunai,left,10.4,fluvial_scour,historical,62.2,0
Satsunai,left,10.4,fluvial_scour,historical,62.4,0
Satsunai,left,10.4,fluvial_scour,historical,62.6,0
Satsunai,left,10.4,fluvial_scour,historical,62.8,0
Satsunai,left,10.4,fluvial_scour,historical,63,0
Satsunai,left,10.4,fluvial_scour,historical,63.2,0
Satsunai,left,10.4,fluvial_scour,historical,63.4,0
Satsunai,left,10.4,fluvial_scour,historical,63.6,0
Satsunai,left,10.4,fluvial_scour,historical,63.8,0
Satsunai,left,10.4,fluvial_scour,historical,64,0
Satsunai,left,10.4,fluvial_scour,historical,64.2,0
Satsunai,left,10.4,fluvial_scour,historical,64.4,0
Satsunai,left,10.4,fluvial_scour,historical,64.6,0
Satsunai,left,10.4,fluvial_scour,historical,64.8,0
Satsunai,left,10.4,fluvial_scour,historical,65,0
Satsunai,left,10.4,fluvial_scour,historical,65.2,0
Satsunai,left,10.4,fluvial_scour,historical,65.4,0
Satsunai,left,10.4,fluvial_scour,historical,65.6,0
Satsunai,left,10.4,fluvial_scour,plus4K,58.2,0
Satsunai,left,10.4,fluvial_scour,plus4K,58.4,0
Satsunai,left,10.4,fluvial_scour,plus4K,58.6,0
Satsunai,left,10.4,fluvial_scour,plus4K,58.8,0
Satsunai,left,10.4,fluvial_scour,plus4K,59,0
Satsunai,left,10.4,fluvial_scour,plus4K,59.2,0
Satsunai,left,10.4,fluvial_scour,plus4K,59.4,0
Satsunai,left,10.4,fluvial_scour,plus4K,59.6,0
Satsunai,left,10.4,fluvial_scour,plus4K,59.8,0
Satsunai,left,10.4,fluvial_scour,plus4K,60,0
Satsunai,left,10.4,fluvial_scour,plus4K,60.2,0
Satsunai,left,10.4,fluvial_scour,plus4K,60.4,0
Satsunai,left,10.4,fluvial_scour,plus4K,60.6,0
Satsunai,left,10.4,fluvial_scour,plus4K,60.8,0
Satsunai,left,10.4,fluvial_scour,plus4K,61,0
Satsunai,left,10.4,fluvial_scour,plus4K,61.2,0
Satsunai,left,10.4,fluvial_scour,plus4K,61.4,0
Satsunai,left,10.4,fluvial_scour,plus4K,61.6,0
Satsunai,left,10.4,fluvial_scour,plus4K,61.8,0
Satsunai,left,10.4,fluvial_scour,plus4K,62,0
Satsunai,left,10.4,fluvial_scour,plus4K,62.2,0
Satsunai,left,10.4,fluvial_scour,plus4K,62.4,0
Satsunai,left,10.4,fluvial_scour,plus4K,62.6,0
Satsunai,left,10.4,fluvial_scour,plus4K,62.8,0
Satsunai,left,10.4,fluvial_scour,plus4K,63,0
Satsunai,left,10.4,fluvial_scour,plus4K,63.2,0
Satsunai,left,10.4,fluvial_scour,plus4K,63.4,0
Satsunai,left,10.4,fluvial_scour,plus4K,63.6,0
Satsunai,left,10.4,fluvial_scour,plus4K,63.8,0
Satsunai,left,10.4,fluvial_scour,plus4K,64,0
Satsunai,left,10.4,fluvial_scour,plus4K,64.2,0
Satsunai,left,10.4,fluvial_scour,plus4K,64.4,0
Satsunai,left,10.4,fluvial_scour,plus4K,64.6,0
Satsunai,left,10.4,fluvial_scour,plus4K,64.8,0
Satsunai,left,10.4,fluvial_scour,plus4K,65,0
Satsunai,left,10.4,fluvial_scour,plus4K,65.2,0
Satsunai,left,10.4,fluvial_scour,plus4K,65.4,0
Satsunai,left,10.4,fluvial_scour,plus4K,65.6,0
Satsunai,left,10.6,fluvial_scour,historical,58.8,0
Satsunai,left,10.6,fluvial_scour,historical,59,0
Satsunai,left,10.6,fluvial_scour,historical,59.2,0
Satsunai,left,10.6,fluvial_scour,historical,59.4,0
Satsunai,left,10.6,fluvial_scour,historical,59.6,0
Satsunai,left,10.6,fluvial_scour,historical,59.8,0
Satsunai,left,10.6,fluvial_scour,historical,60,0
Satsunai,left,10.6,fluvial_scour,historical,60.2,0
Satsunai,left,10.6,fluvial_scour,historical,60.4,0
Satsunai,left,10.6,fluvial_scour,historical,60.6,0
Satsunai,left,10.6,fluvial_scour,historical,60.8,0
Satsunai,left,10.6,fluvial_scour,historical,61,0
Satsunai,left,10.6,fluvial_scour,historical,61.2,0
Satsunai,left,10.6,fluvial_scour,historical,61.4,0
Satsunai,left,10.6,fluvial_scour,historical,61.6,0
Satsunai,left,10.6,fluvial_scour,historical,61.8,0
Satsunai,left,10.6,fluvial_scour,historical,62,0
Satsunai,left,10.6,fluvial_scour,historical,62.2,0
Satsunai,left,10.6,fluvial_scour,historical,62.4,0
Satsunai,left,10.6,fluvial_scour,historical,62.6,0
Satsunai,left,10.6,fluvial_scour,historical,62.8,0
Satsunai,left,10.6,fluvial_scour,historical,63,0
Satsunai,left,10.6,fluvial_scour,historical,63.2,0
Satsunai,left,10.6,fluvial_scour,historical,63.4,0
Satsunai,left,10.6,fluvial_scour,historical,63.6,0
Satsunai,left,10.6,fluvial_scour,historical,63.8,0
Satsunai,left,10.6,fluvial_scour,historical,64,0
Satsunai,left,10.6,fluvial_scour,historical,64.2,0
Satsunai,left,10.6,fluvial_scour,historical,64.4,0
Satsunai,left,10.6,fluvial_scour,historical,64.6,0
Satsunai,left,10.6,fluvial_scour,historical,64.8,0
Satsunai,left,10.6,fluvial_scour,historical,65,0
Satsunai,left,10.6,fluvial_scour,historical,65.2,0
Satsunai,left,10.6,fluvial_scour,historical,65.4,0
Satsunai,left,10.6,fluvial_scour,historical,65.6,0
Satsunai,left,10.6,fluvial_scour,historical,65.8,0
Satsunai,left,10.6,fluvial_scour,historical,66,0
Satsunai,left,10.6,fluvial_scour,historical,66.2,0
Satsunai,left,10.6,fluvial_scour,historical,66.4,0
Satsunai,left,10.6,fluvial_scour,plus4K,58.8,0
Satsunai,left,10.6,fluvial_scour,plus4K,59,0
Satsunai,left,10.6,fluvial_scour,plus4K,59.2,0
Satsunai,left,10.6,fluvial_scour,plus4K,59.4,0
Satsunai,left,10.6,fluvial_scour,plus4K,59.6,0
Satsunai,left,10.6,fluvial_scour,plus4K,59.8,0
Satsunai,left,10.6,fluvial_scour,plus4K,60,0
Satsunai,left,10.6,fluvial_scour,plus4K,60.2,0
Satsunai,left,10.6,fluvial_scour,plus4K,60.4,0
Satsunai,left,10.6,fluvial_scour,plus4K,60.6,0
Satsunai,left,10.6,fluvial_scour,plus4K,60.8,0
Satsunai,left,10.6,fluvial_scour,plus4K,61,0
Satsunai,left,10.6,fluvial_scour,plus4K,61.2,0
Satsunai,left,10.6,fluvial_scour,plus4K,61.4,0
Satsunai,left,10.6,fluvial_scour,plus4K,61.6,0
Satsunai,left,10.6,fluvial_scour,plus4K,61.8,0
Satsunai,left,10.6,fluvial_scour,plus4K,62,0
Satsunai,left,10.6,fluvial_scour,plus4K,62.2,0
Satsunai,left,10.6,fluvial_scour,plus4K,62.4,0
Satsunai,left,10.6,fluvial_scour,plus4K,62.6,0
Satsunai,left,10.6,fluvial_scour,plus4K,62.8,0
Satsunai,left,10.6,fluvial_scour,plus4K,63,0
Satsunai,left,10.6,fluvial_scour,plus4K,63.2,0
Satsunai,left,10.6,fluvial_scour,plus4K,63.4,0
Satsunai,left,10.6,fluvial_scour,plus4K,63.6,0
Satsunai,left,10.6,fluvial_scour,plus4K,63.8,0
Satsunai,left,10.6,fluvial_scour,plus4K,64,0
Satsunai,left,10.6,fluvial_scour,plus4K,64.2,0
Satsunai,left,10.6,fluvial_scour,plus4K,64.4,0
Satsunai,left,10.6,fluvial_scour,plus4K,64.6,0
Satsunai,left,10.6,fluvial_scour,plus4K,64.8,0
Satsunai,left,10.6,fluvial_scour,plus4K,65,0
Satsunai,left,10.6,fluvial_scour,plus4K,65.2,0
Satsunai,left,10.6,fluvial_scour,plus4K,65.4,0
Satsunai,left,10.6,fluvial_scour,plus4K,65.6,0
Satsunai,left,10.6,fluvial_scour,plus4K,65.8,0
Satsunai,left,10.6,fluvial_scour,plus4K,66,0
Satsunai,left,10.6,fluvial_scour,plus4K,66.2,0
Satsunai,left,10.6,fluvial_scour,plus4K,66.4,0
Satsunai,left,10.8,fluvial_scour,historical,61.4,0
Satsunai,left,10.8,fluvial_scour,historical,61.6,0
Satsunai,left,10.8,fluvial_scour,historical,61.8,0
Satsunai,left,10.8,fluvial_scour,historical,62,0
Satsunai,left,10.8,fluvial_scour,historical,62.2,0
Satsunai,left,10.8,fluvial_scour,historical,62.4,0
Satsunai,left,10.8,fluvial_scour,historical,62.6,0
Satsunai,left,10.8,fluvial_scour,historical,62.8,0
Satsunai,left,10.8,fluvial_scour,historical,63,0
Satsunai,left,10.8,fluvial_scour,historical,63.2,0
Satsunai,left,10.8,fluvial_scour,historical,63.4,0
Satsunai,left,10.8,fluvial_scour,historical,63.6,0
Satsunai,left,10.8,fluvial_scour,historical,63.8,0
Satsunai,left,10.8,fluvial_scour,historical,64,0
Satsunai,left,10.8,fluvial_scour,historical,64.2,0
Satsunai,left,10.8,fluvial_scour,historical,64.4,0
Satsunai,left,10.8,fluvial_scour,historical,64.6,0
Satsunai,left,10.8,fluvial_scour,historical,64.8,0
Satsunai,left,10.8,fluvial_scour,historical,65,0
Satsunai,left,10.8,fluvial_scour,historical,65.2,0
Satsunai,left,10.8,fluvial_scour,historical,65.4,0
Satsunai,left,10.8,fluvial_scour,historical,65.6,0
Satsunai,left,10.8,fluvial_scour,historical,65.8,0
Satsunai,left,10.8,fluvial_scour,historical,66,0
Satsunai,left,10.8,fluvial_scour,historical,66.2,0
Satsunai,left,10.8,fluvial_scour,historical,66.4,0
Satsunai,left,10.8,fluvial_scour,historical,66.6,0
Satsunai,left,10.8,fluvial_scour,historical,66.8,0
Satsunai,left,10.8,fluvial_scour,historical,67,0
Satsunai,left,10.8,fluvial_scour,historical,67.2,0
Satsunai,left,10.8,fluvial_scour,historical,67.4,0
Satsunai,left,10.8,fluvial_scour,historical,67.6,0
Satsunai,left,10.8,fluvial_scour,plus4K,61.4,0
Satsunai,left,10.8,fluvial_scour,plus4K,61.6,0
Satsunai,left,10.8,fluvial_scour,plus4K,61.8,0
Satsunai,left,10.8,fluvial_scour,plus4K,62,0
Satsunai,left,10.8,fluvial_scour,plus4K,62.2,0
Satsunai,left,10.8,fluvial_scour,plus4K,62.4,0
Satsunai,left,10.8,fluvial_scour,plus4K,62.6,0
Satsunai,left,10.8,fluvial_scour,plus4K,62.8,0
Satsunai,left,10.8,fluvial_scour,plus4K,63,0
Satsunai,left,10.8,fluvial_scour,plus4K,63.2,0
Satsunai,left,10.8,fluvial_scour,plus4K,63.4,0
Satsunai,left,10.8,fluvial_scour,plus4K,63.6,0
Satsunai,left,10.8,fluvial_scour,plus4K,63.8,0
Satsunai,left,10.8,fluvial_scour,plus4K,64,0
Satsunai,left,10.8,fluvial_scour,plus4K,64.2,0
Satsunai,left,10.8,fluvial_scour,plus4K,64.4,0
Satsunai,left,10.8,fluvial_scour,plus4K,64.6,0
Satsunai,left,10.8,fluvial_scour,plus4K,64.8,0
Satsunai,left,10.8,fluvial_scour,plus4K,65,0
Satsunai,left,10.8,fluvial_scour,plus4K,65.2,0
Satsunai,left,10.8,fluvial_scour,plus4K,65.4,0
Satsunai,left,10.8,fluvial_scour,plus4K,65.6,0
Satsunai,left,10.8,fluvial_scour,plus4K,65.8,0
Satsunai,left,10.8,fluvial_scour,plus4K,66,0
Satsunai,left,10.8,fluvial_scour,plus4K,66.2,0
Satsunai,left,10.8,fluvial_scour,plus4K,66.4,0
Satsunai,left,10.8,fluvial_scour,plus4K,66.6,0
Satsunai,left,10.8,fluvial_scour,plus4K,66.8,0
Satsunai,left,10.8,fluvial_scour,plus4K,67,0
Satsunai,left,10.8,fluvial_scour,plus4K,67.2,0
Satsunai,left,10.8,fluvial_scour,plus4K,67.4,0
Satsunai,left,10.8,fluvial_scour,plus4K,67.6,0
Satsunai,left,11,fluvial_scour,historical,61.6,0
Satsunai,left,11,fluvial_scour,historical,61.8,0
Satsunai,left,11,fluvial_scour,historical,62,0
Satsunai,left,11,fluvial_scour,historical,62.2,0
Satsunai,left,11,fluvial_scour,historical,62.4,0
Satsunai,left,11,fluvial_scour,historical,62.6,0
Satsunai,left,11,fluvial_scour,historical,62.8,0
Satsunai,left,11,fluvial_scour,historical,63,0
Satsunai,left,11,fluvial_scour,historical,63.2,0
Satsunai,left,11,fluvial_scour,historical,63.4,0
Satsunai,left,11,fluvial_scour,historical,63.6,0
Satsunai,left,11,fluvial_scour,historical,63.8,0
Satsunai,left,11,fluvial_scour,historical,64,0
Satsunai,left,11,fluvial_scour,historical,64.2,0
Satsunai,left,11,fluvial_scour,historical,64.4,0
Satsunai,left,11,fluvial_scour,historical,64.6,0
Satsunai,left,11,fluvial_scour,historical,64.8,0
Satsunai,left,11,fluvial_scour,historical,65,0
Satsunai,left,11,fluvial_scour,historical,65.2,0
Satsunai,left,11,fluvial_scour,historical,65.4,0
Satsunai,left,11,fluvial_scour,historical,65.6,0
Satsunai,left,11,fluvial_scour,historical,65.8,0
Satsunai,left,11,fluvial_scour,historical,66,0
Satsunai,left,11,fluvial_scour,historical,66.2,0
Satsunai,left,11,fluvial_scour,historical,66.4,0
Satsunai,left,11,fluvial_scour,historical,66.6,0
Satsunai,left,11,fluvial_scour,historical,66.8,0
Satsunai,left,11,fluvial_scour,historical,67,0
Satsunai,left,11,fluvial_scour,historical,67.2,0
Satsunai,left,11,fluvial_scour,historical,67.4,0
Satsunai,left,11,fluvial_scour,historical,67.6,0
Satsunai,left,11,fluvial_scour,historical,67.8,0
Satsunai,left,11,fluvial_scour,plus4K,61.6,0
Satsunai,left,11,fluvial_scour,plus4K,61.8,0
Satsunai,left,11,fluvial_scour,plus4K,62,0
Satsunai,left,11,fluvial_scour,plus4K,62.2,0
Satsunai,left,11,fluvial_scour,plus4K,62.4,0
Satsunai,left,11,fluvial_scour,plus4K,62.6,0
Satsunai,left,11,fluvial_scour,plus4K,62.8,0
Satsunai,left,11,fluvial_scour,plus4K,63,0
Satsunai,left,11,fluvial_scour,plus4K,63.2,0
Satsunai,left,11,fluvial_scour,plus4K,63.4,0
Satsunai,left,11,fluvial_scour,plus4K,63.6,0
Satsunai,left,11,fluvial_scour,plus4K,63.8,0
Satsunai,left,11,fluvial_scour,plus4K,64,0
Satsunai,left,11,fluvial_scour,plus4K,64.2,0
Satsunai,left,11,fluvial_scour,plus4K,64.4,0
Satsunai,left,11,fluvial_scour,plus4K,64.6,0
Satsunai,left,11,fluvial_scour,plus4K,64.8,0
Satsunai,left,11,fluvial_scour,plus4K,65,0
Satsunai,left,11,fluvial_scour,plus4K,65.2,0
Satsunai,left,11,fluvial_scour,plus4K,65.4,0
Satsunai,left,11,fluvial_scour,plus4K,65.6,0
Satsunai,left,11,fluvial_scour,plus4K,65.8,0
Satsunai,left,11,fluvial_scour,plus4K,66,0
Satsunai,left,11,fluvial_scour,plus4K,66.2,0
Satsunai,left,11,fluvial_scour,plus4K,66.4,0
Satsunai,left,11,fluvial_scour,plus4K,66.6,0
Satsunai,left,11,fluvial_scour,plus4K,66.8,0
Satsunai,left,11,fluvial_scour,plus4K,67,0
Satsunai,left,11,fluvial_scour,plus4K,67.2,0
Satsunai,left,11,fluvial_scour,plus4K,67.4,0
Satsunai,left,11,fluvial_scour,plus4K,67.6,0
Satsunai,left,11,fluvial_scour,plus4K,67.8,0
Satsunai,left,11.2,fluvial_scour,historical,61.6,0
Satsunai,left,11.2,fluvial_scour,historical,61.8,0
Satsunai,left,11.2,fluvial_scour,historical,62,0
Satsunai,left,11.2,fluvial_scour,historical,62.2,0
Satsunai,left,11.2,fluvial_scour,historical,62.4,0
Satsunai,left,11.2,fluvial_scour,historical,62.6,0
Satsunai,left,11.2,fluvial_scour,historical,62.8,0
Satsunai,left,11.2,fluvial_scour,historical,63,0
Satsunai,left,11.2,fluvial_scour,historical,63.2,0
Satsunai,left,11.2,fluvial_scour,historical,63.4,0
Satsunai,left,11.2,fluvial_scour,historical,63.6,0
Satsunai,left,11.2,fluvial_scour,historical,63.8,0
Satsunai,left,11.2,fluvial_scour,historical,64,0
Satsunai,left,11.2,fluvial_scour,historical,64.2,0
Satsunai,left,11.2,fluvial_scour,historical,64.4,0
Satsunai,left,11.2,fluvial_scour,historical,64.6,0
Satsunai,left,11.2,fluvial_scour,historical,64.8,0
Satsunai,left,11.2,fluvial_scour,historical,65,0
Satsunai,left,11.2,fluvial_scour,historical,65.2,0
Satsunai,left,11.2,fluvial_scour,historical,65.4,0
Satsunai,left,11.2,fluvial_scour,historical,65.6,0
Satsunai,left,11.2,fluvial_scour,historical,65.8,0
Satsunai,left,11.2,fluvial_scour,historical,66,0
Satsunai,left,11.2,fluvial_scour,historical,66.2,0
Satsunai,left,11.2,fluvial_scour,historical,66.4,0
Satsunai,left,11.2,fluvial_scour,historical,66.6,0
Satsunai,left,11.2,fluvial_scour,historical,66.8,0
Satsunai,left,11.2,fluvial_scour,historical,67,0
Satsunai,left,11.2,fluvial_scour,historical,67.2,0
Satsunai,left,11.2,fluvial_scour,historical,67.4,0
Satsunai,left,11.2,fluvial_scour,historical,67.6,0
Satsunai,left,11.2,fluvial_scour,historical,67.8,0
Satsunai,left,11.2,fluvial_scour,historical,68,0
Satsunai,left,11.2,fluvial_scour,historical,68.2,0
Satsunai,left,11.2,fluvial_scour,historical,68.4,0
Satsunai,left,11.2,fluvial_scour,historical,68.6,0
Satsunai,left,11.2,fluvial_scour,historical,68.8,0
Satsunai,left,11.2,fluvial_scour,plus4K,61.6,0
Satsunai,left,11.2,fluvial_scour,plus4K,61.8,0
Satsunai,left,11.2,fluvial_scour,plus4K,62,0
Satsunai,left,11.2,fluvial_scour,plus4K,62.2,0
Satsunai,left,11.2,fluvial_scour,plus4K,62.4,0
Satsunai,left,11.2,fluvial_scour,plus4K,62.6,0
Satsunai,left,11.2,fluvial_scour,plus4K,62.8,0
Satsunai,left,11.2,fluvial_scour,plus4K,63,0
Satsunai,left,11.2,fluvial_scour,plus4K,63.2,0
Satsunai,left,11.2,fluvial_scour,plus4K,63.4,0
Satsunai,left,11.2,fluvial_scour,plus4K,63.6,0
Satsunai,left,11.2,fluvial_scour,plus4K,63.8,0
Satsunai,left,11.2,fluvial_scour,plus4K,64,0
Satsunai,left,11.2,fluvial_scour,plus4K,64.2,0
Satsunai,left,11.2,fluvial_scour,plus4K,64.4,0
Satsunai,left,11.2,fluvial_scour,plus4K,64.6,0
Satsunai,left,11.2,fluvial_scour,plus4K,64.8,0
Satsunai,left,11.2,fluvial_scour,plus4K,65,0
Satsunai,left,11.2,fluvial_scour,plus4K,65.2,0
Satsunai,left,11.2,fluvial_scour,plus4K,65.4,0
Satsunai,left,11.2,fluvial_scour,plus4K,65.6,0
Satsunai,left,11.2,fluvial_scour,plus4K,65.8,0
Satsunai,left,11.2,fluvial_scour,plus4K,66,0
Satsunai,left,11.2,fluvial_scour,plus4K,66.2,0
Satsunai,left,11.2,fluvial_scour,plus4K,66.4,0
Satsunai,left,11.2,fluvial_scour,plus4K,66.6,0
Satsunai,left,11.2,fluvial_scour,plus4K,66.8,0
Satsunai,left,11.2,fluvial_scour,plus4K,67,0
Satsunai,left,11.2,fluvial_scour,plus4K,67.2,0
Satsunai,left,11.2,fluvial_scour,plus4K,67.4,0
Satsunai,left,11.2,fluvial_scour,plus4K,67.6,0
Satsunai,left,11.2,fluvial_scour,plus4K,67.8,0
Satsunai,left,11.2,fluvial_scour,plus4K,68,0
Satsunai,left,11.2,fluvial_scour,plus4K,68.2,0
Satsunai,left,11.2,fluvial_scour,plus4K,68.4,0
Satsunai,left,11.2,fluvial_scour,plus4K,68.6,0
Satsunai,left,11.2,fluvial_scour,plus4K,68.8,0
Satsunai,left,11.4,fluvial_scour,historical,62.2,0
Satsunai,left,11.4,fluvial_scour,historical,62.4,0
Satsunai,left,11.4,fluvial_scour,historical,62.6,0
Satsunai,left,11.4,fluvial_scour,historical,62.8,0
Satsunai,left,11.4,fluvial_scour,historical,63,0
Satsunai,left,11.4,fluvial_scour,historical,63.2,0
Satsunai,left,11.4,fluvial_scour,historical,63.4,0
Satsunai,left,11.4,fluvial_scour,historical,63.6,0
Satsunai,left,11.4,fluvial_scour,historical,63.8,0
Satsunai,left,11.4,fluvial_scour,historical,64,0
Satsunai,left,11.4,fluvial_scour,historical,64.2,0
Satsunai,left,11.4,fluvial_scour,historical,64.4,0
Satsunai,left,11.4,fluvial_scour,historical,64.6,0
Satsunai,left,11.4,fluvial_scour,historical,64.8,0
Satsunai,left,11.4,fluvial_scour,historical,65,0
Satsunai,left,11.4,fluvial_scour,historical,65.2,0
Satsunai,left,11.4,fluvial_scour,historical,65.4,0
Satsunai,left,11.4,fluvial_scour,historical,65.6,0
Satsunai,left,11.4,fluvial_scour,historical,65.8,0
Satsunai,left,11.4,fluvial_scour,historical,66,0
Satsunai,left,11.4,fluvial_scour,historical,66.2,0
Satsunai,left,11.4,fluvial_scour,historical,66.4,0
Satsunai,left,11.4,fluvial_scour,historical,66.6,0
Satsunai,left,11.4,fluvial_scour,historical,66.8,0
Satsunai,left,11.4,fluvial_scour,historical,67,0
Satsunai,left,11.4,fluvial_scour,historical,67.2,0
Satsunai,left,11.4,fluvial_scour,historical,67.4,0
Satsunai,left,11.4,fluvial_scour,historical,67.6,0
Satsunai,left,11.4,fluvial_scour,historical,67.8,0
Satsunai,left,11.4,fluvial_scour,historical,68,0
Satsunai,left,11.4,fluvial_scour,historical,68.2,0
Satsunai,left,11.4,fluvial_scour,historical,68.4,0
Satsunai,left,11.4,fluvial_scour,historical,68.6,0
Satsunai,left,11.4,fluvial_scour,historical,68.8,0
Satsunai,left,11.4,fluvial_scour,historical,69,0
Satsunai,left,11.4,fluvial_scour,historical,69.2,0
Satsunai,left,11.4,fluvial_scour,historical,69.4,0
Satsunai,left,11.4,fluvial_scour,plus4K,62.2,0
Satsunai,left,11.4,fluvial_scour,plus4K,62.4,0
Satsunai,left,11.4,fluvial_scour,plus4K,62.6,0
Satsunai,left,11.4,fluvial_scour,plus4K,62.8,0
Satsunai,left,11.4,fluvial_scour,plus4K,63,0
Satsunai,left,11.4,fluvial_scour,plus4K,63.2,0
Satsunai,left,11.4,fluvial_scour,plus4K,63.4,0
Satsunai,left,11.4,fluvial_scour,plus4K,63.6,0
Satsunai,left,11.4,fluvial_scour,plus4K,63.8,0
Satsunai,left,11.4,fluvial_scour,plus4K,64,0
Satsunai,left,11.4,fluvial_scour,plus4K,64.2,0
Satsunai,left,11.4,fluvial_scour,plus4K,64.4,0
Satsunai,left,11.4,fluvial_scour,plus4K,64.6,0
Satsunai,left,11.4,fluvial_scour,plus4K,64.8,0
Satsunai,left,11.4,fluvial_scour,plus4K,65,0
Satsunai,left,11.4,fluvial_scour,plus4K,65.2,0
Satsunai,left,11.4,fluvial_scour,plus4K,65.4,0
Satsunai,left,11.4,fluvial_scour,plus4K,65.6,0
Satsunai,left,11.4,fluvial_scour,plus4K,65.8,0
Satsunai,left,11.4,fluvial_scour,plus4K,66,0
Satsunai,left,11.4,fluvial_scour,plus4K,66.2,0
Satsunai,left,11.4,fluvial_scour,plus4K,66.4,0
Satsunai,left,11.4,fluvial_scour,plus4K,66.6,0
Satsunai,left,11.4,fluvial_scour,plus4K,66.8,0
Satsunai,left,11.4,fluvial_scour,plus4K,67,0
Satsunai,left,11.4,fluvial_scour,plus4K,67.2,0
Satsunai,left,11.4,fluvial_scour,plus4K,67.4,0
Satsunai,left,11.4,fluvial_scour,plus4K,67.6,0
Satsunai,left,11.4,fluvial_scour,plus4K,67.8,0
Satsunai,left,11.4,fluvial_scour,plus4K,68,0
Satsunai,left,11.4,fluvial_scour,plus4K,68.2,0
Satsunai,left,11.4,fluvial_scour,plus4K,68.4,0
Satsunai,left,11.4,fluvial_scour,plus4K,68.6,0
Satsunai,left,11.4,fluvial_scour,plus4K,68.8,0
Satsunai,left,11.4,fluvial_scour,plus4K,69,0
Satsunai,left,11.4,fluvial_scour,plus4K,69.2,0
Satsunai,left,11.4,fluvial_scour,plus4K,69.4,0
Satsunai,left,11.6,fluvial_scour,historical,62.8,0
Satsunai,left,11.6,fluvial_scour,historical,63,0
Satsunai,left,11.6,fluvial_scour,historical,63.2,0
Satsunai,left,11.6,fluvial_scour,historical,63.4,0
Satsunai,left,11.6,fluvial_scour,historical,63.6,0
Satsunai,left,11.6,fluvial_scour,historical,63.8,0
Satsunai,left,11.6,fluvial_scour,historical,64,0
Satsunai,left,11.6,fluvial_scour,historical,64.2,0
Satsunai,left,11.6,fluvial_scour,historical,64.4,0
Satsunai,left,11.6,fluvial_scour,historical,64.6,0
Satsunai,left,11.6,fluvial_scour,historical,64.8,0
Satsunai,left,11.6,fluvial_scour,historical,65,0
Satsunai,left,11.6,fluvial_scour,historical,65.2,0
Satsunai,left,11.6,fluvial_scour,historical,65.4,0
Satsunai,left,11.6,fluvial_scour,historical,65.6,0
Satsunai,left,11.6,fluvial_scour,historical,65.8,0
Satsunai,left,11.6,fluvial_scour,historical,66,0
Satsunai,left,11.6,fluvial_scour,historical,66.2,0
Satsunai,left,11.6,fluvial_scour,historical,66.4,0
Satsunai,left,11.6,fluvial_scour,historical,66.6,0
Satsunai,left,11.6,fluvial_scour,historical,66.8,0
Satsunai,left,11.6,fluvial_scour,historical,67,0
Satsunai,left,11.6,fluvial_scour,historical,67.2,0
Satsunai,left,11.6,fluvial_scour,historical,67.4,0
Satsunai,left,11.6,fluvial_scour,historical,67.6,0
Satsunai,left,11.6,fluvial_scour,historical,67.8,0
Satsunai,left,11.6,fluvial_scour,historical,68,0
Satsunai,left,11.6,fluvial_scour,historical,68.2,0
Satsunai,left,11.6,fluvial_scour,historical,68.4,0
Satsunai,left,11.6,fluvial_scour,historical,68.6,0
Satsunai,left,11.6,fluvial_scour,historical,68.8,0
Satsunai,left,11.6,fluvial_scour,historical,69,0
Satsunai,left,11.6,fluvial_scour,historical,69.2,0
Satsunai,left,11.6,fluvial_scour,historical,69.4,0
Satsunai,left,11.6,fluvial_scour,historical,69.6,0
Satsunai,left,11.6,fluvial_scour,historical,69.8,0
Satsunai,left,11.6,fluvial_scour,historical,70,0
Satsunai,left,11.6,fluvial_scour,historical,70.2,0
Satsunai,left,11.6,fluvial_scour,historical,70.4,0
Satsunai,left,11.6,fluvial_scour,plus4K,62.8,0
Satsunai,left,11.6,fluvial_scour,plus4K,63,0
Satsunai,left,11.6,fluvial_scour,plus4K,63.2,0
Satsunai,left,11.6,fluvial_scour,plus4K,63.4,0
Satsunai,left,11.6,fluvial_scour,plus4K,63.6,0
Satsunai,left,11.6,fluvial_scour,plus4K,63.8,0
Satsunai,left,11.6,fluvial_scour,plus4K,64,0
Satsunai,left,11.6,fluvial_scour,plus4K,64.2,0
Satsunai,left,11.6,fluvial_scour,plus4K,64.4,0
Satsunai,left,11.6,fluvial_scour,plus4K,64.6,0
Satsunai,left,11.6,fluvial_scour,plus4K,64.8,0
Satsunai,left,11.6,fluvial_scour,plus4K,65,0
Satsunai,left,11.6,fluvial_scour,plus4K,65.2,0
Satsunai,left,11.6,fluvial_scour,plus4K,65.4,0
Satsunai,left,11.6,fluvial_scour,plus4K,65.6,0
Satsunai,left,11.6,fluvial_scour,plus4K,65.8,0
Satsunai,left,11.6,fluvial_scour,plus4K,66,0
Satsunai,left,11.6,fluvial_scour,plus4K,66.2,0
Satsunai,left,11.6,fluvial_scour,plus4K,66.4,0
Satsunai,left,11.6,fluvial_scour,plus4K,66.6,0
Satsunai,left,11.6,fluvial_scour,plus4K,66.8,0
Satsunai,left,11.6,fluvial_scour,plus4K,67,0
Satsunai,left,11.6,fluvial_scour,plus4K,67.2,0
Satsunai,left,11.6,fluvial_scour,plus4K,67.4,0
Satsunai,left,11.6,fluvial_scour,plus4K,67.6,0
Satsunai,left,11.6,fluvial_scour,plus4K,67.8,0
Satsunai,left,11.6,fluvial_scour,plus4K,68,0
Satsunai,left,11.6,fluvial_scour,plus4K,68.2,0
Satsunai,left,11.6,fluvial_scour,plus4K,68.4,0
Satsunai,left,11.6,fluvial_scour,plus4K,68.6,0
Satsunai,left,11.6,fluvial_scour,plus4K,68.8,0
Satsunai,left,11.6,fluvial_scour,plus4K,69,0
Satsunai,left,11.6,fluvial_scour,plus4K,69.2,0
Satsunai,left,11.6,fluvial_scour,plus4K,69.4,0
Satsunai,left,11.6,fluvial_scour,plus4K,69.6,0
Satsunai,left,11.6,fluvial_scour,plus4K,69.8,0
Satsunai,left,11.6,fluvial_scour,plus4K,70,0
Satsunai,left,11.6,fluvial_scour,plus4K,70.2,0
Satsunai,left,11.6,fluvial_scour,plus4K,70.4,0
Satsunai,left,11.8,fluvial_scour,historical,63.6,0
Satsunai,left,11.8,fluvial_scour,historical,63.8,0
Satsunai,left,11.8,fluvial_scour,historical,64,0
Satsunai,left,11.8,fluvial_scour,historical,64.2,0
Satsunai,left,11.8,fluvial_scour,historical,64.4,0
Satsunai,left,11.8,fluvial_scour,historical,64.6,0
Satsunai,left,11.8,fluvial_scour,historical,64.8,0
Satsunai,left,11.8,fluvial_scour,historical,65,0
Satsunai,left,11.8,fluvial_scour,historical,65.2,0
Satsunai,left,11.8,fluvial_scour,historical,65.4,0
Satsunai,left,11.8,fluvial_scour,historical,65.6,0
Satsunai,left,11.8,fluvial_scour,historical,65.8,0
Satsunai,left,11.8,fluvial_scour,historical,66,0
Satsunai,left,11.8,fluvial_scour,historical,66.2,0
Satsunai,left,11.8,fluvial_scour,historical,66.4,0
Satsunai,left,11.8,fluvial_scour,historical,66.6,0
Satsunai,left,11.8,fluvial_scour,historical,66.8,0
Satsunai,left,11.8,fluvial_scour,historical,67,0
Satsunai,left,11.8,fluvial_scour,historical,67.2,0
Satsunai,left,11.8,fluvial_scour,historical,67.4,0
Satsunai,left,11.8,fluvial_scour,historical,67.6,0
Satsunai,left,11.8,fluvial_scour,historical,67.8,0
Satsunai,left,11.8,fluvial_scour,historical,68,0
Satsunai,left,11.8,fluvial_scour,historical,68.2,0
Satsunai,left,11.8,fluvial_scour,historical,68.4,0
Satsunai,left,11.8,fluvial_scour,historical,68.6,0
Satsunai,left,11.8,fluvial_scour,historical,68.8,0
Satsunai,left,11.8,fluvial_scour,historical,69,0
Satsunai,left,11.8,fluvial_scour,historical,69.2,0
Satsunai,left,11.8,fluvial_scour,historical,69.4,0
Satsunai,left,11.8,fluvial_scour,historical,69.6,0
Satsunai,left,11.8,fluvial_scour,historical,69.8,0
Satsunai,left,11.8,fluvial_scour,historical,70,0
Satsunai,left,11.8,fluvial_scour,historical,70.2,0
Satsunai,left,11.8,fluvial_scour,historical,70.4,0
Satsunai,left,11.8,fluvial_scour,historical,70.6,0
Satsunai,left,11.8,fluvial_scour,historical,70.8,0
Satsunai,left,11.8,fluvial_scour,plus4K,63.6,0
Satsunai,left,11.8,fluvial_scour,plus4K,63.8,0
Satsunai,left,11.8,fluvial_scour,plus4K,64,0
Satsunai,left,11.8,fluvial_scour,plus4K,64.2,0
Satsunai,left,11.8,fluvial_scour,plus4K,64.4,0
Satsunai,left,11.8,fluvial_scour,plus4K,64.6,0
Satsunai,left,11.8,fluvial_scour,plus4K,64.8,0
Satsunai,left,11.8,fluvial_scour,plus4K,65,0
Satsunai,left,11.8,fluvial_scour,plus4K,65.2,0
Satsunai,left,11.8,fluvial_scour,plus4K,65.4,0
Satsunai,left,11.8,fluvial_scour,plus4K,65.6,0
Satsunai,left,11.8,fluvial_scour,plus4K,65.8,0
Satsunai,left,11.8,fluvial_scour,plus4K,66,0
Satsunai,left,11.8,fluvial_scour,plus4K,66.2,0
Satsunai,left,11.8,fluvial_scour,plus4K,66.4,0
Satsunai,left,11.8,fluvial_scour,plus4K,66.6,0
Satsunai,left,11.8,fluvial_scour,plus4K,66.8,0
Satsunai,left,11.8,fluvial_scour,plus4K,67,0
Satsunai,left,11.8,fluvial_scour,plus4K,67.2,0
Satsunai,left,11.8,fluvial_scour,plus4K,67.4,0
Satsunai,left,11.8,fluvial_scour,plus4K,67.6,0
Satsunai,left,11.8,fluvial_scour,plus4K,67.8,0
Satsunai,left,11.8,fluvial_scour,plus4K,68,0
Satsunai,left,11.8,fluvial_scour,plus4K,68.2,0
Satsunai,left,11.8,fluvial_scour,plus4K,68.4,0
Satsunai,left,11.8,fluvial_scour,plus4K,68.6,0
Satsunai,left,11.8,fluvial_scour,plus4K,68.8,0
Satsunai,left,11.8,fluvial_scour,plus4K,69,0
Satsunai,left,11.8,fluvial_scour,plus4K,69.2,0
Satsunai,left,11.8,fluvial_scour,plus4K,69.4,0
Satsunai,left,11.8,fluvial_scour,plus4K,69.6,0
Satsunai,left,11.8,fluvial_scour,plus4K,69.8,0
Satsunai,left,11.8,fluvial_scour,plus4K,70,0
Satsunai,left,11.8,fluvial_scour,plus4K,70.2,0
Satsunai,left,11.8,fluvial_scour,plus4K,70.4,0
Satsunai,left,11.8,fluvial_scour,plus4K,70.6,0
Satsunai,left,11.8,fluvial_scour,plus4K,70.8,0
Satsunai,left,12,fluvial_scour,historical,64.2,0
Satsunai,left,12,fluvial_scour,historical,64.4,0
Satsunai,left,12,fluvial_scour,historical,64.6,0
Satsunai,left,12,fluvial_scour,historical,64.8,0
Satsunai,left,12,fluvial_scour,historical,65,0
Satsunai,left,12,fluvial_scour,historical,65.2,0
Satsunai,left,12,fluvial_scour,historical,65.4,0
Satsunai,left,12,fluvial_scour,historical,65.6,0
Satsunai,left,12,fluvial_scour,historical,65.8,0
Satsunai,left,12,fluvial_scour,historical,66,0
Satsunai,left,12,fluvial_scour,historical,66.2,0
Satsunai,left,12,fluvial_scour,historical,66.4,0
Satsunai,left,12,fluvial_scour,historical,66.6,0
Satsunai,left,12,fluvial_scour,historical,66.8,0
Satsunai,left,12,fluvial_scour,historical,67,0
Satsunai,left,12,fluvial_scour,historical,67.2,0
Satsunai,left,12,fluvial_scour,historical,67.4,0
Satsunai,left,12,fluvial_scour,historical,67.6,0
Satsunai,left,12,fluvial_scour,historical,67.8,0
Satsunai,left,12,fluvial_scour,historical,68,0
Satsunai,left,12,fluvial_scour,historical,68.2,0
Satsunai,left,12,fluvial_scour,historical,68.4,0
Satsunai,left,12,fluvial_scour,historical,68.6,0
Satsunai,left,12,fluvial_scour,historical,68.8,0
Satsunai,left,12,fluvial_scour,historical,69,0
Satsunai,left,12,fluvial_scour,historical,69.2,0
Satsunai,left,12,fluvial_scour,historical,69.4,0
Satsunai,left,12,fluvial_scour,historical,69.6,0
Satsunai,left,12,fluvial_scour,historical,69.8,0
Satsunai,left,12,fluvial_scour,historical,70,0
Satsunai,left,12,fluvial_scour,historical,70.2,0
Satsunai,left,12,fluvial_scour,historical,70.4,0
Satsunai,left,12,fluvial_scour,historical,70.6,0
Satsunai,left,12,fluvial_scour,historical,70.8,0
Satsunai,left,12,fluvial_scour,historical,71,0
Satsunai,left,12,fluvial_scour,historical,71.2,0
Satsunai,left,12,fluvial_scour,historical,71.4,0
Satsunai,left,12,fluvial_scour,plus4K,64.2,0
Satsunai,left,12,fluvial_scour,plus4K,64.4,0
Satsunai,left,12,fluvial_scour,plus4K,64.6,0
Satsunai,left,12,fluvial_scour,plus4K,64.8,0
Satsunai,left,12,fluvial_scour,plus4K,65,0
Satsunai,left,12,fluvial_scour,plus4K,65.2,0
Satsunai,left,12,fluvial_scour,plus4K,65.4,0
Satsunai,left,12,fluvial_scour,plus4K,65.6,0
Satsunai,left,12,fluvial_scour,plus4K,65.8,0
Satsunai,left,12,fluvial_scour,plus4K,66,0
Satsunai,left,12,fluvial_scour,plus4K,66.2,0
Satsunai,left,12,fluvial_scour,plus4K,66.4,0
Satsunai,left,12,fluvial_scour,plus4K,66.6,0
Satsunai,left,12,fluvial_scour,plus4K,66.8,0
Satsunai,left,12,fluvial_scour,plus4K,67,0
Satsunai,left,12,fluvial_scour,plus4K,67.2,0
Satsunai,left,12,fluvial_scour,plus4K,67.4,0
Satsunai,left,12,fluvial_scour,plus4K,67.6,0
Satsunai,left,12,fluvial_scour,plus4K,67.8,0
Satsunai,left,12,fluvial_scour,plus4K,68,0
Satsunai,left,12,fluvial_scour,plus4K,68.2,0
Satsunai,left,12,fluvial_scour,plus4K,68.4,0
Satsunai,left,12,fluvial_scour,plus4K,68.6,0
Satsunai,left,12,fluvial_scour,plus4K,68.8,0
Satsunai,left,12,fluvial_scour,plus4K,69,0
Satsunai,left,12,fluvial_scour,plus4K,69.2,0
Satsunai,left,12,fluvial_scour,plus4K,69.4,0
Satsunai,left,12,fluvial_scour,plus4K,69.6,0
Satsunai,left,12,fluvial_scour,plus4K,69.8,0
Satsunai,left,12,fluvial_scour,plus4K,70,0
Satsunai,left,12,fluvial_scour,plus4K,70.2,0
Satsunai,left,12,fluvial_scour,plus4K,70.4,0
Satsunai,left,12,fluvial_scour,plus4K,70.6,0
Satsunai,left,12,fluvial_scour,plus4K,70.8,0
Satsunai,left,12,fluvial_scour,plus4K,71,0
Satsunai,left,12,fluvial_scour,plus4K,71.2,0
Satsunai,left,12,fluvial_scour,plus4K,71.4,0
Satsunai,left,12.2,fluvial_scour,historical,66.2,0
Satsunai,left,12.2,fluvial_scour,historical,66.4,0
Satsunai,left,12.2,fluvial_scour,historical,66.6,0
Satsunai,left,12.2,fluvial_scour,historical,66.8,0
Satsunai,left,12.2,fluvial_scour,historical,67,0
Satsunai,left,12.2,fluvial_scour,historical,67.2,0
Satsunai,left,12.2,fluvial_scour,historical,67.4,0
Satsunai,left,12.2,fluvial_scour,historical,67.6,0
Satsunai,left,12.2,fluvial_scour,historical,67.8,0
Satsunai,left,12.2,fluvial_scour,historical,68,0
Satsunai,left,12.2,fluvial_scour,historical,68.2,0
Satsunai,left,12.2,fluvial_scour,historical,68.4,0
Satsunai,left,12.2,fluvial_scour,historical,68.6,0
Satsunai,left,12.2,fluvial_scour,historical,68.8,0
Satsunai,left,12.2,fluvial_scour,historical,69,0
Satsunai,left,12.2,fluvial_scour,historical,69.2,0
Satsunai,left,12.2,fluvial_scour,historical,69.4,0
Satsunai,left,12.2,fluvial_scour,historical,69.6,0
Satsunai,left,12.2,fluvial_scour,historical,69.8,0
Satsunai,left,12.2,fluvial_scour,historical,70,0
Satsunai,left,12.2,fluvial_scour,historical,70.2,0
Satsunai,left,12.2,fluvial_scour,historical,70.4,0
Satsunai,left,12.2,fluvial_scour,historical,70.6,0
Satsunai,left,12.2,fluvial_scour,historical,70.8,0
Satsunai,left,12.2,fluvial_scour,historical,71,0
Satsunai,left,12.2,fluvial_scour,historical,71.2,0
Satsunai,left,12.2,fluvial_scour,historical,71.4,0
Satsunai,left,12.2,fluvial_scour,historical,71.6,0
Satsunai,left,12.2,fluvial_scour,historical,71.8,0
Satsunai,left,12.2,fluvial_scour,historical,72,0
Satsunai,left,12.2,fluvial_scour,historical,72.2,0
Satsunai,left,12.2,fluvial_scour,historical,72.4,0
Satsunai,left,12.2,fluvial_scour,historical,72.6,0
Satsunai,left,12.2,fluvial_scour,historical,72.8,0
Satsunai,left,12.2,fluvial_scour,plus4K,66.2,0
Satsunai,left,12.2,fluvial_scour,plus4K,66.4,0
Satsunai,left,12.2,fluvial_scour,plus4K,66.6,0
Satsunai,left,12.2,fluvial_scour,plus4K,66.8,0
Satsunai,left,12.2,fluvial_scour,plus4K,67,0
Satsunai,left,12.2,fluvial_scour,plus4K,67.2,0
Satsunai,left,12.2,fluvial_scour,plus4K,67.4,0
Satsunai,left,12.2,fluvial_scour,plus4K,67.6,0
Satsunai,left,12.2,fluvial_scour,plus4K,67.8,0
Satsunai,left,12.2,fluvial_scour,plus4K,68,0
Satsunai,left,12.2,fluvial_scour,plus4K,68.2,0
Satsunai,left,12.2,fluvial_scour,plus4K,68.4,0
Satsunai,left,12.2,fluvial_scour,plus4K,68.6,0
Satsunai,left,12.2,fluvial_scour,plus4K,68.8,0
Satsunai,left,12.2,fluvial_scour,plus4K,69,0
Satsunai,left,12.2,fluvial_scour,plus4K,69.2,0
Satsunai,left,12.2,fluvial_scour,plus4K,69.4,0
Satsunai,left,12.2,fluvial_scour,plus4K,69.6,0
Satsunai,left,12.2,fluvial_scour,plus4K,69.8,0
Satsunai,left,12.2,fluvial_scour,plus4K,70,0
Satsunai,left,12.2,fluvial_scour,plus4K,70.2,0
Satsunai,left,12.2,fluvial_scour,plus4K,70.4,0
Satsunai,left,12.2,fluvial_scour,plus4K,70.6,0
Satsunai,left,12.2,fluvial_scour,plus4K,70.8,0
Satsunai,left,12.2,fluvial_scour,plus4K,71,0
Satsunai,left,12.2,fluvial_scour,plus4K,71.2,0
Satsunai,left,12.2,fluvial_scour,plus4K,71.4,0
Satsunai,left,12.2,fluvial_scour,plus4K,71.6,0
Satsunai,left,12.2,fluvial_scour,plus4K,71.8,0
Satsunai,left,12.2,fluvial_scour,plus4K,72,0
Satsunai,left,12.2,fluvial_scour,plus4K,72.2,0
Satsunai,left,12.2,fluvial_scour,plus4K,72.4,0
Satsunai,left,12.2,fluvial_scour,plus4K,72.6,0
Satsunai,left,12.2,fluvial_scour,plus4K,72.8,0
Satsunai,left,12.4,fluvial_scour,historical,66.8,0
Satsunai,left,12.4,fluvial_scour,historical,67,0
Satsunai,left,12.4,fluvial_scour,historical,67.2,0
Satsunai,left,12.4,fluvial_scour,historical,67.4,0
Satsunai,left,12.4,fluvial_scour,historical,67.6,0
Satsunai,left,12.4,fluvial_scour,historical,67.8,0
Satsunai,left,12.4,fluvial_scour,historical,68,0
Satsunai,left,12.4,fluvial_scour,historical,68.2,0
Satsunai,left,12.4,fluvial_scour,historical,68.4,0
Satsunai,left,12.4,fluvial_scour,historical,68.6,0
Satsunai,left,12.4,fluvial_scour,historical,68.8,0
Satsunai,left,12.4,fluvial_scour,historical,69,0
Satsunai,left,12.4,fluvial_scour,historical,69.2,0
Satsunai,left,12.4,fluvial_scour,historical,69.4,0
Satsunai,left,12.4,fluvial_scour,historical,69.6,0
Satsunai,left,12.4,fluvial_scour,historical,69.8,0
Satsunai,left,12.4,fluvial_scour,historical,70,0
Satsunai,left,12.4,fluvial_scour,historical,70.2,0
Satsunai,left,12.4,fluvial_scour,historical,70.4,0
Satsunai,left,12.4,fluvial_scour,historical,70.6,0
Satsunai,left,12.4,fluvial_scour,historical,70.8,0
Satsunai,left,12.4,fluvial_scour,historical,71,0
Satsunai,left,12.4,fluvial_scour,historical,71.2,0
Satsunai,left,12.4,fluvial_scour,historical,71.4,0
Satsunai,left,12.4,fluvial_scour,historical,71.6,0
Satsunai,left,12.4,fluvial_scour,historical,71.8,0
Satsunai,left,12.4,fluvial_scour,historical,72,0
Satsunai,left,12.4,fluvial_scour,historical,72.2,0
Satsunai,left,12.4,fluvial_scour,historical,72.4,0
Satsunai,left,12.4,fluvial_scour,historical,72.6,0
Satsunai,left,12.4,fluvial_scour,historical,72.8,0
Satsunai,left,12.4,fluvial_scour,historical,73,0
Satsunai,left,12.4,fluvial_scour,historical,73.2,0
Satsunai,left,12.4,fluvial_scour,historical,73.4,0
Satsunai,left,12.4,fluvial_scour,historical,73.6,0
Satsunai,left,12.4,fluvial_scour,historical,73.8,0
Satsunai,left,12.4,fluvial_scour,plus4K,66.8,0
Satsunai,left,12.4,fluvial_scour,plus4K,67,0
Satsunai,left,12.4,fluvial_scour,plus4K,67.2,0
Satsunai,left,12.4,fluvial_scour,plus4K,67.4,0
Satsunai,left,12.4,fluvial_scour,plus4K,67.6,0
Satsunai,left,12.4,fluvial_scour,plus4K,67.8,0
Satsunai,left,12.4,fluvial_scour,plus4K,68,0
Satsunai,left,12.4,fluvial_scour,plus4K,68.2,0
Satsunai,left,12.4,fluvial_scour,plus4K,68.4,0
Satsunai,left,12.4,fluvial_scour,plus4K,68.6,0
Satsunai,left,12.4,fluvial_scour,plus4K,68.8,0
Satsunai,left,12.4,fluvial_scour,plus4K,69,0
Satsunai,left,12.4,fluvial_scour,plus4K,69.2,0
Satsunai,left,12.4,fluvial_scour,plus4K,69.4,0
Satsunai,left,12.4,fluvial_scour,plus4K,69.6,0
Satsunai,left,12.4,fluvial_scour,plus4K,69.8,0
Satsunai,left,12.4,fluvial_scour,plus4K,70,0
Satsunai,left,12.4,fluvial_scour,plus4K,70.2,0
Satsunai,left,12.4,fluvial_scour,plus4K,70.4,0
Satsunai,left,12.4,fluvial_scour,plus4K,70.6,0
Satsunai,left,12.4,fluvial_scour,plus4K,70.8,0
Satsunai,left,12.4,fluvial_scour,plus4K,71,0
Satsunai,left,12.4,fluvial_scour,plus4K,71.2,0
Satsunai,left,12.4,fluvial_scour,plus4K,71.4,0
Satsunai,left,12.4,fluvial_scour,plus4K,71.6,0
Satsunai,left,12.4,fluvial_scour,plus4K,71.8,0
Satsunai,left,12.4,fluvial_scour,plus4K,72,0
Satsunai,left,12.4,fluvial_scour,plus4K,72.2,0
Satsunai,left,12.4,fluvial_scour,plus4K,72.4,0
Satsunai,left,12.4,fluvial_scour,plus4K,72.6,0
Satsunai,left,12.4,fluvial_scour,plus4K,72.8,0
Satsunai,left,12.4,fluvial_scour,plus4K,73,0
Satsunai,left,12.4,fluvial_scour,plus4K,73.2,0
Satsunai,left,12.4,fluvial_scour,plus4K,73.4,0
Satsunai,left,12.4,fluvial_scour,plus4K,73.6,0
Satsunai,left,12.4,fluvial_scour,plus4K,73.8,0
Satsunai,left,12.6,fluvial_scour,historical,67.4,0
Satsunai,left,12.6,fluvial_scour,historical,67.6,0
Satsunai,left,12.6,fluvial_scour,historical,67.8,0
Satsunai,left,12.6,fluvial_scour,historical,68,0
Satsunai,left,12.6,fluvial_scour,historical,68.2,0
Satsunai,left,12.6,fluvial_scour,historical,68.4,0
Satsunai,left,12.6,fluvial_scour,historical,68.6,0
Satsunai,left,12.6,fluvial_scour,historical,68.8,0
Satsunai,left,12.6,fluvial_scour,historical,69,0
Satsunai,left,12.6,fluvial_scour,historical,69.2,0
Satsunai,left,12.6,fluvial_scour,historical,69.4,0
Satsunai,left,12.6,fluvial_scour,historical,69.6,0
Satsunai,left,12.6,fluvial_scour,historical,69.8,0
Satsunai,left,12.6,fluvial_scour,historical,70,0
Satsunai,left,12.6,fluvial_scour,historical,70.2,0
Satsunai,left,12.6,fluvial_scour,historical,70.4,0
Satsunai,left,12.6,fluvial_scour,historical,70.6,0
Satsunai,left,12.6,fluvial_scour,historical,70.8,0
Satsunai,left,12.6,fluvial_scour,historical,71,0
Satsunai,left,12.6,fluvial_scour,historical,71.2,0
Satsunai,left,12.6,fluvial_scour,historical,71.4,0
Satsunai,left,12.6,fluvial_scour,historical,71.6,0
Satsunai,left,12.6,fluvial_scour,historical,71.8,0
Satsunai,left,12.6,fluvial_scour,historical,72,0
Satsunai,left,12.6,fluvial_scour,historical,72.2,0
Satsunai,left,12.6,fluvial_scour,historical,72.4,0
Satsunai,left,12.6,fluvial_scour,historical,72.6,0
Satsunai,left,12.6,fluvial_scour,historical,72.8,0
Satsunai,left,12.6,fluvial_scour,historical,73,0
Satsunai,left,12.6,fluvial_scour,historical,73.2,0
Satsunai,left,12.6,fluvial_scour,historical,73.4,0
Satsunai,left,12.6,fluvial_scour,historical,73.6,0
Satsunai,left,12.6,fluvial_scour,historical,73.8,0
Satsunai,left,12.6,fluvial_scour,historical,74,0
Satsunai,left,12.6,fluvial_scour,historical,74.2,0
Satsunai,left,12.6,fluvial_scour,historical,74.4,0
Satsunai,left,12.6,fluvial_scour,historical,74.6,0
Satsunai,left,12.6,fluvial_scour,historical,74.8,0
Satsunai,left,12.6,fluvial_scour,plus4K,67.4,0
Satsunai,left,12.6,fluvial_scour,plus4K,67.6,0
Satsunai,left,12.6,fluvial_scour,plus4K,67.8,0
Satsunai,left,12.6,fluvial_scour,plus4K,68,0
Satsunai,left,12.6,fluvial_scour,plus4K,68.2,0
Satsunai,left,12.6,fluvial_scour,plus4K,68.4,0
Satsunai,left,12.6,fluvial_scour,plus4K,68.6,0
Satsunai,left,12.6,fluvial_scour,plus4K,68.8,0
Satsunai,left,12.6,fluvial_scour,plus4K,69,0
Satsunai,left,12.6,fluvial_scour,plus4K,69.2,0
Satsunai,left,12.6,fluvial_scour,plus4K,69.4,0
Satsunai,left,12.6,fluvial_scour,plus4K,69.6,0
Satsunai,left,12.6,fluvial_scour,plus4K,69.8,0
Satsunai,left,12.6,fluvial_scour,plus4K,70,0
Satsunai,left,12.6,fluvial_scour,plus4K,70.2,0
Satsunai,left,12.6,fluvial_scour,plus4K,70.4,0
Satsunai,left,12.6,fluvial_scour,plus4K,70.6,0
Satsunai,left,12.6,fluvial_scour,plus4K,70.8,0
Satsunai,left,12.6,fluvial_scour,plus4K,71,0
Satsunai,left,12.6,fluvial_scour,plus4K,71.2,0
Satsunai,left,12.6,fluvial_scour,plus4K,71.4,0
Satsunai,left,12.6,fluvial_scour,plus4K,71.6,0
Satsunai,left,12.6,fluvial_scour,plus4K,71.8,0
Satsunai,left,12.6,fluvial_scour,plus4K,72,0
Satsunai,left,12.6,fluvial_scour,plus4K,72.2,0
Satsunai,left,12.6,fluvial_scour,plus4K,72.4,0
Satsunai,left,12.6,fluvial_scour,plus4K,72.6,0
Satsunai,left,12.6,fluvial_scour,plus4K,72.8,0
Satsunai,left,12.6,fluvial_scour,plus4K,73,0
Satsunai,left,12.6,fluvial_scour,plus4K,73.2,0
Satsunai,left,12.6,fluvial_scour,plus4K,73.4,0
Satsunai,left,12.6,fluvial_scour,plus4K,73.6,0
Satsunai,left,12.6,fluvial_scour,plus4K,73.8,0
Satsunai,left,12.6,fluvial_scour,plus4K,74,0
Satsunai,left,12.6,fluvial_scour,plus4K,74.2,0
Satsunai,left,12.6,fluvial_scour,plus4K,74.4,0
Satsunai,left,12.6,fluvial_scour,plus4K,74.6,0
Satsunai,left,12.6,fluvial_scour,plus4K,74.8,0
Satsunai,left,12.8,fluvial_scour,historical,69,0
Satsunai,left,12.8,fluvial_scour,historical,69.2,0
Satsunai,left,12.8,fluvial_scour,historical,69.4,0
Satsunai,left,12.8,fluvial_scour,historical,69.6,0
Satsunai,left,12.8,fluvial_scour,historical,69.8,0
Satsunai,left,12.8,fluvial_scour,historical,70,0
Satsunai,left,12.8,fluvial_scour,historical,70.2,0
Satsunai,left,12.8,fluvial_scour,historical,70.4,0
Satsunai,left,12.8,fluvial_scour,historical,70.6,0
Satsunai,left,12.8,fluvial_scour,historical,70.8,0
Satsunai,left,12.8,fluvial_scour,historical,71,0
Satsunai,left,12.8,fluvial_scour,historical,71.2,0
Satsunai,left,12.8,fluvial_scour,historical,71.4,0
Satsunai,left,12.8,fluvial_scour,historical,71.6,0
Satsunai,left,12.8,fluvial_scour,historical,71.8,0
Satsunai,left,12.8,fluvial_scour,historical,72,0
Satsunai,left,12.8,fluvial_scour,historical,72.2,0
Satsunai,left,12.8,fluvial_scour,historical,72.4,0
Satsunai,left,12.8,fluvial_scour,historical,72.6,0
Satsunai,left,12.8,fluvial_scour,historical,72.8,0
Satsunai,left,12.8,fluvial_scour,historical,73,0
Satsunai,left,12.8,fluvial_scour,historical,73.2,0
Satsunai,left,12.8,fluvial_scour,historical,73.4,0
Satsunai,left,12.8,fluvial_scour,historical,73.6,0
Satsunai,left,12.8,fluvial_scour,historical,73.8,0
Satsunai,left,12.8,fluvial_scour,historical,74,0
Satsunai,left,12.8,fluvial_scour,historical,74.2,0
Satsunai,left,12.8,fluvial_scour,historical,74.4,0
Satsunai,left,12.8,fluvial_scour,historical,74.6,0
Satsunai,left,12.8,fluvial_scour,historical,74.8,0
Satsunai,left,12.8,fluvial_scour,historical,75,0
Satsunai,left,12.8,fluvial_scour,historical,75.2,0
Satsunai,left,12.8,fluvial_scour,historical,75.4,0
Satsunai,left,12.8,fluvial_scour,plus4K,69,0
Satsunai,left,12.8,fluvial_scour,plus4K,69.2,0
Satsunai,left,12.8,fluvial_scour,plus4K,69.4,0
Satsunai,left,12.8,fluvial_scour,plus4K,69.6,0
Satsunai,left,12.8,fluvial_scour,plus4K,69.8,0
Satsunai,left,12.8,fluvial_scour,plus4K,70,0
Satsunai,left,12.8,fluvial_scour,plus4K,70.2,0
Satsunai,left,12.8,fluvial_scour,plus4K,70.4,0
Satsunai,left,12.8,fluvial_scour,plus4K,70.6,0
Satsunai,left,12.8,fluvial_scour,plus4K,70.8,0
Satsunai,left,12.8,fluvial_scour,plus4K,71,0
Satsunai,left,12.8,fluvial_scour,plus4K,71.2,0
Satsunai,left,12.8,fluvial_scour,plus4K,71.4,0
Satsunai,left,12.8,fluvial_scour,plus4K,71.6,0
Satsunai,left,12.8,fluvial_scour,plus4K,71.8,0
Satsunai,left,12.8,fluvial_scour,plus4K,72,0
Satsunai,left,12.8,fluvial_scour,plus4K,72.2,0
Satsunai,left,12.8,fluvial_scour,plus4K,72.4,0
Satsunai,left,12.8,fluvial_scour,plus4K,72.6,0
Satsunai,left,12.8,fluvial_scour,plus4K,72.8,0
Satsunai,left,12.8,fluvial_scour,plus4K,73,0
Satsunai,left,12.8,fluvial_scour,plus4K,73.2,0
Satsunai,left,12.8,fluvial_scour,plus4K,73.4,0
Satsunai,left,12.8,fluvial_scour,plus4K,73.6,0
Satsunai,left,12.8,fluvial_scour,plus4K,73.8,0
Satsunai,left,12.8,fluvial_scour,plus4K,74,0
Satsunai,left,12.8,fluvial_scour,plus4K,74.2,0
Satsunai,left,12.8,fluvial_scour,plus4K,74.4,0
Satsunai,left,12.8,fluvial_scour,plus4K,74.6,0
Satsunai,left,12.8,fluvial_scour,plus4K,74.8,0
Satsunai,left,12.8,fluvial_scour,plus4K,75,0
Satsunai,left,12.8,fluvial_scour,plus4K,75.2,0
Satsunai,left,12.8,fluvial_scour,plus4K,75.4,0
Satsunai,left,13,fluvial_scour,historical,69.6,0
Satsunai,left,13,fluvial_scour,historical,69.8,0
Satsunai,left,13,fluvial_scour,historical,70,0
Satsunai,left,13,fluvial_scour,historical,70.2,0
Satsunai,left,13,fluvial_scour,historical,70.4,0
Satsunai,left,13,fluvial_scour,historical,70.6,0
Satsunai,left,13,fluvial_scour,historical,70.8,0
Satsunai,left,13,fluvial_scour,historical,71,0
Satsunai,left,13,fluvial_scour,historical,71.2,0
Satsunai,left,13,fluvial_scour,historical,71.4,0
Satsunai,left,13,fluvial_scour,historical,71.6,0
Satsunai,left,13,fluvial_scour,historical,71.8,0
Satsunai,left,13,fluvial_scour,historical,72,0
Satsunai,left,13,fluvial_scour,historical,72.2,0
Satsunai,left,13,fluvial_scour,historical,72.4,0
Satsunai,left,13,fluvial_scour,historical,72.6,0
Satsunai,left,13,fluvial_scour,historical,72.8,0
Satsunai,left,13,fluvial_scour,historical,73,0
Satsunai,left,13,fluvial_scour,historical,73.2,0
Satsunai,left,13,fluvial_scour,historical,73.4,0
Satsunai,left,13,fluvial_scour,historical,73.6,0
Satsunai,left,13,fluvial_scour,historical,73.8,0
Satsunai,left,13,fluvial_scour,historical,74,0
Satsunai,left,13,fluvial_scour,historical,74.2,0
Satsunai,left,13,fluvial_scour,historical,74.4,0
Satsunai,left,13,fluvial_scour,historical,74.6,0
Satsunai,left,13,fluvial_scour,historical,74.8,0
Satsunai,left,13,fluvial_scour,historical,75,0
Satsunai,left,13,fluvial_scour,historical,75.2,0
Satsunai,left,13,fluvial_scour,historical,75.4,0
Satsunai,left,13,fluvial_scour,historical,75.6,0
Satsunai,left,13,fluvial_scour,historical,75.8,0
Satsunai,left,13,fluvial_scour,historical,76,0
Satsunai,left,13,fluvial_scour,plus4K,69.6,0
Satsunai,left,13,fluvial_scour,plus4K,69.8,0
Satsunai,left,13,fluvial_scour,plus4K,70,0
Satsunai,left,13,fluvial_scour,plus4K,70.2,0
Satsunai,left,13,fluvial_scour,plus4K,70.4,0
Satsunai,left,13,fluvial_scour,plus4K,70.6,0
Satsunai,left,13,fluvial_scour,plus4K,70.8,0
Satsunai,left,13,fluvial_scour,plus4K,71,0
Satsunai,left,13,fluvial_scour,plus4K,71.2,0
Satsunai,left,13,fluvial_scour,plus4K,71.4,0
Satsunai,left,13,fluvial_scour,plus4K,71.6,0
Satsunai,left,13,fluvial_scour,plus4K,71.8,0
Satsunai,left,13,fluvial_scour,plus4K,72,0
Satsunai,left,13,fluvial_scour,plus4K,72.2,0
Satsunai,left,13,fluvial_scour,plus4K,72.4,0
Satsunai,left,13,fluvial_scour,plus4K,72.6,0
Satsunai,left,13,fluvial_scour,plus4K,72.8,0
Satsunai,left,13,fluvial_scour,plus4K,73,0
Satsunai,left,13,fluvial_scour,plus4K,73.2,0
Satsunai,left,13,fluvial_scour,plus4K,73.4,0
Satsunai,left,13,fluvial_scour,plus4K,73.6,0
Satsunai,left,13,fluvial_scour,plus4K,73.8,0
Satsunai,left,13,fluvial_scour,plus4K,74,0
Satsunai,left,13,fluvial_scour,plus4K,74.2,0
Satsunai,left,13,fluvial_scour,plus4K,74.4,0
Satsunai,left,13,fluvial_scour,plus4K,74.6,0
Satsunai,left,13,fluvial_scour,plus4K,74.8,0
Satsunai,left,13,fluvial_scour,plus4K,75,0
Satsunai,left,13,fluvial_scour,plus4K,75.2,0
Satsunai,left,13,fluvial_scour,plus4K,75.4,0
Satsunai,left,13,fluvial_scour,plus4K,75.6,0
Satsunai,left,13,fluvial_scour,plus4K,75.8,0
Satsunai,left,13,fluvial_scour,plus4K,76,0
Satsunai,left,13.2,fluvial_scour,historical,70,0
Satsunai,left,13.2,fluvial_scour,historical,70.2,0
Satsunai,left,13.2,fluvial_scour,historical,70.4,0
Satsunai,left,13.2,fluvial_scour,historical,70.6,0
Satsunai,left,13.2,fluvial_scour,historical,70.8,0
Satsunai,left,13.2,fluvial_scour,historical,71,0
Satsunai,left,13.2,fluvial_scour,historical,71.2,0
Satsunai,left,13.2,fluvial_scour,historical,71.4,0
Satsunai,left,13.2,fluvial_scour,historical,71.6,0
Satsunai,left,13.2,fluvial_scour,historical,71.8,0
Satsunai,left,13.2,fluvial_scour,historical,72,0
Satsunai,left,13.2,fluvial_scour,historical,72.2,0
Satsunai,left,13.2,fluvial_scour,historical,72.4,0
Satsunai,left,13.2,fluvial_scour,historical,72.6,0
Satsunai,left,13.2,fluvial_scour,historical,72.8,0
Satsunai,left,13.2,fluvial_scour,historical,73,0
Satsunai,left,13.2,fluvial_scour,historical,73.2,0
Satsunai,left,13.2,fluvial_scour,historical,73.4,0
Satsunai,left,13.2,fluvial_scour,historical,73.6,0
Satsunai,left,13.2,fluvial_scour,historical,73.8,0
Satsunai,left,13.2,fluvial_scour,historical,74,0
Satsunai,left,13.2,fluvial_scour,historical,74.2,0
Satsunai,left,13.2,fluvial_scour,historical,74.4,0
Satsunai,left,13.2,fluvial_scour,historical,74.6,0
Satsunai,left,13.2,fluvial_scour,historical,74.8,0
Satsunai,left,13.2,fluvial_scour,historical,75,0
Satsunai,left,13.2,fluvial_scour,historical,75.2,0
Satsunai,left,13.2,fluvial_scour,historical,75.4,0
Satsunai,left,13.2,fluvial_scour,historical,75.6,0
Satsunai,left,13.2,fluvial_scour,historical,75.8,0
Satsunai,left,13.2,fluvial_scour,historical,76,0
Satsunai,left,13.2,fluvial_scour,historical,76.2,0
Satsunai,left,13.2,fluvial_scour,historical,76.4,0
Satsunai,left,13.2,fluvial_scour,historical,76.6,0
Satsunai,left,13.2,fluvial_scour,plus4K,70,0
Satsunai,left,13.2,fluvial_scour,plus4K,70.2,0
Satsunai,left,13.2,fluvial_scour,plus4K,70.4,0
Satsunai,left,13.2,fluvial_scour,plus4K,70.6,0
Satsunai,left,13.2,fluvial_scour,plus4K,70.8,0
Satsunai,left,13.2,fluvial_scour,plus4K,71,0
Satsunai,left,13.2,fluvial_scour,plus4K,71.2,0
Satsunai,left,13.2,fluvial_scour,plus4K,71.4,0
Satsunai,left,13.2,fluvial_scour,plus4K,71.6,0
Satsunai,left,13.2,fluvial_scour,plus4K,71.8,0
Satsunai,left,13.2,fluvial_scour,plus4K,72,0
Satsunai,left,13.2,fluvial_scour,plus4K,72.2,0
Satsunai,left,13.2,fluvial_scour,plus4K,72.4,0
Satsunai,left,13.2,fluvial_scour,plus4K,72.6,0
Satsunai,left,13.2,fluvial_scour,plus4K,72.8,0
Satsunai,left,13.2,fluvial_scour,plus4K,73,0
Satsunai,left,13.2,fluvial_scour,plus4K,73.2,0
Satsunai,left,13.2,fluvial_scour,plus4K,73.4,0
Satsunai,left,13.2,fluvial_scour,plus4K,73.6,0
Satsunai,left,13.2,fluvial_scour,plus4K,73.8,0
Satsunai,left,13.2,fluvial_scour,plus4K,74,0
Satsunai,left,13.2,fluvial_scour,plus4K,74.2,0
Satsunai,left,13.2,fluvial_scour,plus4K,74.4,0
Satsunai,left,13.2,fluvial_scour,plus4K,74.6,0
Satsunai,left,13.2,fluvial_scour,plus4K,74.8,0
Satsunai,left,13.2,fluvial_scour,plus4K,75,0
Satsunai,left,13.2,fluvial_scour,plus4K,75.2,0
Satsunai,left,13.2,fluvial_scour,plus4K,75.4,0
Satsunai,left,13.2,fluvial_scour,plus4K,75.6,0
Satsunai,left,13.2,fluvial_scour,plus4K,75.8,0
Satsunai,left,13.2,fluvial_scour,plus4K,76,0
Satsunai,left,13.2,fluvial_scour,plus4K,76.2,0
Satsunai,left,13.2,fluvial_scour,plus4K,76.4,0
Satsunai,left,13.2,fluvial_scour,plus4K,76.6,0
Satsunai,left,13.4,fluvial_scour,historical,71,0
Satsunai,left,13.4,fluvial_scour,historical,71.2,0
Satsunai,left,13.4,fluvial_scour,historical,71.4,0
Satsunai,left,13.4,fluvial_scour,historical,71.6,0
Satsunai,left,13.4,fluvial_scour,historical,71.8,0
Satsunai,left,13.4,fluvial_scour,historical,72,0
Satsunai,left,13.4,fluvial_scour,historical,72.2,0
Satsunai,left,13.4,fluvial_scour,historical,72.4,0
Satsunai,left,13.4,fluvial_scour,historical,72.6,0
Satsunai,left,13.4,fluvial_scour,historical,72.8,0
Satsunai,left,13.4,fluvial_scour,historical,73,0
Satsunai,left,13.4,fluvial_scour,historical,73.2,0
Satsunai,left,13.4,fluvial_scour,historical,73.4,0
Satsunai,left,13.4,fluvial_scour,historical,73.6,0
Satsunai,left,13.4,fluvial_scour,historical,73.8,0
Satsunai,left,13.4,fluvial_scour,historical,74,0
Satsunai,left,13.4,fluvial_scour,historical,74.2,0
Satsunai,left,13.4,fluvial_scour,historical,74.4,0
Satsunai,left,13.4,fluvial_scour,historical,74.6,0
Satsunai,left,13.4,fluvial_scour,historical,74.8,0
Satsunai,left,13.4,fluvial_scour,historical,75,0
Satsunai,left,13.4,fluvial_scour,historical,75.2,0
Satsunai,left,13.4,fluvial_scour,historical,75.4,0
Satsunai,left,13.4,fluvial_scour,historical,75.6,0
Satsunai,left,13.4,fluvial_scour,historical,75.8,0
Satsunai,left,13.4,fluvial_scour,historical,76,0
Satsunai,left,13.4,fluvial_scour,historical,76.2,0
Satsunai,left,13.4,fluvial_scour,historical,76.4,0
Satsunai,left,13.4,fluvial_scour,historical,76.6,0
Satsunai,left,13.4,fluvial_scour,historical,76.8,0
Satsunai,left,13.4,fluvial_scour,historical,77,0
Satsunai,left,13.4,fluvial_scour,historical,77.2,0
Satsunai,left,13.4,fluvial_scour,historical,77.4,0
Satsunai,left,13.4,fluvial_scour,plus4K,71,0
Satsunai,left,13.4,fluvial_scour,plus4K,71.2,0
Satsunai,left,13.4,fluvial_scour,plus4K,71.4,0
Satsunai,left,13.4,fluvial_scour,plus4K,71.6,0
Satsunai,left,13.4,fluvial_scour,plus4K,71.8,0
Satsunai,left,13.4,fluvial_scour,plus4K,72,0
Satsunai,left,13.4,fluvial_scour,plus4K,72.2,0
Satsunai,left,13.4,fluvial_scour,plus4K,72.4,0
Satsunai,left,13.4,fluvial_scour,plus4K,72.6,0
Satsunai,left,13.4,fluvial_scour,plus4K,72.8,0
Satsunai,left,13.4,fluvial_scour,plus4K,73,0
Satsunai,left,13.4,fluvial_scour,plus4K,73.2,0
Satsunai,left,13.4,fluvial_scour,plus4K,73.4,0
Satsunai,left,13.4,fluvial_scour,plus4K,73.6,0
Satsunai,left,13.4,fluvial_scour,plus4K,73.8,0
Satsunai,left,13.4,fluvial_scour,plus4K,74,0
Satsunai,left,13.4,fluvial_scour,plus4K,74.2,0
Satsunai,left,13.4,fluvial_scour,plus4K,74.4,0
Satsunai,left,13.4,fluvial_scour,plus4K,74.6,0
Satsunai,left,13.4,fluvial_scour,plus4K,74.8,0
Satsunai,left,13.4,fluvial_scour,plus4K,75,0
Satsunai,left,13.4,fluvial_scour,plus4K,75.2,0
Satsunai,left,13.4,fluvial_scour,plus4K,75.4,0
Satsunai,left,13.4,fluvial_scour,plus4K,75.6,0
Satsunai,left,13.4,fluvial_scour,plus4K,75.8,0
Satsunai,left,13.4,fluvial_scour,plus4K,76,0
Satsunai,left,13.4,fluvial_scour,plus4K,76.2,0
Satsunai,left,13.4,fluvial_scour,plus4K,76.4,0
Satsunai,left,13.4,fluvial_scour,plus4K,76.6,0
Satsunai,left,13.4,fluvial_scour,plus4K,76.8,0
Satsunai,left,13.4,fluvial_scour,plus4K,77,0
Satsunai,left,13.4,fluvial_scour,plus4K,77.2,0
Satsunai,left,13.4,fluvial_scour,plus4K,77.4,0
Satsunai,left,13.6,fluvial_scour,historical,71,0
Satsunai,left,13.6,fluvial_scour,historical,71.2,0
Satsunai,left,13.6,fluvial_scour,historical,71.4,0
Satsunai,left,13.6,fluvial_scour,historical,71.6,0
Satsunai,left,13.6,fluvial_scour,historical,71.8,0
Satsunai,left,13.6,fluvial_scour,historical,72,0
Satsunai,left,13.6,fluvial_scour,historical,72.2,0
Satsunai,left,13.6,fluvial_scour,historical,72.4,0
Satsunai,left,13.6,fluvial_scour,historical,72.6,0
Satsunai,left,13.6,fluvial_scour,historical,72.8,0
Satsunai,left,13.6,fluvial_scour,historical,73,0
Satsunai,left,13.6,fluvial_scour,historical,73.2,0
Satsunai,left,13.6,fluvial_scour,historical,73.4,0
Satsunai,left,13.6,fluvial_scour,historical,73.6,0
Satsunai,left,13.6,fluvial_scour,historical,73.8,0
Satsunai,left,13.6,fluvial_scour,historical,74,0
Satsunai,left,13.6,fluvial_scour,historical,74.2,0
Satsunai,left,13.6,fluvial_scour,historical,74.4,0
Satsunai,left,13.6,fluvial_scour,historical,74.6,0
Satsunai,left,13.6,fluvial_scour,historical,74.8,0
Satsunai,left,13.6,fluvial_scour,historical,75,0
Satsunai,left,13.6,fluvial_scour,historical,75.2,0
Satsunai,left,13.6,fluvial_scour,historical,75.4,0
Satsunai,left,13.6,fluvial_scour,historical,75.6,0
Satsunai,left,13.6,fluvial_scour,historical,75.8,0
Satsunai,left,13.6,fluvial_scour,historical,76,0
Satsunai,left,13.6,fluvial_scour,historical,76.2,0
Satsunai,left,13.6,fluvial_scour,historical,76.4,0
Satsunai,left,13.6,fluvial_scour,historical,76.6,0
Satsunai,left,13.6,fluvial_scour,historical,76.8,0
Satsunai,left,13.6,fluvial_scour,historical,77,0
Satsunai,left,13.6,fluvial_scour,historical,77.2,0
Satsunai,left,13.6,fluvial_scour,historical,77.4,0
Satsunai,left,13.6,fluvial_scour,historical,77.6,0
Satsunai,left,13.6,fluvial_scour,historical,77.8,0
Satsunai,left,13.6,fluvial_scour,plus4K,71,0
Satsunai,left,13.6,fluvial_scour,plus4K,71.2,0
Satsunai,left,13.6,fluvial_scour,plus4K,71.4,0
Satsunai,left,13.6,fluvial_scour,plus4K,71.6,0
Satsunai,left,13.6,fluvial_scour,plus4K,71.8,0
Satsunai,left,13.6,fluvial_scour,plus4K,72,0
Satsunai,left,13.6,fluvial_scour,plus4K,72.2,0
Satsunai,left,13.6,fluvial_scour,plus4K,72.4,0
Satsunai,left,13.6,fluvial_scour,plus4K,72.6,0
Satsunai,left,13.6,fluvial_scour,plus4K,72.8,0
Satsunai,left,13.6,fluvial_scour,plus4K,73,0
Satsunai,left,13.6,fluvial_scour,plus4K,73.2,0
Satsunai,left,13.6,fluvial_scour,plus4K,73.4,0
Satsunai,left,13.6,fluvial_scour,plus4K,73.6,0
Satsunai,left,13.6,fluvial_scour,plus4K,73.8,0
Satsunai,left,13.6,fluvial_scour,plus4K,74,0
Satsunai,left,13.6,fluvial_scour,plus4K,74.2,0
Satsunai,left,13.6,fluvial_scour,plus4K,74.4,0
Satsunai,left,13.6,fluvial_scour,plus4K,74.6,0
Satsunai,left,13.6,fluvial_scour,plus4K,74.8,0
Satsunai,left,13.6,fluvial_scour,plus4K,75,0
Satsunai,left,13.6,fluvial_scour,plus4K,75.2,0
Satsunai,left,13.6,fluvial_scour,plus4K,75.4,0
Satsunai,left,13.6,fluvial_scour,plus4K,75.6,0
Satsunai,left,13.6,fluvial_scour,plus4K,75.8,0
Satsunai,left,13.6,fluvial_scour,plus4K,76,0
Satsunai,left,13.6,fluvial_scour,plus4K,76.2,0
Satsunai,left,13.6,fluvial_scour,plus4K,76.4,0
Satsunai,left,13.6,fluvial_scour,plus4K,76.6,0
Satsunai,left,13.6,fluvial_scour,plus4K,76.8,0
Satsunai,left,13.6,fluvial_scour,plus4K,77,0
Satsunai,left,13.6,fluvial_scour,plus4K,77.2,0
Satsunai,left,13.6,fluvial_scour,plus4K,77.4,0
Satsunai,left,13.6,fluvial_scour,plus4K,77.6,0
Satsunai,left,13.6,fluvial_scour,plus4K,77.8,0
Satsunai,left,13.8,fluvial_scour,historical,71.6,0
Satsunai,left,13.8,fluvial_scour,historical,71.8,0
Satsunai,left,13.8,fluvial_scour,historical,72,0
Satsunai,left,13.8,fluvial_scour,historical,72.2,0
Satsunai,left,13.8,fluvial_scour,historical,72.4,0
Satsunai,left,13.8,fluvial_scour,historical,72.6,0
Satsunai,left,13.8,fluvial_scour,historical,72.8,0
Satsunai,left,13.8,fluvial_scour,historical,73,0
Satsunai,left,13.8,fluvial_scour,historical,73.2,0
Satsunai,left,13.8,fluvial_scour,historical,73.4,0
Satsunai,left,13.8,fluvial_scour,historical,73.6,0
Satsunai,left,13.8,fluvial_scour,historical,73.8,0
Satsunai,left,13.8,fluvial_scour,historical,74,0
Satsunai,left,13.8,fluvial_scour,historical,74.2,0
Satsunai,left,13.8,fluvial_scour,historical,74.4,0
Satsunai,left,13.8,fluvial_scour,historical,74.6,0
Satsunai,left,13.8,fluvial_scour,historical,74.8,0
Satsunai,left,13.8,fluvial_scour,historical,75,0
Satsunai,left,13.8,fluvial_scour,historical,75.2,0
Satsunai,left,13.8,fluvial_scour,historical,75.4,0
Satsunai,left,13.8,fluvial_scour,historical,75.6,0
Satsunai,left,13.8,fluvial_scour,historical,75.8,0
Satsunai,left,13.8,fluvial_scour,historical,76,0
Satsunai,left,13.8,fluvial_scour,historical,76.2,0
Satsunai,left,13.8,fluvial_scour,historical,76.4,0
Satsunai,left,13.8,fluvial_scour,historical,76.6,0
Satsunai,left,13.8,fluvial_scour,historical,76.8,0
Satsunai,left,13.8,fluvial_scour,historical,77,0
Satsunai,left,13.8,fluvial_scour,historical,77.2,0
Satsunai,left,13.8,fluvial_scour,historical,77.4,0
Satsunai,left,13.8,fluvial_scour,historical,77.6,0
Satsunai,left,13.8,fluvial_scour,historical,77.8,0
Satsunai,left,13.8,fluvial_scour,historical,78,0
Satsunai,left,13.8,fluvial_scour,historical,78.2,0
Satsunai,left,13.8,fluvial_scour,historical,78.4,0
Satsunai,left,13.8,fluvial_scour,historical,78.6,0
Satsunai,left,13.8,fluvial_scour,plus4K,71.6,0
Satsunai,left,13.8,fluvial_scour,plus4K,71.8,0
Satsunai,left,13.8,fluvial_scour,plus4K,72,0
Satsunai,left,13.8,fluvial_scour,plus4K,72.2,0
Satsunai,left,13.8,fluvial_scour,plus4K,72.4,0
Satsunai,left,13.8,fluvial_scour,plus4K,72.6,0
Satsunai,left,13.8,fluvial_scour,plus4K,72.8,0
Satsunai,left,13.8,fluvial_scour,plus4K,73,0
Satsunai,left,13.8,fluvial_scour,plus4K,73.2,0
Satsunai,left,13.8,fluvial_scour,plus4K,73.4,0
Satsunai,left,13.8,fluvial_scour,plus4K,73.6,0
Satsunai,left,13.8,fluvial_scour,plus4K,73.8,0
Satsunai,left,13.8,fluvial_scour,plus4K,74,0
Satsunai,left,13.8,fluvial_scour,plus4K,74.2,0
Satsunai,left,13.8,fluvial_scour,plus4K,74.4,0
Satsunai,left,13.8,fluvial_scour,plus4K,74.6,0
Satsunai,left,13.8,fluvial_scour,plus4K,74.8,0
Satsunai,left,13.8,fluvial_scour,plus4K,75,0
Satsunai,left,13.8,fluvial_scour,plus4K,75.2,0
Satsunai,left,13.8,fluvial_scour,plus4K,75.4,0
Satsunai,left,13.8,fluvial_scour,plus4K,75.6,0
Satsunai,left,13.8,fluvial_scour,plus4K,75.8,0
Satsunai,left,13.8,fluvial_scour,plus4K,76,0
Satsunai,left,13.8,fluvial_scour,plus4K,76.2,0
Satsunai,left,13.8,fluvial_scour,plus4K,76.4,0
Satsunai,left,13.8,fluvial_scour,plus4K,76.6,0
Satsunai,left,13.8,fluvial_scour,plus4K,76.8,0
Satsunai,left,13.8,fluvial_scour,plus4K,77,0
Satsunai,left,13.8,fluvial_scour,plus4K,77.2,0
Satsunai,left,13.8,fluvial_scour,plus4K,77.4,0
Satsunai,left,13.8,fluvial_scour,plus4K,77.6,0
Satsunai,left,13.8,fluvial_scour,plus4K,77.8,0
Satsunai,left,13.8,fluvial_scour,plus4K,78,0
Satsunai,left,13.8,fluvial_scour,plus4K,78.2,0
Satsunai,left,13.8,fluvial_scour,plus4K,78.4,0
Satsunai,left,13.8,fluvial_scour,plus4K,78.6,0
Satsunai,left,14,fluvial_scour,historical,72.2,0
Satsunai,left,14,fluvial_scour,historical,72.4,0
Satsunai,left,14,fluvial_scour,historical,72.6,0
Satsunai,left,14,fluvial_scour,historical,72.8,0
Satsunai,left,14,fluvial_scour,historical,73,0
Satsunai,left,14,fluvial_scour,historical,73.2,0
Satsunai,left,14,fluvial_scour,historical,73.4,0
Satsunai,left,14,fluvial_scour,historical,73.6,0
Satsunai,left,14,fluvial_scour,historical,73.8,0
Satsunai,left,14,fluvial_scour,historical,74,0
Satsunai,left,14,fluvial_scour,historical,74.2,0
Satsunai,left,14,fluvial_scour,historical,74.4,0
Satsunai,left,14,fluvial_scour,historical,74.6,0
Satsunai,left,14,fluvial_scour,historical,74.8,0
Satsunai,left,14,fluvial_scour,historical,75,0
Satsunai,left,14,fluvial_scour,historical,75.2,0
Satsunai,left,14,fluvial_scour,historical,75.4,0
Satsunai,left,14,fluvial_scour,historical,75.6,0
Satsunai,left,14,fluvial_scour,historical,75.8,0
Satsunai,left,14,fluvial_scour,historical,76,0
Satsunai,left,14,fluvial_scour,historical,76.2,0
Satsunai,left,14,fluvial_scour,historical,76.4,0
Satsunai,left,14,fluvial_scour,historical,76.6,0
Satsunai,left,14,fluvial_scour,historical,76.8,0
Satsunai,left,14,fluvial_scour,historical,77,0
Satsunai,left,14,fluvial_scour,historical,77.2,0
Satsunai,left,14,fluvial_scour,historical,77.4,0
Satsunai,left,14,fluvial_scour,historical,77.6,0
Satsunai,left,14,fluvial_scour,historical,77.8,0
Satsunai,left,14,fluvial_scour,historical,78,0
Satsunai,left,14,fluvial_scour,historical,78.2,0
Satsunai,left,14,fluvial_scour,historical,78.4,0
Satsunai,left,14,fluvial_scour,historical,78.6,0
Satsunai,left,14,fluvial_scour,historical,78.8,0
Satsunai,left,14,fluvial_scour,historical,79,0
Satsunai,left,14,fluvial_scour,historical,79.2,0
Satsunai,left,14,fluvial_scour,plus4K,72.2,0
Satsunai,left,14,fluvial_scour,plus4K,72.4,0
Satsunai,left,14,fluvial_scour,plus4K,72.6,0
Satsunai,left,14,fluvial_scour,plus4K,72.8,0
Satsunai,left,14,fluvial_scour,plus4K,73,0
Satsunai,left,14,fluvial_scour,plus4K,73.2,0
Satsunai,left,14,fluvial_scour,plus4K,73.4,0
Satsunai,left,14,fluvial_scour,plus4K,73.6,0
Satsunai,left,14,fluvial_scour,plus4K,73.8,0
Satsunai,left,14,fluvial_scour,plus4K,74,0
Satsunai,left,14,fluvial_scour,plus4K,74.2,0
Satsunai,left,14,fluvial_scour,plus4K,74.4,0
Satsunai,left,14,fluvial_scour,plus4K,74.6,0
Satsunai,left,14,fluvial_scour,plus4K,74.8,0
Satsunai,left,14,fluvial_scour,plus4K,75,0
Satsunai,left,14,fluvial_scour,plus4K,75.2,0
Satsunai,left,14,fluvial_scour,plus4K,75.4,0
Satsunai,left,14,fluvial_scour,plus4K,75.6,0
Satsunai,left,14,fluvial_scour,plus4K,75.8,0
Satsunai,left,14,fluvial_scour,plus4K,76,0
Satsunai,left,14,fluvial_scour,plus4K,76.2,0
Satsunai,left,14,fluvial_scour,plus4K,76.4,0
Satsunai,left,14,fluvial_scour,plus4K,76.6,0
Satsunai,left,14,fluvial_scour,plus4K,76.8,0
Satsunai,left,14,fluvial_scour,plus4K,77,0
Satsunai,left,14,fluvial_scour,plus4K,77.2,0
Satsunai,left,14,fluvial_scour,plus4K,77.4,0
Satsunai,left,14,fluvial_scour,plus4K,77.6,0
Satsunai,left,14,fluvial_scour,plus4K,77.8,0
Satsunai,left,14,fluvial_scour,plus4K,78,0
Satsunai,left,14,fluvial_scour,plus4K,78.2,0
Satsunai,left,14,fluvial_scour,plus4K,78.4,0
Satsunai,left,14,fluvial_scour,plus4K,78.6,0
Satsunai,left,14,fluvial_scour,plus4K,78.8,0
Satsunai,left,14,fluvial_scour,plus4K,79,0
Satsunai,left,14,fluvial_scour,plus4K,79.2,0
Satsunai,left,14.2,fluvial_scour,historical,73.4,0
Satsunai,left,14.2,fluvial_scour,historical,73.6,0
Satsunai,left,14.2,fluvial_scour,historical,73.8,0
Satsunai,left,14.2,fluvial_scour,historical,74,0
Satsunai,left,14.2,fluvial_scour,historical,74.2,0
Satsunai,left,14.2,fluvial_scour,historical,74.4,0
Satsunai,left,14.2,fluvial_scour,historical,74.6,0
Satsunai,left,14.2,fluvial_scour,historical,74.8,0
Satsunai,left,14.2,fluvial_scour,historical,75,0
Satsunai,left,14.2,fluvial_scour,historical,75.2,0
Satsunai,left,14.2,fluvial_scour,historical,75.4,0
Satsunai,left,14.2,fluvial_scour,historical,75.6,0
Satsunai,left,14.2,fluvial_scour,historical,75.8,0
Satsunai,left,14.2,fluvial_scour,historical,76,0
Satsunai,left,14.2,fluvial_scour,historical,76.2,0
Satsunai,left,14.2,fluvial_scour,historical,76.4,0
Satsunai,left,14.2,fluvial_scour,historical,76.6,0
Satsunai,left,14.2,fluvial_scour,historical,76.8,0
Satsunai,left,14.2,fluvial_scour,historical,77,0
Satsunai,left,14.2,fluvial_scour,historical,77.2,0
Satsunai,left,14.2,fluvial_scour,historical,77.4,0
Satsunai,left,14.2,fluvial_scour,historical,77.6,0
Satsunai,left,14.2,fluvial_scour,historical,77.8,0
Satsunai,left,14.2,fluvial_scour,historical,78,0
Satsunai,left,14.2,fluvial_scour,historical,78.2,0
Satsunai,left,14.2,fluvial_scour,historical,78.4,0
Satsunai,left,14.2,fluvial_scour,historical,78.6,0
Satsunai,left,14.2,fluvial_scour,historical,78.8,0
Satsunai,left,14.2,fluvial_scour,historical,79,0
Satsunai,left,14.2,fluvial_scour,historical,79.2,0
Satsunai,left,14.2,fluvial_scour,historical,79.4,0
Satsunai,left,14.2,fluvial_scour,historical,79.6,0
Satsunai,left,14.2,fluvial_scour,historical,79.8,0
Satsunai,left,14.2,fluvial_scour,historical,80,0
Satsunai,left,14.2,fluvial_scour,historical,80.2,0
Satsunai,left,14.2,fluvial_scour,historical,80.4,0
Satsunai,left,14.2,fluvial_scour,plus4K,73.4,0
Satsunai,left,14.2,fluvial_scour,plus4K,73.6,0
Satsunai,left,14.2,fluvial_scour,plus4K,73.8,0
Satsunai,left,14.2,fluvial_scour,plus4K,74,0
Satsunai,left,14.2,fluvial_scour,plus4K,74.2,0
Satsunai,left,14.2,fluvial_scour,plus4K,74.4,0
Satsunai,left,14.2,fluvial_scour,plus4K,74.6,0
Satsunai,left,14.2,fluvial_scour,plus4K,74.8,0
Satsunai,left,14.2,fluvial_scour,plus4K,75,0
Satsunai,left,14.2,fluvial_scour,plus4K,75.2,0
Satsunai,left,14.2,fluvial_scour,plus4K,75.4,0
Satsunai,left,14.2,fluvial_scour,plus4K,75.6,0
Satsunai,left,14.2,fluvial_scour,plus4K,75.8,0
Satsunai,left,14.2,fluvial_scour,plus4K,76,0
Satsunai,left,14.2,fluvial_scour,plus4K,76.2,0
Satsunai,left,14.2,fluvial_scour,plus4K,76.4,0
Satsunai,left,14.2,fluvial_scour,plus4K,76.6,0
Satsunai,left,14.2,fluvial_scour,plus4K,76.8,0
Satsunai,left,14.2,fluvial_scour,plus4K,77,0
Satsunai,left,14.2,fluvial_scour,plus4K,77.2,0
Satsunai,left,14.2,fluvial_scour,plus4K,77.4,0
Satsunai,left,14.2,fluvial_scour,plus4K,77.6,0
Satsunai,left,14.2,fluvial_scour,plus4K,77.8,0
Satsunai,left,14.2,fluvial_scour,plus4K,78,0
Satsunai,left,14.2,fluvial_scour,plus4K,78.2,0
Satsunai,left,14.2,fluvial_scour,plus4K,78.4,0
Satsunai,left,14.2,fluvial_scour,plus4K,78.6,0
Satsunai,left,14.2,fluvial_scour,plus4K,78.8,0
Satsunai,left,14.2,fluvial_scour,plus4K,79,0
Satsunai,left,14.2,fluvial_scour,plus4K,79.2,0
Satsunai,left,14.2,fluvial_scour,plus4K,79.4,0
Satsunai,left,14.2,fluvial_scour,plus4K,79.6,0
Satsunai,left,14.2,fluvial_scour,plus4K,79.8,0
Satsunai,left,14.2,fluvial_scour,plus4K,80,0
Satsunai,left,14.2,fluvial_scour,plus4K,80.2,0
Satsunai,left,14.2,fluvial_scour,plus4K,80.4,0
Satsunai,left,14.4,fluvial_scour,historical,74.6,0
Satsunai,left,14.4,fluvial_scour,historical,74.8,0
Satsunai,left,14.4,fluvial_scour,historical,75,0
Satsunai,left,14.4,fluvial_scour,historical,75.2,0
Satsunai,left,14.4,fluvial_scour,historical,75.4,0
Satsunai,left,14.4,fluvial_scour,historical,75.6,0
Satsunai,left,14.4,fluvial_scour,historical,75.8,0
Satsunai,left,14.4,fluvial_scour,historical,76,0
Satsunai,left,14.4,fluvial_scour,historical,76.2,0
Satsunai,left,14.4,fluvial_scour,historical,76.4,0
Satsunai,left,14.4,fluvial_scour,historical,76.6,0
Satsunai,left,14.4,fluvial_scour,historical,76.8,0
Satsunai,left,14.4,fluvial_scour,historical,77,0
Satsunai,left,14.4,fluvial_scour,historical,77.2,0
Satsunai,left,14.4,fluvial_scour,historical,77.4,0
Satsunai,left,14.4,fluvial_scour,historical,77.6,0
Satsunai,left,14.4,fluvial_scour,historical,77.8,0
Satsunai,left,14.4,fluvial_scour,historical,78,0
Satsunai,left,14.4,fluvial_scour,historical,78.2,0
Satsunai,left,14.4,fluvial_scour,historical,78.4,0
Satsunai,left,14.4,fluvial_scour,historical,78.6,0
Satsunai,left,14.4,fluvial_scour,historical,78.8,0
Satsunai,left,14.4,fluvial_scour,historical,79,0
Satsunai,left,14.4,fluvial_scour,historical,79.2,0
Satsunai,left,14.4,fluvial_scour,historical,79.4,0
Satsunai,left,14.4,fluvial_scour,historical,79.6,0
Satsunai,left,14.4,fluvial_scour,historical,79.8,0
Satsunai,left,14.4,fluvial_scour,historical,80,0
Satsunai,left,14.4,fluvial_scour,historical,80.2,0
Satsunai,left,14.4,fluvial_scour,historical,80.4,0
Satsunai,left,14.4,fluvial_scour,historical,80.6,0
Satsunai,left,14.4,fluvial_scour,historical,80.8,0
Satsunai,left,14.4,fluvial_scour,historical,81,0
Satsunai,left,14.4,fluvial_scour,historical,81.2,0
Satsunai,left,14.4,fluvial_scour,historical,81.4,0
Satsunai,left,14.4,fluvial_scour,plus4K,74.6,0
Satsunai,left,14.4,fluvial_scour,plus4K,74.8,0
Satsunai,left,14.4,fluvial_scour,plus4K,75,0
Satsunai,left,14.4,fluvial_scour,plus4K,75.2,0
Satsunai,left,14.4,fluvial_scour,plus4K,75.4,0
Satsunai,left,14.4,fluvial_scour,plus4K,75.6,0
Satsunai,left,14.4,fluvial_scour,plus4K,75.8,0
Satsunai,left,14.4,fluvial_scour,plus4K,76,0
Satsunai,left,14.4,fluvial_scour,plus4K,76.2,0
Satsunai,left,14.4,fluvial_scour,plus4K,76.4,0
Satsunai,left,14.4,fluvial_scour,plus4K,76.6,0
Satsunai,left,14.4,fluvial_scour,plus4K,76.8,0
Satsunai,left,14.4,fluvial_scour,plus4K,77,0
Satsunai,left,14.4,fluvial_scour,plus4K,77.2,0
Satsunai,left,14.4,fluvial_scour,plus4K,77.4,0
Satsunai,left,14.4,fluvial_scour,plus4K,77.6,0
Satsunai,left,14.4,fluvial_scour,plus4K,77.8,0
Satsunai,left,14.4,fluvial_scour,plus4K,78,0
Satsunai,left,14.4,fluvial_scour,plus4K,78.2,0
Satsunai,left,14.4,fluvial_scour,plus4K,78.4,0
Satsunai,left,14.4,fluvial_scour,plus4K,78.6,0
Satsunai,left,14.4,fluvial_scour,plus4K,78.8,0
Satsunai,left,14.4,fluvial_scour,plus4K,79,0
Satsunai,left,14.4,fluvial_scour,plus4K,79.2,0
Satsunai,left,14.4,fluvial_scour,plus4K,79.4,0
Satsunai,left,14.4,fluvial_scour,plus4K,79.6,0
Satsunai,left,14.4,fluvial_scour,plus4K,79.8,0
Satsunai,left,14.4,fluvial_scour,plus4K,80,0
Satsunai,left,14.4,fluvial_scour,plus4K,80.2,0
Satsunai,left,14.4,fluvial_scour,plus4K,80.4,0
Satsunai,left,14.4,fluvial_scour,plus4K,80.6,0
Satsunai,left,14.4,fluvial_scour,plus4K,80.8,0
Satsunai,left,14.4,fluvial_scour,plus4K,81,0
Satsunai,left,14.4,fluvial_scour,plus4K,81.2,0
Satsunai,left,14.4,fluvial_scour,plus4K,81.4,0
Satsunai,left,14.6,fluvial_scour,historical,75.4,0
Satsunai,left,14.6,fluvial_scour,historical,75.6,0
Satsunai,left,14.6,fluvial_scour,historical,75.8,0
Satsunai,left,14.6,fluvial_scour,historical,76,0
Satsunai,left,14.6,fluvial_scour,historical,76.2,0
Satsunai,left,14.6,fluvial_scour,historical,76.4,0
Satsunai,left,14.6,fluvial_scour,historical,76.6,0
Satsunai,left,14.6,fluvial_scour,historical,76.8,0
Satsunai,left,14.6,fluvial_scour,historical,77,0
Satsunai,left,14.6,fluvial_scour,historical,77.2,0
Satsunai,left,14.6,fluvial_scour,historical,77.4,0
Satsunai,left,14.6,fluvial_scour,historical,77.6,0
Satsunai,left,14.6,fluvial_scour,historical,77.8,0
Satsunai,left,14.6,fluvial_scour,historical,78,0
Satsunai,left,14.6,fluvial_scour,historical,78.2,0
Satsunai,left,14.6,fluvial_scour,historical,78.4,0
Satsunai,left,14.6,fluvial_scour,historical,78.6,0
Satsunai,left,14.6,fluvial_scour,historical,78.8,0
Satsunai,left,14.6,fluvial_scour,historical,79,0
Satsunai,left,14.6,fluvial_scour,historical,79.2,0
Satsunai,left,14.6,fluvial_scour,historical,79.4,0
Satsunai,left,14.6,fluvial_scour,historical,79.6,0
Satsunai,left,14.6,fluvial_scour,historical,79.8,0
Satsunai,left,14.6,fluvial_scour,historical,80,0
Satsunai,left,14.6,fluvial_scour,historical,80.2,0
Satsunai,left,14.6,fluvial_scour,historical,80.4,0
Satsunai,left,14.6,fluvial_scour,historical,80.6,0
Satsunai,left,14.6,fluvial_scour,historical,80.8,0
Satsunai,left,14.6,fluvial_scour,historical,81,0
Satsunai,left,14.6,fluvial_scour,historical,81.2,0
Satsunai,left,14.6,fluvial_scour,historical,81.4,0
Satsunai,left,14.6,fluvial_scour,historical,81.6,0
Satsunai,left,14.6,fluvial_scour,historical,81.8,0
Satsunai,left,14.6,fluvial_scour,historical,82,0
Satsunai,left,14.6,fluvial_scour,historical,82.2,0
Satsunai,left,14.6,fluvial_scour,historical,82.4,0
Satsunai,left,14.6,fluvial_scour,plus4K,75.4,0
Satsunai,left,14.6,fluvial_scour,plus4K,75.6,0
Satsunai,left,14.6,fluvial_scour,plus4K,75.8,0
Satsunai,left,14.6,fluvial_scour,plus4K,76,0
Satsunai,left,14.6,fluvial_scour,plus4K,76.2,0
Satsunai,left,14.6,fluvial_scour,plus4K,76.4,0
Satsunai,left,14.6,fluvial_scour,plus4K,76.6,0
Satsunai,left,14.6,fluvial_scour,plus4K,76.8,0
Satsunai,left,14.6,fluvial_scour,plus4K,77,0
Satsunai,left,14.6,fluvial_scour,plus4K,77.2,0
Satsunai,left,14.6,fluvial_scour,plus4K,77.4,0
Satsunai,left,14.6,fluvial_scour,plus4K,77.6,0
Satsunai,left,14.6,fluvial_scour,plus4K,77.8,0
Satsunai,left,14.6,fluvial_scour,plus4K,78,0
Satsunai,left,14.6,fluvial_scour,plus4K,78.2,0
Satsunai,left,14.6,fluvial_scour,plus4K,78.4,0
Satsunai,left,14.6,fluvial_scour,plus4K,78.6,0
Satsunai,left,14.6,fluvial_scour,plus4K,78.8,0
Satsunai,left,14.6,fluvial_scour,plus4K,79,0
Satsunai,left,14.6,fluvial_scour,plus4K,79.2,0
Satsunai,left,14.6,fluvial_scour,plus4K,79.4,0
Satsunai,left,14.6,fluvial_scour,plus4K,79.6,0
Satsunai,left,14.6,fluvial_scour,plus4K,79.8,0
Satsunai,left,14.6,fluvial_scour,plus4K,80,0
Satsunai,left,14.6,fluvial_scour,plus4K,80.2,0
Satsunai,left,14.6,fluvial_scour,plus4K,80.4,0
Satsunai,left,14.6,fluvial_scour,plus4K,80.6,0
Satsunai,left,14.6,fluvial_scour,plus4K,80.8,0
Satsunai,left,14.6,fluvial_scour,plus4K,81,0
Satsunai,left,14.6,fluvial_scour,plus4K,81.2,0
Satsunai,left,14.6,fluvial_scour,plus4K,81.4,0
Satsunai,left,14.6,fluvial_scour,plus4K,81.6,0
Satsunai,left,14.6,fluvial_scour,plus4K,81.8,0
Satsunai,left,14.6,fluvial_scour,plus4K,82,0
Satsunai,left,14.6,fluvial_scour,plus4K,82.2,0
Satsunai,left,14.6,fluvial_scour,plus4K,82.4,0
Satsunai,left,14.8,fluvial_scour,historical,76.4,0
Satsunai,left,14.8,fluvial_scour,historical,76.6,0
Satsunai,left,14.8,fluvial_scour,historical,76.8,0
Satsunai,left,14.8,fluvial_scour,historical,77,0
Satsunai,left,14.8,fluvial_scour,historical,77.2,0
Satsunai,left,14.8,fluvial_scour,historical,77.4,0
Satsunai,left,14.8,fluvial_scour,historical,77.6,0
Satsunai,left,14.8,fluvial_scour,historical,77.8,0
Satsunai,left,14.8,fluvial_scour,historical,78,0
Satsunai,left,14.8,fluvial_scour,historical,78.2,0
Satsunai,left,14.8,fluvial_scour,historical,78.4,0
Satsunai,left,14.8,fluvial_scour,historical,78.6,0
Satsunai,left,14.8,fluvial_scour,historical,78.8,0
Satsunai,left,14.8,fluvial_scour,historical,79,0
Satsunai,left,14.8,fluvial_scour,historical,79.2,0
Satsunai,left,14.8,fluvial_scour,historical,79.4,0
Satsunai,left,14.8,fluvial_scour,historical,79.6,0
Satsunai,left,14.8,fluvial_scour,historical,79.8,0
Satsunai,left,14.8,fluvial_scour,historical,80,0
Satsunai,left,14.8,fluvial_scour,historical,80.2,0
Satsunai,left,14.8,fluvial_scour,historical,80.4,0
Satsunai,left,14.8,fluvial_scour,historical,80.6,0
Satsunai,left,14.8,fluvial_scour,historical,80.8,0
Satsunai,left,14.8,fluvial_scour,historical,81,0
Satsunai,left,14.8,fluvial_scour,historical,81.2,0
Satsunai,left,14.8,fluvial_scour,historical,81.4,0
Satsunai,left,14.8,fluvial_scour,historical,81.6,0
Satsunai,left,14.8,fluvial_scour,historical,81.8,0
Satsunai,left,14.8,fluvial_scour,historical,82,0
Satsunai,left,14.8,fluvial_scour,historical,82.2,0
Satsunai,left,14.8,fluvial_scour,historical,82.4,0
Satsunai,left,14.8,fluvial_scour,historical,82.6,0
Satsunai,left,14.8,fluvial_scour,historical,82.8,0
Satsunai,left,14.8,fluvial_scour,historical,83,0
Satsunai,left,14.8,fluvial_scour,historical,83.2,0
Satsunai,left,14.8,fluvial_scour,historical,83.4,0
Satsunai,left,14.8,fluvial_scour,historical,83.6,0
Satsunai,left,14.8,fluvial_scour,plus4K,76.4,0
Satsunai,left,14.8,fluvial_scour,plus4K,76.6,0
Satsunai,left,14.8,fluvial_scour,plus4K,76.8,0
Satsunai,left,14.8,fluvial_scour,plus4K,77,0
Satsunai,left,14.8,fluvial_scour,plus4K,77.2,0
Satsunai,left,14.8,fluvial_scour,plus4K,77.4,0
Satsunai,left,14.8,fluvial_scour,plus4K,77.6,0
Satsunai,left,14.8,fluvial_scour,plus4K,77.8,0
Satsunai,left,14.8,fluvial_scour,plus4K,78,0
Satsunai,left,14.8,fluvial_scour,plus4K,78.2,0
Satsunai,left,14.8,fluvial_scour,plus4K,78.4,0
Satsunai,left,14.8,fluvial_scour,plus4K,78.6,0
Satsunai,left,14.8,fluvial_scour,plus4K,78.8,0
Satsunai,left,14.8,fluvial_scour,plus4K,79,0
Satsunai,left,14.8,fluvial_scour,plus4K,79.2,0
Satsunai,left,14.8,fluvial_scour,plus4K,79.4,0
Satsunai,left,14.8,fluvial_scour,plus4K,79.6,0
Satsunai,left,14.8,fluvial_scour,plus4K,79.8,0
Satsunai,left,14.8,fluvial_scour,plus4K,80,0
Satsunai,left,14.8,fluvial_scour,plus4K,80.2,0
Satsunai,left,14.8,fluvial_scour,plus4K,80.4,0
Satsunai,left,14.8,fluvial_scour,plus4K,80.6,0
Satsunai,left,14.8,fluvial_scour,plus4K,80.8,0
Satsunai,left,14.8,fluvial_scour,plus4K,81,0
Satsunai,left,14.8,fluvial_scour,plus4K,81.2,0
Satsunai,left,14.8,fluvial_scour,plus4K,81.4,0
Satsunai,left,14.8,fluvial_scour,plus4K,81.6,0
Satsunai,left,14.8,fluvial_scour,plus4K,81.8,0
Satsunai,left,14.8,fluvial_scour,plus4K,82,0
Satsunai,left,14.8,fluvial_scour,plus4K,82.2,0
Satsunai,left,14.8,fluvial_scour,plus4K,82.4,0
Satsunai,left,14.8,fluvial_scour,plus4K,82.6,0
Satsunai,left,14.8,fluvial_scour,plus4K,82.8,0
Satsunai,left,14.8,fluvial_scour,plus4K,83,0
Satsunai,left,14.8,fluvial_scour,plus4K,83.2,0
Satsunai,left,14.8,fluvial_scour,plus4K,83.4,0
Satsunai,left,14.8,fluvial_scour,plus4K,83.6,0
Satsunai,left,15,fluvial_scour,historical,77.8,0
Satsunai,left,15,fluvial_scour,historical,78,0
Satsunai,left,15,fluvial_scour,historical,78.2,0
Satsunai,left,15,fluvial_scour,historical,78.4,0
Satsunai,left,15,fluvial_scour,historical,78.6,0
Satsunai,left,15,fluvial_scour,historical,78.8,0
Satsunai,left,15,fluvial_scour,historical,79,0
Satsunai,left,15,fluvial_scour,historical,79.2,0
Satsunai,left,15,fluvial_scour,historical,79.4,0
Satsunai,left,15,fluvial_scour,historical,79.6,0
Satsunai,left,15,fluvial_scour,historical,79.8,0
Satsunai,left,15,fluvial_scour,historical,80,0
Satsunai,left,15,fluvial_scour,historical,80.2,0
Satsunai,left,15,fluvial_scour,historical,80.4,0
Satsunai,left,15,fluvial_scour,historical,80.6,0
Satsunai,left,15,fluvial_scour,historical,80.8,0
Satsunai,left,15,fluvial_scour,historical,81,0
Satsunai,left,15,fluvial_scour,historical,81.2,0
Satsunai,left,15,fluvial_scour,historical,81.4,0
Satsunai,left,15,fluvial_scour,historical,81.6,0
Satsunai,left,15,fluvial_scour,historical,81.8,0
Satsunai,left,15,fluvial_scour,historical,82,0
Satsunai,left,15,fluvial_scour,historical,82.2,0
Satsunai,left,15,fluvial_scour,historical,82.4,0
Satsunai,left,15,fluvial_scour,historical,82.6,0
Satsunai,left,15,fluvial_scour,historical,82.8,0
Satsunai,left,15,fluvial_scour,historical,83,0
Satsunai,left,15,fluvial_scour,historical,83.2,0
Satsunai,left,15,fluvial_scour,historical,83.4,0
Satsunai,left,15,fluvial_scour,historical,83.6,0
Satsunai,left,15,fluvial_scour,historical,83.8,0
Satsunai,left,15,fluvial_scour,historical,84,0
Satsunai,left,15,fluvial_scour,historical,84.2,0
Satsunai,left,15,fluvial_scour,historical,84.4,0
Satsunai,left,15,fluvial_scour,historical,84.6,0
Satsunai,left,15,fluvial_scour,historical,84.8,0
Satsunai,left,15,fluvial_scour,historical,85,0
Satsunai,left,15,fluvial_scour,plus4K,77.8,0
Satsunai,left,15,fluvial_scour,plus4K,78,0
Satsunai,left,15,fluvial_scour,plus4K,78.2,0
Satsunai,left,15,fluvial_scour,plus4K,78.4,0
Satsunai,left,15,fluvial_scour,plus4K,78.6,0
Satsunai,left,15,fluvial_scour,plus4K,78.8,0
Satsunai,left,15,fluvial_scour,plus4K,79,0
Satsunai,left,15,fluvial_scour,plus4K,79.2,0
Satsunai,left,15,fluvial_scour,plus4K,79.4,0
Satsunai,left,15,fluvial_scour,plus4K,79.6,0
Satsunai,left,15,fluvial_scour,plus4K,79.8,0
Satsunai,left,15,fluvial_scour,plus4K,80,0
Satsunai,left,15,fluvial_scour,plus4K,80.2,0
Satsunai,left,15,fluvial_scour,plus4K,80.4,0
Satsunai,left,15,fluvial_scour,plus4K,80.6,0
Satsunai,left,15,fluvial_scour,plus4K,80.8,0
Satsunai,left,15,fluvial_scour,plus4K,81,0
Satsunai,left,15,fluvial_scour,plus4K,81.2,0
Satsunai,left,15,fluvial_scour,plus4K,81.4,0
Satsunai,left,15,fluvial_scour,plus4K,81.6,0
Satsunai,left,15,fluvial_scour,plus4K,81.8,0
Satsunai,left,15,fluvial_scour,plus4K,82,0
Satsunai,left,15,fluvial_scour,plus4K,82.2,0
Satsunai,left,15,fluvial_scour,plus4K,82.4,0
Satsunai,left,15,fluvial_scour,plus4K,82.6,0
Satsunai,left,15,fluvial_scour,plus4K,82.8,0
Satsunai,left,15,fluvial_scour,plus4K,83,0
Satsunai,left,15,fluvial_scour,plus4K,83.2,0
Satsunai,left,15,fluvial_scour,plus4K,83.4,0
Satsunai,left,15,fluvial_scour,plus4K,83.6,0
Satsunai,left,15,fluvial_scour,plus4K,83.8,0
Satsunai,left,15,fluvial_scour,plus4K,84,0
Satsunai,left,15,fluvial_scour,plus4K,84.2,0
Satsunai,left,15,fluvial_scour,plus4K,84.4,0
Satsunai,left,15,fluvial_scour,plus4K,84.6,0
Satsunai,left,15,fluvial_scour,plus4K,84.8,0
Satsunai,left,15,fluvial_scour,plus4K,85,0
Satsunai,left,15.2,fluvial_scour,historical,78.4,0
Satsunai,left,15.2,fluvial_scour,historical,78.6,0
Satsunai,left,15.2,fluvial_scour,historical,78.8,0
Satsunai,left,15.2,fluvial_scour,historical,79,0
Satsunai,left,15.2,fluvial_scour,historical,79.2,0
Satsunai,left,15.2,fluvial_scour,historical,79.4,0
Satsunai,left,15.2,fluvial_scour,historical,79.6,0
Satsunai,left,15.2,fluvial_scour,historical,79.8,0
Satsunai,left,15.2,fluvial_scour,historical,80,0
Satsunai,left,15.2,fluvial_scour,historical,80.2,0
Satsunai,left,15.2,fluvial_scour,historical,80.4,0
Satsunai,left,15.2,fluvial_scour,historical,80.6,0
Satsunai,left,15.2,fluvial_scour,historical,80.8,0
Satsunai,left,15.2,fluvial_scour,historical,81,0
Satsunai,left,15.2,fluvial_scour,historical,81.2,0
Satsunai,left,15.2,fluvial_scour,historical,81.4,0
Satsunai,left,15.2,fluvial_scour,historical,81.6,0
Satsunai,left,15.2,fluvial_scour,historical,81.8,0
Satsunai,left,15.2,fluvial_scour,historical,82,0
Satsunai,left,15.2,fluvial_scour,historical,82.2,0
Satsunai,left,15.2,fluvial_scour,historical,82.4,0
Satsunai,left,15.2,fluvial_scour,historical,82.6,0
Satsunai,left,15.2,fluvial_scour,historical,82.8,0
Satsunai,left,15.2,fluvial_scour,historical,83,0
Satsunai,left,15.2,fluvial_scour,historical,83.2,0
Satsunai,left,15.2,fluvial_scour,historical,83.4,0
Satsunai,left,15.2,fluvial_scour,historical,83.6,0
Satsunai,left,15.2,fluvial_scour,historical,83.8,0
Satsunai,left,15.2,fluvial_scour,historical,84,0
Satsunai,left,15.2,fluvial_scour,historical,84.2,0
Satsunai,left,15.2,fluvial_scour,historical,84.4,0
Satsunai,left,15.2,fluvial_scour,historical,84.6,0
Satsunai,left,15.2,fluvial_scour,historical,84.8,0
Satsunai,left,15.2,fluvial_scour,historical,85,0
Satsunai,left,15.2,fluvial_scour,historical,85.2,0
Satsunai,left,15.2,fluvial_scour,plus4K,78.4,0
Satsunai,left,15.2,fluvial_scour,plus4K,78.6,0
Satsunai,left,15.2,fluvial_scour,plus4K,78.8,0
Satsunai,left,15.2,fluvial_scour,plus4K,79,0
Satsunai,left,15.2,fluvial_scour,plus4K,79.2,0
Satsunai,left,15.2,fluvial_scour,plus4K,79.4,0
Satsunai,left,15.2,fluvial_scour,plus4K,79.6,0
Satsunai,left,15.2,fluvial_scour,plus4K,79.8,0
Satsunai,left,15.2,fluvial_scour,plus4K,80,0
Satsunai,left,15.2,fluvial_scour,plus4K,80.2,0
Satsunai,left,15.2,fluvial_scour,plus4K,80.4,0
Satsunai,left,15.2,fluvial_scour,plus4K,80.6,0
Satsunai,left,15.2,fluvial_scour,plus4K,80.8,0
Satsunai,left,15.2,fluvial_scour,plus4K,81,0
Satsunai,left,15.2,fluvial_scour,plus4K,81.2,0
Satsunai,left,15.2,fluvial_scour,plus4K,81.4,0
Satsunai,left,15.2,fluvial_scour,plus4K,81.6,0
Satsunai,left,15.2,fluvial_scour,plus4K,81.8,0
Satsunai,left,15.2,fluvial_scour,plus4K,82,0
Satsunai,left,15.2,fluvial_scour,plus4K,82.2,0
Satsunai,left,15.2,fluvial_scour,plus4K,82.4,0
Satsunai,left,15.2,fluvial_scour,plus4K,82.6,0
Satsunai,left,15.2,fluvial_scour,plus4K,82.8,0
Satsunai,left,15.2,fluvial_scour,plus4K,83,0
Satsunai,left,15.2,fluvial_scour,plus4K,83.2,0
Satsunai,left,15.2,fluvial_scour,plus4K,83.4,0
Satsunai,left,15.2,fluvial_scour,plus4K,83.6,0
Satsunai,left,15.2,fluvial_scour,plus4K,83.8,0
Satsunai,left,15.2,fluvial_scour,plus4K,84,0
Satsunai,left,15.2,fluvial_scour,plus4K,84.2,0
Satsunai,left,15.2,fluvial_scour,plus4K,84.4,0
Satsunai,left,15.2,fluvial_scour,plus4K,84.6,0
Satsunai,left,15.2,fluvial_scour,plus4K,84.8,0
Satsunai,left,15.2,fluvial_scour,plus4K,85,0
Satsunai,left,15.2,fluvial_scour,plus4K,85.2,0
Satsunai,left,15.4,fluvial_scour,historical,79.2,0
Satsunai,left,15.4,fluvial_scour,historical,79.4,0
Satsunai,left,15.4,fluvial_scour,historical,79.6,0
Satsunai,left,15.4,fluvial_scour,historical,79.8,0
Satsunai,left,15.4,fluvial_scour,historical,80,0
Satsunai,left,15.4,fluvial_scour,historical,80.2,0
Satsunai,left,15.4,fluvial_scour,historical,80.4,0
Satsunai,left,15.4,fluvial_scour,historical,80.6,0
Satsunai,left,15.4,fluvial_scour,historical,80.8,0
Satsunai,left,15.4,fluvial_scour,historical,81,0
Satsunai,left,15.4,fluvial_scour,historical,81.2,0
Satsunai,left,15.4,fluvial_scour,historical,81.4,0
Satsunai,left,15.4,fluvial_scour,historical,81.6,0
Satsunai,left,15.4,fluvial_scour,historical,81.8,0
Satsunai,left,15.4,fluvial_scour,historical,82,0
Satsunai,left,15.4,fluvial_scour,historical,82.2,0
Satsunai,left,15.4,fluvial_scour,historical,82.4,0
Satsunai,left,15.4,fluvial_scour,historical,82.6,0
Satsunai,left,15.4,fluvial_scour,historical,82.8,0
Satsunai,left,15.4,fluvial_scour,historical,83,0
Satsunai,left,15.4,fluvial_scour,historical,83.2,0
Satsunai,left,15.4,fluvial_scour,historical,83.4,0
Satsunai,left,15.4,fluvial_scour,historical,83.6,0
Satsunai,left,15.4,fluvial_scour,historical,83.8,0
Satsunai,left,15.4,fluvial_scour,historical,84,0
Satsunai,left,15.4,fluvial_scour,historical,84.2,0
Satsunai,left,15.4,fluvial_scour,historical,84.4,0
Satsunai,left,15.4,fluvial_scour,historical,84.6,0
Satsunai,left,15.4,fluvial_scour,historical,84.8,0
Satsunai,left,15.4,fluvial_scour,historical,85,0
Satsunai,left,15.4,fluvial_scour,historical,85.2,0
Satsunai,left,15.4,fluvial_scour,historical,85.4,0
Satsunai,left,15.4,fluvial_scour,historical,85.6,0
Satsunai,left,15.4,fluvial_scour,historical,85.8,0
Satsunai,left,15.4,fluvial_scour,historical,86,0
Satsunai,left,15.4,fluvial_scour,plus4K,79.2,0
Satsunai,left,15.4,fluvial_scour,plus4K,79.4,0
Satsunai,left,15.4,fluvial_scour,plus4K,79.6,0
Satsunai,left,15.4,fluvial_scour,plus4K,79.8,0
Satsunai,left,15.4,fluvial_scour,plus4K,80,0
Satsunai,left,15.4,fluvial_scour,plus4K,80.2,0
Satsunai,left,15.4,fluvial_scour,plus4K,80.4,0
Satsunai,left,15.4,fluvial_scour,plus4K,80.6,0
Satsunai,left,15.4,fluvial_scour,plus4K,80.8,0
Satsunai,left,15.4,fluvial_scour,plus4K,81,0
Satsunai,left,15.4,fluvial_scour,plus4K,81.2,0
Satsunai,left,15.4,fluvial_scour,plus4K,81.4,0
Satsunai,left,15.4,fluvial_scour,plus4K,81.6,0
Satsunai,left,15.4,fluvial_scour,plus4K,81.8,0
Satsunai,left,15.4,fluvial_scour,plus4K,82,0
Satsunai,left,15.4,fluvial_scour,plus4K,82.2,0
Satsunai,left,15.4,fluvial_scour,plus4K,82.4,0
Satsunai,left,15.4,fluvial_scour,plus4K,82.6,0
Satsunai,left,15.4,fluvial_scour,plus4K,82.8,0
Satsunai,left,15.4,fluvial_scour,plus4K,83,0
Satsunai,left,15.4,fluvial_scour,plus4K,83.2,0
Satsunai,left,15.4,fluvial_scour,plus4K,83.4,0
Satsunai,left,15.4,fluvial_scour,plus4K,83.6,0
Satsunai,left,15.4,fluvial_scour,plus4K,83.8,0
Satsunai,left,15.4,fluvial_scour,plus4K,84,0
Satsunai,left,15.4,fluvial_scour,plus4K,84.2,0
Satsunai,left,15.4,fluvial_scour,plus4K,84.4,0
Satsunai,left,15.4,fluvial_scour,plus4K,84.6,0
Satsunai,left,15.4,fluvial_scour,plus4K,84.8,0
Satsunai,left,15.4,fluvial_scour,plus4K,85,0
Satsunai,left,15.4,fluvial_scour,plus4K,85.2,0
Satsunai,left,15.4,fluvial_scour,plus4K,85.4,0
Satsunai,left,15.4,fluvial_scour,plus4K,85.6,0
Satsunai,left,15.4,fluvial_scour,plus4K,85.8,0
Satsunai,left,15.4,fluvial_scour,plus4K,86,0
Satsunai,left,15.6,fluvial_scour,historical,80,0
Satsunai,left,15.6,fluvial_scour,historical,80.2,0
Satsunai,left,15.6,fluvial_scour,historical,80.4,0
Satsunai,left,15.6,fluvial_scour,historical,80.6,0
Satsunai,left,15.6,fluvial_scour,historical,80.8,0
Satsunai,left,15.6,fluvial_scour,historical,81,0
Satsunai,left,15.6,fluvial_scour,historical,81.2,0
Satsunai,left,15.6,fluvial_scour,historical,81.4,0
Satsunai,left,15.6,fluvial_scour,historical,81.6,0
Satsunai,left,15.6,fluvial_scour,historical,81.8,0
Satsunai,left,15.6,fluvial_scour,historical,82,0
Satsunai,left,15.6,fluvial_scour,historical,82.2,0
Satsunai,left,15.6,fluvial_scour,historical,82.4,0
Satsunai,left,15.6,fluvial_scour,historical,82.6,0
Satsunai,left,15.6,fluvial_scour,historical,82.8,0
Satsunai,left,15.6,fluvial_scour,historical,83,0
Satsunai,left,15.6,fluvial_scour,historical,83.2,0
Satsunai,left,15.6,fluvial_scour,historical,83.4,0
Satsunai,left,15.6,fluvial_scour,historical,83.6,0
Satsunai,left,15.6,fluvial_scour,historical,83.8,0
Satsunai,left,15.6,fluvial_scour,historical,84,0
Satsunai,left,15.6,fluvial_scour,historical,84.2,0
Satsunai,left,15.6,fluvial_scour,historical,84.4,0
Satsunai,left,15.6,fluvial_scour,historical,84.6,0
Satsunai,left,15.6,fluvial_scour,historical,84.8,0
Satsunai,left,15.6,fluvial_scour,historical,85,0
Satsunai,left,15.6,fluvial_scour,historical,85.2,0
Satsunai,left,15.6,fluvial_scour,historical,85.4,0
Satsunai,left,15.6,fluvial_scour,historical,85.6,0
Satsunai,left,15.6,fluvial_scour,historical,85.8,0
Satsunai,left,15.6,fluvial_scour,historical,86,0
Satsunai,left,15.6,fluvial_scour,historical,86.2,0
Satsunai,left,15.6,fluvial_scour,historical,86.4,0
Satsunai,left,15.6,fluvial_scour,historical,86.6,0
Satsunai,left,15.6,fluvial_scour,historical,86.8,0
Satsunai,left,15.6,fluvial_scour,historical,87,0
Satsunai,left,15.6,fluvial_scour,plus4K,80,0
Satsunai,left,15.6,fluvial_scour,plus4K,80.2,0
Satsunai,left,15.6,fluvial_scour,plus4K,80.4,0
Satsunai,left,15.6,fluvial_scour,plus4K,80.6,0
Satsunai,left,15.6,fluvial_scour,plus4K,80.8,0
Satsunai,left,15.6,fluvial_scour,plus4K,81,0
Satsunai,left,15.6,fluvial_scour,plus4K,81.2,0
Satsunai,left,15.6,fluvial_scour,plus4K,81.4,0
Satsunai,left,15.6,fluvial_scour,plus4K,81.6,0
Satsunai,left,15.6,fluvial_scour,plus4K,81.8,0
Satsunai,left,15.6,fluvial_scour,plus4K,82,0
Satsunai,left,15.6,fluvial_scour,plus4K,82.2,0
Satsunai,left,15.6,fluvial_scour,plus4K,82.4,0
Satsunai,left,15.6,fluvial_scour,plus4K,82.6,0
Satsunai,left,15.6,fluvial_scour,plus4K,82.8,0
Satsunai,left,15.6,fluvial_scour,plus4K,83,0
Satsunai,left,15.6,fluvial_scour,plus4K,83.2,0
Satsunai,left,15.6,fluvial_scour,plus4K,83.4,0
Satsunai,left,15.6,fluvial_scour,plus4K,83.6,0
Satsunai,left,15.6,fluvial_scour,plus4K,83.8,0
Satsunai,left,15.6,fluvial_scour,plus4K,84,0
Satsunai,left,15.6,fluvial_scour,plus4K,84.2,0
Satsunai,left,15.6,fluvial_scour,plus4K,84.4,0
Satsunai,left,15.6,fluvial_scour,plus4K,84.6,0
Satsunai,left,15.6,fluvial_scour,plus4K,84.8,0
Satsunai,left,15.6,fluvial_scour,plus4K,85,0
Satsunai,left,15.6,fluvial_scour,plus4K,85.2,0
Satsunai,left,15.6,fluvial_scour,plus4K,85.4,0
Satsunai,left,15.6,fluvial_scour,plus4K,85.6,0
Satsunai,left,15.6,fluvial_scour,plus4K,85.8,0
Satsunai,left,15.6,fluvial_scour,plus4K,86,0
Satsunai,left,15.6,fluvial_scour,plus4K,86.2,0
Satsunai,left,15.6,fluvial_scour,plus4K,86.4,0
Satsunai,left,15.6,fluvial_scour,plus4K,86.6,0
Satsunai,left,15.6,fluvial_scour,plus4K,86.8,0
Satsunai,left,15.6,fluvial_scour,plus4K,87,0
Satsunai,left,15.8,fluvial_scour,historical,81.2,0
Satsunai,left,15.8,fluvial_scour,historical,81.4,0
Satsunai,left,15.8,fluvial_scour,historical,81.6,0
Satsunai,left,15.8,fluvial_scour,historical,81.8,0
Satsunai,left,15.8,fluvial_scour,historical,82,0
Satsunai,left,15.8,fluvial_scour,historical,82.2,0
Satsunai,left,15.8,fluvial_scour,historical,82.4,0
Satsunai,left,15.8,fluvial_scour,historical,82.6,0
Satsunai,left,15.8,fluvial_scour,historical,82.8,0
Satsunai,left,15.8,fluvial_scour,historical,83,0
Satsunai,left,15.8,fluvial_scour,historical,83.2,0
Satsunai,left,15.8,fluvial_scour,historical,83.4,0
Satsunai,left,15.8,fluvial_scour,historical,83.6,0
Satsunai,left,15.8,fluvial_scour,historical,83.8,0
Satsunai,left,15.8,fluvial_scour,historical,84,0
Satsunai,left,15.8,fluvial_scour,historical,84.2,0
Satsunai,left,15.8,fluvial_scour,historical,84.4,0
Satsunai,left,15.8,fluvial_scour,historical,84.6,0
Satsunai,left,15.8,fluvial_scour,historical,84.8,0
Satsunai,left,15.8,fluvial_scour,historical,85,0
Satsunai,left,15.8,fluvial_scour,historical,85.2,0
Satsunai,left,15.8,fluvial_scour,historical,85.4,0
Satsunai,left,15.8,fluvial_scour,historical,85.6,0
Satsunai,left,15.8,fluvial_scour,historical,85.8,0
Satsunai,left,15.8,fluvial_scour,historical,86,0
Satsunai,left,15.8,fluvial_scour,historical,86.2,0
Satsunai,left,15.8,fluvial_scour,historical,86.4,0
Satsunai,left,15.8,fluvial_scour,historical,86.6,0
Satsunai,left,15.8,fluvial_scour,historical,86.8,0
Satsunai,left,15.8,fluvial_scour,historical,87,0
Satsunai,left,15.8,fluvial_scour,historical,87.2,0
Satsunai,left,15.8,fluvial_scour,historical,87.4,0
Satsunai,left,15.8,fluvial_scour,historical,87.6,0
Satsunai,left,15.8,fluvial_scour,historical,87.8,0
Satsunai,left,15.8,fluvial_scour,historical,88,0
Satsunai,left,15.8,fluvial_scour,historical,88.2,0
Satsunai,left,15.8,fluvial_scour,plus4K,81.2,0
Satsunai,left,15.8,fluvial_scour,plus4K,81.4,0
Satsunai,left,15.8,fluvial_scour,plus4K,81.6,0
Satsunai,left,15.8,fluvial_scour,plus4K,81.8,0
Satsunai,left,15.8,fluvial_scour,plus4K,82,0
Satsunai,left,15.8,fluvial_scour,plus4K,82.2,0
Satsunai,left,15.8,fluvial_scour,plus4K,82.4,0
Satsunai,left,15.8,fluvial_scour,plus4K,82.6,0
Satsunai,left,15.8,fluvial_scour,plus4K,82.8,0
Satsunai,left,15.8,fluvial_scour,plus4K,83,0
Satsunai,left,15.8,fluvial_scour,plus4K,83.2,0
Satsunai,left,15.8,fluvial_scour,plus4K,83.4,0
Satsunai,left,15.8,fluvial_scour,plus4K,83.6,0
Satsunai,left,15.8,fluvial_scour,plus4K,83.8,0
Satsunai,left,15.8,fluvial_scour,plus4K,84,0
Satsunai,left,15.8,fluvial_scour,plus4K,84.2,0
Satsunai,left,15.8,fluvial_scour,plus4K,84.4,0
Satsunai,left,15.8,fluvial_scour,plus4K,84.6,0
Satsunai,left,15.8,fluvial_scour,plus4K,84.8,0
Satsunai,left,15.8,fluvial_scour,plus4K,85,0
Satsunai,left,15.8,fluvial_scour,plus4K,85.2,0
Satsunai,left,15.8,fluvial_scour,plus4K,85.4,0
Satsunai,left,15.8,fluvial_scour,plus4K,85.6,0
Satsunai,left,15.8,fluvial_scour,plus4K,85.8,0
Satsunai,left,15.8,fluvial_scour,plus4K,86,0
Satsunai,left,15.8,fluvial_scour,plus4K,86.2,0
Satsunai,left,15.8,fluvial_scour,plus4K,86.4,0
Satsunai,left,15.8,fluvial_scour,plus4K,86.6,0
Satsunai,left,15.8,fluvial_scour,plus4K,86.8,0
Satsunai,left,15.8,fluvial_scour,plus4K,87,0
Satsunai,left,15.8,fluvial_scour,plus4K,87.2,0
Satsunai,left,15.8,fluvial_scour,plus4K,87.4,0
Satsunai,left,15.8,fluvial_scour,plus4K,87.6,0
Satsunai,left,15.8,fluvial_scour,plus4K,87.8,0
Satsunai,left,15.8,fluvial_scour,plus4K,88,0
Satsunai,left,15.8,fluvial_scour,plus4K,88.2,0
Satsunai,left,16,fluvial_scour,historical,81.8,0
Satsunai,left,16,fluvial_scour,historical,82,0
Satsunai,left,16,fluvial_scour,historical,82.2,0
Satsunai,left,16,fluvial_scour,historical,82.4,0
Satsunai,left,16,fluvial_scour,historical,82.6,0
Satsunai,left,16,fluvial_scour,historical,82.8,0
Satsunai,left,16,fluvial_scour,historical,83,0
Satsunai,left,16,fluvial_scour,historical,83.2,0
Satsunai,left,16,fluvial_scour,historical,83.4,0
Satsunai,left,16,fluvial_scour,historical,83.6,0
Satsunai,left,16,fluvial_scour,historical,83.8,0
Satsunai,left,16,fluvial_scour,historical,84,0
Satsunai,left,16,fluvial_scour,historical,84.2,0
Satsunai,left,16,fluvial_scour,historical,84.4,0
Satsunai,left,16,fluvial_scour,historical,84.6,0
Satsunai,left,16,fluvial_scour,historical,84.8,0
Satsunai,left,16,fluvial_scour,historical,85,0
Satsunai,left,16,fluvial_scour,historical,85.2,0
Satsunai,left,16,fluvial_scour,historical,85.4,0
Satsunai,left,16,fluvial_scour,historical,85.6,0
Satsunai,left,16,fluvial_scour,historical,85.8,0
Satsunai,left,16,fluvial_scour,historical,86,0
Satsunai,left,16,fluvial_scour,historical,86.2,0
Satsunai,left,16,fluvial_scour,historical,86.4,0
Satsunai,left,16,fluvial_scour,historical,86.6,0
Satsunai,left,16,fluvial_scour,historical,86.8,0
Satsunai,left,16,fluvial_scour,historical,87,0
Satsunai,left,16,fluvial_scour,historical,87.2,0
Satsunai,left,16,fluvial_scour,historical,87.4,0
Satsunai,left,16,fluvial_scour,historical,87.6,0
Satsunai,left,16,fluvial_scour,historical,87.8,0
Satsunai,left,16,fluvial_scour,historical,88,0
Satsunai,left,16,fluvial_scour,historical,88.2,0
Satsunai,left,16,fluvial_scour,historical,88.4,0
Satsunai,left,16,fluvial_scour,historical,88.6,0
Satsunai,left,16,fluvial_scour,plus4K,81.8,0
Satsunai,left,16,fluvial_scour,plus4K,82,0
Satsunai,left,16,fluvial_scour,plus4K,82.2,0
Satsunai,left,16,fluvial_scour,plus4K,82.4,0
Satsunai,left,16,fluvial_scour,plus4K,82.6,0
Satsunai,left,16,fluvial_scour,plus4K,82.8,0
Satsunai,left,16,fluvial_scour,plus4K,83,0
Satsunai,left,16,fluvial_scour,plus4K,83.2,0
Satsunai,left,16,fluvial_scour,plus4K,83.4,0
Satsunai,left,16,fluvial_scour,plus4K,83.6,0
Satsunai,left,16,fluvial_scour,plus4K,83.8,0
Satsunai,left,16,fluvial_scour,plus4K,84,0
Satsunai,left,16,fluvial_scour,plus4K,84.2,0
Satsunai,left,16,fluvial_scour,plus4K,84.4,0
Satsunai,left,16,fluvial_scour,plus4K,84.6,0
Satsunai,left,16,fluvial_scour,plus4K,84.8,0
Satsunai,left,16,fluvial_scour,plus4K,85,0
Satsunai,left,16,fluvial_scour,plus4K,85.2,0
Satsunai,left,16,fluvial_scour,plus4K,85.4,0
Satsunai,left,16,fluvial_scour,plus4K,85.6,0
Satsunai,left,16,fluvial_scour,plus4K,85.8,0
Satsunai,left,16,fluvial_scour,plus4K,86,0
Satsunai,left,16,fluvial_scour,plus4K,86.2,0
Satsunai,left,16,fluvial_scour,plus4K,86.4,0
Satsunai,left,16,fluvial_scour,plus4K,86.6,0
Satsunai,left,16,fluvial_scour,plus4K,86.8,0
Satsunai,left,16,fluvial_scour,plus4K,87,0
Satsunai,left,16,fluvial_scour,plus4K,87.2,0
Satsunai,left,16,fluvial_scour,plus4K,87.4,0
Satsunai,left,16,fluvial_scour,plus4K,87.6,0
Satsunai,left,16,fluvial_scour,plus4K,87.8,0
Satsunai,left,16,fluvial_scour,plus4K,88,0
Satsunai,left,16,fluvial_scour,plus4K,88.2,0
Satsunai,left,16,fluvial_scour,plus4K,88.4,0
Satsunai,left,16,fluvial_scour,plus4K,88.6,0
Satsunai,left,16.2,fluvial_scour,historical,83.2,0
Satsunai,left,16.2,fluvial_scour,historical,83.4,0
Satsunai,left,16.2,fluvial_scour,historical,83.6,0
Satsunai,left,16.2,fluvial_scour,historical,83.8,0
Satsunai,left,16.2,fluvial_scour,historical,84,0
Satsunai,left,16.2,fluvial_scour,historical,84.2,0
Satsunai,left,16.2,fluvial_scour,historical,84.4,0
Satsunai,left,16.2,fluvial_scour,historical,84.6,0
Satsunai,left,16.2,fluvial_scour,historical,84.8,0
Satsunai,left,16.2,fluvial_scour,historical,85,0
Satsunai,left,16.2,fluvial_scour,historical,85.2,0
Satsunai,left,16.2,fluvial_scour,historical,85.4,0
Satsunai,left,16.2,fluvial_scour,historical,85.6,0
Satsunai,left,16.2,fluvial_scour,historical,85.8,0
Satsunai,left,16.2,fluvial_scour,historical,86,0
Satsunai,left,16.2,fluvial_scour,historical,86.2,0
Satsunai,left,16.2,fluvial_scour,historical,86.4,0
Satsunai,left,16.2,fluvial_scour,historical,86.6,0
Satsunai,left,16.2,fluvial_scour,historical,86.8,0
Satsunai,left,16.2,fluvial_scour,historical,87,0
Satsunai,left,16.2,fluvial_scour,historical,87.2,0
Satsunai,left,16.2,fluvial_scour,historical,87.4,0
Satsunai,left,16.2,fluvial_scour,historical,87.6,0
Satsunai,left,16.2,fluvial_scour,historical,87.8,0
Satsunai,left,16.2,fluvial_scour,historical,88,0
Satsunai,left,16.2,fluvial_scour,historical,88.2,0
Satsunai,left,16.2,fluvial_scour,historical,88.4,0
Satsunai,left,16.2,fluvial_scour,historical,88.6,0
Satsunai,left,16.2,fluvial_scour,historical,88.8,0
Satsunai,left,16.2,fluvial_scour,historical,89,0
Satsunai,left,16.2,fluvial_scour,historical,89.2,0
Satsunai,left,16.2,fluvial_scour,historical,89.4,0
Satsunai,left,16.2,fluvial_scour,historical,89.6,0
Satsunai,left,16.2,fluvial_scour,plus4K,83.2,0
Satsunai,left,16.2,fluvial_scour,plus4K,83.4,0
Satsunai,left,16.2,fluvial_scour,plus4K,83.6,0
Satsunai,left,16.2,fluvial_scour,plus4K,83.8,0
Satsunai,left,16.2,fluvial_scour,plus4K,84,0
Satsunai,left,16.2,fluvial_scour,plus4K,84.2,0
Satsunai,left,16.2,fluvial_scour,plus4K,84.4,0
Satsunai,left,16.2,fluvial_scour,plus4K,84.6,0
Satsunai,left,16.2,fluvial_scour,plus4K,84.8,0
Satsunai,left,16.2,fluvial_scour,plus4K,85,0
Satsunai,left,16.2,fluvial_scour,plus4K,85.2,0
Satsunai,left,16.2,fluvial_scour,plus4K,85.4,0
Satsunai,left,16.2,fluvial_scour,plus4K,85.6,0
Satsunai,left,16.2,fluvial_scour,plus4K,85.8,0
Satsunai,left,16.2,fluvial_scour,plus4K,86,0
Satsunai,left,16.2,fluvial_scour,plus4K,86.2,0
Satsunai,left,16.2,fluvial_scour,plus4K,86.4,0
Satsunai,left,16.2,fluvial_scour,plus4K,86.6,0
Satsunai,left,16.2,fluvial_scour,plus4K,86.8,0
Satsunai,left,16.2,fluvial_scour,plus4K,87,0
Satsunai,left,16.2,fluvial_scour,plus4K,87.2,0
Satsunai,left,16.2,fluvial_scour,plus4K,87.4,0
Satsunai,left,16.2,fluvial_scour,plus4K,87.6,0
Satsunai,left,16.2,fluvial_scour,plus4K,87.8,0
Satsunai,left,16.2,fluvial_scour,plus4K,88,0
Satsunai,left,16.2,fluvial_scour,plus4K,88.2,0
Satsunai,left,16.2,fluvial_scour,plus4K,88.4,0
Satsunai,left,16.2,fluvial_scour,plus4K,88.6,0
Satsunai,left,16.2,fluvial_scour,plus4K,88.8,0
Satsunai,left,16.2,fluvial_scour,plus4K,89,0
Satsunai,left,16.2,fluvial_scour,plus4K,89.2,0
Satsunai,left,16.2,fluvial_scour,plus4K,89.4,0
Satsunai,left,16.2,fluvial_scour,plus4K,89.6,0
Satsunai,left,16.4,fluvial_scour,historical,82,0
Satsunai,left,16.4,fluvial_scour,historical,82.2,0
Satsunai,left,16.4,fluvial_scour,historical,82.4,0
Satsunai,left,16.4,fluvial_scour,historical,82.6,0
Satsunai,left,16.4,fluvial_scour,historical,82.8,0
Satsunai,left,16.4,fluvial_scour,historical,83,0
Satsunai,left,16.4,fluvial_scour,historical,83.2,0
Satsunai,left,16.4,fluvial_scour,historical,83.4,0
Satsunai,left,16.4,fluvial_scour,historical,83.6,0
Satsunai,left,16.4,fluvial_scour,historical,83.8,0
Satsunai,left,16.4,fluvial_scour,historical,84,0
Satsunai,left,16.4,fluvial_scour,historical,84.2,0
Satsunai,left,16.4,fluvial_scour,historical,84.4,0
Satsunai,left,16.4,fluvial_scour,historical,84.6,0
Satsunai,left,16.4,fluvial_scour,historical,84.8,0
Satsunai,left,16.4,fluvial_scour,historical,85,0
Satsunai,left,16.4,fluvial_scour,historical,85.2,0
Satsunai,left,16.4,fluvial_scour,historical,85.4,0
Satsunai,left,16.4,fluvial_scour,historical,85.6,0
Satsunai,left,16.4,fluvial_scour,historical,85.8,0
Satsunai,left,16.4,fluvial_scour,historical,86,0
Satsunai,left,16.4,fluvial_scour,historical,86.2,0
Satsunai,left,16.4,fluvial_scour,historical,86.4,0
Satsunai,left,16.4,fluvial_scour,historical,86.6,0
Satsunai,left,16.4,fluvial_scour,historical,86.8,0
Satsunai,left,16.4,fluvial_scour,historical,87,0
Satsunai,left,16.4,fluvial_scour,historical,87.2,0
Satsunai,left,16.4,fluvial_scour,historical,87.4,0
Satsunai,left,16.4,fluvial_scour,historical,87.6,0
Satsunai,left,16.4,fluvial_scour,historical,87.8,0
Satsunai,left,16.4,fluvial_scour,historical,88,0
Satsunai,left,16.4,fluvial_scour,historical,88.2,0
Satsunai,left,16.4,fluvial_scour,historical,88.4,0
Satsunai,left,16.4,fluvial_scour,historical,88.6,0
Satsunai,left,16.4,fluvial_scour,historical,88.8,0
Satsunai,left,16.4,fluvial_scour,historical,89,0
Satsunai,left,16.4,fluvial_scour,historical,89.2,0
Satsunai,left,16.4,fluvial_scour,historical,89.4,0
Satsunai,left,16.4,fluvial_scour,historical,89.6,0
Satsunai,left,16.4,fluvial_scour,historical,89.8,0
Satsunai,left,16.4,fluvial_scour,historical,90,0
Satsunai,left,16.4,fluvial_scour,historical,90.2,0
Satsunai,left,16.4,fluvial_scour,historical,90.4,0
Satsunai,left,16.4,fluvial_scour,historical,90.6,0
Satsunai,left,16.4,fluvial_scour,historical,90.8,0
Satsunai,left,16.4,fluvial_scour,historical,91,0
Satsunai,left,16.4,fluvial_scour,plus4K,82,0
Satsunai,left,16.4,fluvial_scour,plus4K,82.2,0
Satsunai,left,16.4,fluvial_scour,plus4K,82.4,0
Satsunai,left,16.4,fluvial_scour,plus4K,82.6,0
Satsunai,left,16.4,fluvial_scour,plus4K,82.8,0
Satsunai,left,16.4,fluvial_scour,plus4K,83,0
Satsunai,left,16.4,fluvial_scour,plus4K,83.2,0
Satsunai,left,16.4,fluvial_scour,plus4K,83.4,0
Satsunai,left,16.4,fluvial_scour,plus4K,83.6,0
Satsunai,left,16.4,fluvial_scour,plus4K,83.8,0
Satsunai,left,16.4,fluvial_scour,plus4K,84,0
Satsunai,left,16.4,fluvial_scour,plus4K,84.2,0
Satsunai,left,16.4,fluvial_scour,plus4K,84.4,0
Satsunai,left,16.4,fluvial_scour,plus4K,84.6,0
Satsunai,left,16.4,fluvial_scour,plus4K,84.8,0
Satsunai,left,16.4,fluvial_scour,plus4K,85,0
Satsunai,left,16.4,fluvial_scour,plus4K,85.2,0
Satsunai,left,16.4,fluvial_scour,plus4K,85.4,0
Satsunai,left,16.4,fluvial_scour,plus4K,85.6,0
Satsunai,left,16.4,fluvial_scour,plus4K,85.8,0
Satsunai,left,16.4,fluvial_scour,plus4K,86,0
Satsunai,left,16.4,fluvial_scour,plus4K,86.2,0
Satsunai,left,16.4,fluvial_scour,plus4K,86.4,0
Satsunai,left,16.4,fluvial_scour,plus4K,86.6,0
Satsunai,left,16.4,fluvial_scour,plus4K,86.8,0
Satsunai,left,16.4,fluvial_scour,plus4K,87,0
Satsunai,left,16.4,fluvial_scour,plus4K,87.2,0
Satsunai,left,16.4,fluvial_scour,plus4K,87.4,0
Satsunai,left,16.4,fluvial_scour,plus4K,87.6,0
Satsunai,left,16.4,fluvial_scour,plus4K,87.8,0
Satsunai,left,16.4,fluvial_scour,plus4K,88,0
Satsunai,left,16.4,fluvial_scour,plus4K,88.2,0
Satsunai,left,16.4,fluvial_scour,plus4K,88.4,0
Satsunai,left,16.4,fluvial_scour,plus4K,88.6,0
Satsunai,left,16.4,fluvial_scour,plus4K,88.8,0
Satsunai,left,16.4,fluvial_scour,plus4K,89,0
Satsunai,left,16.4,fluvial_scour,plus4K,89.2,0
Satsunai,left,16.4,fluvial_scour,plus4K,89.4,0
Satsunai,left,16.4,fluvial_scour,plus4K,89.6,0
Satsunai,left,16.4,fluvial_scour,plus4K,89.8,0
Satsunai,left,16.4,fluvial_scour,plus4K,90,0
Satsunai,left,16.4,fluvial_scour,plus4K,90.2,0
Satsunai,left,16.4,fluvial_scour,plus4K,90.4,0
Satsunai,left,16.4,fluvial_scour,plus4K,90.6,0
Satsunai,left,16.4,fluvial_scour,plus4K,90.8,0
Satsunai,left,16.4,fluvial_scour,plus4K,91,0
Satsunai,left,16.6,fluvial_scour,historical,82.6,0
Satsunai,left,16.6,fluvial_scour,historical,82.8,0
Satsunai,left,16.6,fluvial_scour,historical,83,0
Satsunai,left,16.6,fluvial_scour,historical,83.2,0
Satsunai,left,16.6,fluvial_scour,historical,83.4,0
Satsunai,left,16.6,fluvial_scour,historical,83.6,0
Satsunai,left,16.6,fluvial_scour,historical,83.8,0
Satsunai,left,16.6,fluvial_scour,historical,84,0
Satsunai,left,16.6,fluvial_scour,historical,84.2,0
Satsunai,left,16.6,fluvial_scour,historical,84.4,0
Satsunai,left,16.6,fluvial_scour,historical,84.6,0
Satsunai,left,16.6,fluvial_scour,historical,84.8,0
Satsunai,left,16.6,fluvial_scour,historical,85,0
Satsunai,left,16.6,fluvial_scour,historical,85.2,0
Satsunai,left,16.6,fluvial_scour,historical,85.4,0
Satsunai,left,16.6,fluvial_scour,historical,85.6,0
Satsunai,left,16.6,fluvial_scour,historical,85.8,0
Satsunai,left,16.6,fluvial_scour,historical,86,0
Satsunai,left,16.6,fluvial_scour,historical,86.2,0
Satsunai,left,16.6,fluvial_scour,historical,86.4,0
Satsunai,left,16.6,fluvial_scour,historical,86.6,0
Satsunai,left,16.6,fluvial_scour,historical,86.8,0
Satsunai,left,16.6,fluvial_scour,historical,87,0
Satsunai,left,16.6,fluvial_scour,historical,87.2,0
Satsunai,left,16.6,fluvial_scour,historical,87.4,0
Satsunai,left,16.6,fluvial_scour,historical,87.6,0
Satsunai,left,16.6,fluvial_scour,historical,87.8,0
Satsunai,left,16.6,fluvial_scour,historical,88,0
Satsunai,left,16.6,fluvial_scour,historical,88.2,0
Satsunai,left,16.6,fluvial_scour,historical,88.4,0
Satsunai,left,16.6,fluvial_scour,historical,88.6,0
Satsunai,left,16.6,fluvial_scour,historical,88.8,0
Satsunai,left,16.6,fluvial_scour,historical,89,0
Satsunai,left,16.6,fluvial_scour,historical,89.2,0
Satsunai,left,16.6,fluvial_scour,historical,89.4,0
Satsunai,left,16.6,fluvial_scour,historical,89.6,0
Satsunai,left,16.6,fluvial_scour,historical,89.8,0
Satsunai,left,16.6,fluvial_scour,historical,90,0
Satsunai,left,16.6,fluvial_scour,historical,90.2,0
Satsunai,left,16.6,fluvial_scour,historical,90.4,0
Satsunai,left,16.6,fluvial_scour,historical,90.6,0
Satsunai,left,16.6,fluvial_scour,historical,90.8,0
Satsunai,left,16.6,fluvial_scour,historical,91,0
Satsunai,left,16.6,fluvial_scour,historical,91.2,0
Satsunai,left,16.6,fluvial_scour,historical,91.4,0
Satsunai,left,16.6,fluvial_scour,historical,91.6,0
Satsunai,left,16.6,fluvial_scour,plus4K,82.6,0
Satsunai,left,16.6,fluvial_scour,plus4K,82.8,0
Satsunai,left,16.6,fluvial_scour,plus4K,83,0
Satsunai,left,16.6,fluvial_scour,plus4K,83.2,0
Satsunai,left,16.6,fluvial_scour,plus4K,83.4,0
Satsunai,left,16.6,fluvial_scour,plus4K,83.6,0
Satsunai,left,16.6,fluvial_scour,plus4K,83.8,0
Satsunai,left,16.6,fluvial_scour,plus4K,84,0
Satsunai,left,16.6,fluvial_scour,plus4K,84.2,0
Satsunai,left,16.6,fluvial_scour,plus4K,84.4,0
Satsunai,left,16.6,fluvial_scour,plus4K,84.6,0
Satsunai,left,16.6,fluvial_scour,plus4K,84.8,0
Satsunai,left,16.6,fluvial_scour,plus4K,85,0
Satsunai,left,16.6,fluvial_scour,plus4K,85.2,0
Satsunai,left,16.6,fluvial_scour,plus4K,85.4,0
Satsunai,left,16.6,fluvial_scour,plus4K,85.6,0
Satsunai,left,16.6,fluvial_scour,plus4K,85.8,0
Satsunai,left,16.6,fluvial_scour,plus4K,86,0
Satsunai,left,16.6,fluvial_scour,plus4K,86.2,0
Satsunai,left,16.6,fluvial_scour,plus4K,86.4,0
Satsunai,left,16.6,fluvial_scour,plus4K,86.6,0
Satsunai,left,16.6,fluvial_scour,plus4K,86.8,0
Satsunai,left,16.6,fluvial_scour,plus4K,87,0
Satsunai,left,16.6,fluvial_scour,plus4K,87.2,0
Satsunai,left,16.6,fluvial_scour,plus4K,87.4,0
Satsunai,left,16.6,fluvial_scour,plus4K,87.6,0
Satsunai,left,16.6,fluvial_scour,plus4K,87.8,0
Satsunai,left,16.6,fluvial_scour,plus4K,88,0
Satsunai,left,16.6,fluvial_scour,plus4K,88.2,0
Satsunai,left,16.6,fluvial_scour,plus4K,88.4,0
Satsunai,left,16.6,fluvial_scour,plus4K,88.6,0
Satsunai,left,16.6,fluvial_scour,plus4K,88.8,0
Satsunai,left,16.6,fluvial_scour,plus4K,89,0
Satsunai,left,16.6,fluvial_scour,plus4K,89.2,0
Satsunai,left,16.6,fluvial_scour,plus4K,89.4,0
Satsunai,left,16.6,fluvial_scour,plus4K,89.6,0
Satsunai,left,16.6,fluvial_scour,plus4K,89.8,0
Satsunai,left,16.6,fluvial_scour,plus4K,90,0
Satsunai,left,16.6,fluvial_scour,plus4K,90.2,0
Satsunai,left,16.6,fluvial_scour,plus4K,90.4,0
Satsunai,left,16.6,fluvial_scour,plus4K,90.6,0
Satsunai,left,16.6,fluvial_scour,plus4K,90.8,0
Satsunai,left,16.6,fluvial_scour,plus4K,91,0
Satsunai,left,16.6,fluvial_scour,plus4K,91.2,0
Satsunai,left,16.6,fluvial_scour,plus4K,91.4,0
Satsunai,left,16.6,fluvial_scour,plus4K,91.6,0
Tokachi,right,53.8,fluvial_scour,historical,30.8,0
Tokachi,right,53.8,fluvial_scour,historical,31,0
Tokachi,right,53.8,fluvial_scour,historical,31.2,0
Tokachi,right,53.8,fluvial_scour,historical,31.4,0
Tokachi,right,53.8,fluvial_scour,historical,31.6,0
Tokachi,right,53.8,fluvial_scour,historical,31.8,0
Tokachi,right,53.8,fluvial_scour,historical,32,0
Tokachi,right,53.8,fluvial_scour,historical,32.2,0
Tokachi,right,53.8,fluvial_scour,historical,32.4,0
Tokachi,right,53.8,fluvial_scour,historical,32.6,0
Tokachi,right,53.8,fluvial_scour,historical,32.8,0
Tokachi,right,53.8,fluvial_scour,historical,33,0
Tokachi,right,53.8,fluvial_scour,historical,33.2,0
Tokachi,right,53.8,fluvial_scour,historical,33.4,0
Tokachi,right,53.8,fluvial_scour,historical,33.6,0
Tokachi,right,53.8,fluvial_scour,historical,33.8,0
Tokachi,right,53.8,fluvial_scour,historical,34,0
Tokachi,right,53.8,fluvial_scour,historical,34.2,0
Tokachi,right,53.8,fluvial_scour,historical,34.4,0
Tokachi,right,53.8,fluvial_scour,historical,34.6,0
Tokachi,right,53.8,fluvial_scour,historical,34.8,0
Tokachi,right,53.8,fluvial_scour,historical,35,0
Tokachi,right,53.8,fluvial_scour,historical,35.2,0
Tokachi,right,53.8,fluvial_scour,historical,35.4,0
Tokachi,right,53.8,fluvial_scour,historical,35.6,0
Tokachi,right,53.8,fluvial_scour,historical,35.8,0
Tokachi,right,53.8,fluvial_scour,historical,36,0
Tokachi,right,53.8,fluvial_scour,historical,36.2,0
Tokachi,right,53.8,fluvial_scour,historical,36.4,0
Tokachi,right,53.8,fluvial_scour,historical,36.6,0
Tokachi,right,53.8,fluvial_scour,historical,36.8,0
Tokachi,right,53.8,fluvial_scour,historical,37,0
Tokachi,right,53.8,fluvial_scour,historical,37.2,0
Tokachi,right,53.8,fluvial_scour,historical,37.4,0
Tokachi,right,53.8,fluvial_scour,historical,37.6,0
Tokachi,right,53.8,fluvial_scour,historical,37.8,0
Tokachi,right,53.8,fluvial_scour,historical,38,0
Tokachi,right,53.8,fluvial_scour,historical,38.2,0
Tokachi,right,53.8,fluvial_scour,historical,38.4,0
Tokachi,right,53.8,fluvial_scour,historical,38.6,0
Tokachi,right,53.8,fluvial_scour,historical,38.8,0
Tokachi,right,53.8,fluvial_scour,historical,39,0
Tokachi,right,53.8,fluvial_scour,historical,39.2,0
Tokachi,right,53.8,fluvial_scour,historical,39.4,0
Tokachi,right,53.8,fluvial_scour,plus4K,30.8,0
Tokachi,right,53.8,fluvial_scour,plus4K,31,0
Tokachi,right,53.8,fluvial_scour,plus4K,31.2,0
Tokachi,right,53.8,fluvial_scour,plus4K,31.4,0
Tokachi,right,53.8,fluvial_scour,plus4K,31.6,0
Tokachi,right,53.8,fluvial_scour,plus4K,31.8,0
Tokachi,right,53.8,fluvial_scour,plus4K,32,0
Tokachi,right,53.8,fluvial_scour,plus4K,32.2,0
Tokachi,right,53.8,fluvial_scour,plus4K,32.4,0
Tokachi,right,53.8,fluvial_scour,plus4K,32.6,0
Tokachi,right,53.8,fluvial_scour,plus4K,32.8,0
Tokachi,right,53.8,fluvial_scour,plus4K,33,0
Tokachi,right,53.8,fluvial_scour,plus4K,33.2,0
Tokachi,right,53.8,fluvial_scour,plus4K,33.4,0
Tokachi,right,53.8,fluvial_scour,plus4K,33.6,0
Tokachi,right,53.8,fluvial_scour,plus4K,33.8,0
Tokachi,right,53.8,fluvial_scour,plus4K,34,0
Tokachi,right,53.8,fluvial_scour,plus4K,34.2,0
Tokachi,right,53.8,fluvial_scour,plus4K,34.4,0
Tokachi,right,53.8,fluvial_scour,plus4K,34.6,0
Tokachi,right,53.8,fluvial_scour,plus4K,34.8,0
Tokachi,right,53.8,fluvial_scour,plus4K,35,0
Tokachi,right,53.8,fluvial_scour,plus4K,35.2,0
Tokachi,right,53.8,fluvial_scour,plus4K,35.4,0
Tokachi,right,53.8,fluvial_scour,plus4K,35.6,0
Tokachi,right,53.8,fluvial_scour,plus4K,35.8,0
Tokachi,right,53.8,fluvial_scour,plus4K,36,0
Tokachi,right,53.8,fluvial_scour,plus4K,36.2,0
Tokachi,right,53.8,fluvial_scour,plus4K,36.4,0
Tokachi,right,53.8,fluvial_scour,plus4K,36.6,0
Tokachi,right,53.8,fluvial_scour,plus4K,36.8,0
Tokachi,right,53.8,fluvial_scour,plus4K,37,0
Tokachi,right,53.8,fluvial_scour,plus4K,37.2,0
Tokachi,right,53.8,fluvial_scour,plus4K,37.4,0
Tokachi,right,53.8,fluvial_scour,plus4K,37.6,0
Tokachi,right,53.8,fluvial_scour,plus4K,37.8,0
Tokachi,right,53.8,fluvial_scour,plus4K,38,0
Tokachi,right,53.8,fluvial_scour,plus4K,38.2,0
Tokachi,right,53.8,fluvial_scour,plus4K,38.4,0
Tokachi,right,53.8,fluvial_scour,plus4K,38.6,0
Tokachi,right,53.8,fluvial_scour,plus4K,38.8,0
Tokachi,right,53.8,fluvial_scour,plus4K,39,0
Tokachi,right,53.8,fluvial_scour,plus4K,39.2,0
Tokachi,right,53.8,fluvial_scour,plus4K,39.4,0
Tokachi,right,54,fluvial_scour,historical,31.2,0
Tokachi,right,54,fluvial_scour,historical,31.4,0
Tokachi,right,54,fluvial_scour,historical,31.6,0
Tokachi,right,54,fluvial_scour,historical,31.8,0
Tokachi,right,54,fluvial_scour,historical,32,0
Tokachi,right,54,fluvial_scour,historical,32.2,0
Tokachi,right,54,fluvial_scour,historical,32.4,0
Tokachi,right,54,fluvial_scour,historical,32.6,0
Tokachi,right,54,fluvial_scour,historical,32.8,0
Tokachi,right,54,fluvial_scour,historical,33,0
Tokachi,right,54,fluvial_scour,historical,33.2,0
Tokachi,right,54,fluvial_scour,historical,33.4,0
Tokachi,right,54,fluvial_scour,historical,33.6,0
Tokachi,right,54,fluvial_scour,historical,33.8,0
Tokachi,right,54,fluvial_scour,historical,34,0
Tokachi,right,54,fluvial_scour,historical,34.2,0
Tokachi,right,54,fluvial_scour,historical,34.4,0
Tokachi,right,54,fluvial_scour,historical,34.6,0
Tokachi,right,54,fluvial_scour,historical,34.8,0
Tokachi,right,54,fluvial_scour,historical,35,0
Tokachi,right,54,fluvial_scour,historical,35.2,0
Tokachi,right,54,fluvial_scour,historical,35.4,0
Tokachi,right,54,fluvial_scour,historical,35.6,0
Tokachi,right,54,fluvial_scour,historical,35.8,0
Tokachi,right,54,fluvial_scour,historical,36,0
Tokachi,right,54,fluvial_scour,historical,36.2,0
Tokachi,right,54,fluvial_scour,historical,36.4,0
Tokachi,right,54,fluvial_scour,historical,36.6,0
Tokachi,right,54,fluvial_scour,historical,36.8,0
Tokachi,right,54,fluvial_scour,historical,37,0
Tokachi,right,54,fluvial_scour,historical,37.2,0
Tokachi,right,54,fluvial_scour,historical,37.4,0
Tokachi,right,54,fluvial_scour,historical,37.6,0
Tokachi,right,54,fluvial_scour,historical,37.8,0
Tokachi,right,54,fluvial_scour,historical,38,0
Tokachi,right,54,fluvial_scour,historical,38.2,0
Tokachi,right,54,fluvial_scour,historical,38.4,0
Tokachi,right,54,fluvial_scour,historical,38.6,0
Tokachi,right,54,fluvial_scour,historical,38.8,0
Tokachi,right,54,fluvial_scour,historical,39,0
Tokachi,right,54,fluvial_scour,historical,39.2,0
Tokachi,right,54,fluvial_scour,historical,39.4,0
Tokachi,right,54,fluvial_scour,plus4K,31.2,0
Tokachi,right,54,fluvial_scour,plus4K,31.4,0
Tokachi,right,54,fluvial_scour,plus4K,31.6,0
Tokachi,right,54,fluvial_scour,plus4K,31.8,0
Tokachi,right,54,fluvial_scour,plus4K,32,0
Tokachi,right,54,fluvial_scour,plus4K,32.2,0
Tokachi,right,54,fluvial_scour,plus4K,32.4,0
Tokachi,right,54,fluvial_scour,plus4K,32.6,0
Tokachi,right,54,fluvial_scour,plus4K,32.8,0
Tokachi,right,54,fluvial_scour,plus4K,33,0
Tokachi,right,54,fluvial_scour,plus4K,33.2,0
Tokachi,right,54,fluvial_scour,plus4K,33.4,0
Tokachi,right,54,fluvial_scour,plus4K,33.6,0
Tokachi,right,54,fluvial_scour,plus4K,33.8,0
Tokachi,right,54,fluvial_scour,plus4K,34,0
Tokachi,right,54,fluvial_scour,plus4K,34.2,0
Tokachi,right,54,fluvial_scour,plus4K,34.4,0
Tokachi,right,54,fluvial_scour,plus4K,34.6,0
Tokachi,right,54,fluvial_scour,plus4K,34.8,0
Tokachi,right,54,fluvial_scour,plus4K,35,0
Tokachi,right,54,fluvial_scour,plus4K,35.2,0
Tokachi,right,54,fluvial_scour,plus4K,35.4,0
Tokachi,right,54,fluvial_scour,plus4K,35.6,0
Tokachi,right,54,fluvial_scour,plus4K,35.8,0
Tokachi,right,54,fluvial_scour,plus4K,36,0
Tokachi,right,54,fluvial_scour,plus4K,36.2,0
Tokachi,right,54,fluvial_scour,plus4K,36.4,0
Tokachi,right,54,fluvial_scour,plus4K,36.6,0
Tokachi,right,54,fluvial_scour,plus4K,36.8,0
Tokachi,right,54,fluvial_scour,plus4K,37,0
Tokachi,right,54,fluvial_scour,plus4K,37.2,0
Tokachi,right,54,fluvial_scour,plus4K,37.4,0
Tokachi,right,54,fluvial_scour,plus4K,37.6,0
Tokachi,right,54,fluvial_scour,plus4K,37.8,0
Tokachi,right,54,fluvial_scour,plus4K,38,0
Tokachi,right,54,fluvial_scour,plus4K,38.2,0
Tokachi,right,54,fluvial_scour,plus4K,38.4,0
Tokachi,right,54,fluvial_scour,plus4K,38.6,0
Tokachi,right,54,fluvial_scour,plus4K,38.8,0
Tokachi,right,54,fluvial_scour,plus4K,39,0
Tokachi,right,54,fluvial_scour,plus4K,39.2,0
Tokachi,right,54,fluvial_scour,plus4K,39.4,0
Tokachi,right,54.2,fluvial_scour,historical,31.8,0
Tokachi,right,54.2,fluvial_scour,historical,32,0
Tokachi,right,54.2,fluvial_scour,historical,32.2,0
Tokachi,right,54.2,fluvial_scour,historical,32.4,0
Tokachi,right,54.2,fluvial_scour,historical,32.6,0
Tokachi,right,54.2,fluvial_scour,historical,32.8,0
Tokachi,right,54.2,fluvial_scour,historical,33,0
Tokachi,right,54.2,fluvial_scour,historical,33.2,0
Tokachi,right,54.2,fluvial_scour,historical,33.4,0
Tokachi,right,54.2,fluvial_scour,historical,33.6,0
Tokachi,right,54.2,fluvial_scour,historical,33.8,0
Tokachi,right,54.2,fluvial_scour,historical,34,0
Tokachi,right,54.2,fluvial_scour,historical,34.2,0
Tokachi,right,54.2,fluvial_scour,historical,34.4,0
Tokachi,right,54.2,fluvial_scour,historical,34.6,0
Tokachi,right,54.2,fluvial_scour,historical,34.8,0
Tokachi,right,54.2,fluvial_scour,historical,35,0
Tokachi,right,54.2,fluvial_scour,historical,35.2,0
Tokachi,right,54.2,fluvial_scour,historical,35.4,0
Tokachi,right,54.2,fluvial_scour,historical,35.6,0
Tokachi,right,54.2,fluvial_scour,historical,35.8,0
Tokachi,right,54.2,fluvial_scour,historical,36,0
Tokachi,right,54.2,fluvial_scour,historical,36.2,0
Tokachi,right,54.2,fluvial_scour,historical,36.4,0
Tokachi,right,54.2,fluvial_scour,historical,36.6,0
Tokachi,right,54.2,fluvial_scour,historical,36.8,0
Tokachi,right,54.2,fluvial_scour,historical,37,0
Tokachi,right,54.2,fluvial_scour,historical,37.2,0
Tokachi,right,54.2,fluvial_scour,historical,37.4,0
Tokachi,right,54.2,fluvial_scour,historical,37.6,0
Tokachi,right,54.2,fluvial_scour,historical,37.8,0
Tokachi,right,54.2,fluvial_scour,historical,38,0
Tokachi,right,54.2,fluvial_scour,historical,38.2,0
Tokachi,right,54.2,fluvial_scour,historical,38.4,0
Tokachi,right,54.2,fluvial_scour,historical,38.6,0
Tokachi,right,54.2,fluvial_scour,historical,38.8,0
Tokachi,right,54.2,fluvial_scour,historical,39,0
Tokachi,right,54.2,fluvial_scour,historical,39.2,0
Tokachi,right,54.2,fluvial_scour,historical,39.4,0
Tokachi,right,54.2,fluvial_scour,historical,39.6,0
Tokachi,right,54.2,fluvial_scour,historical,39.8,0
Tokachi,right,54.2,fluvial_scour,plus4K,31.8,0
Tokachi,right,54.2,fluvial_scour,plus4K,32,0
Tokachi,right,54.2,fluvial_scour,plus4K,32.2,0
Tokachi,right,54.2,fluvial_scour,plus4K,32.4,0
Tokachi,right,54.2,fluvial_scour,plus4K,32.6,0
Tokachi,right,54.2,fluvial_scour,plus4K,32.8,0
Tokachi,right,54.2,fluvial_scour,plus4K,33,0
Tokachi,right,54.2,fluvial_scour,plus4K,33.2,0
Tokachi,right,54.2,fluvial_scour,plus4K,33.4,0
Tokachi,right,54.2,fluvial_scour,plus4K,33.6,0
Tokachi,right,54.2,fluvial_scour,plus4K,33.8,0
Tokachi,right,54.2,fluvial_scour,plus4K,34,0
Tokachi,right,54.2,fluvial_scour,plus4K,34.2,0
Tokachi,right,54.2,fluvial_scour,plus4K,34.4,0
Tokachi,right,54.2,fluvial_scour,plus4K,34.6,0
Tokachi,right,54.2,fluvial_scour,plus4K,34.8,0
Tokachi,right,54.2,fluvial_scour,plus4K,35,0
Tokachi,right,54.2,fluvial_scour,plus4K,35.2,0
Tokachi,right,54.2,fluvial_scour,plus4K,35.4,0
Tokachi,right,54.2,fluvial_scour,plus4K,35.6,0
Tokachi,right,54.2,fluvial_scour,plus4K,35.8,0
Tokachi,right,54.2,fluvial_scour,plus4K,36,0
Tokachi,right,54.2,fluvial_scour,plus4K,36.2,0
Tokachi,right,54.2,fluvial_scour,plus4K,36.4,0
Tokachi,right,54.2,fluvial_scour,plus4K,36.6,0
Tokachi,right,54.2,fluvial_scour,plus4K,36.8,0
Tokachi,right,54.2,fluvial_scour,plus4K,37,0
Tokachi,right,54.2,fluvial_scour,plus4K,37.2,0
Tokachi,right,54.2,fluvial_scour,plus4K,37.4,0
Tokachi,right,54.2,fluvial_scour,plus4K,37.6,0
Tokachi,right,54.2,fluvial_scour,plus4K,37.8,0
Tokachi,right,54.2,fluvial_scour,plus4K,38,0
Tokachi,right,54.2,fluvial_scour,plus4K,38.2,0
Tokachi,right,54.2,fluvial_scour,plus4K,38.4,0
Tokachi,right,54.2,fluvial_scour,plus4K,38.6,0
Tokachi,right,54.2,fluvial_scour,plus4K,38.8,0
Tokachi,right,54.2,fluvial_scour,plus4K,39,0
Tokachi,right,54.2,fluvial_scour,plus4K,39.2,0
Tokachi,right,54.2,fluvial_scour,plus4K,39.4,0
Tokachi,right,54.2,fluvial_scour,plus4K,39.6,0
Tokachi,right,54.2,fluvial_scour,plus4K,39.8,0
Tokachi,right,54.4,fluvial_scour,historical,32.2,0
Tokachi,right,54.4,fluvial_scour,historical,32.4,0
Tokachi,right,54.4,fluvial_scour,historical,32.6,0
Tokachi,right,54.4,fluvial_scour,historical,32.8,0
Tokachi,right,54.4,fluvial_scour,historical,33,0
Tokachi,right,54.4,fluvial_scour,historical,33.2,0
Tokachi,right,54.4,fluvial_scour,historical,33.4,0
Tokachi,right,54.4,fluvial_scour,historical,33.6,0
Tokachi,right,54.4,fluvial_scour,historical,33.8,0
Tokachi,right,54.4,fluvial_scour,historical,34,0
Tokachi,right,54.4,fluvial_scour,historical,34.2,0
Tokachi,right,54.4,fluvial_scour,historical,34.4,0
Tokachi,right,54.4,fluvial_scour,historical,34.6,0
Tokachi,right,54.4,fluvial_scour,historical,34.8,0
Tokachi,right,54.4,fluvial_scour,historical,35,0
Tokachi,right,54.4,fluvial_scour,historical,35.2,0
Tokachi,right,54.4,fluvial_scour,historical,35.4,0
Tokachi,right,54.4,fluvial_scour,historical,35.6,0
Tokachi,right,54.4,fluvial_scour,historical,35.8,0
Tokachi,right,54.4,fluvial_scour,historical,36,0
Tokachi,right,54.4,fluvial_scour,historical,36.2,0
Tokachi,right,54.4,fluvial_scour,historical,36.4,0
Tokachi,right,54.4,fluvial_scour,historical,36.6,0
Tokachi,right,54.4,fluvial_scour,historical,36.8,0
Tokachi,right,54.4,fluvial_scour,historical,37,0
Tokachi,right,54.4,fluvial_scour,historical,37.2,0
Tokachi,right,54.4,fluvial_scour,historical,37.4,0
Tokachi,right,54.4,fluvial_scour,historical,37.6,0
Tokachi,right,54.4,fluvial_scour,historical,37.8,0
Tokachi,right,54.4,fluvial_scour,historical,38,0
Tokachi,right,54.4,fluvial_scour,historical,38.2,0
Tokachi,right,54.4,fluvial_scour,historical,38.4,0
Tokachi,right,54.4,fluvial_scour,historical,38.6,0
Tokachi,right,54.4,fluvial_scour,historical,38.8,0
Tokachi,right,54.4,fluvial_scour,historical,39,0
Tokachi,right,54.4,fluvial_scour,historical,39.2,0
Tokachi,right,54.4,fluvial_scour,historical,39.4,0
Tokachi,right,54.4,fluvial_scour,historical,39.6,0
Tokachi,right,54.4,fluvial_scour,historical,39.8,0
Tokachi,right,54.4,fluvial_scour,historical,40,0
Tokachi,right,54.4,fluvial_scour,plus4K,32.2,0
Tokachi,right,54.4,fluvial_scour,plus4K,32.4,0
Tokachi,right,54.4,fluvial_scour,plus4K,32.6,0
Tokachi,right,54.4,fluvial_scour,plus4K,32.8,0
Tokachi,right,54.4,fluvial_scour,plus4K,33,0
Tokachi,right,54.4,fluvial_scour,plus4K,33.2,0
Tokachi,right,54.4,fluvial_scour,plus4K,33.4,0
Tokachi,right,54.4,fluvial_scour,plus4K,33.6,0
Tokachi,right,54.4,fluvial_scour,plus4K,33.8,0
Tokachi,right,54.4,fluvial_scour,plus4K,34,0
Tokachi,right,54.4,fluvial_scour,plus4K,34.2,0
Tokachi,right,54.4,fluvial_scour,plus4K,34.4,0
Tokachi,right,54.4,fluvial_scour,plus4K,34.6,0
Tokachi,right,54.4,fluvial_scour,plus4K,34.8,0
Tokachi,right,54.4,fluvial_scour,plus4K,35,0
Tokachi,right,54.4,fluvial_scour,plus4K,35.2,0
Tokachi,right,54.4,fluvial_scour,plus4K,35.4,0
Tokachi,right,54.4,fluvial_scour,plus4K,35.6,0
Tokachi,right,54.4,fluvial_scour,plus4K,35.8,0
Tokachi,right,54.4,fluvial_scour,plus4K,36,0
Tokachi,right,54.4,fluvial_scour,plus4K,36.2,0
Tokachi,right,54.4,fluvial_scour,plus4K,36.4,0
Tokachi,right,54.4,fluvial_scour,plus4K,36.6,0
Tokachi,right,54.4,fluvial_scour,plus4K,36.8,0
Tokachi,right,54.4,fluvial_scour,plus4K,37,0
Tokachi,right,54.4,fluvial_scour,plus4K,37.2,0
Tokachi,right,54.4,fluvial_scour,plus4K,37.4,0
Tokachi,right,54.4,fluvial_scour,plus4K,37.6,0
Tokachi,right,54.4,fluvial_scour,plus4K,37.8,0
Tokachi,right,54.4,fluvial_scour,plus4K,38,0
Tokachi,right,54.4,fluvial_scour,plus4K,38.2,0
Tokachi,right,54.4,fluvial_scour,plus4K,38.4,0
Tokachi,right,54.4,fluvial_scour,plus4K,38.6,0
Tokachi,right,54.4,fluvial_scour,plus4K,38.8,0
Tokachi,right,54.4,fluvial_scour,plus4K,39,0
Tokachi,right,54.4,fluvial_scour,plus4K,39.2,0
Tokachi,right,54.4,fluvial_scour,plus4K,39.4,0
Tokachi,right,54.4,fluvial_scour,plus4K,39.6,0
Tokachi,right,54.4,fluvial_scour,plus4K,39.8,0
Tokachi,right,54.4,fluvial_scour,plus4K,40,0
Tokachi,right,54.6,fluvial_scour,historical,32.4,0
Tokachi,right,54.6,fluvial_scour,historical,32.6,0
Tokachi,right,54.6,fluvial_scour,historical,32.8,0
Tokachi,right,54.6,fluvial_scour,historical,33,0
Tokachi,right,54.6,fluvial_scour,historical,33.2,0
Tokachi,right,54.6,fluvial_scour,historical,33.4,0
Tokachi,right,54.6,fluvial_scour,historical,33.6,0
Tokachi,right,54.6,fluvial_scour,historical,33.8,0
Tokachi,right,54.6,fluvial_scour,historical,34,0
Tokachi,right,54.6,fluvial_scour,historical,34.2,0
Tokachi,right,54.6,fluvial_scour,historical,34.4,0
Tokachi,right,54.6,fluvial_scour,historical,34.6,0
Tokachi,right,54.6,fluvial_scour,historical,34.8,0
Tokachi,right,54.6,fluvial_scour,historical,35,0
Tokachi,right,54.6,fluvial_scour,historical,35.2,0
Tokachi,right,54.6,fluvial_scour,historical,35.4,0
Tokachi,right,54.6,fluvial_scour,historical,35.6,0
Tokachi,right,54.6,fluvial_scour,historical,35.8,0
Tokachi,right,54.6,fluvial_scour,historical,36,0
Tokachi,right,54.6,fluvial_scour,historical,36.2,0
Tokachi,right,54.6,fluvial_scour,historical,36.4,0
Tokachi,right,54.6,fluvial_scour,historical,36.6,0
Tokachi,right,54.6,fluvial_scour,historical,36.8,0
Tokachi,right,54.6,fluvial_scour,historical,37,0
Tokachi,right,54.6,fluvial_scour,historical,37.2,0
Tokachi,right,54.6,fluvial_scour,historical,37.4,0
Tokachi,right,54.6,fluvial_scour,historical,37.6,0
Tokachi,right,54.6,fluvial_scour,historical,37.8,0
Tokachi,right,54.6,fluvial_scour,historical,38,0
Tokachi,right,54.6,fluvial_scour,historical,38.2,0
Tokachi,right,54.6,fluvial_scour,historical,38.4,0
Tokachi,right,54.6,fluvial_scour,historical,38.6,0
Tokachi,right,54.6,fluvial_scour,historical,38.8,0
Tokachi,right,54.6,fluvial_scour,historical,39,0
Tokachi,right,54.6,fluvial_scour,historical,39.2,0
Tokachi,right,54.6,fluvial_scour,historical,39.4,0
Tokachi,right,54.6,fluvial_scour,historical,39.6,0
Tokachi,right,54.6,fluvial_scour,historical,39.8,0
Tokachi,right,54.6,fluvial_scour,historical,40,0
Tokachi,right,54.6,fluvial_scour,historical,40.2,0
Tokachi,right,54.6,fluvial_scour,historical,40.4,0
Tokachi,right,54.6,fluvial_scour,plus4K,32.4,0
Tokachi,right,54.6,fluvial_scour,plus4K,32.6,0
Tokachi,right,54.6,fluvial_scour,plus4K,32.8,0
Tokachi,right,54.6,fluvial_scour,plus4K,33,0
Tokachi,right,54.6,fluvial_scour,plus4K,33.2,0
Tokachi,right,54.6,fluvial_scour,plus4K,33.4,0
Tokachi,right,54.6,fluvial_scour,plus4K,33.6,0
Tokachi,right,54.6,fluvial_scour,plus4K,33.8,0
Tokachi,right,54.6,fluvial_scour,plus4K,34,0
Tokachi,right,54.6,fluvial_scour,plus4K,34.2,0
Tokachi,right,54.6,fluvial_scour,plus4K,34.4,0
Tokachi,right,54.6,fluvial_scour,plus4K,34.6,0
Tokachi,right,54.6,fluvial_scour,plus4K,34.8,0
Tokachi,right,54.6,fluvial_scour,plus4K,35,0
Tokachi,right,54.6,fluvial_scour,plus4K,35.2,0
Tokachi,right,54.6,fluvial_scour,plus4K,35.4,0
Tokachi,right,54.6,fluvial_scour,plus4K,35.6,0
Tokachi,right,54.6,fluvial_scour,plus4K,35.8,0
Tokachi,right,54.6,fluvial_scour,plus4K,36,0
Tokachi,right,54.6,fluvial_scour,plus4K,36.2,0
Tokachi,right,54.6,fluvial_scour,plus4K,36.4,0
Tokachi,right,54.6,fluvial_scour,plus4K,36.6,0
Tokachi,right,54.6,fluvial_scour,plus4K,36.8,0
Tokachi,right,54.6,fluvial_scour,plus4K,37,0
Tokachi,right,54.6,fluvial_scour,plus4K,37.2,0
Tokachi,right,54.6,fluvial_scour,plus4K,37.4,0
Tokachi,right,54.6,fluvial_scour,plus4K,37.6,0
Tokachi,right,54.6,fluvial_scour,plus4K,37.8,0
Tokachi,right,54.6,fluvial_scour,plus4K,38,0
Tokachi,right,54.6,fluvial_scour,plus4K,38.2,0
Tokachi,right,54.6,fluvial_scour,plus4K,38.4,0
Tokachi,right,54.6,fluvial_scour,plus4K,38.6,0
Tokachi,right,54.6,fluvial_scour,plus4K,38.8,0
Tokachi,right,54.6,fluvial_scour,plus4K,39,0
Tokachi,right,54.6,fluvial_scour,plus4K,39.2,0
Tokachi,right,54.6,fluvial_scour,plus4K,39.4,0
Tokachi,right,54.6,fluvial_scour,plus4K,39.6,0
Tokachi,right,54.6,fluvial_scour,plus4K,39.8,0
Tokachi,right,54.6,fluvial_scour,plus4K,40,0
Tokachi,right,54.6,fluvial_scour,plus4K,40.2,0
Tokachi,right,54.6,fluvial_scour,plus4K,40.4,0
Tokachi,right,54.8,fluvial_scour,historical,32.6,0
Tokachi,right,54.8,fluvial_scour,historical,32.8,0
Tokachi,right,54.8,fluvial_scour,historical,33,0
Tokachi,right,54.8,fluvial_scour,historical,33.2,0
Tokachi,right,54.8,fluvial_scour,historical,33.4,0
Tokachi,right,54.8,fluvial_scour,historical,33.6,0
Tokachi,right,54.8,fluvial_scour,historical,33.8,0
Tokachi,right,54.8,fluvial_scour,historical,34,0
Tokachi,right,54.8,fluvial_scour,historical,34.2,0
Tokachi,right,54.8,fluvial_scour,historical,34.4,0
Tokachi,right,54.8,fluvial_scour,historical,34.6,0
Tokachi,right,54.8,fluvial_scour,historical,34.8,0
Tokachi,right,54.8,fluvial_scour,historical,35,0
Tokachi,right,54.8,fluvial_scour,historical,35.2,0
Tokachi,right,54.8,fluvial_scour,historical,35.4,0
Tokachi,right,54.8,fluvial_scour,historical,35.6,0
Tokachi,right,54.8,fluvial_scour,historical,35.8,0
Tokachi,right,54.8,fluvial_scour,historical,36,0
Tokachi,right,54.8,fluvial_scour,historical,36.2,0
Tokachi,right,54.8,fluvial_scour,historical,36.4,0
Tokachi,right,54.8,fluvial_scour,historical,36.6,0
Tokachi,right,54.8,fluvial_scour,historical,36.8,0
Tokachi,right,54.8,fluvial_scour,historical,37,0
Tokachi,right,54.8,fluvial_scour,historical,37.2,0
Tokachi,right,54.8,fluvial_scour,historical,37.4,0
Tokachi,right,54.8,fluvial_scour,historical,37.6,0
Tokachi,right,54.8,fluvial_scour,historical,37.8,0
Tokachi,right,54.8,fluvial_scour,historical,38,0
Tokachi,right,54.8,fluvial_scour,historical,38.2,0
Tokachi,right,54.8,fluvial_scour,historical,38.4,0
Tokachi,right,54.8,fluvial_scour,historical,38.6,0
Tokachi,right,54.8,fluvial_scour,historical,38.8,0
Tokachi,right,54.8,fluvial_scour,historical,39,0
Tokachi,right,54.8,fluvial_scour,historical,39.2,0
Tokachi,right,54.8,fluvial_scour,historical,39.4,0
Tokachi,right,54.8,fluvial_scour,historical,39.6,0
Tokachi,right,54.8,fluvial_scour,historical,39.8,0
Tokachi,right,54.8,fluvial_scour,historical,40,0
Tokachi,right,54.8,fluvial_scour,historical,40.2,0
Tokachi,right,54.8,fluvial_scour,historical,40.4,0
Tokachi,right,54.8,fluvial_scour,historical,40.6,0
Tokachi,right,54.8,fluvial_scour,plus4K,32.6,0
Tokachi,right,54.8,fluvial_scour,plus4K,32.8,0
Tokachi,right,54.8,fluvial_scour,plus4K,33,0
Tokachi,right,54.8,fluvial_scour,plus4K,33.2,0
Tokachi,right,54.8,fluvial_scour,plus4K,33.4,0
Tokachi,right,54.8,fluvial_scour,plus4K,33.6,0
Tokachi,right,54.8,fluvial_scour,plus4K,33.8,0
Tokachi,right,54.8,fluvial_scour,plus4K,34,0
Tokachi,right,54.8,fluvial_scour,plus4K,34.2,0
Tokachi,right,54.8,fluvial_scour,plus4K,34.4,0
Tokachi,right,54.8,fluvial_scour,plus4K,34.6,0
Tokachi,right,54.8,fluvial_scour,plus4K,34.8,0
Tokachi,right,54.8,fluvial_scour,plus4K,35,0
Tokachi,right,54.8,fluvial_scour,plus4K,35.2,0
Tokachi,right,54.8,fluvial_scour,plus4K,35.4,0
Tokachi,right,54.8,fluvial_scour,plus4K,35.6,0
Tokachi,right,54.8,fluvial_scour,plus4K,35.8,0
Tokachi,right,54.8,fluvial_scour,plus4K,36,0
Tokachi,right,54.8,fluvial_scour,plus4K,36.2,0
Tokachi,right,54.8,fluvial_scour,plus4K,36.4,0
Tokachi,right,54.8,fluvial_scour,plus4K,36.6,0
Tokachi,right,54.8,fluvial_scour,plus4K,36.8,0
Tokachi,right,54.8,fluvial_scour,plus4K,37,0
Tokachi,right,54.8,fluvial_scour,plus4K,37.2,0
Tokachi,right,54.8,fluvial_scour,plus4K,37.4,0
Tokachi,right,54.8,fluvial_scour,plus4K,37.6,0
Tokachi,right,54.8,fluvial_scour,plus4K,37.8,0
Tokachi,right,54.8,fluvial_scour,plus4K,38,0
Tokachi,right,54.8,fluvial_scour,plus4K,38.2,0
Tokachi,right,54.8,fluvial_scour,plus4K,38.4,0
Tokachi,right,54.8,fluvial_scour,plus4K,38.6,0
Tokachi,right,54.8,fluvial_scour,plus4K,38.8,0
Tokachi,right,54.8,fluvial_scour,plus4K,39,0
Tokachi,right,54.8,fluvial_scour,plus4K,39.2,0
Tokachi,right,54.8,fluvial_scour,plus4K,39.4,0
Tokachi,right,54.8,fluvial_scour,plus4K,39.6,0
Tokachi,right,54.8,fluvial_scour,plus4K,39.8,0
Tokachi,right,54.8,fluvial_scour,plus4K,40,0
Tokachi,right,54.8,fluvial_scour,plus4K,40.2,0
Tokachi,right,54.8,fluvial_scour,plus4K,40.4,0
Tokachi,right,54.8,fluvial_scour,plus4K,40.6,0
Tokachi,right,55,fluvial_scour,historical,33,0
Tokachi,right,55,fluvial_scour,historical,33.2,0
Tokachi,right,55,fluvial_scour,historical,33.4,0
Tokachi,right,55,fluvial_scour,historical,33.6,0
Tokachi,right,55,fluvial_scour,historical,33.8,0
Tokachi,right,55,fluvial_scour,historical,34,0
Tokachi,right,55,fluvial_scour,historical,34.2,0
Tokachi,right,55,fluvial_scour,historical,34.4,0
Tokachi,right,55,fluvial_scour,historical,34.6,0
Tokachi,right,55,fluvial_scour,historical,34.8,0
Tokachi,right,55,fluvial_scour,historical,35,0
Tokachi,right,55,fluvial_scour,historical,35.2,0
Tokachi,right,55,fluvial_scour,historical,35.4,0
Tokachi,right,55,fluvial_scour,historical,35.6,0
Tokachi,right,55,fluvial_scour,historical,35.8,0
Tokachi,right,55,fluvial_scour,historical,36,0
Tokachi,right,55,fluvial_scour,historical,36.2,0
Tokachi,right,55,fluvial_scour,historical,36.4,0
Tokachi,right,55,fluvial_scour,historical,36.6,0
Tokachi,right,55,fluvial_scour,historical,36.8,0
Tokachi,right,55,fluvial_scour,historical,37,0
Tokachi,right,55,fluvial_scour,historical,37.2,0
Tokachi,right,55,fluvial_scour,historical,37.4,0
Tokachi,right,55,fluvial_scour,historical,37.6,0
Tokachi,right,55,fluvial_scour,historical,37.8,0
Tokachi,right,55,fluvial_scour,historical,38,0
Tokachi,right,55,fluvial_scour,historical,38.2,0
Tokachi,right,55,fluvial_scour,historical,38.4,0
Tokachi,right,55,fluvial_scour,historical,38.6,0
Tokachi,right,55,fluvial_scour,historical,38.8,0
Tokachi,right,55,fluvial_scour,historical,39,0
Tokachi,right,55,fluvial_scour,historical,39.2,0
Tokachi,right,55,fluvial_scour,historical,39.4,0
Tokachi,right,55,fluvial_scour,historical,39.6,0
Tokachi,right,55,fluvial_scour,historical,39.8,0
Tokachi,right,55,fluvial_scour,historical,40,0
Tokachi,right,55,fluvial_scour,historical,40.2,0
Tokachi,right,55,fluvial_scour,historical,40.4,0
Tokachi,right,55,fluvial_scour,historical,40.6,0
Tokachi,right,55,fluvial_scour,historical,40.8,0
Tokachi,right,55,fluvial_scour,historical,41,0
Tokachi,right,55,fluvial_scour,plus4K,33,0
Tokachi,right,55,fluvial_scour,plus4K,33.2,0
Tokachi,right,55,fluvial_scour,plus4K,33.4,0
Tokachi,right,55,fluvial_scour,plus4K,33.6,0
Tokachi,right,55,fluvial_scour,plus4K,33.8,0
Tokachi,right,55,fluvial_scour,plus4K,34,0
Tokachi,right,55,fluvial_scour,plus4K,34.2,0
Tokachi,right,55,fluvial_scour,plus4K,34.4,0
Tokachi,right,55,fluvial_scour,plus4K,34.6,0
Tokachi,right,55,fluvial_scour,plus4K,34.8,0
Tokachi,right,55,fluvial_scour,plus4K,35,0
Tokachi,right,55,fluvial_scour,plus4K,35.2,0
Tokachi,right,55,fluvial_scour,plus4K,35.4,0
Tokachi,right,55,fluvial_scour,plus4K,35.6,0
Tokachi,right,55,fluvial_scour,plus4K,35.8,0
Tokachi,right,55,fluvial_scour,plus4K,36,0
Tokachi,right,55,fluvial_scour,plus4K,36.2,0
Tokachi,right,55,fluvial_scour,plus4K,36.4,0
Tokachi,right,55,fluvial_scour,plus4K,36.6,0
Tokachi,right,55,fluvial_scour,plus4K,36.8,0
Tokachi,right,55,fluvial_scour,plus4K,37,0
Tokachi,right,55,fluvial_scour,plus4K,37.2,0
Tokachi,right,55,fluvial_scour,plus4K,37.4,0
Tokachi,right,55,fluvial_scour,plus4K,37.6,0
Tokachi,right,55,fluvial_scour,plus4K,37.8,0
Tokachi,right,55,fluvial_scour,plus4K,38,0
Tokachi,right,55,fluvial_scour,plus4K,38.2,0
Tokachi,right,55,fluvial_scour,plus4K,38.4,0
Tokachi,right,55,fluvial_scour,plus4K,38.6,0
Tokachi,right,55,fluvial_scour,plus4K,38.8,0
Tokachi,right,55,fluvial_scour,plus4K,39,0
Tokachi,right,55,fluvial_scour,plus4K,39.2,0
Tokachi,right,55,fluvial_scour,plus4K,39.4,0
Tokachi,right,55,fluvial_scour,plus4K,39.6,0
Tokachi,right,55,fluvial_scour,plus4K,39.8,0
Tokachi,right,55,fluvial_scour,plus4K,40,0
Tokachi,right,55,fluvial_scour,plus4K,40.2,0
Tokachi,right,55,fluvial_scour,plus4K,40.4,0
Tokachi,right,55,fluvial_scour,plus4K,40.6,0
Tokachi,right,55,fluvial_scour,plus4K,40.8,0
Tokachi,right,55,fluvial_scour,plus4K,41,0
Tokachi,right,55.2,fluvial_scour,historical,33.4,0
Tokachi,right,55.2,fluvial_scour,historical,33.6,0
Tokachi,right,55.2,fluvial_scour,historical,33.8,0
Tokachi,right,55.2,fluvial_scour,historical,34,0
Tokachi,right,55.2,fluvial_scour,historical,34.2,0
Tokachi,right,55.2,fluvial_scour,historical,34.4,0
Tokachi,right,55.2,fluvial_scour,historical,34.6,0
Tokachi,right,55.2,fluvial_scour,historical,34.8,0
Tokachi,right,55.2,fluvial_scour,historical,35,0
Tokachi,right,55.2,fluvial_scour,historical,35.2,0
Tokachi,right,55.2,fluvial_scour,historical,35.4,0
Tokachi,right,55.2,fluvial_scour,historical,35.6,0
Tokachi,right,55.2,fluvial_scour,historical,35.8,0
Tokachi,right,55.2,fluvial_scour,historical,36,0
Tokachi,right,55.2,fluvial_scour,historical,36.2,0
Tokachi,right,55.2,fluvial_scour,historical,36.4,0
Tokachi,right,55.2,fluvial_scour,historical,36.6,0
Tokachi,right,55.2,fluvial_scour,historical,36.8,0
Tokachi,right,55.2,fluvial_scour,historical,37,0
Tokachi,right,55.2,fluvial_scour,historical,37.2,0
Tokachi,right,55.2,fluvial_scour,historical,37.4,0
Tokachi,right,55.2,fluvial_scour,historical,37.6,0
Tokachi,right,55.2,fluvial_scour,historical,37.8,0
Tokachi,right,55.2,fluvial_scour,historical,38,0
Tokachi,right,55.2,fluvial_scour,historical,38.2,0
Tokachi,right,55.2,fluvial_scour,historical,38.4,0
Tokachi,right,55.2,fluvial_scour,historical,38.6,0
Tokachi,right,55.2,fluvial_scour,historical,38.8,0
Tokachi,right,55.2,fluvial_scour,historical,39,0
Tokachi,right,55.2,fluvial_scour,historical,39.2,0
Tokachi,right,55.2,fluvial_scour,historical,39.4,0
Tokachi,right,55.2,fluvial_scour,historical,39.6,0
Tokachi,right,55.2,fluvial_scour,historical,39.8,0
Tokachi,right,55.2,fluvial_scour,historical,40,0
Tokachi,right,55.2,fluvial_scour,historical,40.2,0
Tokachi,right,55.2,fluvial_scour,historical,40.4,0
Tokachi,right,55.2,fluvial_scour,historical,40.6,0
Tokachi,right,55.2,fluvial_scour,historical,40.8,0
Tokachi,right,55.2,fluvial_scour,historical,41,0
Tokachi,right,55.2,fluvial_scour,historical,41.2,0
Tokachi,right,55.2,fluvial_scour,plus4K,33.4,0
Tokachi,right,55.2,fluvial_scour,plus4K,33.6,0
Tokachi,right,55.2,fluvial_scour,plus4K,33.8,0
Tokachi,right,55.2,fluvial_scour,plus4K,34,0
Tokachi,right,55.2,fluvial_scour,plus4K,34.2,0
Tokachi,right,55.2,fluvial_scour,plus4K,34.4,0
Tokachi,right,55.2,fluvial_scour,plus4K,34.6,0
Tokachi,right,55.2,fluvial_scour,plus4K,34.8,0
Tokachi,right,55.2,fluvial_scour,plus4K,35,0
Tokachi,right,55.2,fluvial_scour,plus4K,35.2,0
Tokachi,right,55.2,fluvial_scour,plus4K,35.4,0
Tokachi,right,55.2,fluvial_scour,plus4K,35.6,0
Tokachi,right,55.2,fluvial_scour,plus4K,35.8,0
Tokachi,right,55.2,fluvial_scour,plus4K,36,0
Tokachi,right,55.2,fluvial_scour,plus4K,36.2,0
Tokachi,right,55.2,fluvial_scour,plus4K,36.4,0
Tokachi,right,55.2,fluvial_scour,plus4K,36.6,0
Tokachi,right,55.2,fluvial_scour,plus4K,36.8,0
Tokachi,right,55.2,fluvial_scour,plus4K,37,0
Tokachi,right,55.2,fluvial_scour,plus4K,37.2,0
Tokachi,right,55.2,fluvial_scour,plus4K,37.4,0
Tokachi,right,55.2,fluvial_scour,plus4K,37.6,0
Tokachi,right,55.2,fluvial_scour,plus4K,37.8,0
Tokachi,right,55.2,fluvial_scour,plus4K,38,0
Tokachi,right,55.2,fluvial_scour,plus4K,38.2,0
Tokachi,right,55.2,fluvial_scour,plus4K,38.4,0
Tokachi,right,55.2,fluvial_scour,plus4K,38.6,0
Tokachi,right,55.2,fluvial_scour,plus4K,38.8,0
Tokachi,right,55.2,fluvial_scour,plus4K,39,0
Tokachi,right,55.2,fluvial_scour,plus4K,39.2,0
Tokachi,right,55.2,fluvial_scour,plus4K,39.4,0
Tokachi,right,55.2,fluvial_scour,plus4K,39.6,0
Tokachi,right,55.2,fluvial_scour,plus4K,39.8,0
Tokachi,right,55.2,fluvial_scour,plus4K,40,0
Tokachi,right,55.2,fluvial_scour,plus4K,40.2,0
Tokachi,right,55.2,fluvial_scour,plus4K,40.4,0
Tokachi,right,55.2,fluvial_scour,plus4K,40.6,0
Tokachi,right,55.2,fluvial_scour,plus4K,40.8,0
Tokachi,right,55.2,fluvial_scour,plus4K,41,0
Tokachi,right,55.2,fluvial_scour,plus4K,41.2,0
Tokachi,right,55.4,fluvial_scour,historical,33.8,0
Tokachi,right,55.4,fluvial_scour,historical,34,0
Tokachi,right,55.4,fluvial_scour,historical,34.2,0
Tokachi,right,55.4,fluvial_scour,historical,34.4,0
Tokachi,right,55.4,fluvial_scour,historical,34.6,0
Tokachi,right,55.4,fluvial_scour,historical,34.8,0
Tokachi,right,55.4,fluvial_scour,historical,35,0
Tokachi,right,55.4,fluvial_scour,historical,35.2,0
Tokachi,right,55.4,fluvial_scour,historical,35.4,0
Tokachi,right,55.4,fluvial_scour,historical,35.6,0
Tokachi,right,55.4,fluvial_scour,historical,35.8,0
Tokachi,right,55.4,fluvial_scour,historical,36,0
Tokachi,right,55.4,fluvial_scour,historical,36.2,0
Tokachi,right,55.4,fluvial_scour,historical,36.4,0
Tokachi,right,55.4,fluvial_scour,historical,36.6,0
Tokachi,right,55.4,fluvial_scour,historical,36.8,0
Tokachi,right,55.4,fluvial_scour,historical,37,0
Tokachi,right,55.4,fluvial_scour,historical,37.2,0
Tokachi,right,55.4,fluvial_scour,historical,37.4,0
Tokachi,right,55.4,fluvial_scour,historical,37.6,0
Tokachi,right,55.4,fluvial_scour,historical,37.8,0
Tokachi,right,55.4,fluvial_scour,historical,38,0
Tokachi,right,55.4,fluvial_scour,historical,38.2,0
Tokachi,right,55.4,fluvial_scour,historical,38.4,0
Tokachi,right,55.4,fluvial_scour,historical,38.6,0
Tokachi,right,55.4,fluvial_scour,historical,38.8,0
Tokachi,right,55.4,fluvial_scour,historical,39,0
Tokachi,right,55.4,fluvial_scour,historical,39.2,0
Tokachi,right,55.4,fluvial_scour,historical,39.4,0
Tokachi,right,55.4,fluvial_scour,historical,39.6,0
Tokachi,right,55.4,fluvial_scour,historical,39.8,0
Tokachi,right,55.4,fluvial_scour,historical,40,0
Tokachi,right,55.4,fluvial_scour,historical,40.2,0
Tokachi,right,55.4,fluvial_scour,historical,40.4,0
Tokachi,right,55.4,fluvial_scour,historical,40.6,0
Tokachi,right,55.4,fluvial_scour,historical,40.8,0
Tokachi,right,55.4,fluvial_scour,historical,41,0
Tokachi,right,55.4,fluvial_scour,historical,41.2,0
Tokachi,right,55.4,fluvial_scour,historical,41.4,0
Tokachi,right,55.4,fluvial_scour,historical,41.6,0
Tokachi,right,55.4,fluvial_scour,plus4K,33.8,0
Tokachi,right,55.4,fluvial_scour,plus4K,34,0
Tokachi,right,55.4,fluvial_scour,plus4K,34.2,0
Tokachi,right,55.4,fluvial_scour,plus4K,34.4,0
Tokachi,right,55.4,fluvial_scour,plus4K,34.6,0
Tokachi,right,55.4,fluvial_scour,plus4K,34.8,0
Tokachi,right,55.4,fluvial_scour,plus4K,35,0
Tokachi,right,55.4,fluvial_scour,plus4K,35.2,0
Tokachi,right,55.4,fluvial_scour,plus4K,35.4,0
Tokachi,right,55.4,fluvial_scour,plus4K,35.6,0
Tokachi,right,55.4,fluvial_scour,plus4K,35.8,0
Tokachi,right,55.4,fluvial_scour,plus4K,36,0
Tokachi,right,55.4,fluvial_scour,plus4K,36.2,0
Tokachi,right,55.4,fluvial_scour,plus4K,36.4,0
Tokachi,right,55.4,fluvial_scour,plus4K,36.6,0
Tokachi,right,55.4,fluvial_scour,plus4K,36.8,0
Tokachi,right,55.4,fluvial_scour,plus4K,37,0
Tokachi,right,55.4,fluvial_scour,plus4K,37.2,0
Tokachi,right,55.4,fluvial_scour,plus4K,37.4,0
Tokachi,right,55.4,fluvial_scour,plus4K,37.6,0
Tokachi,right,55.4,fluvial_scour,plus4K,37.8,0
Tokachi,right,55.4,fluvial_scour,plus4K,38,0
Tokachi,right,55.4,fluvial_scour,plus4K,38.2,0
Tokachi,right,55.4,fluvial_scour,plus4K,38.4,0
Tokachi,right,55.4,fluvial_scour,plus4K,38.6,0
Tokachi,right,55.4,fluvial_scour,plus4K,38.8,0
Tokachi,right,55.4,fluvial_scour,plus4K,39,0
Tokachi,right,55.4,fluvial_scour,plus4K,39.2,0
Tokachi,right,55.4,fluvial_scour,plus4K,39.4,0
Tokachi,right,55.4,fluvial_scour,plus4K,39.6,0
Tokachi,right,55.4,fluvial_scour,plus4K,39.8,0
Tokachi,right,55.4,fluvial_scour,plus4K,40,0
Tokachi,right,55.4,fluvial_scour,plus4K,40.2,0
Tokachi,right,55.4,fluvial_scour,plus4K,40.4,0
Tokachi,right,55.4,fluvial_scour,plus4K,40.6,0
Tokachi,right,55.4,fluvial_scour,plus4K,40.8,0
Tokachi,right,55.4,fluvial_scour,plus4K,41,0
Tokachi,right,55.4,fluvial_scour,plus4K,41.2,0
Tokachi,right,55.4,fluvial_scour,plus4K,41.4,0
Tokachi,right,55.4,fluvial_scour,plus4K,41.6,0
Tokachi,right,55.6,fluvial_scour,historical,34,0
Tokachi,right,55.6,fluvial_scour,historical,34.2,0
Tokachi,right,55.6,fluvial_scour,historical,34.4,0
Tokachi,right,55.6,fluvial_scour,historical,34.6,0
Tokachi,right,55.6,fluvial_scour,historical,34.8,0
Tokachi,right,55.6,fluvial_scour,historical,35,0
Tokachi,right,55.6,fluvial_scour,historical,35.2,0
Tokachi,right,55.6,fluvial_scour,historical,35.4,0
Tokachi,right,55.6,fluvial_scour,historical,35.6,0
Tokachi,right,55.6,fluvial_scour,historical,35.8,0
Tokachi,right,55.6,fluvial_scour,historical,36,0
Tokachi,right,55.6,fluvial_scour,historical,36.2,0
Tokachi,right,55.6,fluvial_scour,historical,36.4,0
Tokachi,right,55.6,fluvial_scour,historical,36.6,0
Tokachi,right,55.6,fluvial_scour,historical,36.8,0
Tokachi,right,55.6,fluvial_scour,historical,37,0
Tokachi,right,55.6,fluvial_scour,historical,37.2,0
Tokachi,right,55.6,fluvial_scour,historical,37.4,0
Tokachi,right,55.6,fluvial_scour,historical,37.6,0
Tokachi,right,55.6,fluvial_scour,historical,37.8,0
Tokachi,right,55.6,fluvial_scour,historical,38,0
Tokachi,right,55.6,fluvial_scour,historical,38.2,0
Tokachi,right,55.6,fluvial_scour,historical,38.4,0
Tokachi,right,55.6,fluvial_scour,historical,38.6,0
Tokachi,right,55.6,fluvial_scour,historical,38.8,0
Tokachi,right,55.6,fluvial_scour,historical,39,0
Tokachi,right,55.6,fluvial_scour,historical,39.2,0
Tokachi,right,55.6,fluvial_scour,historical,39.4,0
Tokachi,right,55.6,fluvial_scour,historical,39.6,0
Tokachi,right,55.6,fluvial_scour,historical,39.8,0
Tokachi,right,55.6,fluvial_scour,historical,40,0
Tokachi,right,55.6,fluvial_scour,historical,40.2,0
Tokachi,right,55.6,fluvial_scour,historical,40.4,0
Tokachi,right,55.6,fluvial_scour,historical,40.6,0
Tokachi,right,55.6,fluvial_scour,historical,40.8,0
Tokachi,right,55.6,fluvial_scour,historical,41,0
Tokachi,right,55.6,fluvial_scour,historical,41.2,0
Tokachi,right,55.6,fluvial_scour,historical,41.4,0
Tokachi,right,55.6,fluvial_scour,historical,41.6,0
Tokachi,right,55.6,fluvial_scour,historical,41.8,0
Tokachi,right,55.6,fluvial_scour,plus4K,34,0
Tokachi,right,55.6,fluvial_scour,plus4K,34.2,0
Tokachi,right,55.6,fluvial_scour,plus4K,34.4,0
Tokachi,right,55.6,fluvial_scour,plus4K,34.6,0
Tokachi,right,55.6,fluvial_scour,plus4K,34.8,0
Tokachi,right,55.6,fluvial_scour,plus4K,35,0
Tokachi,right,55.6,fluvial_scour,plus4K,35.2,0
Tokachi,right,55.6,fluvial_scour,plus4K,35.4,0
Tokachi,right,55.6,fluvial_scour,plus4K,35.6,0
Tokachi,right,55.6,fluvial_scour,plus4K,35.8,0
Tokachi,right,55.6,fluvial_scour,plus4K,36,0
Tokachi,right,55.6,fluvial_scour,plus4K,36.2,0
Tokachi,right,55.6,fluvial_scour,plus4K,36.4,0
Tokachi,right,55.6,fluvial_scour,plus4K,36.6,0
Tokachi,right,55.6,fluvial_scour,plus4K,36.8,0
Tokachi,right,55.6,fluvial_scour,plus4K,37,0
Tokachi,right,55.6,fluvial_scour,plus4K,37.2,0
Tokachi,right,55.6,fluvial_scour,plus4K,37.4,0
Tokachi,right,55.6,fluvial_scour,plus4K,37.6,0
Tokachi,right,55.6,fluvial_scour,plus4K,37.8,0
Tokachi,right,55.6,fluvial_scour,plus4K,38,0
Tokachi,right,55.6,fluvial_scour,plus4K,38.2,0
Tokachi,right,55.6,fluvial_scour,plus4K,38.4,0
Tokachi,right,55.6,fluvial_scour,plus4K,38.6,0
Tokachi,right,55.6,fluvial_scour,plus4K,38.8,0
Tokachi,right,55.6,fluvial_scour,plus4K,39,0
Tokachi,right,55.6,fluvial_scour,plus4K,39.2,0
Tokachi,right,55.6,fluvial_scour,plus4K,39.4,0
Tokachi,right,55.6,fluvial_scour,plus4K,39.6,0
Tokachi,right,55.6,fluvial_scour,plus4K,39.8,0
Tokachi,right,55.6,fluvial_scour,plus4K,40,0
Tokachi,right,55.6,fluvial_scour,plus4K,40.2,0
Tokachi,right,55.6,fluvial_scour,plus4K,40.4,0
Tokachi,right,55.6,fluvial_scour,plus4K,40.6,0
Tokachi,right,55.6,fluvial_scour,plus4K,40.8,0
Tokachi,right,55.6,fluvial_scour,plus4K,41,0
Tokachi,right,55.6,fluvial_scour,plus4K,41.2,0
Tokachi,right,55.6,fluvial_scour,plus4K,41.4,0
Tokachi,right,55.6,fluvial_scour,plus4K,41.6,0
Tokachi,right,55.6,fluvial_scour,plus4K,41.8,0
Tokachi,right,55.8,fluvial_scour,historical,34.4,0
Tokachi,right,55.8,fluvial_scour,historical,34.6,0
Tokachi,right,55.8,fluvial_scour,historical,34.8,0
Tokachi,right,55.8,fluvial_scour,historical,35,0
Tokachi,right,55.8,fluvial_scour,historical,35.2,0
Tokachi,right,55.8,fluvial_scour,historical,35.4,0
Tokachi,right,55.8,fluvial_scour,historical,35.6,0
Tokachi,right,55.8,fluvial_scour,historical,35.8,0
Tokachi,right,55.8,fluvial_scour,historical,36,0
Tokachi,right,55.8,fluvial_scour,historical,36.2,0
Tokachi,right,55.8,fluvial_scour,historical,36.4,0
Tokachi,right,55.8,fluvial_scour,historical,36.6,0
Tokachi,right,55.8,fluvial_scour,historical,36.8,0
Tokachi,right,55.8,fluvial_scour,historical,37,0
Tokachi,right,55.8,fluvial_scour,historical,37.2,0
Tokachi,right,55.8,fluvial_scour,historical,37.4,0
Tokachi,right,55.8,fluvial_scour,historical,37.6,0
Tokachi,right,55.8,fluvial_scour,historical,37.8,0
Tokachi,right,55.8,fluvial_scour,historical,38,0
Tokachi,right,55.8,fluvial_scour,historical,38.2,0
Tokachi,right,55.8,fluvial_scour,historical,38.4,0
Tokachi,right,55.8,fluvial_scour,historical,38.6,0
Tokachi,right,55.8,fluvial_scour,historical,38.8,0
Tokachi,right,55.8,fluvial_scour,historical,39,0
Tokachi,right,55.8,fluvial_scour,historical,39.2,0
Tokachi,right,55.8,fluvial_scour,historical,39.4,0
Tokachi,right,55.8,fluvial_scour,historical,39.6,0
Tokachi,right,55.8,fluvial_scour,historical,39.8,0
Tokachi,right,55.8,fluvial_scour,historical,40,0
Tokachi,right,55.8,fluvial_scour,historical,40.2,0
Tokachi,right,55.8,fluvial_scour,historical,40.4,0
Tokachi,right,55.8,fluvial_scour,historical,40.6,0
Tokachi,right,55.8,fluvial_scour,historical,40.8,0
Tokachi,right,55.8,fluvial_scour,historical,41,0
Tokachi,right,55.8,fluvial_scour,historical,41.2,0
Tokachi,right,55.8,fluvial_scour,historical,41.4,0
Tokachi,right,55.8,fluvial_scour,historical,41.6,0
Tokachi,right,55.8,fluvial_scour,historical,41.8,0
Tokachi,right,55.8,fluvial_scour,historical,42,0
Tokachi,right,55.8,fluvial_scour,historical,42.2,0
Tokachi,right,55.8,fluvial_scour,plus4K,34.4,0
Tokachi,right,55.8,fluvial_scour,plus4K,34.6,0
Tokachi,right,55.8,fluvial_scour,plus4K,34.8,0
Tokachi,right,55.8,fluvial_scour,plus4K,35,0
Tokachi,right,55.8,fluvial_scour,plus4K,35.2,0
Tokachi,right,55.8,fluvial_scour,plus4K,35.4,0
Tokachi,right,55.8,fluvial_scour,plus4K,35.6,0
Tokachi,right,55.8,fluvial_scour,plus4K,35.8,0
Tokachi,right,55.8,fluvial_scour,plus4K,36,0
Tokachi,right,55.8,fluvial_scour,plus4K,36.2,0
Tokachi,right,55.8,fluvial_scour,plus4K,36.4,0
Tokachi,right,55.8,fluvial_scour,plus4K,36.6,0
Tokachi,right,55.8,fluvial_scour,plus4K,36.8,0
Tokachi,right,55.8,fluvial_scour,plus4K,37,0
Tokachi,right,55.8,fluvial_scour,plus4K,37.2,0
Tokachi,right,55.8,fluvial_scour,plus4K,37.4,0
Tokachi,right,55.8,fluvial_scour,plus4K,37.6,0
Tokachi,right,55.8,fluvial_scour,plus4K,37.8,0
Tokachi,right,55.8,fluvial_scour,plus4K,38,0
Tokachi,right,55.8,fluvial_scour,plus4K,38.2,0
Tokachi,right,55.8,fluvial_scour,plus4K,38.4,0
Tokachi,right,55.8,fluvial_scour,plus4K,38.6,0
Tokachi,right,55.8,fluvial_scour,plus4K,38.8,0
Tokachi,right,55.8,fluvial_scour,plus4K,39,0
Tokachi,right,55.8,fluvial_scour,plus4K,39.2,0
Tokachi,right,55.8,fluvial_scour,plus4K,39.4,0
Tokachi,right,55.8,fluvial_scour,plus4K,39.6,0
Tokachi,right,55.8,fluvial_scour,plus4K,39.8,0
Tokachi,right,55.8,fluvial_scour,plus4K,40,0
Tokachi,right,55.8,fluvial_scour,plus4K,40.2,0
Tokachi,right,55.8,fluvial_scour,plus4K,40.4,0
Tokachi,right,55.8,fluvial_scour,plus4K,40.6,0
Tokachi,right,55.8,fluvial_scour,plus4K,40.8,0
Tokachi,right,55.8,fluvial_scour,plus4K,41,0
Tokachi,right,55.8,fluvial_scour,plus4K,41.2,0
Tokachi,right,55.8,fluvial_scour,plus4K,41.4,0
Tokachi,right,55.8,fluvial_scour,plus4K,41.6,0
Tokachi,right,55.8,fluvial_scour,plus4K,41.8,0
Tokachi,right,55.8,fluvial_scour,plus4K,42,0
Tokachi,right,55.8,fluvial_scour,plus4K,42.2,0
Tokachi,right,56,fluvial_scour,historical,34.6,0
Tokachi,right,56,fluvial_scour,historical,34.8,0
Tokachi,right,56,fluvial_scour,historical,35,0
Tokachi,right,56,fluvial_scour,historical,35.2,0
Tokachi,right,56,fluvial_scour,historical,35.4,0
Tokachi,right,56,fluvial_scour,historical,35.6,0
Tokachi,right,56,fluvial_scour,historical,35.8,0
Tokachi,right,56,fluvial_scour,historical,36,0
Tokachi,right,56,fluvial_scour,historical,36.2,0
Tokachi,right,56,fluvial_scour,historical,36.4,0
Tokachi,right,56,fluvial_scour,historical,36.6,0
Tokachi,right,56,fluvial_scour,historical,36.8,0
Tokachi,right,56,fluvial_scour,historical,37,0
Tokachi,right,56,fluvial_scour,historical,37.2,0
Tokachi,right,56,fluvial_scour,historical,37.4,0
Tokachi,right,56,fluvial_scour,historical,37.6,0
Tokachi,right,56,fluvial_scour,historical,37.8,0
Tokachi,right,56,fluvial_scour,historical,38,0
Tokachi,right,56,fluvial_scour,historical,38.2,0
Tokachi,right,56,fluvial_scour,historical,38.4,0
Tokachi,right,56,fluvial_scour,historical,38.6,0
Tokachi,right,56,fluvial_scour,historical,38.8,0
Tokachi,right,56,fluvial_scour,historical,39,0
Tokachi,right,56,fluvial_scour,historical,39.2,0
Tokachi,right,56,fluvial_scour,historical,39.4,0
Tokachi,right,56,fluvial_scour,historical,39.6,0
Tokachi,right,56,fluvial_scour,historical,39.8,0
Tokachi,right,56,fluvial_scour,historical,40,0
Tokachi,right,56,fluvial_scour,historical,40.2,0
Tokachi,right,56,fluvial_scour,historical,40.4,0
Tokachi,right,56,fluvial_scour,historical,40.6,0
Tokachi,right,56,fluvial_scour,historical,40.8,0
Tokachi,right,56,fluvial_scour,historical,41,0
Tokachi,right,56,fluvial_scour,historical,41.2,0
Tokachi,right,56,fluvial_scour,historical,41.4,0
Tokachi,right,56,fluvial_scour,historical,41.6,0
Tokachi,right,56,fluvial_scour,historical,41.8,0
Tokachi,right,56,fluvial_scour,historical,42,0
Tokachi,right,56,fluvial_scour,historical,42.2,0
Tokachi,right,56,fluvial_scour,historical,42.4,0
Tokachi,right,56,fluvial_scour,plus4K,34.6,0
Tokachi,right,56,fluvial_scour,plus4K,34.8,0
Tokachi,right,56,fluvial_scour,plus4K,35,0
Tokachi,right,56,fluvial_scour,plus4K,35.2,0
Tokachi,right,56,fluvial_scour,plus4K,35.4,0
Tokachi,right,56,fluvial_scour,plus4K,35.6,0
Tokachi,right,56,fluvial_scour,plus4K,35.8,0
Tokachi,right,56,fluvial_scour,plus4K,36,0
Tokachi,right,56,fluvial_scour,plus4K,36.2,0
Tokachi,right,56,fluvial_scour,plus4K,36.4,0
Tokachi,right,56,fluvial_scour,plus4K,36.6,0
Tokachi,right,56,fluvial_scour,plus4K,36.8,0
Tokachi,right,56,fluvial_scour,plus4K,37,0
Tokachi,right,56,fluvial_scour,plus4K,37.2,0
Tokachi,right,56,fluvial_scour,plus4K,37.4,0
Tokachi,right,56,fluvial_scour,plus4K,37.6,0
Tokachi,right,56,fluvial_scour,plus4K,37.8,0
Tokachi,right,56,fluvial_scour,plus4K,38,0
Tokachi,right,56,fluvial_scour,plus4K,38.2,0
Tokachi,right,56,fluvial_scour,plus4K,38.4,0
Tokachi,right,56,fluvial_scour,plus4K,38.6,0
Tokachi,right,56,fluvial_scour,plus4K,38.8,0
Tokachi,right,56,fluvial_scour,plus4K,39,0
Tokachi,right,56,fluvial_scour,plus4K,39.2,0
Tokachi,right,56,fluvial_scour,plus4K,39.4,0
Tokachi,right,56,fluvial_scour,plus4K,39.6,0
Tokachi,right,56,fluvial_scour,plus4K,39.8,0
Tokachi,right,56,fluvial_scour,plus4K,40,0
Tokachi,right,56,fluvial_scour,plus4K,40.2,0
Tokachi,right,56,fluvial_scour,plus4K,40.4,0
Tokachi,right,56,fluvial_scour,plus4K,40.6,0
Tokachi,right,56,fluvial_scour,plus4K,40.8,0
Tokachi,right,56,fluvial_scour,plus4K,41,0
Tokachi,right,56,fluvial_scour,plus4K,41.2,0
Tokachi,right,56,fluvial_scour,plus4K,41.4,0
Tokachi,right,56,fluvial_scour,plus4K,41.6,0
Tokachi,right,56,fluvial_scour,plus4K,41.8,0
Tokachi,right,56,fluvial_scour,plus4K,42,0
Tokachi,right,56,fluvial_scour,plus4K,42.2,0
Tokachi,right,56,fluvial_scour,plus4K,42.4,0
Tokachi,right,56.2,fluvial_scour,historical,34.6,0
Tokachi,right,56.2,fluvial_scour,historical,34.8,0
Tokachi,right,56.2,fluvial_scour,historical,35,0
Tokachi,right,56.2,fluvial_scour,historical,35.2,0
Tokachi,right,56.2,fluvial_scour,historical,35.4,0
Tokachi,right,56.2,fluvial_scour,historical,35.6,0
Tokachi,right,56.2,fluvial_scour,historical,35.8,0
Tokachi,right,56.2,fluvial_scour,historical,36,0
Tokachi,right,56.2,fluvial_scour,historical,36.2,0
Tokachi,right,56.2,fluvial_scour,historical,36.4,0
Tokachi,right,56.2,fluvial_scour,historical,36.6,0
Tokachi,right,56.2,fluvial_scour,historical,36.8,0
Tokachi,right,56.2,fluvial_scour,historical,37,0
Tokachi,right,56.2,fluvial_scour,historical,37.2,0
Tokachi,right,56.2,fluvial_scour,historical,37.4,0
Tokachi,right,56.2,fluvial_scour,historical,37.6,0
Tokachi,right,56.2,fluvial_scour,historical,37.8,0
Tokachi,right,56.2,fluvial_scour,historical,38,0
Tokachi,right,56.2,fluvial_scour,historical,38.2,0
Tokachi,right,56.2,fluvial_scour,historical,38.4,0
Tokachi,right,56.2,fluvial_scour,historical,38.6,0
Tokachi,right,56.2,fluvial_scour,historical,38.8,0
Tokachi,right,56.2,fluvial_scour,historical,39,0
Tokachi,right,56.2,fluvial_scour,historical,39.2,0
Tokachi,right,56.2,fluvial_scour,historical,39.4,0
Tokachi,right,56.2,fluvial_scour,historical,39.6,0
Tokachi,right,56.2,fluvial_scour,historical,39.8,0
Tokachi,right,56.2,fluvial_scour,historical,40,0
Tokachi,right,56.2,fluvial_scour,historical,40.2,0
Tokachi,right,56.2,fluvial_scour,historical,40.4,0
Tokachi,right,56.2,fluvial_scour,historical,40.6,0
Tokachi,right,56.2,fluvial_scour,historical,40.8,0
Tokachi,right,56.2,fluvial_scour,historical,41,0
Tokachi,right,56.2,fluvial_scour,historical,41.2,0
Tokachi,right,56.2,fluvial_scour,historical,41.4,0
Tokachi,right,56.2,fluvial_scour,historical,41.6,0
Tokachi,right,56.2,fluvial_scour,historical,41.8,0
Tokachi,right,56.2,fluvial_scour,historical,42,0
Tokachi,right,56.2,fluvial_scour,historical,42.2,0
Tokachi,right,56.2,fluvial_scour,historical,42.4,0
Tokachi,right,56.2,fluvial_scour,historical,42.6,0
Tokachi,right,56.2,fluvial_scour,historical,42.8,0
Tokachi,right,56.2,fluvial_scour,historical,43,0
Tokachi,right,56.2,fluvial_scour,plus4K,34.6,0
Tokachi,right,56.2,fluvial_scour,plus4K,34.8,0
Tokachi,right,56.2,fluvial_scour,plus4K,35,0
Tokachi,right,56.2,fluvial_scour,plus4K,35.2,0
Tokachi,right,56.2,fluvial_scour,plus4K,35.4,0
Tokachi,right,56.2,fluvial_scour,plus4K,35.6,0
Tokachi,right,56.2,fluvial_scour,plus4K,35.8,0
Tokachi,right,56.2,fluvial_scour,plus4K,36,0
Tokachi,right,56.2,fluvial_scour,plus4K,36.2,0
Tokachi,right,56.2,fluvial_scour,plus4K,36.4,0
Tokachi,right,56.2,fluvial_scour,plus4K,36.6,0
Tokachi,right,56.2,fluvial_scour,plus4K,36.8,0
Tokachi,right,56.2,fluvial_scour,plus4K,37,0
Tokachi,right,56.2,fluvial_scour,plus4K,37.2,0
Tokachi,right,56.2,fluvial_scour,plus4K,37.4,0
Tokachi,right,56.2,fluvial_scour,plus4K,37.6,0
Tokachi,right,56.2,fluvial_scour,plus4K,37.8,0
Tokachi,right,56.2,fluvial_scour,plus4K,38,0
Tokachi,right,56.2,fluvial_scour,plus4K,38.2,0
Tokachi,right,56.2,fluvial_scour,plus4K,38.4,0
Tokachi,right,56.2,fluvial_scour,plus4K,38.6,0
Tokachi,right,56.2,fluvial_scour,plus4K,38.8,0
Tokachi,right,56.2,fluvial_scour,plus4K,39,0
Tokachi,right,56.2,fluvial_scour,plus4K,39.2,0
Tokachi,right,56.2,fluvial_scour,plus4K,39.4,0
Tokachi,right,56.2,fluvial_scour,plus4K,39.6,0
Tokachi,right,56.2,fluvial_scour,plus4K,39.8,0
Tokachi,right,56.2,fluvial_scour,plus4K,40,0
Tokachi,right,56.2,fluvial_scour,plus4K,40.2,0
Tokachi,right,56.2,fluvial_scour,plus4K,40.4,0
Tokachi,right,56.2,fluvial_scour,plus4K,40.6,0
Tokachi,right,56.2,fluvial_scour,plus4K,40.8,0
Tokachi,right,56.2,fluvial_scour,plus4K,41,0
Tokachi,right,56.2,fluvial_scour,plus4K,41.2,0
Tokachi,right,56.2,fluvial_scour,plus4K,41.4,0
Tokachi,right,56.2,fluvial_scour,plus4K,41.6,0
Tokachi,right,56.2,fluvial_scour,plus4K,41.8,0
Tokachi,right,56.2,fluvial_scour,plus4K,42,0
Tokachi,right,56.2,fluvial_scour,plus4K,42.2,0
Tokachi,right,56.2,fluvial_scour,plus4K,42.4,0
Tokachi,right,56.2,fluvial_scour,plus4K,42.6,0
Tokachi,right,56.2,fluvial_scour,plus4K,42.8,0
Tokachi,right,56.2,fluvial_scour,plus4K,43,0
Tokachi,right,56.4,fluvial_scour,historical,35.2,0
Tokachi,right,56.4,fluvial_scour,historical,35.4,0
Tokachi,right,56.4,fluvial_scour,historical,35.6,0
Tokachi,right,56.4,fluvial_scour,historical,35.8,0
Tokachi,right,56.4,fluvial_scour,historical,36,0
Tokachi,right,56.4,fluvial_scour,historical,36.2,0
Tokachi,right,56.4,fluvial_scour,historical,36.4,0
Tokachi,right,56.4,fluvial_scour,historical,36.6,0
Tokachi,right,56.4,fluvial_scour,historical,36.8,0
Tokachi,right,56.4,fluvial_scour,historical,37,0
Tokachi,right,56.4,fluvial_scour,historical,37.2,0
Tokachi,right,56.4,fluvial_scour,historical,37.4,0
Tokachi,right,56.4,fluvial_scour,historical,37.6,0
Tokachi,right,56.4,fluvial_scour,historical,37.8,0
Tokachi,right,56.4,fluvial_scour,historical,38,0
Tokachi,right,56.4,fluvial_scour,historical,38.2,0
Tokachi,right,56.4,fluvial_scour,historical,38.4,0
Tokachi,right,56.4,fluvial_scour,historical,38.6,0
Tokachi,right,56.4,fluvial_scour,historical,38.8,0
Tokachi,right,56.4,fluvial_scour,historical,39,0
Tokachi,right,56.4,fluvial_scour,historical,39.2,0
Tokachi,right,56.4,fluvial_scour,historical,39.4,0
Tokachi,right,56.4,fluvial_scour,historical,39.6,0
Tokachi,right,56.4,fluvial_scour,historical,39.8,0
Tokachi,right,56.4,fluvial_scour,historical,40,0
Tokachi,right,56.4,fluvial_scour,historical,40.2,0
Tokachi,right,56.4,fluvial_scour,historical,40.4,0
Tokachi,right,56.4,fluvial_scour,historical,40.6,0
Tokachi,right,56.4,fluvial_scour,historical,40.8,0
Tokachi,right,56.4,fluvial_scour,historical,41,0
Tokachi,right,56.4,fluvial_scour,historical,41.2,0
Tokachi,right,56.4,fluvial_scour,historical,41.4,0
Tokachi,right,56.4,fluvial_scour,historical,41.6,0
Tokachi,right,56.4,fluvial_scour,historical,41.8,0
Tokachi,right,56.4,fluvial_scour,historical,42,0
Tokachi,right,56.4,fluvial_scour,historical,42.2,0
Tokachi,right,56.4,fluvial_scour,historical,42.4,0
Tokachi,right,56.4,fluvial_scour,historical,42.6,0
Tokachi,right,56.4,fluvial_scour,historical,42.8,0
Tokachi,right,56.4,fluvial_scour,historical,43,0
Tokachi,right,56.4,fluvial_scour,historical,43.2,0
Tokachi,right,56.4,fluvial_scour,historical,43.4,0
Tokachi,right,56.4,fluvial_scour,plus4K,35.2,0
Tokachi,right,56.4,fluvial_scour,plus4K,35.4,0
Tokachi,right,56.4,fluvial_scour,plus4K,35.6,0
Tokachi,right,56.4,fluvial_scour,plus4K,35.8,0
Tokachi,right,56.4,fluvial_scour,plus4K,36,0
Tokachi,right,56.4,fluvial_scour,plus4K,36.2,0
Tokachi,right,56.4,fluvial_scour,plus4K,36.4,0
Tokachi,right,56.4,fluvial_scour,plus4K,36.6,0
Tokachi,right,56.4,fluvial_scour,plus4K,36.8,0
Tokachi,right,56.4,fluvial_scour,plus4K,37,0
Tokachi,right,56.4,fluvial_scour,plus4K,37.2,0
Tokachi,right,56.4,fluvial_scour,plus4K,37.4,0
Tokachi,right,56.4,fluvial_scour,plus4K,37.6,0
Tokachi,right,56.4,fluvial_scour,plus4K,37.8,0
Tokachi,right,56.4,fluvial_scour,plus4K,38,0
Tokachi,right,56.4,fluvial_scour,plus4K,38.2,0
Tokachi,right,56.4,fluvial_scour,plus4K,38.4,0
Tokachi,right,56.4,fluvial_scour,plus4K,38.6,0
Tokachi,right,56.4,fluvial_scour,plus4K,38.8,0
Tokachi,right,56.4,fluvial_scour,plus4K,39,0
Tokachi,right,56.4,fluvial_scour,plus4K,39.2,0
Tokachi,right,56.4,fluvial_scour,plus4K,39.4,0
Tokachi,right,56.4,fluvial_scour,plus4K,39.6,0
Tokachi,right,56.4,fluvial_scour,plus4K,39.8,0
Tokachi,right,56.4,fluvial_scour,plus4K,40,0
Tokachi,right,56.4,fluvial_scour,plus4K,40.2,0
Tokachi,right,56.4,fluvial_scour,plus4K,40.4,0
Tokachi,right,56.4,fluvial_scour,plus4K,40.6,0
Tokachi,right,56.4,fluvial_scour,plus4K,40.8,0
Tokachi,right,56.4,fluvial_scour,plus4K,41,0
Tokachi,right,56.4,fluvial_scour,plus4K,41.2,0
Tokachi,right,56.4,fluvial_scour,plus4K,41.4,0
Tokachi,right,56.4,fluvial_scour,plus4K,41.6,0
Tokachi,right,56.4,fluvial_scour,plus4K,41.8,0
Tokachi,right,56.4,fluvial_scour,plus4K,42,0
Tokachi,right,56.4,fluvial_scour,plus4K,42.2,0
Tokachi,right,56.4,fluvial_scour,plus4K,42.4,0
Tokachi,right,56.4,fluvial_scour,plus4K,42.6,0
Tokachi,right,56.4,fluvial_scour,plus4K,42.8,0
Tokachi,right,56.4,fluvial_scour,plus4K,43,0
Tokachi,right,56.4,fluvial_scour,plus4K,43.2,0
Tokachi,right,56.4,fluvial_scour,plus4K,43.4,0
Tokachi,right,56.6,fluvial_scour,historical,35.2,0
Tokachi,right,56.6,fluvial_scour,historical,35.4,0
Tokachi,right,56.6,fluvial_scour,historical,35.6,0
Tokachi,right,56.6,fluvial_scour,historical,35.8,0
Tokachi,right,56.6,fluvial_scour,historical,36,0
Tokachi,right,56.6,fluvial_scour,historical,36.2,0
Tokachi,right,56.6,fluvial_scour,historical,36.4,0
Tokachi,right,56.6,fluvial_scour,historical,36.6,0
Tokachi,right,56.6,fluvial_scour,historical,36.8,0
Tokachi,right,56.6,fluvial_scour,historical,37,0
Tokachi,right,56.6,fluvial_scour,historical,37.2,0
Tokachi,right,56.6,fluvial_scour,historical,37.4,0
Tokachi,right,56.6,fluvial_scour,historical,37.6,0
Tokachi,right,56.6,fluvial_scour,historical,37.8,0
Tokachi,right,56.6,fluvial_scour,historical,38,0
Tokachi,right,56.6,fluvial_scour,historical,38.2,0
Tokachi,right,56.6,fluvial_scour,historical,38.4,0
Tokachi,right,56.6,fluvial_scour,historical,38.6,0
Tokachi,right,56.6,fluvial_scour,historical,38.8,0
Tokachi,right,56.6,fluvial_scour,historical,39,0
Tokachi,right,56.6,fluvial_scour,historical,39.2,0
Tokachi,right,56.6,fluvial_scour,historical,39.4,0
Tokachi,right,56.6,fluvial_scour,historical,39.6,0
Tokachi,right,56.6,fluvial_scour,historical,39.8,0
Tokachi,right,56.6,fluvial_scour,historical,40,0
Tokachi,right,56.6,fluvial_scour,historical,40.2,0
Tokachi,right,56.6,fluvial_scour,historical,40.4,0
Tokachi,right,56.6,fluvial_scour,historical,40.6,0
Tokachi,right,56.6,fluvial_scour,historical,40.8,0
Tokachi,right,56.6,fluvial_scour,historical,41,0
Tokachi,right,56.6,fluvial_scour,historical,41.2,0
Tokachi,right,56.6,fluvial_scour,historical,41.4,0
Tokachi,right,56.6,fluvial_scour,historical,41.6,0
Tokachi,right,56.6,fluvial_scour,historical,41.8,0
Tokachi,right,56.6,fluvial_scour,historical,42,0
Tokachi,right,56.6,fluvial_scour,historical,42.2,0
Tokachi,right,56.6,fluvial_scour,historical,42.4,0
Tokachi,right,56.6,fluvial_scour,historical,42.6,0
Tokachi,right,56.6,fluvial_scour,historical,42.8,0
Tokachi,right,56.6,fluvial_scour,historical,43,0
Tokachi,right,56.6,fluvial_scour,historical,43.2,0
Tokachi,right,56.6,fluvial_scour,historical,43.4,0
Tokachi,right,56.6,fluvial_scour,historical,43.6,0
Tokachi,right,56.6,fluvial_scour,historical,43.8,0
Tokachi,right,56.6,fluvial_scour,historical,44,0
Tokachi,right,56.6,fluvial_scour,historical,44.2,0
Tokachi,right,56.6,fluvial_scour,plus4K,35.2,0
Tokachi,right,56.6,fluvial_scour,plus4K,35.4,0
Tokachi,right,56.6,fluvial_scour,plus4K,35.6,0
Tokachi,right,56.6,fluvial_scour,plus4K,35.8,0
Tokachi,right,56.6,fluvial_scour,plus4K,36,0
Tokachi,right,56.6,fluvial_scour,plus4K,36.2,0
Tokachi,right,56.6,fluvial_scour,plus4K,36.4,0
Tokachi,right,56.6,fluvial_scour,plus4K,36.6,0
Tokachi,right,56.6,fluvial_scour,plus4K,36.8,0
Tokachi,right,56.6,fluvial_scour,plus4K,37,0
Tokachi,right,56.6,fluvial_scour,plus4K,37.2,0
Tokachi,right,56.6,fluvial_scour,plus4K,37.4,0
Tokachi,right,56.6,fluvial_scour,plus4K,37.6,0
Tokachi,right,56.6,fluvial_scour,plus4K,37.8,0
Tokachi,right,56.6,fluvial_scour,plus4K,38,0
Tokachi,right,56.6,fluvial_scour,plus4K,38.2,0
Tokachi,right,56.6,fluvial_scour,plus4K,38.4,0
Tokachi,right,56.6,fluvial_scour,plus4K,38.6,0
Tokachi,right,56.6,fluvial_scour,plus4K,38.8,0
Tokachi,right,56.6,fluvial_scour,plus4K,39,0
Tokachi,right,56.6,fluvial_scour,plus4K,39.2,0
Tokachi,right,56.6,fluvial_scour,plus4K,39.4,0
Tokachi,right,56.6,fluvial_scour,plus4K,39.6,0
Tokachi,right,56.6,fluvial_scour,plus4K,39.8,0
Tokachi,right,56.6,fluvial_scour,plus4K,40,0
Tokachi,right,56.6,fluvial_scour,plus4K,40.2,0
Tokachi,right,56.6,fluvial_scour,plus4K,40.4,0
Tokachi,right,56.6,fluvial_scour,plus4K,40.6,0
Tokachi,right,56.6,fluvial_scour,plus4K,40.8,0
Tokachi,right,56.6,fluvial_scour,plus4K,41,0
Tokachi,right,56.6,fluvial_scour,plus4K,41.2,0
Tokachi,right,56.6,fluvial_scour,plus4K,41.4,0
Tokachi,right,56.6,fluvial_scour,plus4K,41.6,0
Tokachi,right,56.6,fluvial_scour,plus4K,41.8,0
Tokachi,right,56.6,fluvial_scour,plus4K,42,0
Tokachi,right,56.6,fluvial_scour,plus4K,42.2,0
Tokachi,right,56.6,fluvial_scour,plus4K,42.4,0
Tokachi,right,56.6,fluvial_scour,plus4K,42.6,0
Tokachi,right,56.6,fluvial_scour,plus4K,42.8,0
Tokachi,right,56.6,fluvial_scour,plus4K,43,0
Tokachi,right,56.6,fluvial_scour,plus4K,43.2,0
Tokachi,right,56.6,fluvial_scour,plus4K,43.4,0
Tokachi,right,56.6,fluvial_scour,plus4K,43.6,0
Tokachi,right,56.6,fluvial_scour,plus4K,43.8,0
Tokachi,right,56.6,fluvial_scour,plus4K,44,0
Tokachi,right,56.6,fluvial_scour,plus4K,44.2,0
Tokachi,right,56.8,fluvial_scour,historical,35.6,0
Tokachi,right,56.8,fluvial_scour,historical,35.8,0
Tokachi,right,56.8,fluvial_scour,historical,36,0
Tokachi,right,56.8,fluvial_scour,historical,36.2,0
Tokachi,right,56.8,fluvial_scour,historical,36.4,0
Tokachi,right,56.8,fluvial_scour,historical,36.6,0
Tokachi,right,56.8,fluvial_scour,historical,36.8,0
Tokachi,right,56.8,fluvial_scour,historical,37,0
Tokachi,right,56.8,fluvial_scour,historical,37.2,0
Tokachi,right,56.8,fluvial_scour,historical,37.4,0
Tokachi,right,56.8,fluvial_scour,historical,37.6,0
Tokachi,right,56.8,fluvial_scour,historical,37.8,0
Tokachi,right,56.8,fluvial_scour,historical,38,0
Tokachi,right,56.8,fluvial_scour,historical,38.2,0
Tokachi,right,56.8,fluvial_scour,historical,38.4,0
Tokachi,right,56.8,fluvial_scour,historical,38.6,0
Tokachi,right,56.8,fluvial_scour,historical,38.8,0
Tokachi,right,56.8,fluvial_scour,historical,39,0
Tokachi,right,56.8,fluvial_scour,historical,39.2,0
Tokachi,right,56.8,fluvial_scour,historical,39.4,0
Tokachi,right,56.8,fluvial_scour,historical,39.6,0
Tokachi,right,56.8,fluvial_scour,historical,39.8,0
Tokachi,right,56.8,fluvial_scour,historical,40,0
Tokachi,right,56.8,fluvial_scour,historical,40.2,0
Tokachi,right,56.8,fluvial_scour,historical,40.4,0
Tokachi,right,56.8,fluvial_scour,historical,40.6,0
Tokachi,right,56.8,fluvial_scour,historical,40.8,0
Tokachi,right,56.8,fluvial_scour,historical,41,0
Tokachi,right,56.8,fluvial_scour,historical,41.2,0
Tokachi,right,56.8,fluvial_scour,historical,41.4,0
Tokachi,right,56.8,fluvial_scour,historical,41.6,0
Tokachi,right,56.8,fluvial_scour,historical,41.8,0
Tokachi,right,56.8,fluvial_scour,historical,42,0
Tokachi,right,56.8,fluvial_scour,historical,42.2,0
Tokachi,right,56.8,fluvial_scour,historical,42.4,0
Tokachi,right,56.8,fluvial_scour,historical,42.6,0
Tokachi,right,56.8,fluvial_scour,historical,42.8,0
Tokachi,right,56.8,fluvial_scour,historical,43,0
Tokachi,right,56.8,fluvial_scour,historical,43.2,0
Tokachi,right,56.8,fluvial_scour,historical,43.4,0
Tokachi,right,56.8,fluvial_scour,historical,43.6,0
Tokachi,right,56.8,fluvial_scour,historical,43.8,0
Tokachi,right,56.8,fluvial_scour,historical,44,0
Tokachi,right,56.8,fluvial_scour,historical,44.2,0
Tokachi,right,56.8,fluvial_scour,historical,44.4,0
Tokachi,right,56.8,fluvial_scour,plus4K,35.6,0
Tokachi,right,56.8,fluvial_scour,plus4K,35.8,0
Tokachi,right,56.8,fluvial_scour,plus4K,36,0
Tokachi,right,56.8,fluvial_scour,plus4K,36.2,0
Tokachi,right,56.8,fluvial_scour,plus4K,36.4,0
Tokachi,right,56.8,fluvial_scour,plus4K,36.6,0
Tokachi,right,56.8,fluvial_scour,plus4K,36.8,0
Tokachi,right,56.8,fluvial_scour,plus4K,37,0
Tokachi,right,56.8,fluvial_scour,plus4K,37.2,0
Tokachi,right,56.8,fluvial_scour,plus4K,37.4,0
Tokachi,right,56.8,fluvial_scour,plus4K,37.6,0
Tokachi,right,56.8,fluvial_scour,plus4K,37.8,0
Tokachi,right,56.8,fluvial_scour,plus4K,38,0
Tokachi,right,56.8,fluvial_scour,plus4K,38.2,0
Tokachi,right,56.8,fluvial_scour,plus4K,38.4,0
Tokachi,right,56.8,fluvial_scour,plus4K,38.6,0
Tokachi,right,56.8,fluvial_scour,plus4K,38.8,0
Tokachi,right,56.8,fluvial_scour,plus4K,39,0
Tokachi,right,56.8,fluvial_scour,plus4K,39.2,0
Tokachi,right,56.8,fluvial_scour,plus4K,39.4,0
Tokachi,right,56.8,fluvial_scour,plus4K,39.6,0
Tokachi,right,56.8,fluvial_scour,plus4K,39.8,0
Tokachi,right,56.8,fluvial_scour,plus4K,40,0
Tokachi,right,56.8,fluvial_scour,plus4K,40.2,0
Tokachi,right,56.8,fluvial_scour,plus4K,40.4,0
Tokachi,right,56.8,fluvial_scour,plus4K,40.6,0
Tokachi,right,56.8,fluvial_scour,plus4K,40.8,0
Tokachi,right,56.8,fluvial_scour,plus4K,41,0
Tokachi,right,56.8,fluvial_scour,plus4K,41.2,0
Tokachi,right,56.8,fluvial_scour,plus4K,41.4,0
Tokachi,right,56.8,fluvial_scour,plus4K,41.6,0
Tokachi,right,56.8,fluvial_scour,plus4K,41.8,0
Tokachi,right,56.8,fluvial_scour,plus4K,42,0
Tokachi,right,56.8,fluvial_scour,plus4K,42.2,0
Tokachi,right,56.8,fluvial_scour,plus4K,42.4,0
Tokachi,right,56.8,fluvial_scour,plus4K,42.6,0
Tokachi,right,56.8,fluvial_scour,plus4K,42.8,0
Tokachi,right,56.8,fluvial_scour,plus4K,43,0
Tokachi,right,56.8,fluvial_scour,plus4K,43.2,0
Tokachi,right,56.8,fluvial_scour,plus4K,43.4,0
Tokachi,right,56.8,fluvial_scour,plus4K,43.6,0
Tokachi,right,56.8,fluvial_scour,plus4K,43.8,0
Tokachi,right,56.8,fluvial_scour,plus4K,44,0
Tokachi,right,56.8,fluvial_scour,plus4K,44.2,0
Tokachi,right,56.8,fluvial_scour,plus4K,44.4,0
Tokachi,right,57,fluvial_scour,historical,35.6,0
Tokachi,right,57,fluvial_scour,historical,35.8,0
Tokachi,right,57,fluvial_scour,historical,36,0
Tokachi,right,57,fluvial_scour,historical,36.2,0
Tokachi,right,57,fluvial_scour,historical,36.4,0
Tokachi,right,57,fluvial_scour,historical,36.6,0
Tokachi,right,57,fluvial_scour,historical,36.8,0
Tokachi,right,57,fluvial_scour,historical,37,0
Tokachi,right,57,fluvial_scour,historical,37.2,0
Tokachi,right,57,fluvial_scour,historical,37.4,0
Tokachi,right,57,fluvial_scour,historical,37.6,0
Tokachi,right,57,fluvial_scour,historical,37.8,0
Tokachi,right,57,fluvial_scour,historical,38,0
Tokachi,right,57,fluvial_scour,historical,38.2,0
Tokachi,right,57,fluvial_scour,historical,38.4,0
Tokachi,right,57,fluvial_scour,historical,38.6,0
Tokachi,right,57,fluvial_scour,historical,38.8,0
Tokachi,right,57,fluvial_scour,historical,39,0
Tokachi,right,57,fluvial_scour,historical,39.2,0
Tokachi,right,57,fluvial_scour,historical,39.4,0
Tokachi,right,57,fluvial_scour,historical,39.6,0
Tokachi,right,57,fluvial_scour,historical,39.8,0
Tokachi,right,57,fluvial_scour,historical,40,0
Tokachi,right,57,fluvial_scour,historical,40.2,0
Tokachi,right,57,fluvial_scour,historical,40.4,0
Tokachi,right,57,fluvial_scour,historical,40.6,0
Tokachi,right,57,fluvial_scour,historical,40.8,0
Tokachi,right,57,fluvial_scour,historical,41,0
Tokachi,right,57,fluvial_scour,historical,41.2,0
Tokachi,right,57,fluvial_scour,historical,41.4,0
Tokachi,right,57,fluvial_scour,historical,41.6,0
Tokachi,right,57,fluvial_scour,historical,41.8,0
Tokachi,right,57,fluvial_scour,historical,42,0
Tokachi,right,57,fluvial_scour,historical,42.2,0
Tokachi,right,57,fluvial_scour,historical,42.4,0
Tokachi,right,57,fluvial_scour,historical,42.6,0
Tokachi,right,57,fluvial_scour,historical,42.8,0
Tokachi,right,57,fluvial_scour,historical,43,0
Tokachi,right,57,fluvial_scour,historical,43.2,0
Tokachi,right,57,fluvial_scour,historical,43.4,0
Tokachi,right,57,fluvial_scour,historical,43.6,0
Tokachi,right,57,fluvial_scour,historical,43.8,0
Tokachi,right,57,fluvial_scour,historical,44,0
Tokachi,right,57,fluvial_scour,historical,44.2,0
Tokachi,right,57,fluvial_scour,historical,44.4,0
Tokachi,right,57,fluvial_scour,plus4K,35.6,0
Tokachi,right,57,fluvial_scour,plus4K,35.8,0
Tokachi,right,57,fluvial_scour,plus4K,36,0
Tokachi,right,57,fluvial_scour,plus4K,36.2,0
Tokachi,right,57,fluvial_scour,plus4K,36.4,0
Tokachi,right,57,fluvial_scour,plus4K,36.6,0
Tokachi,right,57,fluvial_scour,plus4K,36.8,0
Tokachi,right,57,fluvial_scour,plus4K,37,0
Tokachi,right,57,fluvial_scour,plus4K,37.2,0
Tokachi,right,57,fluvial_scour,plus4K,37.4,0
Tokachi,right,57,fluvial_scour,plus4K,37.6,0
Tokachi,right,57,fluvial_scour,plus4K,37.8,0
Tokachi,right,57,fluvial_scour,plus4K,38,0
Tokachi,right,57,fluvial_scour,plus4K,38.2,0
Tokachi,right,57,fluvial_scour,plus4K,38.4,0
Tokachi,right,57,fluvial_scour,plus4K,38.6,0
Tokachi,right,57,fluvial_scour,plus4K,38.8,0
Tokachi,right,57,fluvial_scour,plus4K,39,0
Tokachi,right,57,fluvial_scour,plus4K,39.2,0
Tokachi,right,57,fluvial_scour,plus4K,39.4,0
Tokachi,right,57,fluvial_scour,plus4K,39.6,0
Tokachi,right,57,fluvial_scour,plus4K,39.8,0
Tokachi,right,57,fluvial_scour,plus4K,40,0
Tokachi,right,57,fluvial_scour,plus4K,40.2,0
Tokachi,right,57,fluvial_scour,plus4K,40.4,0
Tokachi,right,57,fluvial_scour,plus4K,40.6,0
Tokachi,right,57,fluvial_scour,plus4K,40.8,0
Tokachi,right,57,fluvial_scour,plus4K,41,0
Tokachi,right,57,fluvial_scour,plus4K,41.2,0
Tokachi,right,57,fluvial_scour,plus4K,41.4,0
Tokachi,right,57,fluvial_scour,plus4K,41.6,0
Tokachi,right,57,fluvial_scour,plus4K,41.8,0
Tokachi,right,57,fluvial_scour,plus4K,42,0
Tokachi,right,57,fluvial_scour,plus4K,42.2,0
Tokachi,right,57,fluvial_scour,plus4K,42.4,0
Tokachi,right,57,fluvial_scour,plus4K,42.6,0
Tokachi,right,57,fluvial_scour,plus4K,42.8,0
Tokachi,right,57,fluvial_scour,plus4K,43,0
Tokachi,right,57,fluvial_scour,plus4K,43.2,0
Tokachi,right,57,fluvial_scour,plus4K,43.4,0
Tokachi,right,57,fluvial_scour,plus4K,43.6,0
Tokachi,right,57,fluvial_scour,plus4K,43.8,0
Tokachi,right,57,fluvial_scour,plus4K,44,0
Tokachi,right,57,fluvial_scour,plus4K,44.2,0
Tokachi,right,57,fluvial_scour,plus4K,44.4,0
Tokachi,right,57.2,fluvial_scour,historical,36.2,0
Tokachi,right,57.2,fluvial_scour,historical,36.4,0
Tokachi,right,57.2,fluvial_scour,historical,36.6,0
Tokachi,right,57.2,fluvial_scour,historical,36.8,0
Tokachi,right,57.2,fluvial_scour,historical,37,0
Tokachi,right,57.2,fluvial_scour,historical,37.2,0
Tokachi,right,57.2,fluvial_scour,historical,37.4,0
Tokachi,right,57.2,fluvial_scour,historical,37.6,0
Tokachi,right,57.2,fluvial_scour,historical,37.8,0
Tokachi,right,57.2,fluvial_scour,historical,38,0
Tokachi,right,57.2,fluvial_scour,historical,38.2,0
Tokachi,right,57.2,fluvial_scour,historical,38.4,0
Tokachi,right,57.2,fluvial_scour,historical,38.6,0
Tokachi,right,57.2,fluvial_scour,historical,38.8,0
Tokachi,right,57.2,fluvial_scour,historical,39,0
Tokachi,right,57.2,fluvial_scour,historical,39.2,0
Tokachi,right,57.2,fluvial_scour,historical,39.4,0
Tokachi,right,57.2,fluvial_scour,historical,39.6,0
Tokachi,right,57.2,fluvial_scour,historical,39.8,0
Tokachi,right,57.2,fluvial_scour,historical,40,0
Tokachi,right,57.2,fluvial_scour,historical,40.2,0
Tokachi,right,57.2,fluvial_scour,historical,40.4,0
Tokachi,right,57.2,fluvial_scour,historical,40.6,0
Tokachi,right,57.2,fluvial_scour,historical,40.8,0
Tokachi,right,57.2,fluvial_scour,historical,41,0
Tokachi,right,57.2,fluvial_scour,historical,41.2,0
Tokachi,right,57.2,fluvial_scour,historical,41.4,0
Tokachi,right,57.2,fluvial_scour,historical,41.6,0
Tokachi,right,57.2,fluvial_scour,historical,41.8,0
Tokachi,right,57.2,fluvial_scour,historical,42,0
Tokachi,right,57.2,fluvial_scour,historical,42.2,0
Tokachi,right,57.2,fluvial_scour,historical,42.4,0
Tokachi,right,57.2,fluvial_scour,historical,42.6,0
Tokachi,right,57.2,fluvial_scour,historical,42.8,0
Tokachi,right,57.2,fluvial_scour,historical,43,0
Tokachi,right,57.2,fluvial_scour,historical,43.2,0
Tokachi,right,57.2,fluvial_scour,historical,43.4,0
Tokachi,right,57.2,fluvial_scour,historical,43.6,0
Tokachi,right,57.2,fluvial_scour,historical,43.8,0
Tokachi,right,57.2,fluvial_scour,historical,44,0
Tokachi,right,57.2,fluvial_scour,historical,44.2,0
Tokachi,right,57.2,fluvial_scour,historical,44.4,0
Tokachi,right,57.2,fluvial_scour,historical,44.6,0
Tokachi,right,57.2,fluvial_scour,historical,44.8,0
Tokachi,right,57.2,fluvial_scour,plus4K,36.2,0
Tokachi,right,57.2,fluvial_scour,plus4K,36.4,0
Tokachi,right,57.2,fluvial_scour,plus4K,36.6,0
Tokachi,right,57.2,fluvial_scour,plus4K,36.8,0
Tokachi,right,57.2,fluvial_scour,plus4K,37,0
Tokachi,right,57.2,fluvial_scour,plus4K,37.2,0
Tokachi,right,57.2,fluvial_scour,plus4K,37.4,0
Tokachi,right,57.2,fluvial_scour,plus4K,37.6,0
Tokachi,right,57.2,fluvial_scour,plus4K,37.8,0
Tokachi,right,57.2,fluvial_scour,plus4K,38,0
Tokachi,right,57.2,fluvial_scour,plus4K,38.2,0
Tokachi,right,57.2,fluvial_scour,plus4K,38.4,0
Tokachi,right,57.2,fluvial_scour,plus4K,38.6,0
Tokachi,right,57.2,fluvial_scour,plus4K,38.8,0
Tokachi,right,57.2,fluvial_scour,plus4K,39,0
Tokachi,right,57.2,fluvial_scour,plus4K,39.2,0
Tokachi,right,57.2,fluvial_scour,plus4K,39.4,0
Tokachi,right,57.2,fluvial_scour,plus4K,39.6,0
Tokachi,right,57.2,fluvial_scour,plus4K,39.8,0
Tokachi,right,57.2,fluvial_scour,plus4K,40,0
Tokachi,right,57.2,fluvial_scour,plus4K,40.2,0
Tokachi,right,57.2,fluvial_scour,plus4K,40.4,0
Tokachi,right,57.2,fluvial_scour,plus4K,40.6,0
Tokachi,right,57.2,fluvial_scour,plus4K,40.8,0
Tokachi,right,57.2,fluvial_scour,plus4K,41,0
Tokachi,right,57.2,fluvial_scour,plus4K,41.2,0
Tokachi,right,57.2,fluvial_scour,plus4K,41.4,0
Tokachi,right,57.2,fluvial_scour,plus4K,41.6,0
Tokachi,right,57.2,fluvial_scour,plus4K,41.8,0
Tokachi,right,57.2,fluvial_scour,plus4K,42,0
Tokachi,right,57.2,fluvial_scour,plus4K,42.2,0
Tokachi,right,57.2,fluvial_scour,plus4K,42.4,0
Tokachi,right,57.2,fluvial_scour,plus4K,42.6,0
Tokachi,right,57.2,fluvial_scour,plus4K,42.8,0
Tokachi,right,57.2,fluvial_scour,plus4K,43,0
Tokachi,right,57.2,fluvial_scour,plus4K,43.2,0
Tokachi,right,57.2,fluvial_scour,plus4K,43.4,0
Tokachi,right,57.2,fluvial_scour,plus4K,43.6,0
Tokachi,right,57.2,fluvial_scour,plus4K,43.8,0
Tokachi,right,57.2,fluvial_scour,plus4K,44,0
Tokachi,right,57.2,fluvial_scour,plus4K,44.2,0
Tokachi,right,57.2,fluvial_scour,plus4K,44.4,0
Tokachi,right,57.2,fluvial_scour,plus4K,44.6,0
Tokachi,right,57.2,fluvial_scour,plus4K,44.8,0
Tokachi,right,57.4,fluvial_scour,historical,36.4,0
Tokachi,right,57.4,fluvial_scour,historical,36.6,0
Tokachi,right,57.4,fluvial_scour,historical,36.8,0
Tokachi,right,57.4,fluvial_scour,historical,37,0
Tokachi,right,57.4,fluvial_scour,historical,37.2,0
Tokachi,right,57.4,fluvial_scour,historical,37.4,0
Tokachi,right,57.4,fluvial_scour,historical,37.6,0
Tokachi,right,57.4,fluvial_scour,historical,37.8,0
Tokachi,right,57.4,fluvial_scour,historical,38,0
Tokachi,right,57.4,fluvial_scour,historical,38.2,0
Tokachi,right,57.4,fluvial_scour,historical,38.4,0
Tokachi,right,57.4,fluvial_scour,historical,38.6,0
Tokachi,right,57.4,fluvial_scour,historical,38.8,0
Tokachi,right,57.4,fluvial_scour,historical,39,0
Tokachi,right,57.4,fluvial_scour,historical,39.2,0
Tokachi,right,57.4,fluvial_scour,historical,39.4,0
Tokachi,right,57.4,fluvial_scour,historical,39.6,0
Tokachi,right,57.4,fluvial_scour,historical,39.8,0
Tokachi,right,57.4,fluvial_scour,historical,40,0
Tokachi,right,57.4,fluvial_scour,historical,40.2,0
Tokachi,right,57.4,fluvial_scour,historical,40.4,0
Tokachi,right,57.4,fluvial_scour,historical,40.6,0
Tokachi,right,57.4,fluvial_scour,historical,40.8,0
Tokachi,right,57.4,fluvial_scour,historical,41,0
Tokachi,right,57.4,fluvial_scour,historical,41.2,0
Tokachi,right,57.4,fluvial_scour,historical,41.4,0
Tokachi,right,57.4,fluvial_scour,historical,41.6,0
Tokachi,right,57.4,fluvial_scour,historical,41.8,0
Tokachi,right,57.4,fluvial_scour,historical,42,0
Tokachi,right,57.4,fluvial_scour,historical,42.2,0
Tokachi,right,57.4,fluvial_scour,historical,42.4,0
Tokachi,right,57.4,fluvial_scour,historical,42.6,0
Tokachi,right,57.4,fluvial_scour,historical,42.8,0
Tokachi,right,57.4,fluvial_scour,historical,43,0
Tokachi,right,57.4,fluvial_scour,historical,43.2,0
Tokachi,right,57.4,fluvial_scour,historical,43.4,0
Tokachi,right,57.4,fluvial_scour,historical,43.6,0
Tokachi,right,57.4,fluvial_scour,historical,43.8,0
Tokachi,right,57.4,fluvial_scour,historical,44,0
Tokachi,right,57.4,fluvial_scour,historical,44.2,0
Tokachi,right,57.4,fluvial_scour,historical,44.4,0
Tokachi,right,57.4,fluvial_scour,historical,44.6,0
Tokachi,right,57.4,fluvial_scour,historical,44.8,0
Tokachi,right,57.4,fluvial_scour,historical,45,0
Tokachi,right,57.4,fluvial_scour,historical,45.2,0
Tokachi,right,57.4,fluvial_scour,historical,45.4,0
Tokachi,right,57.4,fluvial_scour,plus4K,36.4,0
Tokachi,right,57.4,fluvial_scour,plus4K,36.6,0
Tokachi,right,57.4,fluvial_scour,plus4K,36.8,0
Tokachi,right,57.4,fluvial_scour,plus4K,37,0
Tokachi,right,57.4,fluvial_scour,plus4K,37.2,0
Tokachi,right,57.4,fluvial_scour,plus4K,37.4,0
Tokachi,right,57.4,fluvial_scour,plus4K,37.6,0
Tokachi,right,57.4,fluvial_scour,plus4K,37.8,0
Tokachi,right,57.4,fluvial_scour,plus4K,38,0
Tokachi,right,57.4,fluvial_scour,plus4K,38.2,0
Tokachi,right,57.4,fluvial_scour,plus4K,38.4,0
Tokachi,right,57.4,fluvial_scour,plus4K,38.6,0
Tokachi,right,57.4,fluvial_scour,plus4K,38.8,0
Tokachi,right,57.4,fluvial_scour,plus4K,39,0
Tokachi,right,57.4,fluvial_scour,plus4K,39.2,0
Tokachi,right,57.4,fluvial_scour,plus4K,39.4,0
Tokachi,right,57.4,fluvial_scour,plus4K,39.6,0
Tokachi,right,57.4,fluvial_scour,plus4K,39.8,0
Tokachi,right,57.4,fluvial_scour,plus4K,40,0
Tokachi,right,57.4,fluvial_scour,plus4K,40.2,0
Tokachi,right,57.4,fluvial_scour,plus4K,40.4,0
Tokachi,right,57.4,fluvial_scour,plus4K,40.6,0
Tokachi,right,57.4,fluvial_scour,plus4K,40.8,0
Tokachi,right,57.4,fluvial_scour,plus4K,41,0
Tokachi,right,57.4,fluvial_scour,plus4K,41.2,0
Tokachi,right,57.4,fluvial_scour,plus4K,41.4,0
Tokachi,right,57.4,fluvial_scour,plus4K,41.6,0
Tokachi,right,57.4,fluvial_scour,plus4K,41.8,0
Tokachi,right,57.4,fluvial_scour,plus4K,42,0
Tokachi,right,57.4,fluvial_scour,plus4K,42.2,0
Tokachi,right,57.4,fluvial_scour,plus4K,42.4,0
Tokachi,right,57.4,fluvial_scour,plus4K,42.6,0
Tokachi,right,57.4,fluvial_scour,plus4K,42.8,0
Tokachi,right,57.4,fluvial_scour,plus4K,43,0
Tokachi,right,57.4,fluvial_scour,plus4K,43.2,0
Tokachi,right,57.4,fluvial_scour,plus4K,43.4,0
Tokachi,right,57.4,fluvial_scour,plus4K,43.6,0
Tokachi,right,57.4,fluvial_scour,plus4K,43.8,0
Tokachi,right,57.4,fluvial_scour,plus4K,44,0
Tokachi,right,57.4,fluvial_scour,plus4K,44.2,0
Tokachi,right,57.4,fluvial_scour,plus4K,44.4,0
Tokachi,right,57.4,fluvial_scour,plus4K,44.6,0
Tokachi,right,57.4,fluvial_scour,plus4K,44.8,0
Tokachi,right,57.4,fluvial_scour,plus4K,45,0
Tokachi,right,57.4,fluvial_scour,plus4K,45.2,0
Tokachi,right,57.4,fluvial_scour,plus4K,45.4,0
Tokachi,right,57.6,fluvial_scour,historical,36.2,0
Tokachi,right,57.6,fluvial_scour,historical,36.4,0
Tokachi,right,57.6,fluvial_scour,historical,36.6,0
Tokachi,right,57.6,fluvial_scour,historical,36.8,0
Tokachi,right,57.6,fluvial_scour,historical,37,0
Tokachi,right,57.6,fluvial_scour,historical,37.2,0
Tokachi,right,57.6,fluvial_scour,historical,37.4,0
Tokachi,right,57.6,fluvial_scour,historical,37.6,0
Tokachi,right,57.6,fluvial_scour,historical,37.8,0
Tokachi,right,57.6,fluvial_scour,historical,38,0
Tokachi,right,57.6,fluvial_scour,historical,38.2,0
Tokachi,right,57.6,fluvial_scour,historical,38.4,0
Tokachi,right,57.6,fluvial_scour,historical,38.6,0
Tokachi,right,57.6,fluvial_scour,historical,38.8,0
Tokachi,right,57.6,fluvial_scour,historical,39,0
Tokachi,right,57.6,fluvial_scour,historical,39.2,0
Tokachi,right,57.6,fluvial_scour,historical,39.4,0
Tokachi,right,57.6,fluvial_scour,historical,39.6,0
Tokachi,right,57.6,fluvial_scour,historical,39.8,0
Tokachi,right,57.6,fluvial_scour,historical,40,0
Tokachi,right,57.6,fluvial_scour,historical,40.2,0
Tokachi,right,57.6,fluvial_scour,historical,40.4,0
Tokachi,right,57.6,fluvial_scour,historical,40.6,0
Tokachi,right,57.6,fluvial_scour,historical,40.8,0
Tokachi,right,57.6,fluvial_scour,historical,41,0
Tokachi,right,57.6,fluvial_scour,historical,41.2,0
Tokachi,right,57.6,fluvial_scour,historical,41.4,0
Tokachi,right,57.6,fluvial_scour,historical,41.6,0
Tokachi,right,57.6,fluvial_scour,historical,41.8,0
Tokachi,right,57.6,fluvial_scour,historical,42,0
Tokachi,right,57.6,fluvial_scour,historical,42.2,0
Tokachi,right,57.6,fluvial_scour,historical,42.4,0
Tokachi,right,57.6,fluvial_scour,historical,42.6,0
Tokachi,right,57.6,fluvial_scour,historical,42.8,0
Tokachi,right,57.6,fluvial_scour,historical,43,0
Tokachi,right,57.6,fluvial_scour,historical,43.2,0
Tokachi,right,57.6,fluvial_scour,historical,43.4,0
Tokachi,right,57.6,fluvial_scour,historical,43.6,0
Tokachi,right,57.6,fluvial_scour,historical,43.8,0
Tokachi,right,57.6,fluvial_scour,historical,44,0
Tokachi,right,57.6,fluvial_scour,historical,44.2,0
Tokachi,right,57.6,fluvial_scour,historical,44.4,0
Tokachi,right,57.6,fluvial_scour,historical,44.6,0
Tokachi,right,57.6,fluvial_scour,historical,44.8,0
Tokachi,right,57.6,fluvial_scour,historical,45,0
Tokachi,right,57.6,fluvial_scour,historical,45.2,0
Tokachi,right,57.6,fluvial_scour,plus4K,36.2,0
Tokachi,right,57.6,fluvial_scour,plus4K,36.4,0
Tokachi,right,57.6,fluvial_scour,plus4K,36.6,0
Tokachi,right,57.6,fluvial_scour,plus4K,36.8,0
Tokachi,right,57.6,fluvial_scour,plus4K,37,0
Tokachi,right,57.6,fluvial_scour,plus4K,37.2,0
Tokachi,right,57.6,fluvial_scour,plus4K,37.4,0
Tokachi,right,57.6,fluvial_scour,plus4K,37.6,0
Tokachi,right,57.6,fluvial_scour,plus4K,37.8,0
Tokachi,right,57.6,fluvial_scour,plus4K,38,0
Tokachi,right,57.6,fluvial_scour,plus4K,38.2,0
Tokachi,right,57.6,fluvial_scour,plus4K,38.4,0
Tokachi,right,57.6,fluvial_scour,plus4K,38.6,0
Tokachi,right,57.6,fluvial_scour,plus4K,38.8,0
Tokachi,right,57.6,fluvial_scour,plus4K,39,0
Tokachi,right,57.6,fluvial_scour,plus4K,39.2,0
Tokachi,right,57.6,fluvial_scour,plus4K,39.4,0
Tokachi,right,57.6,fluvial_scour,plus4K,39.6,0
Tokachi,right,57.6,fluvial_scour,plus4K,39.8,0
Tokachi,right,57.6,fluvial_scour,plus4K,40,0
Tokachi,right,57.6,fluvial_scour,plus4K,40.2,0
Tokachi,right,57.6,fluvial_scour,plus4K,40.4,0
Tokachi,right,57.6,fluvial_scour,plus4K,40.6,0
Tokachi,right,57.6,fluvial_scour,plus4K,40.8,0
Tokachi,right,57.6,fluvial_scour,plus4K,41,0
Tokachi,right,57.6,fluvial_scour,plus4K,41.2,0
Tokachi,right,57.6,fluvial_scour,plus4K,41.4,0
Tokachi,right,57.6,fluvial_scour,plus4K,41.6,0
Tokachi,right,57.6,fluvial_scour,plus4K,41.8,0
Tokachi,right,57.6,fluvial_scour,plus4K,42,0
Tokachi,right,57.6,fluvial_scour,plus4K,42.2,0
Tokachi,right,57.6,fluvial_scour,plus4K,42.4,0
Tokachi,right,57.6,fluvial_scour,plus4K,42.6,0
Tokachi,right,57.6,fluvial_scour,plus4K,42.8,0
Tokachi,right,57.6,fluvial_scour,plus4K,43,0
Tokachi,right,57.6,fluvial_scour,plus4K,43.2,0
Tokachi,right,57.6,fluvial_scour,plus4K,43.4,0
Tokachi,right,57.6,fluvial_scour,plus4K,43.6,0
Tokachi,right,57.6,fluvial_scour,plus4K,43.8,0
Tokachi,right,57.6,fluvial_scour,plus4K,44,0
Tokachi,right,57.6,fluvial_scour,plus4K,44.2,0
Tokachi,right,57.6,fluvial_scour,plus4K,44.4,0
Tokachi,right,57.6,fluvial_scour,plus4K,44.6,0
Tokachi,right,57.6,fluvial_scour,plus4K,44.8,0
Tokachi,right,57.6,fluvial_scour,plus4K,45,0
Tokachi,right,57.6,fluvial_scour,plus4K,45.2,0
Tokachi,right,57.8,fluvial_scour,historical,36.8,0
Tokachi,right,57.8,fluvial_scour,historical,37,0
Tokachi,right,57.8,fluvial_scour,historical,37.2,0
Tokachi,right,57.8,fluvial_scour,historical,37.4,0
Tokachi,right,57.8,fluvial_scour,historical,37.6,0
Tokachi,right,57.8,fluvial_scour,historical,37.8,0
Tokachi,right,57.8,fluvial_scour,historical,38,0
Tokachi,right,57.8,fluvial_scour,historical,38.2,0
Tokachi,right,57.8,fluvial_scour,historical,38.4,0
Tokachi,right,57.8,fluvial_scour,historical,38.6,0
Tokachi,right,57.8,fluvial_scour,historical,38.8,0
Tokachi,right,57.8,fluvial_scour,historical,39,0
Tokachi,right,57.8,fluvial_scour,historical,39.2,0
Tokachi,right,57.8,fluvial_scour,historical,39.4,0
Tokachi,right,57.8,fluvial_scour,historical,39.6,0
Tokachi,right,57.8,fluvial_scour,historical,39.8,0
Tokachi,right,57.8,fluvial_scour,historical,40,0
Tokachi,right,57.8,fluvial_scour,historical,40.2,0
Tokachi,right,57.8,fluvial_scour,historical,40.4,0
Tokachi,right,57.8,fluvial_scour,historical,40.6,0
Tokachi,right,57.8,fluvial_scour,historical,40.8,0
Tokachi,right,57.8,fluvial_scour,historical,41,0
Tokachi,right,57.8,fluvial_scour,historical,41.2,0
Tokachi,right,57.8,fluvial_scour,historical,41.4,0
Tokachi,right,57.8,fluvial_scour,historical,41.6,0
Tokachi,right,57.8,fluvial_scour,historical,41.8,0
Tokachi,right,57.8,fluvial_scour,historical,42,0
Tokachi,right,57.8,fluvial_scour,historical,42.2,0
Tokachi,right,57.8,fluvial_scour,historical,42.4,0
Tokachi,right,57.8,fluvial_scour,historical,42.6,0
Tokachi,right,57.8,fluvial_scour,historical,42.8,0
Tokachi,right,57.8,fluvial_scour,historical,43,0
Tokachi,right,57.8,fluvial_scour,historical,43.2,0
Tokachi,right,57.8,fluvial_scour,historical,43.4,0
Tokachi,right,57.8,fluvial_scour,historical,43.6,0
Tokachi,right,57.8,fluvial_scour,historical,43.8,0
Tokachi,right,57.8,fluvial_scour,historical,44,0
Tokachi,right,57.8,fluvial_scour,historical,44.2,0
Tokachi,right,57.8,fluvial_scour,historical,44.4,0
Tokachi,right,57.8,fluvial_scour,historical,44.6,0
Tokachi,right,57.8,fluvial_scour,historical,44.8,0
Tokachi,right,57.8,fluvial_scour,historical,45,0
Tokachi,right,57.8,fluvial_scour,historical,45.2,0
Tokachi,right,57.8,fluvial_scour,historical,45.4,0
Tokachi,right,57.8,fluvial_scour,plus4K,36.8,0
Tokachi,right,57.8,fluvial_scour,plus4K,37,0
Tokachi,right,57.8,fluvial_scour,plus4K,37.2,0
Tokachi,right,57.8,fluvial_scour,plus4K,37.4,0
Tokachi,right,57.8,fluvial_scour,plus4K,37.6,0
Tokachi,right,57.8,fluvial_scour,plus4K,37.8,0
Tokachi,right,57.8,fluvial_scour,plus4K,38,0
Tokachi,right,57.8,fluvial_scour,plus4K,38.2,0
Tokachi,right,57.8,fluvial_scour,plus4K,38.4,0
Tokachi,right,57.8,fluvial_scour,plus4K,38.6,0
Tokachi,right,57.8,fluvial_scour,plus4K,38.8,0
Tokachi,right,57.8,fluvial_scour,plus4K,39,0
Tokachi,right,57.8,fluvial_scour,plus4K,39.2,0
Tokachi,right,57.8,fluvial_scour,plus4K,39.4,0
Tokachi,right,57.8,fluvial_scour,plus4K,39.6,0
Tokachi,right,57.8,fluvial_scour,plus4K,39.8,0
Tokachi,right,57.8,fluvial_scour,plus4K,40,0
Tokachi,right,57.8,fluvial_scour,plus4K,40.2,0
Tokachi,right,57.8,fluvial_scour,plus4K,40.4,0
Tokachi,right,57.8,fluvial_scour,plus4K,40.6,0
Tokachi,right,57.8,fluvial_scour,plus4K,40.8,0
Tokachi,right,57.8,fluvial_scour,plus4K,41,0
Tokachi,right,57.8,fluvial_scour,plus4K,41.2,0
Tokachi,right,57.8,fluvial_scour,plus4K,41.4,0
Tokachi,right,57.8,fluvial_scour,plus4K,41.6,0
Tokachi,right,57.8,fluvial_scour,plus4K,41.8,0
Tokachi,right,57.8,fluvial_scour,plus4K,42,0
Tokachi,right,57.8,fluvial_scour,plus4K,42.2,0
Tokachi,right,57.8,fluvial_scour,plus4K,42.4,0
Tokachi,right,57.8,fluvial_scour,plus4K,42.6,0
Tokachi,right,57.8,fluvial_scour,plus4K,42.8,0
Tokachi,right,57.8,fluvial_scour,plus4K,43,0
Tokachi,right,57.8,fluvial_scour,plus4K,43.2,0
Tokachi,right,57.8,fluvial_scour,plus4K,43.4,0
Tokachi,right,57.8,fluvial_scour,plus4K,43.6,0
Tokachi,right,57.8,fluvial_scour,plus4K,43.8,0
Tokachi,right,57.8,fluvial_scour,plus4K,44,0
Tokachi,right,57.8,fluvial_scour,plus4K,44.2,0
Tokachi,right,57.8,fluvial_scour,plus4K,44.4,0
Tokachi,right,57.8,fluvial_scour,plus4K,44.6,0
Tokachi,right,57.8,fluvial_scour,plus4K,44.8,0
Tokachi,right,57.8,fluvial_scour,plus4K,45,0
Tokachi,right,57.8,fluvial_scour,plus4K,45.2,0
Tokachi,right,57.8,fluvial_scour,plus4K,45.4,0
Tokachi,right,58,fluvial_scour,historical,37.2,0
Tokachi,right,58,fluvial_scour,historical,37.4,0
Tokachi,right,58,fluvial_scour,historical,37.6,0
Tokachi,right,58,fluvial_scour,historical,37.8,0
Tokachi,right,58,fluvial_scour,historical,38,0
Tokachi,right,58,fluvial_scour,historical,38.2,0
Tokachi,right,58,fluvial_scour,historical,38.4,0
Tokachi,right,58,fluvial_scour,historical,38.6,0
Tokachi,right,58,fluvial_scour,historical,38.8,0
Tokachi,right,58,fluvial_scour,historical,39,0
Tokachi,right,58,fluvial_scour,historical,39.2,0
Tokachi,right,58,fluvial_scour,historical,39.4,0
Tokachi,right,58,fluvial_scour,historical,39.6,0
Tokachi,right,58,fluvial_scour,historical,39.8,0
Tokachi,right,58,fluvial_scour,historical,40,0
Tokachi,right,58,fluvial_scour,historical,40.2,0
Tokachi,right,58,fluvial_scour,historical,40.4,0
Tokachi,right,58,fluvial_scour,historical,40.6,0
Tokachi,right,58,fluvial_scour,historical,40.8,0
Tokachi,right,58,fluvial_scour,historical,41,0
Tokachi,right,58,fluvial_scour,historical,41.2,0
Tokachi,right,58,fluvial_scour,historical,41.4,0
Tokachi,right,58,fluvial_scour,historical,41.6,0
Tokachi,right,58,fluvial_scour,historical,41.8,0
Tokachi,right,58,fluvial_scour,historical,42,0
Tokachi,right,58,fluvial_scour,historical,42.2,0
Tokachi,right,58,fluvial_scour,historical,42.4,0
Tokachi,right,58,fluvial_scour,historical,42.6,0
Tokachi,right,58,fluvial_scour,historical,42.8,0
Tokachi,right,58,fluvial_scour,historical,43,0
Tokachi,right,58,fluvial_scour,historical,43.2,0
Tokachi,right,58,fluvial_scour,historical,43.4,0
Tokachi,right,58,fluvial_scour,historical,43.6,0
Tokachi,right,58,fluvial_scour,historical,43.8,0
Tokachi,right,58,fluvial_scour,historical,44,0
Tokachi,right,58,fluvial_scour,historical,44.2,0
Tokachi,right,58,fluvial_scour,historical,44.4,0
Tokachi,right,58,fluvial_scour,historical,44.6,0
Tokachi,right,58,fluvial_scour,historical,44.8,0
Tokachi,right,58,fluvial_scour,historical,45,0
Tokachi,right,58,fluvial_scour,historical,45.2,0
Tokachi,right,58,fluvial_scour,historical,45.4,0
Tokachi,right,58,fluvial_scour,historical,45.6,0
Tokachi,right,58,fluvial_scour,historical,45.8,0
Tokachi,right,58,fluvial_scour,plus4K,37.2,0
Tokachi,right,58,fluvial_scour,plus4K,37.4,0
Tokachi,right,58,fluvial_scour,plus4K,37.6,0
Tokachi,right,58,fluvial_scour,plus4K,37.8,0
Tokachi,right,58,fluvial_scour,plus4K,38,0
Tokachi,right,58,fluvial_scour,plus4K,38.2,0
Tokachi,right,58,fluvial_scour,plus4K,38.4,0
Tokachi,right,58,fluvial_scour,plus4K,38.6,0
Tokachi,right,58,fluvial_scour,plus4K,38.8,0
Tokachi,right,58,fluvial_scour,plus4K,39,0
Tokachi,right,58,fluvial_scour,plus4K,39.2,0
Tokachi,right,58,fluvial_scour,plus4K,39.4,0
Tokachi,right,58,fluvial_scour,plus4K,39.6,0
Tokachi,right,58,fluvial_scour,plus4K,39.8,0
Tokachi,right,58,fluvial_scour,plus4K,40,0
Tokachi,right,58,fluvial_scour,plus4K,40.2,0
Tokachi,right,58,fluvial_scour,plus4K,40.4,0
Tokachi,right,58,fluvial_scour,plus4K,40.6,0
Tokachi,right,58,fluvial_scour,plus4K,40.8,0
Tokachi,right,58,fluvial_scour,plus4K,41,0
Tokachi,right,58,fluvial_scour,plus4K,41.2,0
Tokachi,right,58,fluvial_scour,plus4K,41.4,0
Tokachi,right,58,fluvial_scour,plus4K,41.6,0
Tokachi,right,58,fluvial_scour,plus4K,41.8,0
Tokachi,right,58,fluvial_scour,plus4K,42,0
Tokachi,right,58,fluvial_scour,plus4K,42.2,0
Tokachi,right,58,fluvial_scour,plus4K,42.4,0
Tokachi,right,58,fluvial_scour,plus4K,42.6,0
Tokachi,right,58,fluvial_scour,plus4K,42.8,0
Tokachi,right,58,fluvial_scour,plus4K,43,0
Tokachi,right,58,fluvial_scour,plus4K,43.2,0
Tokachi,right,58,fluvial_scour,plus4K,43.4,0
Tokachi,right,58,fluvial_scour,plus4K,43.6,0
Tokachi,right,58,fluvial_scour,plus4K,43.8,0
Tokachi,right,58,fluvial_scour,plus4K,44,0
Tokachi,right,58,fluvial_scour,plus4K,44.2,0
Tokachi,right,58,fluvial_scour,plus4K,44.4,0
Tokachi,right,58,fluvial_scour,plus4K,44.6,0
Tokachi,right,58,fluvial_scour,plus4K,44.8,0
Tokachi,right,58,fluvial_scour,plus4K,45,0
Tokachi,right,58,fluvial_scour,plus4K,45.2,0
Tokachi,right,58,fluvial_scour,plus4K,45.4,0
Tokachi,right,58,fluvial_scour,plus4K,45.6,0
Tokachi,right,58,fluvial_scour,plus4K,45.8,0
Tokachi,right,58.2,fluvial_scour,historical,37.8,0
Tokachi,right,58.2,fluvial_scour,historical,38,0
Tokachi,right,58.2,fluvial_scour,historical,38.2,0
Tokachi,right,58.2,fluvial_scour,historical,38.4,0
Tokachi,right,58.2,fluvial_scour,historical,38.6,0
Tokachi,right,58.2,fluvial_scour,historical,38.8,0
Tokachi,right,58.2,fluvial_scour,historical,39,0
Tokachi,right,58.2,fluvial_scour,historical,39.2,0
Tokachi,right,58.2,fluvial_scour,historical,39.4,0
Tokachi,right,58.2,fluvial_scour,historical,39.6,0
Tokachi,right,58.2,fluvial_scour,historical,39.8,0
Tokachi,right,58.2,fluvial_scour,historical,40,0
Tokachi,right,58.2,fluvial_scour,historical,40.2,0
Tokachi,right,58.2,fluvial_scour,historical,40.4,0
Tokachi,right,58.2,fluvial_scour,historical,40.6,0
Tokachi,right,58.2,fluvial_scour,historical,40.8,0
Tokachi,right,58.2,fluvial_scour,historical,41,0
Tokachi,right,58.2,fluvial_scour,historical,41.2,0
Tokachi,right,58.2,fluvial_scour,historical,41.4,0
Tokachi,right,58.2,fluvial_scour,historical,41.6,0
Tokachi,right,58.2,fluvial_scour,historical,41.8,0
Tokachi,right,58.2,fluvial_scour,historical,42,0
Tokachi,right,58.2,fluvial_scour,historical,42.2,0
Tokachi,right,58.2,fluvial_scour,historical,42.4,0
Tokachi,right,58.2,fluvial_scour,historical,42.6,0
Tokachi,right,58.2,fluvial_scour,historical,42.8,0
Tokachi,right,58.2,fluvial_scour,historical,43,0
Tokachi,right,58.2,fluvial_scour,historical,43.2,0
Tokachi,right,58.2,fluvial_scour,historical,43.4,0
Tokachi,right,58.2,fluvial_scour,historical,43.6,0
Tokachi,right,58.2,fluvial_scour,historical,43.8,0
Tokachi,right,58.2,fluvial_scour,historical,44,0
Tokachi,right,58.2,fluvial_scour,historical,44.2,0
Tokachi,right,58.2,fluvial_scour,historical,44.4,0
Tokachi,right,58.2,fluvial_scour,historical,44.6,0
Tokachi,right,58.2,fluvial_scour,historical,44.8,0
Tokachi,right,58.2,fluvial_scour,historical,45,0
Tokachi,right,58.2,fluvial_scour,historical,45.2,0
Tokachi,right,58.2,fluvial_scour,historical,45.4,0
Tokachi,right,58.2,fluvial_scour,historical,45.6,0
Tokachi,right,58.2,fluvial_scour,historical,45.8,0
Tokachi,right,58.2,fluvial_scour,historical,46,0
Tokachi,right,58.2,fluvial_scour,plus4K,37.8,0
Tokachi,right,58.2,fluvial_scour,plus4K,38,0
Tokachi,right,58.2,fluvial_scour,plus4K,38.2,0
Tokachi,right,58.2,fluvial_scour,plus4K,38.4,0
Tokachi,right,58.2,fluvial_scour,plus4K,38.6,0
Tokachi,right,58.2,fluvial_scour,plus4K,38.8,0
Tokachi,right,58.2,fluvial_scour,plus4K,39,0
Tokachi,right,58.2,fluvial_scour,plus4K,39.2,0
Tokachi,right,58.2,fluvial_scour,plus4K,39.4,0
Tokachi,right,58.2,fluvial_scour,plus4K,39.6,0
Tokachi,right,58.2,fluvial_scour,plus4K,39.8,0
Tokachi,right,58.2,fluvial_scour,plus4K,40,0
Tokachi,right,58.2,fluvial_scour,plus4K,40.2,0
Tokachi,right,58.2,fluvial_scour,plus4K,40.4,0
Tokachi,right,58.2,fluvial_scour,plus4K,40.6,0
Tokachi,right,58.2,fluvial_scour,plus4K,40.8,0
Tokachi,right,58.2,fluvial_scour,plus4K,41,0
Tokachi,right,58.2,fluvial_scour,plus4K,41.2,0
Tokachi,right,58.2,fluvial_scour,plus4K,41.4,0
Tokachi,right,58.2,fluvial_scour,plus4K,41.6,0
Tokachi,right,58.2,fluvial_scour,plus4K,41.8,0
Tokachi,right,58.2,fluvial_scour,plus4K,42,0
Tokachi,right,58.2,fluvial_scour,plus4K,42.2,0
Tokachi,right,58.2,fluvial_scour,plus4K,42.4,0
Tokachi,right,58.2,fluvial_scour,plus4K,42.6,0
Tokachi,right,58.2,fluvial_scour,plus4K,42.8,0
Tokachi,right,58.2,fluvial_scour,plus4K,43,0
Tokachi,right,58.2,fluvial_scour,plus4K,43.2,0
Tokachi,right,58.2,fluvial_scour,plus4K,43.4,0
Tokachi,right,58.2,fluvial_scour,plus4K,43.6,0
Tokachi,right,58.2,fluvial_scour,plus4K,43.8,0
Tokachi,right,58.2,fluvial_scour,plus4K,44,0
Tokachi,right,58.2,fluvial_scour,plus4K,44.2,0
Tokachi,right,58.2,fluvial_scour,plus4K,44.4,0
Tokachi,right,58.2,fluvial_scour,plus4K,44.6,0
Tokachi,right,58.2,fluvial_scour,plus4K,44.8,0
Tokachi,right,58.2,fluvial_scour,plus4K,45,0
Tokachi,right,58.2,fluvial_scour,plus4K,45.2,0
Tokachi,right,58.2,fluvial_scour,plus4K,45.4,0
Tokachi,right,58.2,fluvial_scour,plus4K,45.6,0
Tokachi,right,58.2,fluvial_scour,plus4K,45.8,0
Tokachi,right,58.2,fluvial_scour,plus4K,46,0
Tokachi,right,58.4,fluvial_scour,historical,38,0
Tokachi,right,58.4,fluvial_scour,historical,38.2,0
Tokachi,right,58.4,fluvial_scour,historical,38.4,0
Tokachi,right,58.4,fluvial_scour,historical,38.6,0
Tokachi,right,58.4,fluvial_scour,historical,38.8,0
Tokachi,right,58.4,fluvial_scour,historical,39,0
Tokachi,right,58.4,fluvial_scour,historical,39.2,0
Tokachi,right,58.4,fluvial_scour,historical,39.4,0
Tokachi,right,58.4,fluvial_scour,historical,39.6,0
Tokachi,right,58.4,fluvial_scour,historical,39.8,0
Tokachi,right,58.4,fluvial_scour,historical,40,0
Tokachi,right,58.4,fluvial_scour,historical,40.2,0
Tokachi,right,58.4,fluvial_scour,historical,40.4,0
Tokachi,right,58.4,fluvial_scour,historical,40.6,0
Tokachi,right,58.4,fluvial_scour,historical,40.8,0
Tokachi,right,58.4,fluvial_scour,historical,41,0
Tokachi,right,58.4,fluvial_scour,historical,41.2,0
Tokachi,right,58.4,fluvial_scour,historical,41.4,0
Tokachi,right,58.4,fluvial_scour,historical,41.6,0
Tokachi,right,58.4,fluvial_scour,historical,41.8,0
Tokachi,right,58.4,fluvial_scour,historical,42,0
Tokachi,right,58.4,fluvial_scour,historical,42.2,0
Tokachi,right,58.4,fluvial_scour,historical,42.4,0
Tokachi,right,58.4,fluvial_scour,historical,42.6,0
Tokachi,right,58.4,fluvial_scour,historical,42.8,0
Tokachi,right,58.4,fluvial_scour,historical,43,0
Tokachi,right,58.4,fluvial_scour,historical,43.2,0
Tokachi,right,58.4,fluvial_scour,historical,43.4,0
Tokachi,right,58.4,fluvial_scour,historical,43.6,0
Tokachi,right,58.4,fluvial_scour,historical,43.8,0
Tokachi,right,58.4,fluvial_scour,historical,44,0
Tokachi,right,58.4,fluvial_scour,historical,44.2,0
Tokachi,right,58.4,fluvial_scour,historical,44.4,0
Tokachi,right,58.4,fluvial_scour,historical,44.6,0
Tokachi,right,58.4,fluvial_scour,historical,44.8,0
Tokachi,right,58.4,fluvial_scour,historical,45,0
Tokachi,right,58.4,fluvial_scour,historical,45.2,0
Tokachi,right,58.4,fluvial_scour,historical,45.4,0
Tokachi,right,58.4,fluvial_scour,historical,45.6,0
Tokachi,right,58.4,fluvial_scour,historical,45.8,0
Tokachi,right,58.4,fluvial_scour,historical,46,0
Tokachi,right,58.4,fluvial_scour,plus4K,38,0
Tokachi,right,58.4,fluvial_scour,plus4K,38.2,0
Tokachi,right,58.4,fluvial_scour,plus4K,38.4,0
Tokachi,right,58.4,fluvial_scour,plus4K,38.6,0
Tokachi,right,58.4,fluvial_scour,plus4K,38.8,0
Tokachi,right,58.4,fluvial_scour,plus4K,39,0
Tokachi,right,58.4,fluvial_scour,plus4K,39.2,0
Tokachi,right,58.4,fluvial_scour,plus4K,39.4,0
Tokachi,right,58.4,fluvial_scour,plus4K,39.6,0
Tokachi,right,58.4,fluvial_scour,plus4K,39.8,0
Tokachi,right,58.4,fluvial_scour,plus4K,40,0
Tokachi,right,58.4,fluvial_scour,plus4K,40.2,0
Tokachi,right,58.4,fluvial_scour,plus4K,40.4,0
Tokachi,right,58.4,fluvial_scour,plus4K,40.6,0
Tokachi,right,58.4,fluvial_scour,plus4K,40.8,0
Tokachi,right,58.4,fluvial_scour,plus4K,41,0
Tokachi,right,58.4,fluvial_scour,plus4K,41.2,0
Tokachi,right,58.4,fluvial_scour,plus4K,41.4,0
Tokachi,right,58.4,fluvial_scour,plus4K,41.6,0
Tokachi,right,58.4,fluvial_scour,plus4K,41.8,0
Tokachi,right,58.4,fluvial_scour,plus4K,42,0
Tokachi,right,58.4,fluvial_scour,plus4K,42.2,0
Tokachi,right,58.4,fluvial_scour,plus4K,42.4,0
Tokachi,right,58.4,fluvial_scour,plus4K,42.6,0
Tokachi,right,58.4,fluvial_scour,plus4K,42.8,0
Tokachi,right,58.4,fluvial_scour,plus4K,43,0
Tokachi,right,58.4,fluvial_scour,plus4K,43.2,0
Tokachi,right,58.4,fluvial_scour,plus4K,43.4,0
Tokachi,right,58.4,fluvial_scour,plus4K,43.6,0
Tokachi,right,58.4,fluvial_scour,plus4K,43.8,0
Tokachi,right,58.4,fluvial_scour,plus4K,44,0
Tokachi,right,58.4,fluvial_scour,plus4K,44.2,0
Tokachi,right,58.4,fluvial_scour,plus4K,44.4,0
Tokachi,right,58.4,fluvial_scour,plus4K,44.6,0
Tokachi,right,58.4,fluvial_scour,plus4K,44.8,0
Tokachi,right,58.4,fluvial_scour,plus4K,45,0
Tokachi,right,58.4,fluvial_scour,plus4K,45.2,0
Tokachi,right,58.4,fluvial_scour,plus4K,45.4,0
Tokachi,right,58.4,fluvial_scour,plus4K,45.6,0
Tokachi,right,58.4,fluvial_scour,plus4K,45.8,0
Tokachi,right,58.4,fluvial_scour,plus4K,46,0
Tokachi,right,58.6,fluvial_scour,historical,38.4,0
Tokachi,right,58.6,fluvial_scour,historical,38.6,0
Tokachi,right,58.6,fluvial_scour,historical,38.8,0
Tokachi,right,58.6,fluvial_scour,historical,39,0
Tokachi,right,58.6,fluvial_scour,historical,39.2,0
Tokachi,right,58.6,fluvial_scour,historical,39.4,0
Tokachi,right,58.6,fluvial_scour,historical,39.6,0
Tokachi,right,58.6,fluvial_scour,historical,39.8,0
Tokachi,right,58.6,fluvial_scour,historical,40,0
Tokachi,right,58.6,fluvial_scour,historical,40.2,0
Tokachi,right,58.6,fluvial_scour,historical,40.4,0
Tokachi,right,58.6,fluvial_scour,historical,40.6,0
Tokachi,right,58.6,fluvial_scour,historical,40.8,0
Tokachi,right,58.6,fluvial_scour,historical,41,0
Tokachi,right,58.6,fluvial_scour,historical,41.2,0
Tokachi,right,58.6,fluvial_scour,historical,41.4,0
Tokachi,right,58.6,fluvial_scour,historical,41.6,0
Tokachi,right,58.6,fluvial_scour,historical,41.8,0
Tokachi,right,58.6,fluvial_scour,historical,42,0
Tokachi,right,58.6,fluvial_scour,historical,42.2,0
Tokachi,right,58.6,fluvial_scour,historical,42.4,0
Tokachi,right,58.6,fluvial_scour,historical,42.6,0
Tokachi,right,58.6,fluvial_scour,historical,42.8,0
Tokachi,right,58.6,fluvial_scour,historical,43,0
Tokachi,right,58.6,fluvial_scour,historical,43.2,0
Tokachi,right,58.6,fluvial_scour,historical,43.4,0
Tokachi,right,58.6,fluvial_scour,historical,43.6,0
Tokachi,right,58.6,fluvial_scour,historical,43.8,0
Tokachi,right,58.6,fluvial_scour,historical,44,0
Tokachi,right,58.6,fluvial_scour,historical,44.2,0
Tokachi,right,58.6,fluvial_scour,historical,44.4,0
Tokachi,right,58.6,fluvial_scour,historical,44.6,0
Tokachi,right,58.6,fluvial_scour,historical,44.8,0
Tokachi,right,58.6,fluvial_scour,historical,45,0
Tokachi,right,58.6,fluvial_scour,historical,45.2,0
Tokachi,right,58.6,fluvial_scour,historical,45.4,0
Tokachi,right,58.6,fluvial_scour,historical,45.6,0
Tokachi,right,58.6,fluvial_scour,historical,45.8,0
Tokachi,right,58.6,fluvial_scour,historical,46,0
Tokachi,right,58.6,fluvial_scour,historical,46.2,0
Tokachi,right,58.6,fluvial_scour,plus4K,38.4,0
Tokachi,right,58.6,fluvial_scour,plus4K,38.6,0
Tokachi,right,58.6,fluvial_scour,plus4K,38.8,0
Tokachi,right,58.6,fluvial_scour,plus4K,39,0
Tokachi,right,58.6,fluvial_scour,plus4K,39.2,0
Tokachi,right,58.6,fluvial_scour,plus4K,39.4,0
Tokachi,right,58.6,fluvial_scour,plus4K,39.6,0
Tokachi,right,58.6,fluvial_scour,plus4K,39.8,0
Tokachi,right,58.6,fluvial_scour,plus4K,40,0
Tokachi,right,58.6,fluvial_scour,plus4K,40.2,0
Tokachi,right,58.6,fluvial_scour,plus4K,40.4,0
Tokachi,right,58.6,fluvial_scour,plus4K,40.6,0
Tokachi,right,58.6,fluvial_scour,plus4K,40.8,0
Tokachi,right,58.6,fluvial_scour,plus4K,41,0
Tokachi,right,58.6,fluvial_scour,plus4K,41.2,0
Tokachi,right,58.6,fluvial_scour,plus4K,41.4,0
Tokachi,right,58.6,fluvial_scour,plus4K,41.6,0
Tokachi,right,58.6,fluvial_scour,plus4K,41.8,0
Tokachi,right,58.6,fluvial_scour,plus4K,42,0
Tokachi,right,58.6,fluvial_scour,plus4K,42.2,0
Tokachi,right,58.6,fluvial_scour,plus4K,42.4,0
Tokachi,right,58.6,fluvial_scour,plus4K,42.6,0
Tokachi,right,58.6,fluvial_scour,plus4K,42.8,0
Tokachi,right,58.6,fluvial_scour,plus4K,43,0
Tokachi,right,58.6,fluvial_scour,plus4K,43.2,0
Tokachi,right,58.6,fluvial_scour,plus4K,43.4,0
Tokachi,right,58.6,fluvial_scour,plus4K,43.6,0
Tokachi,right,58.6,fluvial_scour,plus4K,43.8,0
Tokachi,right,58.6,fluvial_scour,plus4K,44,0
Tokachi,right,58.6,fluvial_scour,plus4K,44.2,0
Tokachi,right,58.6,fluvial_scour,plus4K,44.4,0
Tokachi,right,58.6,fluvial_scour,plus4K,44.6,0
Tokachi,right,58.6,fluvial_scour,plus4K,44.8,0
Tokachi,right,58.6,fluvial_scour,plus4K,45,0
Tokachi,right,58.6,fluvial_scour,plus4K,45.2,0
Tokachi,right,58.6,fluvial_scour,plus4K,45.4,0
Tokachi,right,58.6,fluvial_scour,plus4K,45.6,0
Tokachi,right,58.6,fluvial_scour,plus4K,45.8,0
Tokachi,right,58.6,fluvial_scour,plus4K,46,0
Tokachi,right,58.6,fluvial_scour,plus4K,46.2,0
Tokachi,right,58.8,fluvial_scour,historical,37.4,0
Tokachi,right,58.8,fluvial_scour,historical,37.6,0
Tokachi,right,58.8,fluvial_scour,historical,37.8,0
Tokachi,right,58.8,fluvial_scour,historical,38,0
Tokachi,right,58.8,fluvial_scour,historical,38.2,0
Tokachi,right,58.8,fluvial_scour,historical,38.4,0
Tokachi,right,58.8,fluvial_scour,historical,38.6,0
Tokachi,right,58.8,fluvial_scour,historical,38.8,0
Tokachi,right,58.8,fluvial_scour,historical,39,0
Tokachi,right,58.8,fluvial_scour,historical,39.2,0
Tokachi,right,58.8,fluvial_scour,historical,39.4,0
Tokachi,right,58.8,fluvial_scour,historical,39.6,0
Tokachi,right,58.8,fluvial_scour,historical,39.8,0
Tokachi,right,58.8,fluvial_scour,historical,40,0
Tokachi,right,58.8,fluvial_scour,historical,40.2,0
Tokachi,right,58.8,fluvial_scour,historical,40.4,0
Tokachi,right,58.8,fluvial_scour,historical,40.6,0
Tokachi,right,58.8,fluvial_scour,historical,40.8,0
Tokachi,right,58.8,fluvial_scour,historical,41,0
Tokachi,right,58.8,fluvial_scour,historical,41.2,0
Tokachi,right,58.8,fluvial_scour,historical,41.4,0
Tokachi,right,58.8,fluvial_scour,historical,41.6,0
Tokachi,right,58.8,fluvial_scour,historical,41.8,0
Tokachi,right,58.8,fluvial_scour,historical,42,0
Tokachi,right,58.8,fluvial_scour,historical,42.2,0
Tokachi,right,58.8,fluvial_scour,historical,42.4,0
Tokachi,right,58.8,fluvial_scour,historical,42.6,0
Tokachi,right,58.8,fluvial_scour,historical,42.8,0
Tokachi,right,58.8,fluvial_scour,historical,43,0
Tokachi,right,58.8,fluvial_scour,historical,43.2,0
Tokachi,right,58.8,fluvial_scour,historical,43.4,0
Tokachi,right,58.8,fluvial_scour,historical,43.6,0
Tokachi,right,58.8,fluvial_scour,historical,43.8,0
Tokachi,right,58.8,fluvial_scour,historical,44,0
Tokachi,right,58.8,fluvial_scour,historical,44.2,0
Tokachi,right,58.8,fluvial_scour,historical,44.4,0
Tokachi,right,58.8,fluvial_scour,historical,44.6,0
Tokachi,right,58.8,fluvial_scour,historical,44.8,0
Tokachi,right,58.8,fluvial_scour,historical,45,0
Tokachi,right,58.8,fluvial_scour,historical,45.2,0
Tokachi,right,58.8,fluvial_scour,historical,45.4,0
Tokachi,right,58.8,fluvial_scour,historical,45.6,0
Tokachi,right,58.8,fluvial_scour,historical,45.8,0
Tokachi,right,58.8,fluvial_scour,historical,46,0
Tokachi,right,58.8,fluvial_scour,historical,46.2,0
Tokachi,right,58.8,fluvial_scour,historical,46.4,0
Tokachi,right,58.8,fluvial_scour,historical,46.6,0
Tokachi,right,58.8,fluvial_scour,historical,46.8,0
Tokachi,right,58.8,fluvial_scour,historical,47,0
Tokachi,right,58.8,fluvial_scour,historical,47.2,0
Tokachi,right,58.8,fluvial_scour,historical,47.4,0
Tokachi,right,58.8,fluvial_scour,plus4K,37.4,0
Tokachi,right,58.8,fluvial_scour,plus4K,37.6,0
Tokachi,right,58.8,fluvial_scour,plus4K,37.8,0
Tokachi,right,58.8,fluvial_scour,plus4K,38,0
Tokachi,right,58.8,fluvial_scour,plus4K,38.2,0
Tokachi,right,58.8,fluvial_scour,plus4K,38.4,0
Tokachi,right,58.8,fluvial_scour,plus4K,38.6,0
Tokachi,right,58.8,fluvial_scour,plus4K,38.8,0
Tokachi,right,58.8,fluvial_scour,plus4K,39,0
Tokachi,right,58.8,fluvial_scour,plus4K,39.2,0
Tokachi,right,58.8,fluvial_scour,plus4K,39.4,0
Tokachi,right,58.8,fluvial_scour,plus4K,39.6,0
Tokachi,right,58.8,fluvial_scour,plus4K,39.8,0
Tokachi,right,58.8,fluvial_scour,plus4K,40,0
Tokachi,right,58.8,fluvial_scour,plus4K,40.2,0
Tokachi,right,58.8,fluvial_scour,plus4K,40.4,0
Tokachi,right,58.8,fluvial_scour,plus4K,40.6,0
Tokachi,right,58.8,fluvial_scour,plus4K,40.8,0
Tokachi,right,58.8,fluvial_scour,plus4K,41,0
Tokachi,right,58.8,fluvial_scour,plus4K,41.2,0
Tokachi,right,58.8,fluvial_scour,plus4K,41.4,0
Tokachi,right,58.8,fluvial_scour,plus4K,41.6,0
Tokachi,right,58.8,fluvial_scour,plus4K,41.8,0
Tokachi,right,58.8,fluvial_scour,plus4K,42,0
Tokachi,right,58.8,fluvial_scour,plus4K,42.2,0
Tokachi,right,58.8,fluvial_scour,plus4K,42.4,0
Tokachi,right,58.8,fluvial_scour,plus4K,42.6,0
Tokachi,right,58.8,fluvial_scour,plus4K,42.8,0
Tokachi,right,58.8,fluvial_scour,plus4K,43,0
Tokachi,right,58.8,fluvial_scour,plus4K,43.2,0
Tokachi,right,58.8,fluvial_scour,plus4K,43.4,0
Tokachi,right,58.8,fluvial_scour,plus4K,43.6,0
Tokachi,right,58.8,fluvial_scour,plus4K,43.8,0
Tokachi,right,58.8,fluvial_scour,plus4K,44,0
Tokachi,right,58.8,fluvial_scour,plus4K,44.2,0
Tokachi,right,58.8,fluvial_scour,plus4K,44.4,0
Tokachi,right,58.8,fluvial_scour,plus4K,44.6,0
Tokachi,right,58.8,fluvial_scour,plus4K,44.8,0
Tokachi,right,58.8,fluvial_scour,plus4K,45,0
Tokachi,right,58.8,fluvial_scour,plus4K,45.2,0
Tokachi,right,58.8,fluvial_scour,plus4K,45.4,0
Tokachi,right,58.8,fluvial_scour,plus4K,45.6,0
Tokachi,right,58.8,fluvial_scour,plus4K,45.8,0
Tokachi,right,58.8,fluvial_scour,plus4K,46,0
Tokachi,right,58.8,fluvial_scour,plus4K,46.2,0
Tokachi,right,58.8,fluvial_scour,plus4K,46.4,0
Tokachi,right,58.8,fluvial_scour,plus4K,46.6,0
Tokachi,right,58.8,fluvial_scour,plus4K,46.8,0
Tokachi,right,58.8,fluvial_scour,plus4K,47,0
Tokachi,right,58.8,fluvial_scour,plus4K,47.2,0
Tokachi,right,58.8,fluvial_scour,plus4K,47.4,0
Tokachi,right,59,fluvial_scour,historical,37.8,0
Tokachi,right,59,fluvial_scour,historical,38,0
Tokachi,right,59,fluvial_scour,historical,38.2,0
Tokachi,right,59,fluvial_scour,historical,38.4,0
Tokachi,right,59,fluvial_scour,historical,38.6,0
Tokachi,right,59,fluvial_scour,historical,38.8,0
Tokachi,right,59,fluvial_scour,historical,39,0
Tokachi,right,59,fluvial_scour,historical,39.2,0
Tokachi,right,59,fluvial_scour,historical,39.4,0
Tokachi,right,59,fluvial_scour,historical,39.6,0
Tokachi,right,59,fluvial_scour,historical,39.8,0
Tokachi,right,59,fluvial_scour,historical,40,0
Tokachi,right,59,fluvial_scour,historical,40.2,0
Tokachi,right,59,fluvial_scour,historical,40.4,0
Tokachi,right,59,fluvial_scour,historical,40.6,0
Tokachi,right,59,fluvial_scour,historical,40.8,0
Tokachi,right,59,fluvial_scour,historical,41,0
Tokachi,right,59,fluvial_scour,historical,41.2,0
Tokachi,right,59,fluvial_scour,historical,41.4,0
Tokachi,right,59,fluvial_scour,historical,41.6,0
Tokachi,right,59,fluvial_scour,historical,41.8,0
Tokachi,right,59,fluvial_scour,historical,42,0
Tokachi,right,59,fluvial_scour,historical,42.2,0
Tokachi,right,59,fluvial_scour,historical,42.4,0
Tokachi,right,59,fluvial_scour,historical,42.6,0
Tokachi,right,59,fluvial_scour,historical,42.8,0
Tokachi,right,59,fluvial_scour,historical,43,0
Tokachi,right,59,fluvial_scour,historical,43.2,0
Tokachi,right,59,fluvial_scour,historical,43.4,0
Tokachi,right,59,fluvial_scour,historical,43.6,0
Tokachi,right,59,fluvial_scour,historical,43.8,0
Tokachi,right,59,fluvial_scour,historical,44,0
Tokachi,right,59,fluvial_scour,historical,44.2,0
Tokachi,right,59,fluvial_scour,historical,44.4,0
Tokachi,right,59,fluvial_scour,historical,44.6,0
Tokachi,right,59,fluvial_scour,historical,44.8,0
Tokachi,right,59,fluvial_scour,historical,45,0
Tokachi,right,59,fluvial_scour,historical,45.2,0
Tokachi,right,59,fluvial_scour,historical,45.4,0
Tokachi,right,59,fluvial_scour,historical,45.6,0
Tokachi,right,59,fluvial_scour,historical,45.8,0
Tokachi,right,59,fluvial_scour,historical,46,0
Tokachi,right,59,fluvial_scour,historical,46.2,0
Tokachi,right,59,fluvial_scour,historical,46.4,0
Tokachi,right,59,fluvial_scour,historical,46.6,0
Tokachi,right,59,fluvial_scour,historical,46.8,0
Tokachi,right,59,fluvial_scour,historical,47,0
Tokachi,right,59,fluvial_scour,plus4K,37.8,0
Tokachi,right,59,fluvial_scour,plus4K,38,0
Tokachi,right,59,fluvial_scour,plus4K,38.2,0
Tokachi,right,59,fluvial_scour,plus4K,38.4,0
Tokachi,right,59,fluvial_scour,plus4K,38.6,0
Tokachi,right,59,fluvial_scour,plus4K,38.8,0
Tokachi,right,59,fluvial_scour,plus4K,39,0
Tokachi,right,59,fluvial_scour,plus4K,39.2,0
Tokachi,right,59,fluvial_scour,plus4K,39.4,0
Tokachi,right,59,fluvial_scour,plus4K,39.6,0
Tokachi,right,59,fluvial_scour,plus4K,39.8,0
Tokachi,right,59,fluvial_scour,plus4K,40,0
Tokachi,right,59,fluvial_scour,plus4K,40.2,0
Tokachi,right,59,fluvial_scour,plus4K,40.4,0
Tokachi,right,59,fluvial_scour,plus4K,40.6,0
Tokachi,right,59,fluvial_scour,plus4K,40.8,0
Tokachi,right,59,fluvial_scour,plus4K,41,0
Tokachi,right,59,fluvial_scour,plus4K,41.2,0
Tokachi,right,59,fluvial_scour,plus4K,41.4,0
Tokachi,right,59,fluvial_scour,plus4K,41.6,0
Tokachi,right,59,fluvial_scour,plus4K,41.8,0
Tokachi,right,59,fluvial_scour,plus4K,42,0
Tokachi,right,59,fluvial_scour,plus4K,42.2,0
Tokachi,right,59,fluvial_scour,plus4K,42.4,0
Tokachi,right,59,fluvial_scour,plus4K,42.6,0
Tokachi,right,59,fluvial_scour,plus4K,42.8,0
Tokachi,right,59,fluvial_scour,plus4K,43,0
Tokachi,right,59,fluvial_scour,plus4K,43.2,0
Tokachi,right,59,fluvial_scour,plus4K,43.4,0
Tokachi,right,59,fluvial_scour,plus4K,43.6,0
Tokachi,right,59,fluvial_scour,plus4K,43.8,0
Tokachi,right,59,fluvial_scour,plus4K,44,0
Tokachi,right,59,fluvial_scour,plus4K,44.2,0
Tokachi,right,59,fluvial_scour,plus4K,44.4,0
Tokachi,right,59,fluvial_scour,plus4K,44.6,0
Tokachi,right,59,fluvial_scour,plus4K,44.8,0
Tokachi,right,59,fluvial_scour,plus4K,45,0
Tokachi,right,59,fluvial_scour,plus4K,45.2,0
Tokachi,right,59,fluvial_scour,plus4K,45.4,0
Tokachi,right,59,fluvial_scour,plus4K,45.6,0
Tokachi,right,59,fluvial_scour,plus4K,45.8,0
Tokachi,right,59,fluvial_scour,plus4K,46,0
Tokachi,right,59,fluvial_scour,plus4K,46.2,0
Tokachi,right,59,fluvial_scour,plus4K,46.4,0
Tokachi,right,59,fluvial_scour,plus4K,46.6,0
Tokachi,right,59,fluvial_scour,plus4K,46.8,0
Tokachi,right,59,fluvial_scour,plus4K,47,0
Tokachi,right,59.2,fluvial_scour,historical,38.2,0
Tokachi,right,59.2,fluvial_scour,historical,38.4,0
Tokachi,right,59.2,fluvial_scour,historical,38.6,0
Tokachi,right,59.2,fluvial_scour,historical,38.8,0
Tokachi,right,59.2,fluvial_scour,historical,39,0
Tokachi,right,59.2,fluvial_scour,historical,39.2,0
Tokachi,right,59.2,fluvial_scour,historical,39.4,0
Tokachi,right,59.2,fluvial_scour,historical,39.6,0
Tokachi,right,59.2,fluvial_scour,historical,39.8,0
Tokachi,right,59.2,fluvial_scour,historical,40,0
Tokachi,right,59.2,fluvial_scour,historical,40.2,0
Tokachi,right,59.2,fluvial_scour,historical,40.4,0
Tokachi,right,59.2,fluvial_scour,historical,40.6,0
Tokachi,right,59.2,fluvial_scour,historical,40.8,0
Tokachi,right,59.2,fluvial_scour,historical,41,0
Tokachi,right,59.2,fluvial_scour,historical,41.2,0
Tokachi,right,59.2,fluvial_scour,historical,41.4,0
Tokachi,right,59.2,fluvial_scour,historical,41.6,0
Tokachi,right,59.2,fluvial_scour,historical,41.8,0
Tokachi,right,59.2,fluvial_scour,historical,42,0
Tokachi,right,59.2,fluvial_scour,historical,42.2,0
Tokachi,right,59.2,fluvial_scour,historical,42.4,0
Tokachi,right,59.2,fluvial_scour,historical,42.6,0
Tokachi,right,59.2,fluvial_scour,historical,42.8,0
Tokachi,right,59.2,fluvial_scour,historical,43,0
Tokachi,right,59.2,fluvial_scour,historical,43.2,0
Tokachi,right,59.2,fluvial_scour,historical,43.4,0
Tokachi,right,59.2,fluvial_scour,historical,43.6,0
Tokachi,right,59.2,fluvial_scour,historical,43.8,0
Tokachi,right,59.2,fluvial_scour,historical,44,0
Tokachi,right,59.2,fluvial_scour,historical,44.2,0
Tokachi,right,59.2,fluvial_scour,historical,44.4,0
Tokachi,right,59.2,fluvial_scour,historical,44.6,0
Tokachi,right,59.2,fluvial_scour,historical,44.8,0
Tokachi,right,59.2,fluvial_scour,historical,45,0
Tokachi,right,59.2,fluvial_scour,historical,45.2,0
Tokachi,right,59.2,fluvial_scour,historical,45.4,0
Tokachi,right,59.2,fluvial_scour,historical,45.6,0
Tokachi,right,59.2,fluvial_scour,historical,45.8,0
Tokachi,right,59.2,fluvial_scour,historical,46,0
Tokachi,right,59.2,fluvial_scour,historical,46.2,0
Tokachi,right,59.2,fluvial_scour,historical,46.4,0
Tokachi,right,59.2,fluvial_scour,historical,46.6,0
Tokachi,right,59.2,fluvial_scour,historical,46.8,0
Tokachi,right,59.2,fluvial_scour,historical,47,0
Tokachi,right,59.2,fluvial_scour,plus4K,38.2,0
Tokachi,right,59.2,fluvial_scour,plus4K,38.4,0
Tokachi,right,59.2,fluvial_scour,plus4K,38.6,0
Tokachi,right,59.2,fluvial_scour,plus4K,38.8,0
Tokachi,right,59.2,fluvial_scour,plus4K,39,0
Tokachi,right,59.2,fluvial_scour,plus4K,39.2,0
Tokachi,right,59.2,fluvial_scour,plus4K,39.4,0
Tokachi,right,59.2,fluvial_scour,plus4K,39.6,0
Tokachi,right,59.2,fluvial_scour,plus4K,39.8,0
Tokachi,right,59.2,fluvial_scour,plus4K,40,0
Tokachi,right,59.2,fluvial_scour,plus4K,40.2,0
Tokachi,right,59.2,fluvial_scour,plus4K,40.4,0
Tokachi,right,59.2,fluvial_scour,plus4K,40.6,0
Tokachi,right,59.2,fluvial_scour,plus4K,40.8,0
Tokachi,right,59.2,fluvial_scour,plus4K,41,0
Tokachi,right,59.2,fluvial_scour,plus4K,41.2,0
Tokachi,right,59.2,fluvial_scour,plus4K,41.4,0
Tokachi,right,59.2,fluvial_scour,plus4K,41.6,0
Tokachi,right,59.2,fluvial_scour,plus4K,41.8,0
Tokachi,right,59.2,fluvial_scour,plus4K,42,0
Tokachi,right,59.2,fluvial_scour,plus4K,42.2,0
Tokachi,right,59.2,fluvial_scour,plus4K,42.4,0
Tokachi,right,59.2,fluvial_scour,plus4K,42.6,0
Tokachi,right,59.2,fluvial_scour,plus4K,42.8,0
Tokachi,right,59.2,fluvial_scour,plus4K,43,0
Tokachi,right,59.2,fluvial_scour,plus4K,43.2,0
Tokachi,right,59.2,fluvial_scour,plus4K,43.4,0
Tokachi,right,59.2,fluvial_scour,plus4K,43.6,0
Tokachi,right,59.2,fluvial_scour,plus4K,43.8,0
Tokachi,right,59.2,fluvial_scour,plus4K,44,0
Tokachi,right,59.2,fluvial_scour,plus4K,44.2,0
Tokachi,right,59.2,fluvial_scour,plus4K,44.4,0
Tokachi,right,59.2,fluvial_scour,plus4K,44.6,0
Tokachi,right,59.2,fluvial_scour,plus4K,44.8,0
Tokachi,right,59.2,fluvial_scour,plus4K,45,0
Tokachi,right,59.2,fluvial_scour,plus4K,45.2,0
Tokachi,right,59.2,fluvial_scour,plus4K,45.4,0
Tokachi,right,59.2,fluvial_scour,plus4K,45.6,0
Tokachi,right,59.2,fluvial_scour,plus4K,45.8,0
Tokachi,right,59.2,fluvial_scour,plus4K,46,0
Tokachi,right,59.2,fluvial_scour,plus4K,46.2,0
Tokachi,right,59.2,fluvial_scour,plus4K,46.4,0
Tokachi,right,59.2,fluvial_scour,plus4K,46.6,0
Tokachi,right,59.2,fluvial_scour,plus4K,46.8,0
Tokachi,right,59.2,fluvial_scour,plus4K,47,0
Tokachi,right,59.4,fluvial_scour,historical,38.4,0
Tokachi,right,59.4,fluvial_scour,historical,38.6,0
Tokachi,right,59.4,fluvial_scour,historical,38.8,0
Tokachi,right,59.4,fluvial_scour,historical,39,0
Tokachi,right,59.4,fluvial_scour,historical,39.2,0
Tokachi,right,59.4,fluvial_scour,historical,39.4,0
Tokachi,right,59.4,fluvial_scour,historical,39.6,0
Tokachi,right,59.4,fluvial_scour,historical,39.8,0
Tokachi,right,59.4,fluvial_scour,historical,40,0
Tokachi,right,59.4,fluvial_scour,historical,40.2,0
Tokachi,right,59.4,fluvial_scour,historical,40.4,0
Tokachi,right,59.4,fluvial_scour,historical,40.6,0
Tokachi,right,59.4,fluvial_scour,historical,40.8,0
Tokachi,right,59.4,fluvial_scour,historical,41,0
Tokachi,right,59.4,fluvial_scour,historical,41.2,0
Tokachi,right,59.4,fluvial_scour,historical,41.4,0
Tokachi,right,59.4,fluvial_scour,historical,41.6,0
Tokachi,right,59.4,fluvial_scour,historical,41.8,0
Tokachi,right,59.4,fluvial_scour,historical,42,0
Tokachi,right,59.4,fluvial_scour,historical,42.2,0
Tokachi,right,59.4,fluvial_scour,historical,42.4,0
Tokachi,right,59.4,fluvial_scour,historical,42.6,0
Tokachi,right,59.4,fluvial_scour,historical,42.8,0
Tokachi,right,59.4,fluvial_scour,historical,43,0
Tokachi,right,59.4,fluvial_scour,historical,43.2,0
Tokachi,right,59.4,fluvial_scour,historical,43.4,0
Tokachi,right,59.4,fluvial_scour,historical,43.6,0
Tokachi,right,59.4,fluvial_scour,historical,43.8,0
Tokachi,right,59.4,fluvial_scour,historical,44,0
Tokachi,right,59.4,fluvial_scour,historical,44.2,0
Tokachi,right,59.4,fluvial_scour,historical,44.4,0
Tokachi,right,59.4,fluvial_scour,historical,44.6,0
Tokachi,right,59.4,fluvial_scour,historical,44.8,0
Tokachi,right,59.4,fluvial_scour,historical,45,0
Tokachi,right,59.4,fluvial_scour,historical,45.2,0
Tokachi,right,59.4,fluvial_scour,historical,45.4,0
Tokachi,right,59.4,fluvial_scour,historical,45.6,0
Tokachi,right,59.4,fluvial_scour,historical,45.8,0
Tokachi,right,59.4,fluvial_scour,historical,46,0
Tokachi,right,59.4,fluvial_scour,historical,46.2,0
Tokachi,right,59.4,fluvial_scour,historical,46.4,0
Tokachi,right,59.4,fluvial_scour,historical,46.6,0
Tokachi,right,59.4,fluvial_scour,historical,46.8,0
Tokachi,right,59.4,fluvial_scour,historical,47,0
Tokachi,right,59.4,fluvial_scour,plus4K,38.4,0
Tokachi,right,59.4,fluvial_scour,plus4K,38.6,0
Tokachi,right,59.4,fluvial_scour,plus4K,38.8,0
Tokachi,right,59.4,fluvial_scour,plus4K,39,0
Tokachi,right,59.4,fluvial_scour,plus4K,39.2,0
Tokachi,right,59.4,fluvial_scour,plus4K,39.4,0
Tokachi,right,59.4,fluvial_scour,plus4K,39.6,0
Tokachi,right,59.4,fluvial_scour,plus4K,39.8,0
Tokachi,right,59.4,fluvial_scour,plus4K,40,0
Tokachi,right,59.4,fluvial_scour,plus4K,40.2,0
Tokachi,right,59.4,fluvial_scour,plus4K,40.4,0
Tokachi,right,59.4,fluvial_scour,plus4K,40.6,0
Tokachi,right,59.4,fluvial_scour,plus4K,40.8,0
Tokachi,right,59.4,fluvial_scour,plus4K,41,0
Tokachi,right,59.4,fluvial_scour,plus4K,41.2,0
Tokachi,right,59.4,fluvial_scour,plus4K,41.4,0
Tokachi,right,59.4,fluvial_scour,plus4K,41.6,0
Tokachi,right,59.4,fluvial_scour,plus4K,41.8,0
Tokachi,right,59.4,fluvial_scour,plus4K,42,0
Tokachi,right,59.4,fluvial_scour,plus4K,42.2,0
Tokachi,right,59.4,fluvial_scour,plus4K,42.4,0
Tokachi,right,59.4,fluvial_scour,plus4K,42.6,0
Tokachi,right,59.4,fluvial_scour,plus4K,42.8,0
Tokachi,right,59.4,fluvial_scour,plus4K,43,0
Tokachi,right,59.4,fluvial_scour,plus4K,43.2,0
Tokachi,right,59.4,fluvial_scour,plus4K,43.4,0
Tokachi,right,59.4,fluvial_scour,plus4K,43.6,0
Tokachi,right,59.4,fluvial_scour,plus4K,43.8,0
Tokachi,right,59.4,fluvial_scour,plus4K,44,0
Tokachi,right,59.4,fluvial_scour,plus4K,44.2,0
Tokachi,right,59.4,fluvial_scour,plus4K,44.4,0
Tokachi,right,59.4,fluvial_scour,plus4K,44.6,0
Tokachi,right,59.4,fluvial_scour,plus4K,44.8,0
Tokachi,right,59.4,fluvial_scour,plus4K,45,0
Tokachi,right,59.4,fluvial_scour,plus4K,45.2,0
Tokachi,right,59.4,fluvial_scour,plus4K,45.4,0
Tokachi,right,59.4,fluvial_scour,plus4K,45.6,0
Tokachi,right,59.4,fluvial_scour,plus4K,45.8,0
Tokachi,right,59.4,fluvial_scour,plus4K,46,0
Tokachi,right,59.4,fluvial_scour,plus4K,46.2,0
Tokachi,right,59.4,fluvial_scour,plus4K,46.4,0
Tokachi,right,59.4,fluvial_scour,plus4K,46.6,0
Tokachi,right,59.4,fluvial_scour,plus4K,46.8,0
Tokachi,right,59.4,fluvial_scour,plus4K,47,0
Tokachi,right,59.6,fluvial_scour,historical,39,0
Tokachi,right,59.6,fluvial_scour,historical,39.2,0
Tokachi,right,59.6,fluvial_scour,historical,39.4,0
Tokachi,right,59.6,fluvial_scour,historical,39.6,0
Tokachi,right,59.6,fluvial_scour,historical,39.8,0
Tokachi,right,59.6,fluvial_scour,historical,40,0
Tokachi,right,59.6,fluvial_scour,historical,40.2,0
Tokachi,right,59.6,fluvial_scour,historical,40.4,0
Tokachi,right,59.6,fluvial_scour,historical,40.6,0
Tokachi,right,59.6,fluvial_scour,historical,40.8,0
Tokachi,right,59.6,fluvial_scour,historical,41,0
Tokachi,right,59.6,fluvial_scour,historical,41.2,0
Tokachi,right,59.6,fluvial_scour,historical,41.4,0
Tokachi,right,59.6,fluvial_scour,historical,41.6,0
Tokachi,right,59.6,fluvial_scour,historical,41.8,0
Tokachi,right,59.6,fluvial_scour,historical,42,0
Tokachi,right,59.6,fluvial_scour,historical,42.2,0
Tokachi,right,59.6,fluvial_scour,historical,42.4,0
Tokachi,right,59.6,fluvial_scour,historical,42.6,0
Tokachi,right,59.6,fluvial_scour,historical,42.8,0
Tokachi,right,59.6,fluvial_scour,historical,43,0
Tokachi,right,59.6,fluvial_scour,historical,43.2,0
Tokachi,right,59.6,fluvial_scour,historical,43.4,0
Tokachi,right,59.6,fluvial_scour,historical,43.6,0
Tokachi,right,59.6,fluvial_scour,historical,43.8,0
Tokachi,right,59.6,fluvial_scour,historical,44,0
Tokachi,right,59.6,fluvial_scour,historical,44.2,0
Tokachi,right,59.6,fluvial_scour,historical,44.4,0
Tokachi,right,59.6,fluvial_scour,historical,44.6,0
Tokachi,right,59.6,fluvial_scour,historical,44.8,0
Tokachi,right,59.6,fluvial_scour,historical,45,0
Tokachi,right,59.6,fluvial_scour,historical,45.2,0
Tokachi,right,59.6,fluvial_scour,historical,45.4,0
Tokachi,right,59.6,fluvial_scour,historical,45.6,0
Tokachi,right,59.6,fluvial_scour,historical,45.8,0
Tokachi,right,59.6,fluvial_scour,historical,46,0
Tokachi,right,59.6,fluvial_scour,historical,46.2,0
Tokachi,right,59.6,fluvial_scour,historical,46.4,0
Tokachi,right,59.6,fluvial_scour,historical,46.6,0
Tokachi,right,59.6,fluvial_scour,historical,46.8,0
Tokachi,right,59.6,fluvial_scour,historical,47,0
Tokachi,right,59.6,fluvial_scour,historical,47.2,0
Tokachi,right,59.6,fluvial_scour,plus4K,39,0
Tokachi,right,59.6,fluvial_scour,plus4K,39.2,0
Tokachi,right,59.6,fluvial_scour,plus4K,39.4,0
Tokachi,right,59.6,fluvial_scour,plus4K,39.6,0
Tokachi,right,59.6,fluvial_scour,plus4K,39.8,0
Tokachi,right,59.6,fluvial_scour,plus4K,40,0
Tokachi,right,59.6,fluvial_scour,plus4K,40.2,0
Tokachi,right,59.6,fluvial_scour,plus4K,40.4,0
Tokachi,right,59.6,fluvial_scour,plus4K,40.6,0
Tokachi,right,59.6,fluvial_scour,plus4K,40.8,0
Tokachi,right,59.6,fluvial_scour,plus4K,41,0
Tokachi,right,59.6,fluvial_scour,plus4K,41.2,0
Tokachi,right,59.6,fluvial_scour,plus4K,41.4,0
Tokachi,right,59.6,fluvial_scour,plus4K,41.6,0
Tokachi,right,59.6,fluvial_scour,plus4K,41.8,0
Tokachi,right,59.6,fluvial_scour,plus4K,42,0
Tokachi,right,59.6,fluvial_scour,plus4K,42.2,0
Tokachi,right,59.6,fluvial_scour,plus4K,42.4,0
Tokachi,right,59.6,fluvial_scour,plus4K,42.6,0
Tokachi,right,59.6,fluvial_scour,plus4K,42.8,0
Tokachi,right,59.6,fluvial_scour,plus4K,43,0
Tokachi,right,59.6,fluvial_scour,plus4K,43.2,0
Tokachi,right,59.6,fluvial_scour,plus4K,43.4,0
Tokachi,right,59.6,fluvial_scour,plus4K,43.6,0
Tokachi,right,59.6,fluvial_scour,plus4K,43.8,0
Tokachi,right,59.6,fluvial_scour,plus4K,44,0
Tokachi,right,59.6,fluvial_scour,plus4K,44.2,0
Tokachi,right,59.6,fluvial_scour,plus4K,44.4,0
Tokachi,right,59.6,fluvial_scour,plus4K,44.6,0
Tokachi,right,59.6,fluvial_scour,plus4K,44.8,0
Tokachi,right,59.6,fluvial_scour,plus4K,45,0
Tokachi,right,59.6,fluvial_scour,plus4K,45.2,0
Tokachi,right,59.6,fluvial_scour,plus4K,45.4,0
Tokachi,right,59.6,fluvial_scour,plus4K,45.6,0
Tokachi,right,59.6,fluvial_scour,plus4K,45.8,0
Tokachi,right,59.6,fluvial_scour,plus4K,46,0
Tokachi,right,59.6,fluvial_scour,plus4K,46.2,0
Tokachi,right,59.6,fluvial_scour,plus4K,46.4,0
Tokachi,right,59.6,fluvial_scour,plus4K,46.6,0
Tokachi,right,59.6,fluvial_scour,plus4K,46.8,0
Tokachi,right,59.6,fluvial_scour,plus4K,47,0
Tokachi,right,59.6,fluvial_scour,plus4K,47.2,0
Tokachi,right,59.8,fluvial_scour,historical,39.4,0
Tokachi,right,59.8,fluvial_scour,historical,39.6,0
Tokachi,right,59.8,fluvial_scour,historical,39.8,0
Tokachi,right,59.8,fluvial_scour,historical,40,0
Tokachi,right,59.8,fluvial_scour,historical,40.2,0
Tokachi,right,59.8,fluvial_scour,historical,40.4,0
Tokachi,right,59.8,fluvial_scour,historical,40.6,0
Tokachi,right,59.8,fluvial_scour,historical,40.8,0
Tokachi,right,59.8,fluvial_scour,historical,41,0
Tokachi,right,59.8,fluvial_scour,historical,41.2,0
Tokachi,right,59.8,fluvial_scour,historical,41.4,0
Tokachi,right,59.8,fluvial_scour,historical,41.6,0
Tokachi,right,59.8,fluvial_scour,historical,41.8,0
Tokachi,right,59.8,fluvial_scour,historical,42,0
Tokachi,right,59.8,fluvial_scour,historical,42.2,0
Tokachi,right,59.8,fluvial_scour,historical,42.4,0
Tokachi,right,59.8,fluvial_scour,historical,42.6,0
Tokachi,right,59.8,fluvial_scour,historical,42.8,0
Tokachi,right,59.8,fluvial_scour,historical,43,0
Tokachi,right,59.8,fluvial_scour,historical,43.2,0
Tokachi,right,59.8,fluvial_scour,historical,43.4,0
Tokachi,right,59.8,fluvial_scour,historical,43.6,0
Tokachi,right,59.8,fluvial_scour,historical,43.8,0
Tokachi,right,59.8,fluvial_scour,historical,44,0
Tokachi,right,59.8,fluvial_scour,historical,44.2,0
Tokachi,right,59.8,fluvial_scour,historical,44.4,0
Tokachi,right,59.8,fluvial_scour,historical,44.6,0
Tokachi,right,59.8,fluvial_scour,historical,44.8,0
Tokachi,right,59.8,fluvial_scour,historical,45,0
Tokachi,right,59.8,fluvial_scour,historical,45.2,0
Tokachi,right,59.8,fluvial_scour,historical,45.4,0
Tokachi,right,59.8,fluvial_scour,historical,45.6,0
Tokachi,right,59.8,fluvial_scour,historical,45.8,0
Tokachi,right,59.8,fluvial_scour,historical,46,0
Tokachi,right,59.8,fluvial_scour,historical,46.2,0
Tokachi,right,59.8,fluvial_scour,historical,46.4,0
Tokachi,right,59.8,fluvial_scour,historical,46.6,0
Tokachi,right,59.8,fluvial_scour,historical,46.8,0
Tokachi,right,59.8,fluvial_scour,historical,47,0
Tokachi,right,59.8,fluvial_scour,historical,47.2,0
Tokachi,right,59.8,fluvial_scour,historical,47.4,0
Tokachi,right,59.8,fluvial_scour,historical,47.6,0
Tokachi,right,59.8,fluvial_scour,plus4K,39.4,0
Tokachi,right,59.8,fluvial_scour,plus4K,39.6,0
Tokachi,right,59.8,fluvial_scour,plus4K,39.8,0
Tokachi,right,59.8,fluvial_scour,plus4K,40,0
Tokachi,right,59.8,fluvial_scour,plus4K,40.2,0
Tokachi,right,59.8,fluvial_scour,plus4K,40.4,0
Tokachi,right,59.8,fluvial_scour,plus4K,40.6,0
Tokachi,right,59.8,fluvial_scour,plus4K,40.8,0
Tokachi,right,59.8,fluvial_scour,plus4K,41,0
Tokachi,right,59.8,fluvial_scour,plus4K,41.2,0
Tokachi,right,59.8,fluvial_scour,plus4K,41.4,0
Tokachi,right,59.8,fluvial_scour,plus4K,41.6,0
Tokachi,right,59.8,fluvial_scour,plus4K,41.8,0
Tokachi,right,59.8,fluvial_scour,plus4K,42,0
Tokachi,right,59.8,fluvial_scour,plus4K,42.2,0
Tokachi,right,59.8,fluvial_scour,plus4K,42.4,0
Tokachi,right,59.8,fluvial_scour,plus4K,42.6,0
Tokachi,right,59.8,fluvial_scour,plus4K,42.8,0
Tokachi,right,59.8,fluvial_scour,plus4K,43,0
Tokachi,right,59.8,fluvial_scour,plus4K,43.2,0
Tokachi,right,59.8,fluvial_scour,plus4K,43.4,0
Tokachi,right,59.8,fluvial_scour,plus4K,43.6,0
Tokachi,right,59.8,fluvial_scour,plus4K,43.8,0
Tokachi,right,59.8,fluvial_scour,plus4K,44,0
Tokachi,right,59.8,fluvial_scour,plus4K,44.2,0
Tokachi,right,59.8,fluvial_scour,plus4K,44.4,0
Tokachi,right,59.8,fluvial_scour,plus4K,44.6,0
Tokachi,right,59.8,fluvial_scour,plus4K,44.8,0
Tokachi,right,59.8,fluvial_scour,plus4K,45,0
Tokachi,right,59.8,fluvial_scour,plus4K,45.2,0
Tokachi,right,59.8,fluvial_scour,plus4K,45.4,0
Tokachi,right,59.8,fluvial_scour,plus4K,45.6,0
Tokachi,right,59.8,fluvial_scour,plus4K,45.8,0
Tokachi,right,59.8,fluvial_scour,plus4K,46,0
Tokachi,right,59.8,fluvial_scour,plus4K,46.2,0
Tokachi,right,59.8,fluvial_scour,plus4K,46.4,0
Tokachi,right,59.8,fluvial_scour,plus4K,46.6,0
Tokachi,right,59.8,fluvial_scour,plus4K,46.8,0
Tokachi,right,59.8,fluvial_scour,plus4K,47,0
Tokachi,right,59.8,fluvial_scour,plus4K,47.2,0
Tokachi,right,59.8,fluvial_scour,plus4K,47.4,0
Tokachi,right,59.8,fluvial_scour,plus4K,47.6,0
Tokachi,right,60,fluvial_scour,historical,40.2,0
Tokachi,right,60,fluvial_scour,historical,40.4,0
Tokachi,right,60,fluvial_scour,historical,40.6,0
Tokachi,right,60,fluvial_scour,historical,40.8,0
Tokachi,right,60,fluvial_scour,historical,41,0
Tokachi,right,60,fluvial_scour,historical,41.2,0
Tokachi,right,60,fluvial_scour,historical,41.4,0
Tokachi,right,60,fluvial_scour,historical,41.6,0
Tokachi,right,60,fluvial_scour,historical,41.8,0
Tokachi,right,60,fluvial_scour,historical,42,0
Tokachi,right,60,fluvial_scour,historical,42.2,0
Tokachi,right,60,fluvial_scour,historical,42.4,0
Tokachi,right,60,fluvial_scour,historical,42.6,0
Tokachi,right,60,fluvial_scour,historical,42.8,0
Tokachi,right,60,fluvial_scour,historical,43,0
Tokachi,right,60,fluvial_scour,historical,43.2,0
Tokachi,right,60,fluvial_scour,historical,43.4,0
Tokachi,right,60,fluvial_scour,historical,43.6,0
Tokachi,right,60,fluvial_scour,historical,43.8,0
Tokachi,right,60,fluvial_scour,historical,44,0
Tokachi,right,60,fluvial_scour,historical,44.2,0
Tokachi,right,60,fluvial_scour,historical,44.4,0
Tokachi,right,60,fluvial_scour,historical,44.6,0
Tokachi,right,60,fluvial_scour,historical,44.8,0
Tokachi,right,60,fluvial_scour,historical,45,0
Tokachi,right,60,fluvial_scour,historical,45.2,0
Tokachi,right,60,fluvial_scour,historical,45.4,0
Tokachi,right,60,fluvial_scour,historical,45.6,0
Tokachi,right,60,fluvial_scour,historical,45.8,0
Tokachi,right,60,fluvial_scour,historical,46,0
Tokachi,right,60,fluvial_scour,historical,46.2,0
Tokachi,right,60,fluvial_scour,historical,46.4,0
Tokachi,right,60,fluvial_scour,historical,46.6,0
Tokachi,right,60,fluvial_scour,historical,46.8,0
Tokachi,right,60,fluvial_scour,historical,47,0
Tokachi,right,60,fluvial_scour,historical,47.2,0
Tokachi,right,60,fluvial_scour,historical,47.4,0
Tokachi,right,60,fluvial_scour,historical,47.6,0
Tokachi,right,60,fluvial_scour,historical,47.8,0
Tokachi,right,60,fluvial_scour,historical,48,0
Tokachi,right,60,fluvial_scour,historical,48.2,0
Tokachi,right,60,fluvial_scour,plus4K,40.2,0
Tokachi,right,60,fluvial_scour,plus4K,40.4,0
Tokachi,right,60,fluvial_scour,plus4K,40.6,0
Tokachi,right,60,fluvial_scour,plus4K,40.8,0
Tokachi,right,60,fluvial_scour,plus4K,41,0
Tokachi,right,60,fluvial_scour,plus4K,41.2,0
Tokachi,right,60,fluvial_scour,plus4K,41.4,0
Tokachi,right,60,fluvial_scour,plus4K,41.6,0
Tokachi,right,60,fluvial_scour,plus4K,41.8,0
Tokachi,right,60,fluvial_scour,plus4K,42,0
Tokachi,right,60,fluvial_scour,plus4K,42.2,0
Tokachi,right,60,fluvial_scour,plus4K,42.4,0
Tokachi,right,60,fluvial_scour,plus4K,42.6,0
Tokachi,right,60,fluvial_scour,plus4K,42.8,0
Tokachi,right,60,fluvial_scour,plus4K,43,0
Tokachi,right,60,fluvial_scour,plus4K,43.2,0
Tokachi,right,60,fluvial_scour,plus4K,43.4,0
Tokachi,right,60,fluvial_scour,plus4K,43.6,0
Tokachi,right,60,fluvial_scour,plus4K,43.8,0
Tokachi,right,60,fluvial_scour,plus4K,44,0
Tokachi,right,60,fluvial_scour,plus4K,44.2,0
Tokachi,right,60,fluvial_scour,plus4K,44.4,0
Tokachi,right,60,fluvial_scour,plus4K,44.6,0
Tokachi,right,60,fluvial_scour,plus4K,44.8,0
Tokachi,right,60,fluvial_scour,plus4K,45,0
Tokachi,right,60,fluvial_scour,plus4K,45.2,0
Tokachi,right,60,fluvial_scour,plus4K,45.4,0
Tokachi,right,60,fluvial_scour,plus4K,45.6,0
Tokachi,right,60,fluvial_scour,plus4K,45.8,0
Tokachi,right,60,fluvial_scour,plus4K,46,0
Tokachi,right,60,fluvial_scour,plus4K,46.2,0
Tokachi,right,60,fluvial_scour,plus4K,46.4,0
Tokachi,right,60,fluvial_scour,plus4K,46.6,0
Tokachi,right,60,fluvial_scour,plus4K,46.8,0
Tokachi,right,60,fluvial_scour,plus4K,47,0
Tokachi,right,60,fluvial_scour,plus4K,47.2,0
Tokachi,right,60,fluvial_scour,plus4K,47.4,0
Tokachi,right,60,fluvial_scour,plus4K,47.6,0
Tokachi,right,60,fluvial_scour,plus4K,47.8,0
Tokachi,right,60,fluvial_scour,plus4K,48,0
Tokachi,right,60,fluvial_scour,plus4K,48.2,0
Tokachi,right,60.2,fluvial_scour,historical,40.8,0
Tokachi,right,60.2,fluvial_scour,historical,41,0
Tokachi,right,60.2,fluvial_scour,historical,41.2,0
Tokachi,right,60.2,fluvial_scour,historical,41.4,0
Tokachi,right,60.2,fluvial_scour,historical,41.6,0
Tokachi,right,60.2,fluvial_scour,historical,41.8,0
Tokachi,right,60.2,fluvial_scour,historical,42,0
Tokachi,right,60.2,fluvial_scour,historical,42.2,0
Tokachi,right,60.2,fluvial_scour,historical,42.4,0
Tokachi,right,60.2,fluvial_scour,historical,42.6,0
Tokachi,right,60.2,fluvial_scour,historical,42.8,0
Tokachi,right,60.2,fluvial_scour,historical,43,0
Tokachi,right,60.2,fluvial_scour,historical,43.2,0
Tokachi,right,60.2,fluvial_scour,historical,43.4,0
Tokachi,right,60.2,fluvial_scour,historical,43.6,0
Tokachi,right,60.2,fluvial_scour,historical,43.8,0
Tokachi,right,60.2,fluvial_scour,historical,44,0
Tokachi,right,60.2,fluvial_scour,historical,44.2,0
Tokachi,right,60.2,fluvial_scour,historical,44.4,0
Tokachi,right,60.2,fluvial_scour,historical,44.6,0
Tokachi,right,60.2,fluvial_scour,historical,44.8,0
Tokachi,right,60.2,fluvial_scour,historical,45,0
Tokachi,right,60.2,fluvial_scour,historical,45.2,0
Tokachi,right,60.2,fluvial_scour,historical,45.4,0
Tokachi,right,60.2,fluvial_scour,historical,45.6,0
Tokachi,right,60.2,fluvial_scour,historical,45.8,0
Tokachi,right,60.2,fluvial_scour,historical,46,0
Tokachi,right,60.2,fluvial_scour,historical,46.2,0
Tokachi,right,60.2,fluvial_scour,historical,46.4,0
Tokachi,right,60.2,fluvial_scour,historical,46.6,0
Tokachi,right,60.2,fluvial_scour,historical,46.8,0
Tokachi,right,60.2,fluvial_scour,historical,47,0
Tokachi,right,60.2,fluvial_scour,historical,47.2,0
Tokachi,right,60.2,fluvial_scour,historical,47.4,0
Tokachi,right,60.2,fluvial_scour,historical,47.6,0
Tokachi,right,60.2,fluvial_scour,historical,47.8,0
Tokachi,right,60.2,fluvial_scour,historical,48,0
Tokachi,right,60.2,fluvial_scour,historical,48.2,0
Tokachi,right,60.2,fluvial_scour,historical,48.4,0
Tokachi,right,60.2,fluvial_scour,plus4K,40.8,0
Tokachi,right,60.2,fluvial_scour,plus4K,41,0
Tokachi,right,60.2,fluvial_scour,plus4K,41.2,0
Tokachi,right,60.2,fluvial_scour,plus4K,41.4,0
Tokachi,right,60.2,fluvial_scour,plus4K,41.6,0
Tokachi,right,60.2,fluvial_scour,plus4K,41.8,0
Tokachi,right,60.2,fluvial_scour,plus4K,42,0
Tokachi,right,60.2,fluvial_scour,plus4K,42.2,0
Tokachi,right,60.2,fluvial_scour,plus4K,42.4,0
Tokachi,right,60.2,fluvial_scour,plus4K,42.6,0
Tokachi,right,60.2,fluvial_scour,plus4K,42.8,0
Tokachi,right,60.2,fluvial_scour,plus4K,43,0
Tokachi,right,60.2,fluvial_scour,plus4K,43.2,0
Tokachi,right,60.2,fluvial_scour,plus4K,43.4,0
Tokachi,right,60.2,fluvial_scour,plus4K,43.6,0
Tokachi,right,60.2,fluvial_scour,plus4K,43.8,0
Tokachi,right,60.2,fluvial_scour,plus4K,44,0
Tokachi,right,60.2,fluvial_scour,plus4K,44.2,0
Tokachi,right,60.2,fluvial_scour,plus4K,44.4,0
Tokachi,right,60.2,fluvial_scour,plus4K,44.6,0
Tokachi,right,60.2,fluvial_scour,plus4K,44.8,0
Tokachi,right,60.2,fluvial_scour,plus4K,45,0
Tokachi,right,60.2,fluvial_scour,plus4K,45.2,0
Tokachi,right,60.2,fluvial_scour,plus4K,45.4,0
Tokachi,right,60.2,fluvial_scour,plus4K,45.6,0
Tokachi,right,60.2,fluvial_scour,plus4K,45.8,0
Tokachi,right,60.2,fluvial_scour,plus4K,46,0
Tokachi,right,60.2,fluvial_scour,plus4K,46.2,0
Tokachi,right,60.2,fluvial_scour,plus4K,46.4,0
Tokachi,right,60.2,fluvial_scour,plus4K,46.6,0
Tokachi,right,60.2,fluvial_scour,plus4K,46.8,0
Tokachi,right,60.2,fluvial_scour,plus4K,47,0
Tokachi,right,60.2,fluvial_scour,plus4K,47.2,0
Tokachi,right,60.2,fluvial_scour,plus4K,47.4,0
Tokachi,right,60.2,fluvial_scour,plus4K,47.6,0
Tokachi,right,60.2,fluvial_scour,plus4K,47.8,0
Tokachi,right,60.2,fluvial_scour,plus4K,48,0
Tokachi,right,60.2,fluvial_scour,plus4K,48.2,0
Tokachi,right,60.2,fluvial_scour,plus4K,48.4,0
Tokachi,right,60.4,fluvial_scour,historical,40.8,0
Tokachi,right,60.4,fluvial_scour,historical,41,0
Tokachi,right,60.4,fluvial_scour,historical,41.2,0
Tokachi,right,60.4,fluvial_scour,historical,41.4,0
Tokachi,right,60.4,fluvial_scour,historical,41.6,0
Tokachi,right,60.4,fluvial_scour,historical,41.8,0
Tokachi,right,60.4,fluvial_scour,historical,42,0
Tokachi,right,60.4,fluvial_scour,historical,42.2,0
Tokachi,right,60.4,fluvial_scour,historical,42.4,0
Tokachi,right,60.4,fluvial_scour,historical,42.6,0
Tokachi,right,60.4,fluvial_scour,historical,42.8,0
Tokachi,right,60.4,fluvial_scour,historical,43,0
Tokachi,right,60.4,fluvial_scour,historical,43.2,0
Tokachi,right,60.4,fluvial_scour,historical,43.4,0
Tokachi,right,60.4,fluvial_scour,historical,43.6,0
Tokachi,right,60.4,fluvial_scour,historical,43.8,0
Tokachi,right,60.4,fluvial_scour,historical,44,0
Tokachi,right,60.4,fluvial_scour,historical,44.2,0
Tokachi,right,60.4,fluvial_scour,historical,44.4,0
Tokachi,right,60.4,fluvial_scour,historical,44.6,0
Tokachi,right,60.4,fluvial_scour,historical,44.8,0
Tokachi,right,60.4,fluvial_scour,historical,45,0
Tokachi,right,60.4,fluvial_scour,historical,45.2,0
Tokachi,right,60.4,fluvial_scour,historical,45.4,0
Tokachi,right,60.4,fluvial_scour,historical,45.6,0
Tokachi,right,60.4,fluvial_scour,historical,45.8,0
Tokachi,right,60.4,fluvial_scour,historical,46,0
Tokachi,right,60.4,fluvial_scour,historical,46.2,0
Tokachi,right,60.4,fluvial_scour,historical,46.4,0
Tokachi,right,60.4,fluvial_scour,historical,46.6,0
Tokachi,right,60.4,fluvial_scour,historical,46.8,0
Tokachi,right,60.4,fluvial_scour,historical,47,0
Tokachi,right,60.4,fluvial_scour,historical,47.2,0
Tokachi,right,60.4,fluvial_scour,historical,47.4,0
Tokachi,right,60.4,fluvial_scour,historical,47.6,0
Tokachi,right,60.4,fluvial_scour,historical,47.8,0
Tokachi,right,60.4,fluvial_scour,historical,48,0
Tokachi,right,60.4,fluvial_scour,historical,48.2,0
Tokachi,right,60.4,fluvial_scour,historical,48.4,0
Tokachi,right,60.4,fluvial_scour,historical,48.6,0
Tokachi,right,60.4,fluvial_scour,plus4K,40.8,0
Tokachi,right,60.4,fluvial_scour,plus4K,41,0
Tokachi,right,60.4,fluvial_scour,plus4K,41.2,0
Tokachi,right,60.4,fluvial_scour,plus4K,41.4,0
Tokachi,right,60.4,fluvial_scour,plus4K,41.6,0
Tokachi,right,60.4,fluvial_scour,plus4K,41.8,0
Tokachi,right,60.4,fluvial_scour,plus4K,42,0
Tokachi,right,60.4,fluvial_scour,plus4K,42.2,0
Tokachi,right,60.4,fluvial_scour,plus4K,42.4,0
Tokachi,right,60.4,fluvial_scour,plus4K,42.6,0
Tokachi,right,60.4,fluvial_scour,plus4K,42.8,0
Tokachi,right,60.4,fluvial_scour,plus4K,43,0
Tokachi,right,60.4,fluvial_scour,plus4K,43.2,0
Tokachi,right,60.4,fluvial_scour,plus4K,43.4,0
Tokachi,right,60.4,fluvial_scour,plus4K,43.6,0
Tokachi,right,60.4,fluvial_scour,plus4K,43.8,0
Tokachi,right,60.4,fluvial_scour,plus4K,44,0
Tokachi,right,60.4,fluvial_scour,plus4K,44.2,0
Tokachi,right,60.4,fluvial_scour,plus4K,44.4,0
Tokachi,right,60.4,fluvial_scour,plus4K,44.6,0
Tokachi,right,60.4,fluvial_scour,plus4K,44.8,0
Tokachi,right,60.4,fluvial_scour,plus4K,45,0
Tokachi,right,60.4,fluvial_scour,plus4K,45.2,0
Tokachi,right,60.4,fluvial_scour,plus4K,45.4,0
Tokachi,right,60.4,fluvial_scour,plus4K,45.6,0
Tokachi,right,60.4,fluvial_scour,plus4K,45.8,0
Tokachi,right,60.4,fluvial_scour,plus4K,46,0
Tokachi,right,60.4,fluvial_scour,plus4K,46.2,0
Tokachi,right,60.4,fluvial_scour,plus4K,46.4,0
Tokachi,right,60.4,fluvial_scour,plus4K,46.6,0
Tokachi,right,60.4,fluvial_scour,plus4K,46.8,0
Tokachi,right,60.4,fluvial_scour,plus4K,47,0
Tokachi,right,60.4,fluvial_scour,plus4K,47.2,0
Tokachi,right,60.4,fluvial_scour,plus4K,47.4,0
Tokachi,right,60.4,fluvial_scour,plus4K,47.6,0
Tokachi,right,60.4,fluvial_scour,plus4K,47.8,0
Tokachi,right,60.4,fluvial_scour,plus4K,48,0
Tokachi,right,60.4,fluvial_scour,plus4K,48.2,0
Tokachi,right,60.4,fluvial_scour,plus4K,48.4,0
Tokachi,right,60.4,fluvial_scour,plus4K,48.6,0
Tokachi,right,60.6,fluvial_scour,historical,41.2,0
Tokachi,right,60.6,fluvial_scour,historical,41.4,0
Tokachi,right,60.6,fluvial_scour,historical,41.6,0
Tokachi,right,60.6,fluvial_scour,historical,41.8,0
Tokachi,right,60.6,fluvial_scour,historical,42,0
Tokachi,right,60.6,fluvial_scour,historical,42.2,0
Tokachi,right,60.6,fluvial_scour,historical,42.4,0
Tokachi,right,60.6,fluvial_scour,historical,42.6,0
Tokachi,right,60.6,fluvial_scour,historical,42.8,0
Tokachi,right,60.6,fluvial_scour,historical,43,0
Tokachi,right,60.6,fluvial_scour,historical,43.2,0
Tokachi,right,60.6,fluvial_scour,historical,43.4,0
Tokachi,right,60.6,fluvial_scour,historical,43.6,0
Tokachi,right,60.6,fluvial_scour,historical,43.8,0
Tokachi,right,60.6,fluvial_scour,historical,44,0
Tokachi,right,60.6,fluvial_scour,historical,44.2,0
Tokachi,right,60.6,fluvial_scour,historical,44.4,0
Tokachi,right,60.6,fluvial_scour,historical,44.6,0
Tokachi,right,60.6,fluvial_scour,historical,44.8,0
Tokachi,right,60.6,fluvial_scour,historical,45,0
Tokachi,right,60.6,fluvial_scour,historical,45.2,0
Tokachi,right,60.6,fluvial_scour,historical,45.4,0
Tokachi,right,60.6,fluvial_scour,historical,45.6,0
Tokachi,right,60.6,fluvial_scour,historical,45.8,0
Tokachi,right,60.6,fluvial_scour,historical,46,0
Tokachi,right,60.6,fluvial_scour,historical,46.2,0
Tokachi,right,60.6,fluvial_scour,historical,46.4,0
Tokachi,right,60.6,fluvial_scour,historical,46.6,0
Tokachi,right,60.6,fluvial_scour,historical,46.8,0
Tokachi,right,60.6,fluvial_scour,historical,47,0
Tokachi,right,60.6,fluvial_scour,historical,47.2,0
Tokachi,right,60.6,fluvial_scour,historical,47.4,0
Tokachi,right,60.6,fluvial_scour,historical,47.6,0
Tokachi,right,60.6,fluvial_scour,historical,47.8,0
Tokachi,right,60.6,fluvial_scour,historical,48,0
Tokachi,right,60.6,fluvial_scour,historical,48.2,0
Tokachi,right,60.6,fluvial_scour,historical,48.4,0
Tokachi,right,60.6,fluvial_scour,historical,48.6,0
Tokachi,right,60.6,fluvial_scour,historical,48.8,0
Tokachi,right,60.6,fluvial_scour,historical,49,0
Tokachi,right,60.6,fluvial_scour,plus4K,41.2,0
Tokachi,right,60.6,fluvial_scour,plus4K,41.4,0
Tokachi,right,60.6,fluvial_scour,plus4K,41.6,0
Tokachi,right,60.6,fluvial_scour,plus4K,41.8,0
Tokachi,right,60.6,fluvial_scour,plus4K,42,0
Tokachi,right,60.6,fluvial_scour,plus4K,42.2,0
Tokachi,right,60.6,fluvial_scour,plus4K,42.4,0
Tokachi,right,60.6,fluvial_scour,plus4K,42.6,0
Tokachi,right,60.6,fluvial_scour,plus4K,42.8,0
Tokachi,right,60.6,fluvial_scour,plus4K,43,0
Tokachi,right,60.6,fluvial_scour,plus4K,43.2,0
Tokachi,right,60.6,fluvial_scour,plus4K,43.4,0
Tokachi,right,60.6,fluvial_scour,plus4K,43.6,0
Tokachi,right,60.6,fluvial_scour,plus4K,43.8,0
Tokachi,right,60.6,fluvial_scour,plus4K,44,0
Tokachi,right,60.6,fluvial_scour,plus4K,44.2,0
Tokachi,right,60.6,fluvial_scour,plus4K,44.4,0
Tokachi,right,60.6,fluvial_scour,plus4K,44.6,0
Tokachi,right,60.6,fluvial_scour,plus4K,44.8,0
Tokachi,right,60.6,fluvial_scour,plus4K,45,0
Tokachi,right,60.6,fluvial_scour,plus4K,45.2,0
Tokachi,right,60.6,fluvial_scour,plus4K,45.4,0
Tokachi,right,60.6,fluvial_scour,plus4K,45.6,0
Tokachi,right,60.6,fluvial_scour,plus4K,45.8,0
Tokachi,right,60.6,fluvial_scour,plus4K,46,0
Tokachi,right,60.6,fluvial_scour,plus4K,46.2,0
Tokachi,right,60.6,fluvial_scour,plus4K,46.4,0
Tokachi,right,60.6,fluvial_scour,plus4K,46.6,0
Tokachi,right,60.6,fluvial_scour,plus4K,46.8,0
Tokachi,right,60.6,fluvial_scour,plus4K,47,0
Tokachi,right,60.6,fluvial_scour,plus4K,47.2,0
Tokachi,right,60.6,fluvial_scour,plus4K,47.4,0
Tokachi,right,60.6,fluvial_scour,plus4K,47.6,0
Tokachi,right,60.6,fluvial_scour,plus4K,47.8,0
Tokachi,right,60.6,fluvial_scour,plus4K,48,0
Tokachi,right,60.6,fluvial_scour,plus4K,48.2,0
Tokachi,right,60.6,fluvial_scour,plus4K,48.4,0
Tokachi,right,60.6,fluvial_scour,plus4K,48.6,0
Tokachi,right,60.6,fluvial_scour,plus4K,48.8,0
Tokachi,right,60.6,fluvial_scour,plus4K,49,0
Tokachi,right,60.8,fluvial_scour,historical,41.8,0
Tokachi,right,60.8,fluvial_scour,historical,42,0
Tokachi,right,60.8,fluvial_scour,historical,42.2,0
Tokachi,right,60.8,fluvial_scour,historical,42.4,0
Tokachi,right,60.8,fluvial_scour,historical,42.6,0
Tokachi,right,60.8,fluvial_scour,historical,42.8,0
Tokachi,right,60.8,fluvial_scour,historical,43,0
Tokachi,right,60.8,fluvial_scour,historical,43.2,0
Tokachi,right,60.8,fluvial_scour,historical,43.4,0
Tokachi,right,60.8,fluvial_scour,historical,43.6,0
Tokachi,right,60.8,fluvial_scour,historical,43.8,0
Tokachi,right,60.8,fluvial_scour,historical,44,0
Tokachi,right,60.8,fluvial_scour,historical,44.2,0
Tokachi,right,60.8,fluvial_scour,historical,44.4,0
Tokachi,right,60.8,fluvial_scour,historical,44.6,0
Tokachi,right,60.8,fluvial_scour,historical,44.8,0
Tokachi,right,60.8,fluvial_scour,historical,45,0
Tokachi,right,60.8,fluvial_scour,historical,45.2,0
Tokachi,right,60.8,fluvial_scour,historical,45.4,0
Tokachi,right,60.8,fluvial_scour,historical,45.6,0
Tokachi,right,60.8,fluvial_scour,historical,45.8,0
Tokachi,right,60.8,fluvial_scour,historical,46,0
Tokachi,right,60.8,fluvial_scour,historical,46.2,0
Tokachi,right,60.8,fluvial_scour,historical,46.4,0
Tokachi,right,60.8,fluvial_scour,historical,46.6,0
Tokachi,right,60.8,fluvial_scour,historical,46.8,0
Tokachi,right,60.8,fluvial_scour,historical,47,0
Tokachi,right,60.8,fluvial_scour,historical,47.2,0
Tokachi,right,60.8,fluvial_scour,historical,47.4,0
Tokachi,right,60.8,fluvial_scour,historical,47.6,0
Tokachi,right,60.8,fluvial_scour,historical,47.8,0
Tokachi,right,60.8,fluvial_scour,historical,48,0
Tokachi,right,60.8,fluvial_scour,historical,48.2,0
Tokachi,right,60.8,fluvial_scour,historical,48.4,0
Tokachi,right,60.8,fluvial_scour,historical,48.6,0
Tokachi,right,60.8,fluvial_scour,historical,48.8,0
Tokachi,right,60.8,fluvial_scour,historical,49,0
Tokachi,right,60.8,fluvial_scour,historical,49.2,0
Tokachi,right,60.8,fluvial_scour,historical,49.4,0
Tokachi,right,60.8,fluvial_scour,historical,49.6,0
Tokachi,right,60.8,fluvial_scour,historical,49.8,0
Tokachi,right,60.8,fluvial_scour,historical,50,0
Tokachi,right,60.8,fluvial_scour,historical,50.2,0
Tokachi,right,60.8,fluvial_scour,historical,50.4,0
Tokachi,right,60.8,fluvial_scour,plus4K,41.8,0
Tokachi,right,60.8,fluvial_scour,plus4K,42,0
Tokachi,right,60.8,fluvial_scour,plus4K,42.2,0
Tokachi,right,60.8,fluvial_scour,plus4K,42.4,0
Tokachi,right,60.8,fluvial_scour,plus4K,42.6,0
Tokachi,right,60.8,fluvial_scour,plus4K,42.8,0
Tokachi,right,60.8,fluvial_scour,plus4K,43,0
Tokachi,right,60.8,fluvial_scour,plus4K,43.2,0
Tokachi,right,60.8,fluvial_scour,plus4K,43.4,0
Tokachi,right,60.8,fluvial_scour,plus4K,43.6,0
Tokachi,right,60.8,fluvial_scour,plus4K,43.8,0
Tokachi,right,60.8,fluvial_scour,plus4K,44,0
Tokachi,right,60.8,fluvial_scour,plus4K,44.2,0
Tokachi,right,60.8,fluvial_scour,plus4K,44.4,0
Tokachi,right,60.8,fluvial_scour,plus4K,44.6,0
Tokachi,right,60.8,fluvial_scour,plus4K,44.8,0
Tokachi,right,60.8,fluvial_scour,plus4K,45,0
Tokachi,right,60.8,fluvial_scour,plus4K,45.2,0
Tokachi,right,60.8,fluvial_scour,plus4K,45.4,0
Tokachi,right,60.8,fluvial_scour,plus4K,45.6,0
Tokachi,right,60.8,fluvial_scour,plus4K,45.8,0
Tokachi,right,60.8,fluvial_scour,plus4K,46,0
Tokachi,right,60.8,fluvial_scour,plus4K,46.2,0
Tokachi,right,60.8,fluvial_scour,plus4K,46.4,0
Tokachi,right,60.8,fluvial_scour,plus4K,46.6,0
Tokachi,right,60.8,fluvial_scour,plus4K,46.8,0
Tokachi,right,60.8,fluvial_scour,plus4K,47,0
Tokachi,right,60.8,fluvial_scour,plus4K,47.2,0
Tokachi,right,60.8,fluvial_scour,plus4K,47.4,0
Tokachi,right,60.8,fluvial_scour,plus4K,47.6,0
Tokachi,right,60.8,fluvial_scour,plus4K,47.8,0
Tokachi,right,60.8,fluvial_scour,plus4K,48,0
Tokachi,right,60.8,fluvial_scour,plus4K,48.2,0
Tokachi,right,60.8,fluvial_scour,plus4K,48.4,0
Tokachi,right,60.8,fluvial_scour,plus4K,48.6,0
Tokachi,right,60.8,fluvial_scour,plus4K,48.8,0
Tokachi,right,60.8,fluvial_scour,plus4K,49,0
Tokachi,right,60.8,fluvial_scour,plus4K,49.2,0
Tokachi,right,60.8,fluvial_scour,plus4K,49.4,0
Tokachi,right,60.8,fluvial_scour,plus4K,49.6,0
Tokachi,right,60.8,fluvial_scour,plus4K,49.8,0
Tokachi,right,60.8,fluvial_scour,plus4K,50,0
Tokachi,right,60.8,fluvial_scour,plus4K,50.2,0
Tokachi,right,60.8,fluvial_scour,plus4K,50.4,0
Tokachi,right,61,fluvial_scour,historical,42.2,0
Tokachi,right,61,fluvial_scour,historical,42.4,0
Tokachi,right,61,fluvial_scour,historical,42.6,0
Tokachi,right,61,fluvial_scour,historical,42.8,0
Tokachi,right,61,fluvial_scour,historical,43,0
Tokachi,right,61,fluvial_scour,historical,43.2,0
Tokachi,right,61,fluvial_scour,historical,43.4,0
Tokachi,right,61,fluvial_scour,historical,43.6,0
Tokachi,right,61,fluvial_scour,historical,43.8,0
Tokachi,right,61,fluvial_scour,historical,44,0
Tokachi,right,61,fluvial_scour,historical,44.2,0
Tokachi,right,61,fluvial_scour,historical,44.4,0
Tokachi,right,61,fluvial_scour,historical,44.6,0
Tokachi,right,61,fluvial_scour,historical,44.8,0
Tokachi,right,61,fluvial_scour,historical,45,0
Tokachi,right,61,fluvial_scour,historical,45.2,0
Tokachi,right,61,fluvial_scour,historical,45.4,0
Tokachi,right,61,fluvial_scour,historical,45.6,0
Tokachi,right,61,fluvial_scour,historical,45.8,0
Tokachi,right,61,fluvial_scour,historical,46,0
Tokachi,right,61,fluvial_scour,historical,46.2,0
Tokachi,right,61,fluvial_scour,historical,46.4,0
Tokachi,right,61,fluvial_scour,historical,46.6,0
Tokachi,right,61,fluvial_scour,historical,46.8,0
Tokachi,right,61,fluvial_scour,historical,47,0
Tokachi,right,61,fluvial_scour,historical,47.2,0
Tokachi,right,61,fluvial_scour,historical,47.4,0
Tokachi,right,61,fluvial_scour,historical,47.6,0
Tokachi,right,61,fluvial_scour,historical,47.8,0
Tokachi,right,61,fluvial_scour,historical,48,0
Tokachi,right,61,fluvial_scour,historical,48.2,0
Tokachi,right,61,fluvial_scour,historical,48.4,0
Tokachi,right,61,fluvial_scour,historical,48.6,0
Tokachi,right,61,fluvial_scour,historical,48.8,0
Tokachi,right,61,fluvial_scour,historical,49,0
Tokachi,right,61,fluvial_scour,historical,49.2,0
Tokachi,right,61,fluvial_scour,historical,49.4,0
Tokachi,right,61,fluvial_scour,historical,49.6,0
Tokachi,right,61,fluvial_scour,plus4K,42.2,0
Tokachi,right,61,fluvial_scour,plus4K,42.4,0
Tokachi,right,61,fluvial_scour,plus4K,42.6,0
Tokachi,right,61,fluvial_scour,plus4K,42.8,0
Tokachi,right,61,fluvial_scour,plus4K,43,0
Tokachi,right,61,fluvial_scour,plus4K,43.2,0
Tokachi,right,61,fluvial_scour,plus4K,43.4,0
Tokachi,right,61,fluvial_scour,plus4K,43.6,0
Tokachi,right,61,fluvial_scour,plus4K,43.8,0
Tokachi,right,61,fluvial_scour,plus4K,44,0
Tokachi,right,61,fluvial_scour,plus4K,44.2,0
Tokachi,right,61,fluvial_scour,plus4K,44.4,0
Tokachi,right,61,fluvial_scour,plus4K,44.6,0
Tokachi,right,61,fluvial_scour,plus4K,44.8,0
Tokachi,right,61,fluvial_scour,plus4K,45,0
Tokachi,right,61,fluvial_scour,plus4K,45.2,0
Tokachi,right,61,fluvial_scour,plus4K,45.4,0
Tokachi,right,61,fluvial_scour,plus4K,45.6,0
Tokachi,right,61,fluvial_scour,plus4K,45.8,0
Tokachi,right,61,fluvial_scour,plus4K,46,0
Tokachi,right,61,fluvial_scour,plus4K,46.2,0
Tokachi,right,61,fluvial_scour,plus4K,46.4,0
Tokachi,right,61,fluvial_scour,plus4K,46.6,0
Tokachi,right,61,fluvial_scour,plus4K,46.8,0
Tokachi,right,61,fluvial_scour,plus4K,47,0
Tokachi,right,61,fluvial_scour,plus4K,47.2,0
Tokachi,right,61,fluvial_scour,plus4K,47.4,0
Tokachi,right,61,fluvial_scour,plus4K,47.6,0
Tokachi,right,61,fluvial_scour,plus4K,47.8,0
Tokachi,right,61,fluvial_scour,plus4K,48,0
Tokachi,right,61,fluvial_scour,plus4K,48.2,0
Tokachi,right,61,fluvial_scour,plus4K,48.4,0
Tokachi,right,61,fluvial_scour,plus4K,48.6,0
Tokachi,right,61,fluvial_scour,plus4K,48.8,0
Tokachi,right,61,fluvial_scour,plus4K,49,0
Tokachi,right,61,fluvial_scour,plus4K,49.2,0
Tokachi,right,61,fluvial_scour,plus4K,49.4,0
Tokachi,right,61,fluvial_scour,plus4K,49.6,0
Tokachi,right,61.2,fluvial_scour,historical,42,0
Tokachi,right,61.2,fluvial_scour,historical,42.2,0
Tokachi,right,61.2,fluvial_scour,historical,42.4,0
Tokachi,right,61.2,fluvial_scour,historical,42.6,0
Tokachi,right,61.2,fluvial_scour,historical,42.8,0
Tokachi,right,61.2,fluvial_scour,historical,43,0
Tokachi,right,61.2,fluvial_scour,historical,43.2,0
Tokachi,right,61.2,fluvial_scour,historical,43.4,0
Tokachi,right,61.2,fluvial_scour,historical,43.6,0
Tokachi,right,61.2,fluvial_scour,historical,43.8,0
Tokachi,right,61.2,fluvial_scour,historical,44,0
Tokachi,right,61.2,fluvial_scour,historical,44.2,0
Tokachi,right,61.2,fluvial_scour,historical,44.4,0
Tokachi,right,61.2,fluvial_scour,historical,44.6,0
Tokachi,right,61.2,fluvial_scour,historical,44.8,0
Tokachi,right,61.2,fluvial_scour,historical,45,0
Tokachi,right,61.2,fluvial_scour,historical,45.2,0
Tokachi,right,61.2,fluvial_scour,historical,45.4,0
Tokachi,right,61.2,fluvial_scour,historical,45.6,0
Tokachi,right,61.2,fluvial_scour,historical,45.8,0
Tokachi,right,61.2,fluvial_scour,historical,46,0
Tokachi,right,61.2,fluvial_scour,historical,46.2,0
Tokachi,right,61.2,fluvial_scour,historical,46.4,0
Tokachi,right,61.2,fluvial_scour,historical,46.6,0
Tokachi,right,61.2,fluvial_scour,historical,46.8,0
Tokachi,right,61.2,fluvial_scour,historical,47,0
Tokachi,right,61.2,fluvial_scour,historical,47.2,0
Tokachi,right,61.2,fluvial_scour,historical,47.4,0
Tokachi,right,61.2,fluvial_scour,historical,47.6,0
Tokachi,right,61.2,fluvial_scour,historical,47.8,0
Tokachi,right,61.2,fluvial_scour,historical,48,0
Tokachi,right,61.2,fluvial_scour,historical,48.2,0
Tokachi,right,61.2,fluvial_scour,historical,48.4,0
Tokachi,right,61.2,fluvial_scour,historical,48.6,0
Tokachi,right,61.2,fluvial_scour,historical,48.8,0
Tokachi,right,61.2,fluvial_scour,historical,49,0
Tokachi,right,61.2,fluvial_scour,historical,49.2,0
Tokachi,right,61.2,fluvial_scour,historical,49.4,0
Tokachi,right,61.2,fluvial_scour,historical,49.6,0
Tokachi,right,61.2,fluvial_scour,historical,49.8,0
Tokachi,right,61.2,fluvial_scour,plus4K,42,0
Tokachi,right,61.2,fluvial_scour,plus4K,42.2,0
Tokachi,right,61.2,fluvial_scour,plus4K,42.4,0
Tokachi,right,61.2,fluvial_scour,plus4K,42.6,0
Tokachi,right,61.2,fluvial_scour,plus4K,42.8,0
Tokachi,right,61.2,fluvial_scour,plus4K,43,0
Tokachi,right,61.2,fluvial_scour,plus4K,43.2,0
Tokachi,right,61.2,fluvial_scour,plus4K,43.4,0
Tokachi,right,61.2,fluvial_scour,plus4K,43.6,0
Tokachi,right,61.2,fluvial_scour,plus4K,43.8,0
Tokachi,right,61.2,fluvial_scour,plus4K,44,0
Tokachi,right,61.2,fluvial_scour,plus4K,44.2,0
Tokachi,right,61.2,fluvial_scour,plus4K,44.4,0
Tokachi,right,61.2,fluvial_scour,plus4K,44.6,0
Tokachi,right,61.2,fluvial_scour,plus4K,44.8,0
Tokachi,right,61.2,fluvial_scour,plus4K,45,0
Tokachi,right,61.2,fluvial_scour,plus4K,45.2,0
Tokachi,right,61.2,fluvial_scour,plus4K,45.4,0
Tokachi,right,61.2,fluvial_scour,plus4K,45.6,0
Tokachi,right,61.2,fluvial_scour,plus4K,45.8,0
Tokachi,right,61.2,fluvial_scour,plus4K,46,0
Tokachi,right,61.2,fluvial_scour,plus4K,46.2,0
Tokachi,right,61.2,fluvial_scour,plus4K,46.4,0
Tokachi,right,61.2,fluvial_scour,plus4K,46.6,0
Tokachi,right,61.2,fluvial_scour,plus4K,46.8,0
Tokachi,right,61.2,fluvial_scour,plus4K,47,0
Tokachi,right,61.2,fluvial_scour,plus4K,47.2,0
Tokachi,right,61.2,fluvial_scour,plus4K,47.4,0
Tokachi,right,61.2,fluvial_scour,plus4K,47.6,0
Tokachi,right,61.2,fluvial_scour,plus4K,47.8,0
Tokachi,right,61.2,fluvial_scour,plus4K,48,0
Tokachi,right,61.2,fluvial_scour,plus4K,48.2,0
Tokachi,right,61.2,fluvial_scour,plus4K,48.4,0
Tokachi,right,61.2,fluvial_scour,plus4K,48.6,0
Tokachi,right,61.2,fluvial_scour,plus4K,48.8,0
Tokachi,right,61.2,fluvial_scour,plus4K,49,0
Tokachi,right,61.2,fluvial_scour,plus4K,49.2,0
Tokachi,right,61.2,fluvial_scour,plus4K,49.4,0
Tokachi,right,61.2,fluvial_scour,plus4K,49.6,0
Tokachi,right,61.2,fluvial_scour,plus4K,49.8,0
Tokachi,right,61.4,fluvial_scour,historical,42.6,0
Tokachi,right,61.4,fluvial_scour,historical,42.8,0
Tokachi,right,61.4,fluvial_scour,historical,43,0
Tokachi,right,61.4,fluvial_scour,historical,43.2,0
Tokachi,right,61.4,fluvial_scour,historical,43.4,0
Tokachi,right,61.4,fluvial_scour,historical,43.6,0
Tokachi,right,61.4,fluvial_scour,historical,43.8,0
Tokachi,right,61.4,fluvial_scour,historical,44,0
Tokachi,right,61.4,fluvial_scour,historical,44.2,0
Tokachi,right,61.4,fluvial_scour,historical,44.4,0
Tokachi,right,61.4,fluvial_scour,historical,44.6,0
Tokachi,right,61.4,fluvial_scour,historical,44.8,0
Tokachi,right,61.4,fluvial_scour,historical,45,0
Tokachi,right,61.4,fluvial_scour,historical,45.2,0
Tokachi,right,61.4,fluvial_scour,historical,45.4,0
Tokachi,right,61.4,fluvial_scour,historical,45.6,0
Tokachi,right,61.4,fluvial_scour,historical,45.8,0
Tokachi,right,61.4,fluvial_scour,historical,46,0
Tokachi,right,61.4,fluvial_scour,historical,46.2,0
Tokachi,right,61.4,fluvial_scour,historical,46.4,0
Tokachi,right,61.4,fluvial_scour,historical,46.6,0
Tokachi,right,61.4,fluvial_scour,historical,46.8,0
Tokachi,right,61.4,fluvial_scour,historical,47,0
Tokachi,right,61.4,fluvial_scour,historical,47.2,0
Tokachi,right,61.4,fluvial_scour,historical,47.4,0
Tokachi,right,61.4,fluvial_scour,historical,47.6,0
Tokachi,right,61.4,fluvial_scour,historical,47.8,0
Tokachi,right,61.4,fluvial_scour,historical,48,0
Tokachi,right,61.4,fluvial_scour,historical,48.2,0
Tokachi,right,61.4,fluvial_scour,historical,48.4,0
Tokachi,right,61.4,fluvial_scour,historical,48.6,0
Tokachi,right,61.4,fluvial_scour,historical,48.8,0
Tokachi,right,61.4,fluvial_scour,historical,49,0
Tokachi,right,61.4,fluvial_scour,historical,49.2,0
Tokachi,right,61.4,fluvial_scour,historical,49.4,0
Tokachi,right,61.4,fluvial_scour,historical,49.6,0
Tokachi,right,61.4,fluvial_scour,historical,49.8,0
Tokachi,right,61.4,fluvial_scour,historical,50,0
Tokachi,right,61.4,fluvial_scour,historical,50.2,0
Tokachi,right,61.4,fluvial_scour,plus4K,42.6,0
Tokachi,right,61.4,fluvial_scour,plus4K,42.8,0
Tokachi,right,61.4,fluvial_scour,plus4K,43,0
Tokachi,right,61.4,fluvial_scour,plus4K,43.2,0
Tokachi,right,61.4,fluvial_scour,plus4K,43.4,0
Tokachi,right,61.4,fluvial_scour,plus4K,43.6,0
Tokachi,right,61.4,fluvial_scour,plus4K,43.8,0
Tokachi,right,61.4,fluvial_scour,plus4K,44,0
Tokachi,right,61.4,fluvial_scour,plus4K,44.2,0
Tokachi,right,61.4,fluvial_scour,plus4K,44.4,0
Tokachi,right,61.4,fluvial_scour,plus4K,44.6,0
Tokachi,right,61.4,fluvial_scour,plus4K,44.8,0
Tokachi,right,61.4,fluvial_scour,plus4K,45,0
Tokachi,right,61.4,fluvial_scour,plus4K,45.2,0
Tokachi,right,61.4,fluvial_scour,plus4K,45.4,0
Tokachi,right,61.4,fluvial_scour,plus4K,45.6,0
Tokachi,right,61.4,fluvial_scour,plus4K,45.8,0
Tokachi,right,61.4,fluvial_scour,plus4K,46,0
Tokachi,right,61.4,fluvial_scour,plus4K,46.2,0
Tokachi,right,61.4,fluvial_scour,plus4K,46.4,0
Tokachi,right,61.4,fluvial_scour,plus4K,46.6,0
Tokachi,right,61.4,fluvial_scour,plus4K,46.8,0
Tokachi,right,61.4,fluvial_scour,plus4K,47,0
Tokachi,right,61.4,fluvial_scour,plus4K,47.2,0
Tokachi,right,61.4,fluvial_scour,plus4K,47.4,0
Tokachi,right,61.4,fluvial_scour,plus4K,47.6,0
Tokachi,right,61.4,fluvial_scour,plus4K,47.8,0
Tokachi,right,61.4,fluvial_scour,plus4K,48,0
Tokachi,right,61.4,fluvial_scour,plus4K,48.2,0
Tokachi,right,61.4,fluvial_scour,plus4K,48.4,0
Tokachi,right,61.4,fluvial_scour,plus4K,48.6,0
Tokachi,right,61.4,fluvial_scour,plus4K,48.8,0
Tokachi,right,61.4,fluvial_scour,plus4K,49,0
Tokachi,right,61.4,fluvial_scour,plus4K,49.2,0
Tokachi,right,61.4,fluvial_scour,plus4K,49.4,0
Tokachi,right,61.4,fluvial_scour,plus4K,49.6,0
Tokachi,right,61.4,fluvial_scour,plus4K,49.8,0
Tokachi,right,61.4,fluvial_scour,plus4K,50,0
Tokachi,right,61.4,fluvial_scour,plus4K,50.2,0
Tokachi,right,61.6,fluvial_scour,historical,42.6,0
Tokachi,right,61.6,fluvial_scour,historical,42.8,0
Tokachi,right,61.6,fluvial_scour,historical,43,0
Tokachi,right,61.6,fluvial_scour,historical,43.2,0
Tokachi,right,61.6,fluvial_scour,historical,43.4,0
Tokachi,right,61.6,fluvial_scour,historical,43.6,0
Tokachi,right,61.6,fluvial_scour,historical,43.8,0
Tokachi,right,61.6,fluvial_scour,historical,44,0
Tokachi,right,61.6,fluvial_scour,historical,44.2,0
Tokachi,right,61.6,fluvial_scour,historical,44.4,0
Tokachi,right,61.6,fluvial_scour,historical,44.6,0
Tokachi,right,61.6,fluvial_scour,historical,44.8,0
Tokachi,right,61.6,fluvial_scour,historical,45,0
Tokachi,right,61.6,fluvial_scour,historical,45.2,0
Tokachi,right,61.6,fluvial_scour,historical,45.4,0
Tokachi,right,61.6,fluvial_scour,historical,45.6,0
Tokachi,right,61.6,fluvial_scour,historical,45.8,0
Tokachi,right,61.6,fluvial_scour,historical,46,0
Tokachi,right,61.6,fluvial_scour,historical,46.2,0
Tokachi,right,61.6,fluvial_scour,historical,46.4,0
Tokachi,right,61.6,fluvial_scour,historical,46.6,0
Tokachi,right,61.6,fluvial_scour,historical,46.8,0
Tokachi,right,61.6,fluvial_scour,historical,47,0
Tokachi,right,61.6,fluvial_scour,historical,47.2,0
Tokachi,right,61.6,fluvial_scour,historical,47.4,0
Tokachi,right,61.6,fluvial_scour,historical,47.6,0
Tokachi,right,61.6,fluvial_scour,historical,47.8,0
Tokachi,right,61.6,fluvial_scour,historical,48,0
Tokachi,right,61.6,fluvial_scour,historical,48.2,0
Tokachi,right,61.6,fluvial_scour,historical,48.4,0
Tokachi,right,61.6,fluvial_scour,historical,48.6,0
Tokachi,right,61.6,fluvial_scour,historical,48.8,0
Tokachi,right,61.6,fluvial_scour,historical,49,0
Tokachi,right,61.6,fluvial_scour,historical,49.2,0
Tokachi,right,61.6,fluvial_scour,historical,49.4,0
Tokachi,right,61.6,fluvial_scour,historical,49.6,0
Tokachi,right,61.6,fluvial_scour,historical,49.8,0
Tokachi,right,61.6,fluvial_scour,historical,50,0
Tokachi,right,61.6,fluvial_scour,historical,50.2,0
Tokachi,right,61.6,fluvial_scour,historical,50.4,0
Tokachi,right,61.6,fluvial_scour,historical,50.6,0
Tokachi,right,61.6,fluvial_scour,historical,50.8,0
Tokachi,right,61.6,fluvial_scour,plus4K,42.6,0
Tokachi,right,61.6,fluvial_scour,plus4K,42.8,0
Tokachi,right,61.6,fluvial_scour,plus4K,43,0
Tokachi,right,61.6,fluvial_scour,plus4K,43.2,0
Tokachi,right,61.6,fluvial_scour,plus4K,43.4,0
Tokachi,right,61.6,fluvial_scour,plus4K,43.6,0
Tokachi,right,61.6,fluvial_scour,plus4K,43.8,0
Tokachi,right,61.6,fluvial_scour,plus4K,44,0
Tokachi,right,61.6,fluvial_scour,plus4K,44.2,0
Tokachi,right,61.6,fluvial_scour,plus4K,44.4,0
Tokachi,right,61.6,fluvial_scour,plus4K,44.6,0
Tokachi,right,61.6,fluvial_scour,plus4K,44.8,0
Tokachi,right,61.6,fluvial_scour,plus4K,45,0
Tokachi,right,61.6,fluvial_scour,plus4K,45.2,0
Tokachi,right,61.6,fluvial_scour,plus4K,45.4,0
Tokachi,right,61.6,fluvial_scour,plus4K,45.6,0
Tokachi,right,61.6,fluvial_scour,plus4K,45.8,0
Tokachi,right,61.6,fluvial_scour,plus4K,46,0
Tokachi,right,61.6,fluvial_scour,plus4K,46.2,0
Tokachi,right,61.6,fluvial_scour,plus4K,46.4,0
Tokachi,right,61.6,fluvial_scour,plus4K,46.6,0
Tokachi,right,61.6,fluvial_scour,plus4K,46.8,0
Tokachi,right,61.6,fluvial_scour,plus4K,47,0
Tokachi,right,61.6,fluvial_scour,plus4K,47.2,0
Tokachi,right,61.6,fluvial_scour,plus4K,47.4,0
Tokachi,right,61.6,fluvial_scour,plus4K,47.6,0
Tokachi,right,61.6,fluvial_scour,plus4K,47.8,0
Tokachi,right,61.6,fluvial_scour,plus4K,48,0
Tokachi,right,61.6,fluvial_scour,plus4K,48.2,0
Tokachi,right,61.6,fluvial_scour,plus4K,48.4,0
Tokachi,right,61.6,fluvial_scour,plus4K,48.6,0
Tokachi,right,61.6,fluvial_scour,plus4K,48.8,0
Tokachi,right,61.6,fluvial_scour,plus4K,49,0
Tokachi,right,61.6,fluvial_scour,plus4K,49.2,0
Tokachi,right,61.6,fluvial_scour,plus4K,49.4,0
Tokachi,right,61.6,fluvial_scour,plus4K,49.6,0
Tokachi,right,61.6,fluvial_scour,plus4K,49.8,0
Tokachi,right,61.6,fluvial_scour,plus4K,50,0
Tokachi,right,61.6,fluvial_scour,plus4K,50.2,0
Tokachi,right,61.6,fluvial_scour,plus4K,50.4,0
Tokachi,right,61.6,fluvial_scour,plus4K,50.6,0
Tokachi,right,61.6,fluvial_scour,plus4K,50.8,0
Tokachi,right,61.8,fluvial_scour,historical,43.4,0
Tokachi,right,61.8,fluvial_scour,historical,43.6,0
Tokachi,right,61.8,fluvial_scour,historical,43.8,0
Tokachi,right,61.8,fluvial_scour,historical,44,0
Tokachi,right,61.8,fluvial_scour,historical,44.2,0
Tokachi,right,61.8,fluvial_scour,historical,44.4,0
Tokachi,right,61.8,fluvial_scour,historical,44.6,0
Tokachi,right,61.8,fluvial_scour,historical,44.8,0
Tokachi,right,61.8,fluvial_scour,historical,45,0
Tokachi,right,61.8,fluvial_scour,historical,45.2,0
Tokachi,right,61.8,fluvial_scour,historical,45.4,0
Tokachi,right,61.8,fluvial_scour,historical,45.6,0
Tokachi,right,61.8,fluvial_scour,historical,45.8,0
Tokachi,right,61.8,fluvial_scour,historical,46,0
Tokachi,right,61.8,fluvial_scour,historical,46.2,0
Tokachi,right,61.8,fluvial_scour,historical,46.4,0
Tokachi,right,61.8,fluvial_scour,historical,46.6,0
Tokachi,right,61.8,fluvial_scour,historical,46.8,0
Tokachi,right,61.8,fluvial_scour,historical,47,0
Tokachi,right,61.8,fluvial_scour,historical,47.2,0
Tokachi,right,61.8,fluvial_scour,historical,47.4,0
Tokachi,right,61.8,fluvial_scour,historical,47.6,0
Tokachi,right,61.8,fluvial_scour,historical,47.8,0
Tokachi,right,61.8,fluvial_scour,historical,48,0
Tokachi,right,61.8,fluvial_scour,historical,48.2,0
Tokachi,right,61.8,fluvial_scour,historical,48.4,0
Tokachi,right,61.8,fluvial_scour,historical,48.6,0
Tokachi,right,61.8,fluvial_scour,historical,48.8,0
Tokachi,right,61.8,fluvial_scour,historical,49,0
Tokachi,right,61.8,fluvial_scour,historical,49.2,0
Tokachi,right,61.8,fluvial_scour,historical,49.4,0
Tokachi,right,61.8,fluvial_scour,historical,49.6,0
Tokachi,right,61.8,fluvial_scour,historical,49.8,0
Tokachi,right,61.8,fluvial_scour,historical,50,0
Tokachi,right,61.8,fluvial_scour,historical,50.2,0
Tokachi,right,61.8,fluvial_scour,historical,50.4,0
Tokachi,right,61.8,fluvial_scour,historical,50.6,0
Tokachi,right,61.8,fluvial_scour,historical,50.8,0
Tokachi,right,61.8,fluvial_scour,historical,51,0
Tokachi,right,61.8,fluvial_scour,historical,51.2,0
Tokachi,right,61.8,fluvial_scour,plus4K,43.4,0
Tokachi,right,61.8,fluvial_scour,plus4K,43.6,0
Tokachi,right,61.8,fluvial_scour,plus4K,43.8,0
Tokachi,right,61.8,fluvial_scour,plus4K,44,0
Tokachi,right,61.8,fluvial_scour,plus4K,44.2,0
Tokachi,right,61.8,fluvial_scour,plus4K,44.4,0
Tokachi,right,61.8,fluvial_scour,plus4K,44.6,0
Tokachi,right,61.8,fluvial_scour,plus4K,44.8,0
Tokachi,right,61.8,fluvial_scour,plus4K,45,0
Tokachi,right,61.8,fluvial_scour,plus4K,45.2,0
Tokachi,right,61.8,fluvial_scour,plus4K,45.4,0
Tokachi,right,61.8,fluvial_scour,plus4K,45.6,0
Tokachi,right,61.8,fluvial_scour,plus4K,45.8,0
Tokachi,right,61.8,fluvial_scour,plus4K,46,0
Tokachi,right,61.8,fluvial_scour,plus4K,46.2,0
Tokachi,right,61.8,fluvial_scour,plus4K,46.4,0
Tokachi,right,61.8,fluvial_scour,plus4K,46.6,0
Tokachi,right,61.8,fluvial_scour,plus4K,46.8,0
Tokachi,right,61.8,fluvial_scour,plus4K,47,0
Tokachi,right,61.8,fluvial_scour,plus4K,47.2,0
Tokachi,right,61.8,fluvial_scour,plus4K,47.4,0
Tokachi,right,61.8,fluvial_scour,plus4K,47.6,0
Tokachi,right,61.8,fluvial_scour,plus4K,47.8,0
Tokachi,right,61.8,fluvial_scour,plus4K,48,0
Tokachi,right,61.8,fluvial_scour,plus4K,48.2,0
Tokachi,right,61.8,fluvial_scour,plus4K,48.4,0
Tokachi,right,61.8,fluvial_scour,plus4K,48.6,0
Tokachi,right,61.8,fluvial_scour,plus4K,48.8,0
Tokachi,right,61.8,fluvial_scour,plus4K,49,0
Tokachi,right,61.8,fluvial_scour,plus4K,49.2,0
Tokachi,right,61.8,fluvial_scour,plus4K,49.4,0
Tokachi,right,61.8,fluvial_scour,plus4K,49.6,0
Tokachi,right,61.8,fluvial_scour,plus4K,49.8,0
Tokachi,right,61.8,fluvial_scour,plus4K,50,0
Tokachi,right,61.8,fluvial_scour,plus4K,50.2,0
Tokachi,right,61.8,fluvial_scour,plus4K,50.4,0
Tokachi,right,61.8,fluvial_scour,plus4K,50.6,0
Tokachi,right,61.8,fluvial_scour,plus4K,50.8,0
Tokachi,right,61.8,fluvial_scour,plus4K,51,0
Tokachi,right,61.8,fluvial_scour,plus4K,51.2,0
Tokachi,right,62,fluvial_scour,historical,43.8,0
Tokachi,right,62,fluvial_scour,historical,44,0
Tokachi,right,62,fluvial_scour,historical,44.2,0
Tokachi,right,62,fluvial_scour,historical,44.4,0
Tokachi,right,62,fluvial_scour,historical,44.6,0
Tokachi,right,62,fluvial_scour,historical,44.8,0
Tokachi,right,62,fluvial_scour,historical,45,0
Tokachi,right,62,fluvial_scour,historical,45.2,0
Tokachi,right,62,fluvial_scour,historical,45.4,0
Tokachi,right,62,fluvial_scour,historical,45.6,0
Tokachi,right,62,fluvial_scour,historical,45.8,0
Tokachi,right,62,fluvial_scour,historical,46,0
Tokachi,right,62,fluvial_scour,historical,46.2,0
Tokachi,right,62,fluvial_scour,historical,46.4,0
Tokachi,right,62,fluvial_scour,historical,46.6,0
Tokachi,right,62,fluvial_scour,historical,46.8,0
Tokachi,right,62,fluvial_scour,historical,47,0
Tokachi,right,62,fluvial_scour,historical,47.2,0
Tokachi,right,62,fluvial_scour,historical,47.4,0
Tokachi,right,62,fluvial_scour,historical,47.6,0
Tokachi,right,62,fluvial_scour,historical,47.8,0
Tokachi,right,62,fluvial_scour,historical,48,0
Tokachi,right,62,fluvial_scour,historical,48.2,0
Tokachi,right,62,fluvial_scour,historical,48.4,0
Tokachi,right,62,fluvial_scour,historical,48.6,0
Tokachi,right,62,fluvial_scour,historical,48.8,0
Tokachi,right,62,fluvial_scour,historical,49,0
Tokachi,right,62,fluvial_scour,historical,49.2,0
Tokachi,right,62,fluvial_scour,historical,49.4,0
Tokachi,right,62,fluvial_scour,historical,49.6,0
Tokachi,right,62,fluvial_scour,historical,49.8,0
Tokachi,right,62,fluvial_scour,historical,50,0
Tokachi,right,62,fluvial_scour,historical,50.2,0
Tokachi,right,62,fluvial_scour,historical,50.4,0
Tokachi,right,62,fluvial_scour,historical,50.6,0
Tokachi,right,62,fluvial_scour,historical,50.8,0
Tokachi,right,62,fluvial_scour,historical,51,0
Tokachi,right,62,fluvial_scour,historical,51.2,0
Tokachi,right,62,fluvial_scour,historical,51.4,0
Tokachi,right,62,fluvial_scour,historical,51.6,0
Tokachi,right,62,fluvial_scour,plus4K,43.8,0
Tokachi,right,62,fluvial_scour,plus4K,44,0
Tokachi,right,62,fluvial_scour,plus4K,44.2,0
Tokachi,right,62,fluvial_scour,plus4K,44.4,0
Tokachi,right,62,fluvial_scour,plus4K,44.6,0
Tokachi,right,62,fluvial_scour,plus4K,44.8,0
Tokachi,right,62,fluvial_scour,plus4K,45,0
Tokachi,right,62,fluvial_scour,plus4K,45.2,0
Tokachi,right,62,fluvial_scour,plus4K,45.4,0
Tokachi,right,62,fluvial_scour,plus4K,45.6,0
Tokachi,right,62,fluvial_scour,plus4K,45.8,0
Tokachi,right,62,fluvial_scour,plus4K,46,0
Tokachi,right,62,fluvial_scour,plus4K,46.2,0
Tokachi,right,62,fluvial_scour,plus4K,46.4,0
Tokachi,right,62,fluvial_scour,plus4K,46.6,0
Tokachi,right,62,fluvial_scour,plus4K,46.8,0
Tokachi,right,62,fluvial_scour,plus4K,47,0
Tokachi,right,62,fluvial_scour,plus4K,47.2,0
Tokachi,right,62,fluvial_scour,plus4K,47.4,0
Tokachi,right,62,fluvial_scour,plus4K,47.6,0
Tokachi,right,62,fluvial_scour,plus4K,47.8,0
Tokachi,right,62,fluvial_scour,plus4K,48,0
Tokachi,right,62,fluvial_scour,plus4K,48.2,0
Tokachi,right,62,fluvial_scour,plus4K,48.4,0
Tokachi,right,62,fluvial_scour,plus4K,48.6,0
Tokachi,right,62,fluvial_scour,plus4K,48.8,0
Tokachi,right,62,fluvial_scour,plus4K,49,0
Tokachi,right,62,fluvial_scour,plus4K,49.2,0
Tokachi,right,62,fluvial_scour,plus4K,49.4,0
Tokachi,right,62,fluvial_scour,plus4K,49.6,0
Tokachi,right,62,fluvial_scour,plus4K,49.8,0
Tokachi,right,62,fluvial_scour,plus4K,50,0
Tokachi,right,62,fluvial_scour,plus4K,50.2,0
Tokachi,right,62,fluvial_scour,plus4K,50.4,0
Tokachi,right,62,fluvial_scour,plus4K,50.6,0
Tokachi,right,62,fluvial_scour,plus4K,50.8,0
Tokachi,right,62,fluvial_scour,plus4K,51,0
Tokachi,right,62,fluvial_scour,plus4K,51.2,0
Tokachi,right,62,fluvial_scour,plus4K,51.4,0
Tokachi,right,62,fluvial_scour,plus4K,51.6,0
Tokachi,right,62.2,fluvial_scour,historical,44.4,0
Tokachi,right,62.2,fluvial_scour,historical,44.6,0
Tokachi,right,62.2,fluvial_scour,historical,44.8,0
Tokachi,right,62.2,fluvial_scour,historical,45,0
Tokachi,right,62.2,fluvial_scour,historical,45.2,0
Tokachi,right,62.2,fluvial_scour,historical,45.4,0
Tokachi,right,62.2,fluvial_scour,historical,45.6,0
Tokachi,right,62.2,fluvial_scour,historical,45.8,0
Tokachi,right,62.2,fluvial_scour,historical,46,0
Tokachi,right,62.2,fluvial_scour,historical,46.2,0
Tokachi,right,62.2,fluvial_scour,historical,46.4,0
Tokachi,right,62.2,fluvial_scour,historical,46.6,0
Tokachi,right,62.2,fluvial_scour,historical,46.8,0
Tokachi,right,62.2,fluvial_scour,historical,47,0
Tokachi,right,62.2,fluvial_scour,historical,47.2,0
Tokachi,right,62.2,fluvial_scour,historical,47.4,0
Tokachi,right,62.2,fluvial_scour,historical,47.6,0
Tokachi,right,62.2,fluvial_scour,historical,47.8,0
Tokachi,right,62.2,fluvial_scour,historical,48,0
Tokachi,right,62.2,fluvial_scour,historical,48.2,0
Tokachi,right,62.2,fluvial_scour,historical,48.4,0
Tokachi,right,62.2,fluvial_scour,historical,48.6,0
Tokachi,right,62.2,fluvial_scour,historical,48.8,0
Tokachi,right,62.2,fluvial_scour,historical,49,0
Tokachi,right,62.2,fluvial_scour,historical,49.2,0
Tokachi,right,62.2,fluvial_scour,historical,49.4,0
Tokachi,right,62.2,fluvial_scour,historical,49.6,0
Tokachi,right,62.2,fluvial_scour,historical,49.8,0
Tokachi,right,62.2,fluvial_scour,historical,50,0
Tokachi,right,62.2,fluvial_scour,historical,50.2,0
Tokachi,right,62.2,fluvial_scour,historical,50.4,0
Tokachi,right,62.2,fluvial_scour,historical,50.6,0
Tokachi,right,62.2,fluvial_scour,historical,50.8,0
Tokachi,right,62.2,fluvial_scour,historical,51,0
Tokachi,right,62.2,fluvial_scour,historical,51.2,0
Tokachi,right,62.2,fluvial_scour,historical,51.4,0
Tokachi,right,62.2,fluvial_scour,historical,51.6,0
Tokachi,right,62.2,fluvial_scour,historical,51.8,0
Tokachi,right,62.2,fluvial_scour,plus4K,44.4,0
Tokachi,right,62.2,fluvial_scour,plus4K,44.6,0
Tokachi,right,62.2,fluvial_scour,plus4K,44.8,0
Tokachi,right,62.2,fluvial_scour,plus4K,45,0
Tokachi,right,62.2,fluvial_scour,plus4K,45.2,0
Tokachi,right,62.2,fluvial_scour,plus4K,45.4,0
Tokachi,right,62.2,fluvial_scour,plus4K,45.6,0
Tokachi,right,62.2,fluvial_scour,plus4K,45.8,0
Tokachi,right,62.2,fluvial_scour,plus4K,46,0
Tokachi,right,62.2,fluvial_scour,plus4K,46.2,0
Tokachi,right,62.2,fluvial_scour,plus4K,46.4,0
Tokachi,right,62.2,fluvial_scour,plus4K,46.6,0
Tokachi,right,62.2,fluvial_scour,plus4K,46.8,0
Tokachi,right,62.2,fluvial_scour,plus4K,47,0
Tokachi,right,62.2,fluvial_scour,plus4K,47.2,0
Tokachi,right,62.2,fluvial_scour,plus4K,47.4,0
Tokachi,right,62.2,fluvial_scour,plus4K,47.6,0
Tokachi,right,62.2,fluvial_scour,plus4K,47.8,0
Tokachi,right,62.2,fluvial_scour,plus4K,48,0
Tokachi,right,62.2,fluvial_scour,plus4K,48.2,0
Tokachi,right,62.2,fluvial_scour,plus4K,48.4,0
Tokachi,right,62.2,fluvial_scour,plus4K,48.6,0
Tokachi,right,62.2,fluvial_scour,plus4K,48.8,0
Tokachi,right,62.2,fluvial_scour,plus4K,49,0
Tokachi,right,62.2,fluvial_scour,plus4K,49.2,0
Tokachi,right,62.2,fluvial_scour,plus4K,49.4,0
Tokachi,right,62.2,fluvial_scour,plus4K,49.6,0
Tokachi,right,62.2,fluvial_scour,plus4K,49.8,0
Tokachi,right,62.2,fluvial_scour,plus4K,50,0
Tokachi,right,62.2,fluvial_scour,plus4K,50.2,0
Tokachi,right,62.2,fluvial_scour,plus4K,50.4,0
Tokachi,right,62.2,fluvial_scour,plus4K,50.6,0
Tokachi,right,62.2,fluvial_scour,plus4K,50.8,0
Tokachi,right,62.2,fluvial_scour,plus4K,51,0
Tokachi,right,62.2,fluvial_scour,plus4K,51.2,0
Tokachi,right,62.2,fluvial_scour,plus4K,51.4,0
Tokachi,right,62.2,fluvial_scour,plus4K,51.6,0
Tokachi,right,62.2,fluvial_scour,plus4K,51.8,0
Tokachi,right,62.4,fluvial_scour,historical,45,0
Tokachi,right,62.4,fluvial_scour,historical,45.2,0
Tokachi,right,62.4,fluvial_scour,historical,45.4,0
Tokachi,right,62.4,fluvial_scour,historical,45.6,0
Tokachi,right,62.4,fluvial_scour,historical,45.8,0
Tokachi,right,62.4,fluvial_scour,historical,46,0
Tokachi,right,62.4,fluvial_scour,historical,46.2,0
Tokachi,right,62.4,fluvial_scour,historical,46.4,0
Tokachi,right,62.4,fluvial_scour,historical,46.6,0
Tokachi,right,62.4,fluvial_scour,historical,46.8,0
Tokachi,right,62.4,fluvial_scour,historical,47,0
Tokachi,right,62.4,fluvial_scour,historical,47.2,0
Tokachi,right,62.4,fluvial_scour,historical,47.4,0
Tokachi,right,62.4,fluvial_scour,historical,47.6,0
Tokachi,right,62.4,fluvial_scour,historical,47.8,0
Tokachi,right,62.4,fluvial_scour,historical,48,0
Tokachi,right,62.4,fluvial_scour,historical,48.2,0
Tokachi,right,62.4,fluvial_scour,historical,48.4,0
Tokachi,right,62.4,fluvial_scour,historical,48.6,0
Tokachi,right,62.4,fluvial_scour,historical,48.8,0
Tokachi,right,62.4,fluvial_scour,historical,49,0
Tokachi,right,62.4,fluvial_scour,historical,49.2,0
Tokachi,right,62.4,fluvial_scour,historical,49.4,0
Tokachi,right,62.4,fluvial_scour,historical,49.6,0
Tokachi,right,62.4,fluvial_scour,historical,49.8,0
Tokachi,right,62.4,fluvial_scour,historical,50,0
Tokachi,right,62.4,fluvial_scour,historical,50.2,0
Tokachi,right,62.4,fluvial_scour,historical,50.4,0
Tokachi,right,62.4,fluvial_scour,historical,50.6,0
Tokachi,right,62.4,fluvial_scour,historical,50.8,0
Tokachi,right,62.4,fluvial_scour,historical,51,0
Tokachi,right,62.4,fluvial_scour,historical,51.2,0
Tokachi,right,62.4,fluvial_scour,historical,51.4,0
Tokachi,right,62.4,fluvial_scour,historical,51.6,0
Tokachi,right,62.4,fluvial_scour,historical,51.8,0
Tokachi,right,62.4,fluvial_scour,historical,52,0
Tokachi,right,62.4,fluvial_scour,plus4K,45,0
Tokachi,right,62.4,fluvial_scour,plus4K,45.2,0
Tokachi,right,62.4,fluvial_scour,plus4K,45.4,0
Tokachi,right,62.4,fluvial_scour,plus4K,45.6,0
Tokachi,right,62.4,fluvial_scour,plus4K,45.8,0
Tokachi,right,62.4,fluvial_scour,plus4K,46,0
Tokachi,right,62.4,fluvial_scour,plus4K,46.2,0
Tokachi,right,62.4,fluvial_scour,plus4K,46.4,0
Tokachi,right,62.4,fluvial_scour,plus4K,46.6,0
Tokachi,right,62.4,fluvial_scour,plus4K,46.8,0
Tokachi,right,62.4,fluvial_scour,plus4K,47,0
Tokachi,right,62.4,fluvial_scour,plus4K,47.2,0
Tokachi,right,62.4,fluvial_scour,plus4K,47.4,0
Tokachi,right,62.4,fluvial_scour,plus4K,47.6,0
Tokachi,right,62.4,fluvial_scour,plus4K,47.8,0
Tokachi,right,62.4,fluvial_scour,plus4K,48,0
Tokachi,right,62.4,fluvial_scour,plus4K,48.2,0
Tokachi,right,62.4,fluvial_scour,plus4K,48.4,0
Tokachi,right,62.4,fluvial_scour,plus4K,48.6,0
Tokachi,right,62.4,fluvial_scour,plus4K,48.8,0
Tokachi,right,62.4,fluvial_scour,plus4K,49,0
Tokachi,right,62.4,fluvial_scour,plus4K,49.2,0
Tokachi,right,62.4,fluvial_scour,plus4K,49.4,0
Tokachi,right,62.4,fluvial_scour,plus4K,49.6,0
Tokachi,right,62.4,fluvial_scour,plus4K,49.8,0
Tokachi,right,62.4,fluvial_scour,plus4K,50,0
Tokachi,right,62.4,fluvial_scour,plus4K,50.2,0
Tokachi,right,62.4,fluvial_scour,plus4K,50.4,0
Tokachi,right,62.4,fluvial_scour,plus4K,50.6,0
Tokachi,right,62.4,fluvial_scour,plus4K,50.8,0
Tokachi,right,62.4,fluvial_scour,plus4K,51,0
Tokachi,right,62.4,fluvial_scour,plus4K,51.2,0
Tokachi,right,62.4,fluvial_scour,plus4K,51.4,0
Tokachi,right,62.4,fluvial_scour,plus4K,51.6,0
Tokachi,right,62.4,fluvial_scour,plus4K,51.8,0
Tokachi,right,62.4,fluvial_scour,plus4K,52,0
Tokachi,right,62.6,fluvial_scour,historical,44.6,0
Tokachi,right,62.6,fluvial_scour,historical,44.8,0
Tokachi,right,62.6,fluvial_scour,historical,45,0
Tokachi,right,62.6,fluvial_scour,historical,45.2,0
Tokachi,right,62.6,fluvial_scour,historical,45.4,0
Tokachi,right,62.6,fluvial_scour,historical,45.6,0
Tokachi,right,62.6,fluvial_scour,historical,45.8,0
Tokachi,right,62.6,fluvial_scour,historical,46,0
Tokachi,right,62.6,fluvial_scour,historical,46.2,0
Tokachi,right,62.6,fluvial_scour,historical,46.4,0
Tokachi,right,62.6,fluvial_scour,historical,46.6,0
Tokachi,right,62.6,fluvial_scour,historical,46.8,0
Tokachi,right,62.6,fluvial_scour,historical,47,0
Tokachi,right,62.6,fluvial_scour,historical,47.2,0
Tokachi,right,62.6,fluvial_scour,historical,47.4,0
Tokachi,right,62.6,fluvial_scour,historical,47.6,0
Tokachi,right,62.6,fluvial_scour,historical,47.8,0
Tokachi,right,62.6,fluvial_scour,historical,48,0
Tokachi,right,62.6,fluvial_scour,historical,48.2,0
Tokachi,right,62.6,fluvial_scour,historical,48.4,0
Tokachi,right,62.6,fluvial_scour,historical,48.6,0
Tokachi,right,62.6,fluvial_scour,historical,48.8,0
Tokachi,right,62.6,fluvial_scour,historical,49,0
Tokachi,right,62.6,fluvial_scour,historical,49.2,0
Tokachi,right,62.6,fluvial_scour,historical,49.4,0
Tokachi,right,62.6,fluvial_scour,historical,49.6,0
Tokachi,right,62.6,fluvial_scour,historical,49.8,0
Tokachi,right,62.6,fluvial_scour,historical,50,0
Tokachi,right,62.6,fluvial_scour,historical,50.2,0
Tokachi,right,62.6,fluvial_scour,historical,50.4,0
Tokachi,right,62.6,fluvial_scour,historical,50.6,0
Tokachi,right,62.6,fluvial_scour,historical,50.8,0
Tokachi,right,62.6,fluvial_scour,historical,51,0
Tokachi,right,62.6,fluvial_scour,historical,51.2,0
Tokachi,right,62.6,fluvial_scour,historical,51.4,0
Tokachi,right,62.6,fluvial_scour,historical,51.6,0
Tokachi,right,62.6,fluvial_scour,historical,51.8,0
Tokachi,right,62.6,fluvial_scour,historical,52,0
Tokachi,right,62.6,fluvial_scour,historical,52.2,0
Tokachi,right,62.6,fluvial_scour,historical,52.4,0
Tokachi,right,62.6,fluvial_scour,plus4K,44.6,0
Tokachi,right,62.6,fluvial_scour,plus4K,44.8,0
Tokachi,right,62.6,fluvial_scour,plus4K,45,0
Tokachi,right,62.6,fluvial_scour,plus4K,45.2,0
Tokachi,right,62.6,fluvial_scour,plus4K,45.4,0
Tokachi,right,62.6,fluvial_scour,plus4K,45.6,0
Tokachi,right,62.6,fluvial_scour,plus4K,45.8,0
Tokachi,right,62.6,fluvial_scour,plus4K,46,0
Tokachi,right,62.6,fluvial_scour,plus4K,46.2,0
Tokachi,right,62.6,fluvial_scour,plus4K,46.4,0
Tokachi,right,62.6,fluvial_scour,plus4K,46.6,0
Tokachi,right,62.6,fluvial_scour,plus4K,46.8,0
Tokachi,right,62.6,fluvial_scour,plus4K,47,0
Tokachi,right,62.6,fluvial_scour,plus4K,47.2,0
Tokachi,right,62.6,fluvial_scour,plus4K,47.4,0
Tokachi,right,62.6,fluvial_scour,plus4K,47.6,0
Tokachi,right,62.6,fluvial_scour,plus4K,47.8,0
Tokachi,right,62.6,fluvial_scour,plus4K,48,0
Tokachi,right,62.6,fluvial_scour,plus4K,48.2,0
Tokachi,right,62.6,fluvial_scour,plus4K,48.4,0
Tokachi,right,62.6,fluvial_scour,plus4K,48.6,0
Tokachi,right,62.6,fluvial_scour,plus4K,48.8,0
Tokachi,right,62.6,fluvial_scour,plus4K,49,0
Tokachi,right,62.6,fluvial_scour,plus4K,49.2,0
Tokachi,right,62.6,fluvial_scour,plus4K,49.4,0
Tokachi,right,62.6,fluvial_scour,plus4K,49.6,0
Tokachi,right,62.6,fluvial_scour,plus4K,49.8,0
Tokachi,right,62.6,fluvial_scour,plus4K,50,0
Tokachi,right,62.6,fluvial_scour,plus4K,50.2,0
Tokachi,right,62.6,fluvial_scour,plus4K,50.4,0
Tokachi,right,62.6,fluvial_scour,plus4K,50.6,0
Tokachi,right,62.6,fluvial_scour,plus4K,50.8,0
Tokachi,right,62.6,fluvial_scour,plus4K,51,0
Tokachi,right,62.6,fluvial_scour,plus4K,51.2,0
Tokachi,right,62.6,fluvial_scour,plus4K,51.4,0
Tokachi,right,62.6,fluvial_scour,plus4K,51.6,0
Tokachi,right,62.6,fluvial_scour,plus4K,51.8,0
Tokachi,right,62.6,fluvial_scour,plus4K,52,0
Tokachi,right,62.6,fluvial_scour,plus4K,52.2,0
Tokachi,right,62.6,fluvial_scour,plus4K,52.4,0
Tokachi,right,62.8,fluvial_scour,historical,45,0
Tokachi,right,62.8,fluvial_scour,historical,45.2,0
Tokachi,right,62.8,fluvial_scour,historical,45.4,0
Tokachi,right,62.8,fluvial_scour,historical,45.6,0
Tokachi,right,62.8,fluvial_scour,historical,45.8,0
Tokachi,right,62.8,fluvial_scour,historical,46,0
Tokachi,right,62.8,fluvial_scour,historical,46.2,0
Tokachi,right,62.8,fluvial_scour,historical,46.4,0
Tokachi,right,62.8,fluvial_scour,historical,46.6,0
Tokachi,right,62.8,fluvial_scour,historical,46.8,0
Tokachi,right,62.8,fluvial_scour,historical,47,0
Tokachi,right,62.8,fluvial_scour,historical,47.2,0
Tokachi,right,62.8,fluvial_scour,historical,47.4,0
Tokachi,right,62.8,fluvial_scour,historical,47.6,0
Tokachi,right,62.8,fluvial_scour,historical,47.8,0
Tokachi,right,62.8,fluvial_scour,historical,48,0
Tokachi,right,62.8,fluvial_scour,historical,48.2,0
Tokachi,right,62.8,fluvial_scour,historical,48.4,0
Tokachi,right,62.8,fluvial_scour,historical,48.6,0
Tokachi,right,62.8,fluvial_scour,historical,48.8,0
Tokachi,right,62.8,fluvial_scour,historical,49,0
Tokachi,right,62.8,fluvial_scour,historical,49.2,0
Tokachi,right,62.8,fluvial_scour,historical,49.4,0
Tokachi,right,62.8,fluvial_scour,historical,49.6,0
Tokachi,right,62.8,fluvial_scour,historical,49.8,0
Tokachi,right,62.8,fluvial_scour,historical,50,0
Tokachi,right,62.8,fluvial_scour,historical,50.2,0
Tokachi,right,62.8,fluvial_scour,historical,50.4,0
Tokachi,right,62.8,fluvial_scour,historical,50.6,0
Tokachi,right,62.8,fluvial_scour,historical,50.8,0
Tokachi,right,62.8,fluvial_scour,historical,51,0
Tokachi,right,62.8,fluvial_scour,historical,51.2,0
Tokachi,right,62.8,fluvial_scour,historical,51.4,0
Tokachi,right,62.8,fluvial_scour,historical,51.6,0
Tokachi,right,62.8,fluvial_scour,historical,51.8,0
Tokachi,right,62.8,fluvial_scour,historical,52,0
Tokachi,right,62.8,fluvial_scour,historical,52.2,0
Tokachi,right,62.8,fluvial_scour,historical,52.4,0
Tokachi,right,62.8,fluvial_scour,historical,52.6,0
Tokachi,right,62.8,fluvial_scour,plus4K,45,0
Tokachi,right,62.8,fluvial_scour,plus4K,45.2,0
Tokachi,right,62.8,fluvial_scour,plus4K,45.4,0
Tokachi,right,62.8,fluvial_scour,plus4K,45.6,0
Tokachi,right,62.8,fluvial_scour,plus4K,45.8,0
Tokachi,right,62.8,fluvial_scour,plus4K,46,0
Tokachi,right,62.8,fluvial_scour,plus4K,46.2,0
Tokachi,right,62.8,fluvial_scour,plus4K,46.4,0
Tokachi,right,62.8,fluvial_scour,plus4K,46.6,0
Tokachi,right,62.8,fluvial_scour,plus4K,46.8,0
Tokachi,right,62.8,fluvial_scour,plus4K,47,0
Tokachi,right,62.8,fluvial_scour,plus4K,47.2,0
Tokachi,right,62.8,fluvial_scour,plus4K,47.4,0
Tokachi,right,62.8,fluvial_scour,plus4K,47.6,0
Tokachi,right,62.8,fluvial_scour,plus4K,47.8,0
Tokachi,right,62.8,fluvial_scour,plus4K,48,0
Tokachi,right,62.8,fluvial_scour,plus4K,48.2,0
Tokachi,right,62.8,fluvial_scour,plus4K,48.4,0
Tokachi,right,62.8,fluvial_scour,plus4K,48.6,0
Tokachi,right,62.8,fluvial_scour,plus4K,48.8,0
Tokachi,right,62.8,fluvial_scour,plus4K,49,0
Tokachi,right,62.8,fluvial_scour,plus4K,49.2,0
Tokachi,right,62.8,fluvial_scour,plus4K,49.4,0
Tokachi,right,62.8,fluvial_scour,plus4K,49.6,0
Tokachi,right,62.8,fluvial_scour,plus4K,49.8,0
Tokachi,right,62.8,fluvial_scour,plus4K,50,0
Tokachi,right,62.8,fluvial_scour,plus4K,50.2,0
Tokachi,right,62.8,fluvial_scour,plus4K,50.4,0
Tokachi,right,62.8,fluvial_scour,plus4K,50.6,0
Tokachi,right,62.8,fluvial_scour,plus4K,50.8,0
Tokachi,right,62.8,fluvial_scour,plus4K,51,0
Tokachi,right,62.8,fluvial_scour,plus4K,51.2,0
Tokachi,right,62.8,fluvial_scour,plus4K,51.4,0
Tokachi,right,62.8,fluvial_scour,plus4K,51.6,0
Tokachi,right,62.8,fluvial_scour,plus4K,51.8,0
Tokachi,right,62.8,fluvial_scour,plus4K,52,0
Tokachi,right,62.8,fluvial_scour,plus4K,52.2,0
Tokachi,right,62.8,fluvial_scour,plus4K,52.4,0
Tokachi,right,62.8,fluvial_scour,plus4K,52.6,0
