river,bank,kp,mechanism,scenario,stage_m_msl,p_f
Satsunai,left,3.2,overflow,historical,32.6,0
Satsunai,left,3.2,overflow,historical,32.8,0
Satsunai,left,3.2,overflow,historical,33,0
Satsunai,left,3.2,overflow,historical,33.2,0
Satsunai,left,3.2,overflow,historical,33.4,0
Satsunai,left,3.2,overflow,historical,33.6,0
Satsunai,left,3.2,overflow,historical,33.8,0
Satsunai,left,3.2,overflow,historical,34,0
Satsunai,left,3.2,overflow,historical,34.2,0
Satsunai,left,3.2,overflow,historical,34.4,0
Satsunai,left,3.2,overflow,historical,34.6,0
Satsunai,left,3.2,overflow,historical,34.8,0
Satsunai,left,3.2,overflow,historical,35,0
Satsunai,left,3.2,overflow,historical,35.2,0
Satsunai,left,3.2,overflow,historical,35.4,0
Satsunai,left,3.2,overflow,historical,35.6,0.0001
Satsunai,left,3.2,overflow,historical,35.8,0.0005
Satsunai,left,3.2,overflow,historical,36,0.0041
Satsunai,left,3.2,overflow,historical,36.2,0.0172
Satsunai,left,3.2,overflow,historical,36.4,0.057
Satsunai,left,3.2,overflow,historical,36.6,0.1424
Satsunai,left,3.2,overflow,historical,36.8,0.2905
Satsunai,left,3.2,overflow,historical,37,0.4863
Satsunai,left,3.2,overflow,historical,37.2,0.6924
Satsunai,left,3.2,overflow,historical,37.4,0.8477
Satsunai,left,3.2,overflow,historical,37.6,0.9387
Satsunai,left,3.2,overflow,historical,37.8,0.9788
Satsunai,left,3.2,overflow,historical,38,0.9944
Satsunai,left,3.2,overflow,historical,38.2,0.9995
Satsunai,left,3.2,overflow,historical,38.4,0.9999
Satsunai,left,3.2,overflow,historical,38.6,1
Satsunai,left,3.2,overflow,historical,38.8,1
Satsunai,left,3.2,overflow,historical,39,1
Satsunai,left,3.2,overflow,historical,39.2,1
Satsunai,left,3.2,overflow,historical,39.4,1
Satsunai,left,3.2,overflow,historical,39.6,1
Satsunai,left,3.2,overflow,historical,39.8,1
Satsunai,left,3.2,overflow,historical,40,1
Satsunai,left,3.2,overflow,historical,40.2,1
Satsunai,left,3.2,overflow,plus4K,32.6,0
Satsunai,left,3.2,overflow,plus4K,32.8,0
Satsunai,left,3.2,overflow,plus4K,33,0
Satsunai,left,3.2,overflow,plus4K,33.2,0
Satsunai,left,3.2,overflow,plus4K,33.4,0
Satsunai,left,3.2,overflow,plus4K,33.6,0
Satsunai,left,3.2,overflow,plus4K,33.8,0
Satsunai,left,3.2,overflow,plus4K,34,0
Satsunai,left,3.2,overflow,plus4K,34.2,0
Satsunai,left,3.2,overflow,plus4K,34.4,0
Satsunai,left,3.2,overflow,plus4K,34.6,0
Satsunai,left,3.2,overflow,plus4K,34.8,0
Satsunai,left,3.2,overflow,plus4K,35,0
Satsunai,left,3.2,overflow,plus4K,35.2,0
Satsunai,left,3.2,overflow,plus4K,35.4,0
Satsunai,left,3.2,overflow,plus4K,35.6,0.0001
Satsunai,left,3.2,overflow,plus4K,35.8,0.0005
Satsunai,left,3.2,overflow,plus4K,36,0.0041
Satsunai,left,3.2,overflow,plus4K,36.2,0.0172
Satsunai,left,3.2,overflow,plus4K,36.4,0.057
Satsunai,left,3.2,overflow,plus4K,36.6,0.1424
Satsunai,left,3.2,overflow,plus4K,36.8,0.2905
Satsunai,left,3.2,overflow,plus4K,37,0.4863
Satsunai,left,3.2,overflow,plus4K,37.2,0.6924
Satsunai,left,3.2,overflow,plus4K,37.4,0.8477
Satsunai,left,3.2,overflow,plus4K,37.6,0.9387
Satsunai,left,3.2,overflow,plus4K,37.8,0.9788
Satsunai,left,3.2,overflow,plus4K,38,0.9944
Satsunai,left,3.2,overflow,plus4K,38.2,0.9995
Satsunai,left,3.2,overflow,plus4K,38.4,0.9999
Satsunai,left,3.2,overflow,plus4K,38.6,1
Satsunai,left,3.2,overflow,plus4K,38.8,1
Satsunai,left,3.2,overflow,plus4K,39,1
Satsunai,left,3.2,overflow,plus4K,39.2,1
Satsunai,left,3.2,overflow,plus4K,39.4,1
Satsunai,left,3.2,overflow,plus4K,39.6,1
Satsunai,left,3.2,overflow,plus4K,39.8,1
Satsunai,left,3.2,overflow,plus4K,40,1
Satsunai,left,3.2,overflow,plus4K,40.2,1
Satsunai,left,3.4,overflow,historical,33.4,0
Satsunai,left,3.4,overflow,historical,33.6,0
Satsunai,left,3.4,overflow,historical,33.8,0
Satsunai,left,3.4,overflow,historical,34,0
Satsunai,left,3.4,overflow,historical,34.2,0
Satsunai,left,3.4,overflow,historical,34.4,0
Satsunai,left,3.4,overflow,historical,34.6,0
Satsunai,left,3.4,overflow,historical,34.8,0
Satsunai,left,3.4,overflow,historical,35,0
Satsunai,left,3.4,overflow,historical,35.2,0
Satsunai,left,3.4,overflow,historical,35.4,0
Satsunai,left,3.4,overflow,historical,35.6,0
Satsunai,left,3.4,overflow,historical,35.8,0
Satsunai,left,3.4,overflow,historical,36,0.0001
Satsunai,left,3.4,overflow,historical,36.2,0.0025
Satsunai,left,3.4,overflow,historical,36.4,0.0104
Satsunai,left,3.4,overflow,historical,36.6,0.0366
Satsunai,left,3.4,overflow,historical,36.8,0.1059
Satsunai,left,3.4,overflow,historical,37,0.2389
Satsunai,left,3.4,overflow,historical,37.2,0.4263
Satsunai,left,3.4,overflow,historical,37.4,0.6245
Satsunai,left,3.4,overflow,historical,37.6,0.8016
Satsunai,left,3.4,overflow,historical,37.8,0.9105
Satsunai,left,3.4,overflow,historical,38,0.9688
Satsunai,left,3.4,overflow,historical,38.2,0.9919
Satsunai,left,3.4,overflow,historical,38.4,0.9979
Satsunai,left,3.4,overflow,historical,38.6,0.9999
Satsunai,left,3.4,overflow,historical,38.8,1
Satsunai,left,3.4,overflow,historical,39,1
Satsunai,left,3.4,overflow,historical,39.2,1
Satsunai,left,3.4,overflow,historical,39.4,1
Satsunai,left,3.4,overflow,historical,39.6,1
Satsunai,left,3.4,overflow,historical,39.8,1
Satsunai,left,3.4,overflow,historical,40,1
Satsunai,left,3.4,overflow,historical,40.2,1
Satsunai,left,3.4,overflow,historical,40.4,1
Satsunai,left,3.4,overflow,plus4K,33.4,0
Satsunai,left,3.4,overflow,plus4K,33.6,0
Satsunai,left,3.4,overflow,plus4K,33.8,0
Satsunai,left,3.4,overflow,plus4K,34,0
Satsunai,left,3.4,overflow,plus4K,34.2,0
Satsunai,left,3.4,overflow,plus4K,34.4,0
Satsunai,left,3.4,overflow,plus4K,34.6,0
Satsunai,left,3.4,overflow,plus4K,34.8,0
Satsunai,left,3.4,overflow,plus4K,35,0
Satsunai,left,3.4,overflow,plus4K,35.2,0
Satsunai,left,3.4,overflow,plus4K,35.4,0
Satsunai,left,3.4,overflow,plus4K,35.6,0
Satsunai,left,3.4,overflow,plus4K,35.8,0
Satsunai,left,3.4,overflow,plus4K,36,0.0001
Satsunai,left,3.4,overflow,plus4K,36.2,0.0025
Satsunai,left,3.4,overflow,plus4K,36.4,0.0104
Satsunai,left,3.4,overflow,plus4K,36.6,0.0366
Satsunai,left,3.4,overflow,plus4K,36.8,0.1059
Satsunai,left,3.4,overflow,plus4K,37,0.2389
Satsunai,left,3.4,overflow,plus4K,37.2,0.4263
Satsunai,left,3.4,overflow,plus4K,37.4,0.6245
Satsunai,left,3.4,overflow,plus4K,37.6,0.8016
Satsunai,left,3.4,overflow,plus4K,37.8,0.9105
Satsunai,left,3.4,overflow,plus4K,38,0.9688
Satsunai,left,3.4,overflow,plus4K,38.2,0.9919
Satsunai,left,3.4,overflow,plus4K,38.4,0.9979
Satsunai,left,3.4,overflow,plus4K,38.6,0.9999
Satsunai,left,3.4,overflow,plus4K,38.8,1
Satsunai,left,3.4,overflow,plus4K,39,1
Satsunai,left,3.4,overflow,plus4K,39.2,1
Satsunai,left,3.4,overflow,plus4K,39.4,1
Satsunai,left,3.4,overflow,plus4K,39.6,1
Satsunai,left,3.4,overflow,plus4K,39.8,1
Satsunai,left,3.4,overflow,plus4K,40,1
Satsunai,left,3.4,overflow,plus4K,40.2,1
Satsunai,left,3.4,overflow,plus4K,40.4,1
Satsunai,left,3.6,overflow,historical,34,0
Satsunai,left,3.6,overflow,historical,34.2,0
Satsunai,left,3.6,overflow,historical,34.4,0
Satsunai,left,3.6,overflow,historical,34.6,0
Satsunai,left,3.6,overflow,historical,34.8,0
Satsunai,left,3.6,overflow,historical,35,0
Satsunai,left,3.6,overflow,historical,35.2,0
Satsunai,left,3.6,overflow,historical,35.4,0
Satsunai,left,3.6,overflow,historical,35.6,0
Satsunai,left,3.6,overflow,historical,35.8,0
Satsunai,left,3.6,overflow,historical,36,0
Satsunai,left,3.6,overflow,historical,36.2,0
Satsunai,left,3.6,overflow,historical,36.4,0.0001
Satsunai,left,3.6,overflow,historical,36.6,0.0007
Satsunai,left,3.6,overflow,historical,36.8,0.0044
Satsunai,left,3.6,overflow,historical,37,0.0185
Satsunai,left,3.6,overflow,historical,37.2,0.062
Satsunai,left,3.6,overflow,historical,37.4,0.1543
Satsunai,left,3.6,overflow,historical,37.6,0.3037
Satsunai,left,3.6,overflow,historical,37.8,0.5036
Satsunai,left,3.6,overflow,historical,38,0.702
Satsunai,left,3.6,overflow,historical,38.2,0.8497
Satsunai,left,3.6,overflow,historical,38.4,0.9393
Satsunai,left,3.6,overflow,historical,38.6,0.9816
Satsunai,left,3.6,overflow,historical,38.8,0.9964
Satsunai,left,3.6,overflow,historical,39,0.9992
Satsunai,left,3.6,overflow,historical,39.2,0.9999
Satsunai,left,3.6,overflow,historical,39.4,1
Satsunai,left,3.6,overflow,historical,39.6,1
Satsunai,left,3.6,overflow,historical,39.8,1
Satsunai,left,3.6,overflow,historical,40,1
Satsunai,left,3.6,overflow,historical,40.2,1
Satsunai,left,3.6,overflow,historical,40.4,1
Satsunai,left,3.6,overflow,historical,40.6,1
Satsunai,left,3.6,overflow,historical,40.8,1
Satsunai,left,3.6,overflow,historical,41,1
Satsunai,left,3.6,overflow,plus4K,34,0
Satsunai,left,3.6,overflow,plus4K,34.2,0
Satsunai,left,3.6,overflow,plus4K,34.4,0
Satsunai,left,3.6,overflow,plus4K,34.6,0
Satsunai,left,3.6,overflow,plus4K,34.8,0
Satsunai,left,3.6,overflow,plus4K,35,0
Satsunai,left,3.6,overflow,plus4K,35.2,0
Satsunai,left,3.6,overflow,plus4K,35.4,0
Satsunai,left,3.6,overflow,plus4K,35.6,0
Satsunai,left,3.6,overflow,plus4K,35.8,0
Satsunai,left,3.6,overflow,plus4K,36,0
Satsunai,left,3.6,overflow,plus4K,36.2,0
Satsunai,left,3.6,overflow,plus4K,36.4,0.0001
Satsunai,left,3.6,overflow,plus4K,36.6,0.0007
Satsunai,left,3.6,overflow,plus4K,36.8,0.0044
Satsunai,left,3.6,overflow,plus4K,37,0.0185
Satsunai,left,3.6,overflow,plus4K,37.2,0.062
Satsunai,left,3.6,overflow,plus4K,37.4,0.1543
Satsunai,left,3.6,overflow,plus4K,37.6,0.3037
Satsunai,left,3.6,overflow,plus4K,37.8,0.5036
Satsunai,left,3.6,overflow,plus4K,38,0.702
Satsunai,left,3.6,overflow,plus4K,38.2,0.8497
Satsunai,left,3.6,overflow,plus4K,38.4,0.9393
Satsunai,left,3.6,overflow,plus4K,38.6,0.9816
Satsunai,left,3.6,overflow,plus4K,38.8,0.9964
Satsunai,left,3.6,overflow,plus4K,39,0.9992
Satsunai,left,3.6,overflow,plus4K,39.2,0.9999
Satsunai,left,3.6,overflow,plus4K,39.4,1
Satsunai,left,3.6,overflow,plus4K,39.6,1
Satsunai,left,3.6,overflow,plus4K,39.8,1
Satsunai,left,3.6,overflow,plus4K,40,1
Satsunai,left,3.6,overflow,plus4K,40.2,1
Satsunai,left,3.6,overflow,plus4K,40.4,1
Satsunai,left,3.6,overflow,plus4K,40.6,1
Satsunai,left,3.6,overflow,plus4K,40.8,1
Satsunai,left,3.6,overflow,plus4K,41,1
Satsunai,left,3.8,overflow,historical,34.4,0
Satsunai,left,3.8,overflow,historical,34.6,0
Satsunai,left,3.8,overflow,historical,34.8,0
Satsunai,left,3.8,overflow,historical,35,0
Satsunai,left,3.8,overflow,historical,35.2,0
Satsunai,left,3.8,overflow,historical,35.4,0
Satsunai,left,3.8,overflow,historical,35.6,0
Satsunai,left,3.8,overflow,historical,35.8,0
Satsunai,left,3.8,overflow,historical,36,0
Satsunai,left,3.8,overflow,historical,36.2,0
Satsunai,left,3.8,overflow,historical,36.4,0
Satsunai,left,3.8,overflow,historical,36.6,0
Satsunai,left,3.8,overflow,historical,36.8,0
Satsunai,left,3.8,overflow,historical,37,0.0001
Satsunai,left,3.8,overflow,historical,37.2,0.0003
Satsunai,left,3.8,overflow,historical,37.4,0.0017
Satsunai,left,3.8,overflow,historical,37.6,0.0092
Satsunai,left,3.8,overflow,historical,37.8,0.0312
Satsunai,left,3.8,overflow,historical,38,0.0924
Satsunai,left,3.8,overflow,historical,38.2,0.2097
Satsunai,left,3.8,overflow,historical,38.4,0.3887
Satsunai,left,3.8,overflow,historical,38.6,0.5921
Satsunai,left,3.8,overflow,historical,38.8,0.7765
Satsunai,left,3.8,overflow,historical,39,0.8984
Satsunai,left,3.8,overflow,historical,39.2,0.9638
Satsunai,left,3.8,overflow,historical,39.4,0.9899
Satsunai,left,3.8,overflow,historical,39.6,0.9968
Satsunai,left,3.8,overflow,historical,39.8,0.9995
Satsunai,left,3.8,overflow,historical,40,1
Satsunai,left,3.8,overflow,historical,40.2,1
Satsunai,left,3.8,overflow,historical,40.4,1
Satsunai,left,3.8,overflow,historical,40.6,1
Satsunai,left,3.8,overflow,historical,40.8,1
Satsunai,left,3.8,overflow,historical,41,1
Satsunai,left,3.8,overflow,historical,41.2,1
Satsunai,left,3.8,overflow,historical,41.4,1
Satsunai,left,3.8,overflow,historical,41.6,1
Satsunai,left,3.8,overflow,historical,41.8,1
Satsunai,left,3.8,overflow,plus4K,34.4,0
Satsunai,left,3.8,overflow,plus4K,34.6,0
Satsunai,left,3.8,overflow,plus4K,34.8,0
Satsunai,left,3.8,overflow,plus4K,35,0
Satsunai,left,3.8,overflow,plus4K,35.2,0
Satsunai,left,3.8,overflow,plus4K,35.4,0
Satsunai,left,3.8,overflow,plus4K,35.6,0
Satsunai,left,3.8,overflow,plus4K,35.8,0
Satsunai,left,3.8,overflow,plus4K,36,0
Satsunai,left,3.8,overflow,plus4K,36.2,0
Satsunai,left,3.8,overflow,plus4K,36.4,0
Satsunai,left,3.8,overflow,plus4K,36.6,0
Satsunai,left,3.8,overflow,plus4K,36.8,0
Satsunai,left,3.8,overflow,plus4K,37,0.0001
Satsunai,left,3.8,overflow,plus4K,37.2,0.0003
Satsunai,left,3.8,overflow,plus4K,37.4,0.0017
Satsunai,left,3.8,overflow,plus4K,37.6,0.0092
Satsunai,left,3.8,overflow,plus4K,37.8,0.0312
Satsunai,left,3.8,overflow,plus4K,38,0.0924
Satsunai,left,3.8,overflow,plus4K,38.2,0.2097
Satsunai,left,3.8,overflow,plus4K,38.4,0.3887
Satsunai,left,3.8,overflow,plus4K,38.6,0.5921
Satsunai,left,3.8,overflow,plus4K,38.8,0.7765
Satsunai,left,3.8,overflow,plus4K,39,0.8984
Satsunai,left,3.8,overflow,plus4K,39.2,0.9638
Satsunai,left,3.8,overflow,plus4K,39.4,0.9899
Satsunai,left,3.8,overflow,plus4K,39.6,0.9968
Satsunai,left,3.8,overflow,plus4K,39.8,0.9995
Satsunai,left,3.8,overflow,plus4K,40,1
Satsunai,left,3.8,overflow,plus4K,40.2,1
Satsunai,left,3.8,overflow,plus4K,40.4,1
Satsunai,left,3.8,overflow,plus4K,40.6,1
Satsunai,left,3.8,overflow,plus4K,40.8,1
Satsunai,left,3.8,overflow,plus4K,41,1
Satsunai,left,3.8,overflow,plus4K,41.2,1
Satsunai,left,3.8,overflow,plus4K,41.4,1
Satsunai,left,3.8,overflow,plus4K,41.6,1
Satsunai,left,3.8,overflow,plus4K,41.8,1
Satsunai,left,4,overflow,historical,35,0
Satsunai,left,4,overflow,historical,35.2,0
Satsunai,left,4,overflow,historical,35.4,0
Satsunai,left,4,overflow,historical,35.6,0
Satsunai,left,4,overflow,historical,35.8,0
Satsunai,left,4,overflow,historical,36,0
Satsunai,left,4,overflow,historical,36.2,0
Satsunai,left,4,overflow,historical,36.4,0
Satsunai,left,4,overflow,historical,36.6,0
Satsunai,left,4,overflow,historical,36.8,0
Satsunai,left,4,overflow,historical,37,0
Satsunai,left,4,overflow,historical,37.2,0
Satsunai,left,4,overflow,historical,37.4,0
Satsunai,left,4,overflow,historical,37.6,0
Satsunai,left,4,overflow,historical,37.8,0.0001
Satsunai,left,4,overflow,historical,38,0.0004
Satsunai,left,4,overflow,historical,38.2,0.0024
Satsunai,left,4,overflow,historical,38.4,0.0079
Satsunai,left,4,overflow,historical,38.6,0.0247
Satsunai,left,4,overflow,historical,38.8,0.0647
Satsunai,left,4,overflow,historical,39,0.1471
Satsunai,left,4,overflow,historical,39.2,0.2792
Satsunai,left,4,overflow,historical,39.4,0.4489
Satsunai,left,4,overflow,historical,39.6,0.6291
Satsunai,left,4,overflow,historical,39.8,0.7866
Satsunai,left,4,overflow,historical,40,0.8987
Satsunai,left,4,overflow,historical,40.2,0.9605
Satsunai,left,4,overflow,historical,40.4,0.9872
Satsunai,left,4,overflow,historical,40.6,0.997
Satsunai,left,4,overflow,historical,40.8,0.9994
Satsunai,left,4,overflow,historical,41,1
Satsunai,left,4,overflow,historical,41.2,1
Satsunai,left,4,overflow,historical,41.4,1
Satsunai,left,4,overflow,historical,41.6,1
Satsunai,left,4,overflow,historical,41.8,1
Satsunai,left,4,overflow,historical,42,1
Satsunai,left,4,overflow,historical,42.2,1
Satsunai,left,4,overflow,historical,42.4,1
Satsunai,left,4,overflow,historical,42.6,1
Satsunai,left,4,overflow,plus4K,35,0
Satsunai,left,4,overflow,plus4K,35.2,0
Satsunai,left,4,overflow,plus4K,35.4,0
Satsunai,left,4,overflow,plus4K,35.6,0
Satsunai,left,4,overflow,plus4K,35.8,0
Satsunai,left,4,overflow,plus4K,36,0
Satsunai,left,4,overflow,plus4K,36.2,0
Satsunai,left,4,overflow,plus4K,36.4,0
Satsunai,left,4,overflow,plus4K,36.6,0
Satsunai,left,4,overflow,plus4K,36.8,0
Satsunai,left,4,overflow,plus4K,37,0
Satsunai,left,4,overflow,plus4K,37.2,0
Satsunai,left,4,overflow,plus4K,37.4,0
Satsunai,left,4,overflow,plus4K,37.6,0
Satsunai,left,4,overflow,plus4K,37.8,0.0001
Satsunai,left,4,overflow,plus4K,38,0.0004
Satsunai,left,4,overflow,plus4K,38.2,0.0024
Satsunai,left,4,overflow,plus4K,38.4,0.0079
Satsunai,left,4,overflow,plus4K,38.6,0.0247
Satsunai,left,4,overflow,plus4K,38.8,0.0647
Satsunai,left,4,overflow,plus4K,39,0.1471
Satsunai,left,4,overflow,plus4K,39.2,0.2792
Satsunai,left,4,overflow,plus4K,39.4,0.4489
Satsunai,left,4,overflow,plus4K,39.6,0.6291
Satsunai,left,4,overflow,plus4K,39.8,0.7866
Satsunai,left,4,overflow,plus4K,40,0.8987
Satsunai,left,4,overflow,plus4K,40.2,0.9605
Satsunai,left,4,overflow,plus4K,40.4,0.9872
Satsunai,left,4,overflow,plus4K,40.6,0.997
Satsunai,left,4,overflow,plus4K,40.8,0.9994
Satsunai,left,4,overflow,plus4K,41,1
Satsunai,left,4,overflow,plus4K,41.2,1
Satsunai,left,4,overflow,plus4K,41.4,1
Satsunai,left,4,overflow,plus4K,41.6,1
Satsunai,left,4,overflow,plus4K,41.8,1
Satsunai,left,4,overflow,plus4K,42,1
Satsunai,left,4,overflow,plus4K,42.2,1
Satsunai,left,4,overflow,plus4K,42.4,1
Satsunai,left,4,overflow,plus4K,42.6,1
Satsunai,left,4.2,overflow,historical,35.4,0
Satsunai,left,4.2,overflow,historical,35.6,0
Satsunai,left,4.2,overflow,historical,35.8,0
Satsunai,left,4.2,overflow,historical,36,0
Satsunai,left,4.2,overflow,historical,36.2,0
Satsunai,left,4.2,overflow,historical,36.4,0
Satsunai,left,4.2,overflow,historical,36.6,0
Satsunai,left,4.2,overflow,historical,36.8,0
Satsunai,left,4.2,overflow,historical,37,0
Satsunai,left,4.2,overflow,historical,37.2,0
Satsunai,left,4.2,overflow,historical,37.4,0
Satsunai,left,4.2,overflow,historical,37.6,0
Satsunai,left,4.2,overflow,historical,37.8,0
Satsunai,left,4.2,overflow,historical,38,0.0001
Satsunai,left,4.2,overflow,historical,38.2,0.0012
Satsunai,left,4.2,overflow,historical,38.4,0.0087
Satsunai,left,4.2,overflow,historical,38.6,0.0293
Satsunai,left,4.2,overflow,historical,38.8,0.0899
Satsunai,left,4.2,overflow,historical,39,0.2103
Satsunai,left,4.2,overflow,historical,39.2,0.3892
Satsunai,left,4.2,overflow,historical,39.4,0.5996
Satsunai,left,4.2,overflow,historical,39.6,0.7831
Satsunai,left,4.2,overflow,historical,39.8,0.9051
Satsunai,left,4.2,overflow,historical,40,0.9657
Satsunai,left,4.2,overflow,historical,40.2,0.9894
Satsunai,left,4.2,overflow,historical,40.4,0.9968
Satsunai,left,4.2,overflow,historical,40.6,0.9994
Satsunai,left,4.2,overflow,historical,40.8,0.9999
Satsunai,left,4.2,overflow,historical,41,1
Satsunai,left,4.2,overflow,historical,41.2,1
Satsunai,left,4.2,overflow,historical,41.4,1
Satsunai,left,4.2,overflow,historical,41.6,1
Satsunai,left,4.2,overflow,historical,41.8,1
Satsunai,left,4.2,overflow,historical,42,1
Satsunai,left,4.2,overflow,historical,42.2,1
Satsunai,left,4.2,overflow,historical,42.4,1
Satsunai,left,4.2,overflow,historical,42.6,1
Satsunai,left,4.2,overflow,plus4K,35.4,0
Satsunai,left,4.2,overflow,plus4K,35.6,0
Satsunai,left,4.2,overflow,plus4K,35.8,0
Satsunai,left,4.2,overflow,plus4K,36,0
Satsunai,left,4.2,overflow,plus4K,36.2,0
Satsunai,left,4.2,overflow,plus4K,36.4,0
Satsunai,left,4.2,overflow,plus4K,36.6,0
Satsunai,left,4.2,overflow,plus4K,36.8,0
Satsunai,left,4.2,overflow,plus4K,37,0
Satsunai,left,4.2,overflow,plus4K,37.2,0
Satsunai,left,4.2,overflow,plus4K,37.4,0
Satsunai,left,4.2,overflow,plus4K,37.6,0
Satsunai,left,4.2,overflow,plus4K,37.8,0
Satsunai,left,4.2,overflow,plus4K,38,0.0001
Satsunai,left,4.2,overflow,plus4K,38.2,0.0012
Satsunai,left,4.2,overflow,plus4K,38.4,0.0087
Satsunai,left,4.2,overflow,plus4K,38.6,0.0293
Satsunai,left,4.2,overflow,plus4K,38.8,0.0899
Satsunai,left,4.2,overflow,plus4K,39,0.2103
Satsunai,left,4.2,overflow,plus4K,39.2,0.3892
Satsunai,left,4.2,overflow,plus4K,39.4,0.5996
Satsunai,left,4.2,overflow,plus4K,39.6,0.7831
Satsunai,left,4.2,overflow,plus4K,39.8,0.9051
Satsunai,left,4.2,overflow,plus4K,40,0.9657
Satsunai,left,4.2,overflow,plus4K,40.2,0.9894
Satsunai,left,4.2,overflow,plus4K,40.4,0.9968
Satsunai,left,4.2,overflow,plus4K,40.6,0.9994
Satsunai,left,4.2,overflow,plus4K,40.8,0.9999
Satsunai,left,4.2,overflow,plus4K,41,1
Satsunai,left,4.2,overflow,plus4K,41.2,1
Satsunai,left,4.2,overflow,plus4K,41.4,1
Satsunai,left,4.2,overflow,plus4K,41.6,1
Satsunai,left,4.2,overflow,plus4K,41.8,1
Satsunai,left,4.2,overflow,plus4K,42,1
Satsunai,left,4.2,overflow,plus4K,42.2,1
Satsunai,left,4.2,overflow,plus4K,42.4,1
Satsunai,left,4.2,overflow,plus4K,42.6,1
Satsunai,left,4.4,overflow,historical,36.2,0
Satsunai,left,4.4,overflow,historical,36.4,0
Satsunai,left,4.4,overflow,historical,36.6,0
Satsunai,left,4.4,overflow,historical,36.8,0
Satsunai,left,4.4,overflow,historical,37,0
Satsunai,left,4.4,overflow,historical,37.2,0
Satsunai,left,4.4,overflow,historical,37.4,0
Satsunai,left,4.4,overflow,historical,37.6,0
Satsunai,left,4.4,overflow,historical,37.8,0
Satsunai,left,4.4,overflow,historical,38,0
Satsunai,left,4.4,overflow,historical,38.2,0
Satsunai,left,4.4,overflow,historical,38.4,0
Satsunai,left,4.4,overflow,historical,38.6,0.0004
Satsunai,left,4.4,overflow,historical,38.8,0.0019
Satsunai,left,4.4,overflow,historical,39,0.0073
Satsunai,left,4.4,overflow,historical,39.2,0.0307
Satsunai,left,4.4,overflow,historical,39.4,0.0863
Satsunai,left,4.4,overflow,historical,39.6,0.2028
Satsunai,left,4.4,overflow,historical,39.8,0.3748
Satsunai,left,4.4,overflow,historical,40,0.5837
Satsunai,left,4.4,overflow,historical,40.2,0.7638
Satsunai,left,4.4,overflow,historical,40.4,0.8936
Satsunai,left,4.4,overflow,historical,40.6,0.9624
Satsunai,left,4.4,overflow,historical,40.8,0.9897
Satsunai,left,4.4,overflow,historical,41,0.9979
Satsunai,left,4.4,overflow,historical,41.2,0.9995
Satsunai,left,4.4,overflow,historical,41.4,0.9999
Satsunai,left,4.4,overflow,historical,41.6,1
Satsunai,left,4.4,overflow,historical,41.8,1
Satsunai,left,4.4,overflow,historical,42,1
Satsunai,left,4.4,overflow,historical,42.2,1
Satsunai,left,4.4,overflow,historical,42.4,1
Satsunai,left,4.4,overflow,historical,42.6,1
Satsunai,left,4.4,overflow,historical,42.8,1
Satsunai,left,4.4,overflow,historical,43,1
Satsunai,left,4.4,overflow,historical,43.2,1
Satsunai,left,4.4,overflow,plus4K,36.2,0
Satsunai,left,4.4,overflow,plus4K,36.4,0
Satsunai,left,4.4,overflow,plus4K,36.6,0
Satsunai,left,4.4,overflow,plus4K,36.8,0
Satsunai,left,4.4,overflow,plus4K,37,0
Satsunai,left,4.4,overflow,plus4K,37.2,0
Satsunai,left,4.4,overflow,plus4K,37.4,0
Satsunai,left,4.4,overflow,plus4K,37.6,0
Satsunai,left,4.4,overflow,plus4K,37.8,0
Satsunai,left,4.4,overflow,plus4K,38,0
Satsunai,left,4.4,overflow,plus4K,38.2,0
Satsunai,left,4.4,overflow,plus4K,38.4,0
Satsunai,left,4.4,overflow,plus4K,38.6,0.0004
Satsunai,left,4.4,overflow,plus4K,38.8,0.0019
Satsunai,left,4.4,overflow,plus4K,39,0.0073
Satsunai,left,4.4,overflow,plus4K,39.2,0.0307
Satsunai,left,4.4,overflow,plus4K,39.4,0.0863
Satsunai,left,4.4,overflow,plus4K,39.6,0.2028
Satsunai,left,4.4,overflow,plus4K,39.8,0.3748
Satsunai,left,4.4,overflow,plus4K,40,0.5837
Satsunai,left,4.4,overflow,plus4K,40.2,0.7638
Satsunai,left,4.4,overflow,plus4K,40.4,0.8936
Satsunai,left,4.4,overflow,plus4K,40.6,0.9624
Satsunai,left,4.4,overflow,plus4K,40.8,0.9897
Satsunai,left,4.4,overflow,plus4K,41,0.9979
Satsunai,left,4.4,overflow,plus4K,41.2,0.9995
Satsunai,left,4.4,overflow,plus4K,41.4,0.9999
Satsunai,left,4.4,overflow,plus4K,41.6,1
Satsunai,left,4.4,overflow,plus4K,41.8,1
Satsunai,left,4.4,overflow,plus4K,42,1
Satsunai,left,4.4,overflow,plus4K,42.2,1
Satsunai,left,4.4,overflow,plus4K,42.4,1
Satsunai,left,4.4,overflow,plus4K,42.6,1
Satsunai,left,4.4,overflow,plus4K,42.8,1
Satsunai,left,4.4,overflow,plus4K,43,1
Satsunai,left,4.4,overflow,plus4K,43.2,1
Satsunai,left,4.6,overflow,historical,37.2,0
Satsunai,left,4.6,overflow,historical,37.4,0
Satsunai,left,4.6,overflow,historical,37.6,0
Satsunai,left,4.6,overflow,historical,37.8,0
Satsunai,left,4.6,overflow,historical,38,0
Satsunai,left,4.6,overflow,historical,38.2,0
Satsunai,left,4.6,overflow,historical,38.4,0
Satsunai,left,4.6,overflow,historical,38.6,0
Satsunai,left,4.6,overflow,historical,38.8,0
Satsunai,left,4.6,overflow,historical,39,0
Satsunai,left,4.6,overflow,historical,39.2,0
Satsunai,left,4.6,overflow,historical,39.4,0.0003
Satsunai,left,4.6,overflow,historical,39.6,0.0041
Satsunai,left,4.6,overflow,historical,39.8,0.019
Satsunai,left,4.6,overflow,historical,40,0.0582
Satsunai,left,4.6,overflow,historical,40.2,0.1431
Satsunai,left,4.6,overflow,historical,40.4,0.297
Satsunai,left,4.6,overflow,historical,40.6,0.4962
Satsunai,left,4.6,overflow,historical,40.8,0.7023
Satsunai,left,4.6,overflow,historical,41,0.8512
Satsunai,left,4.6,overflow,historical,41.2,0.9408
Satsunai,left,4.6,overflow,historical,41.4,0.9813
Satsunai,left,4.6,overflow,historical,41.6,0.995
Satsunai,left,4.6,overflow,historical,41.8,0.9993
Satsunai,left,4.6,overflow,historical,42,0.9999
Satsunai,left,4.6,overflow,historical,42.2,1
Satsunai,left,4.6,overflow,historical,42.4,1
Satsunai,left,4.6,overflow,historical,42.6,1
Satsunai,left,4.6,overflow,historical,42.8,1
Satsunai,left,4.6,overflow,historical,43,1
Satsunai,left,4.6,overflow,historical,43.2,1
Satsunai,left,4.6,overflow,historical,43.4,1
Satsunai,left,4.6,overflow,historical,43.6,1
Satsunai,left,4.6,overflow,historical,43.8,1
Satsunai,left,4.6,overflow,plus4K,37.2,0
Satsunai,left,4.6,overflow,plus4K,37.4,0
Satsunai,left,4.6,overflow,plus4K,37.6,0
Satsunai,left,4.6,overflow,plus4K,37.8,0
Satsunai,left,4.6,overflow,plus4K,38,0
Satsunai,left,4.6,overflow,plus4K,38.2,0
Satsunai,left,4.6,overflow,plus4K,38.4,0
Satsunai,left,4.6,overflow,plus4K,38.6,0
Satsunai,left,4.6,overflow,plus4K,38.8,0
Satsunai,left,4.6,overflow,plus4K,39,0
Satsunai,left,4.6,overflow,plus4K,39.2,0
Satsunai,left,4.6,overflow,plus4K,39.4,0.0003
Satsunai,left,4.6,overflow,plus4K,39.6,0.0041
Satsunai,left,4.6,overflow,plus4K,39.8,0.019
Satsunai,left,4.6,overflow,plus4K,40,0.0582
Satsunai,left,4.6,overflow,plus4K,40.2,0.1431
Satsunai,left,4.6,overflow,plus4K,40.4,0.297
Satsunai,left,4.6,overflow,plus4K,40.6,0.4962
Satsunai,left,4.6,overflow,plus4K,40.8,0.7023
Satsunai,left,4.6,overflow,plus4K,41,0.8512
Satsunai,left,4.6,overflow,plus4K,41.2,0.9408
Satsunai,left,4.6,overflow,plus4K,41.4,0.9813
Satsunai,left,4.6,overflow,plus4K,41.6,0.995
Satsunai,left,4.6,overflow,plus4K,41.8,0.9993
Satsunai,left,4.6,overflow,plus4K,42,0.9999
Satsunai,left,4.6,overflow,plus4K,42.2,1
Satsunai,left,4.6,overflow,plus4K,42.4,1
Satsunai,left,4.6,overflow,plus4K,42.6,1
Satsunai,left,4.6,overflow,plus4K,42.8,1
Satsunai,left,4.6,overflow,plus4K,43,1
Satsunai,left,4.6,overflow,plus4K,43.2,1
Satsunai,left,4.6,overflow,plus4K,43.4,1
Satsunai,left,4.6,overflow,plus4K,43.6,1
Satsunai,left,4.6,overflow,plus4K,43.8,1
Satsunai,left,4.8,overflow,historical,37.6,0
Satsunai,left,4.8,overflow,historical,37.8,0
Satsunai,left,4.8,overflow,historical,38,0
Satsunai,left,4.8,overflow,historical,38.2,0
Satsunai,left,4.8,overflow,historical,38.4,0
Satsunai,left,4.8,overflow,historical,38.6,0
Satsunai,left,4.8,overflow,historical,38.8,0
Satsunai,left,4.8,overflow,historical,39,0
Satsunai,left,4.8,overflow,historical,39.2,0
Satsunai,left,4.8,overflow,historical,39.4,0
Satsunai,left,4.8,overflow,historical,39.6,0.0001
Satsunai,left,4.8,overflow,historical,39.8,0.0006
Satsunai,left,4.8,overflow,historical,40,0.0038
Satsunai,left,4.8,overflow,historical,40.2,0.0161
Satsunai,left,4.8,overflow,historical,40.4,0.0523
Satsunai,left,4.8,overflow,historical,40.6,0.1312
Satsunai,left,4.8,overflow,historical,40.8,0.271
Satsunai,left,4.8,overflow,historical,41,0.4499
Satsunai,left,4.8,overflow,historical,41.2,0.6579
Satsunai,left,4.8,overflow,historical,41.4,0.8293
Satsunai,left,4.8,overflow,historical,41.6,0.9302
Satsunai,left,4.8,overflow,historical,41.8,0.9761
Satsunai,left,4.8,overflow,historical,42,0.9942
Satsunai,left,4.8,overflow,historical,42.2,0.9993
Satsunai,left,4.8,overflow,historical,42.4,1
Satsunai,left,4.8,overflow,historical,42.6,1
Satsunai,left,4.8,overflow,historical,42.8,1
Satsunai,left,4.8,overflow,historical,43,1
Satsunai,left,4.8,overflow,historical,43.2,1
Satsunai,left,4.8,overflow,historical,43.4,1
Satsunai,left,4.8,overflow,historical,43.6,1
Satsunai,left,4.8,overflow,historical,43.8,1
Satsunai,left,4.8,overflow,historical,44,1
Satsunai,left,4.8,overflow,historical,44.2,1
Satsunai,left,4.8,overflow,plus4K,37.6,0
Satsunai,left,4.8,overflow,plus4K,37.8,0
Satsunai,left,4.8,overflow,plus4K,38,0
Satsunai,left,4.8,overflow,plus4K,38.2,0
Satsunai,left,4.8,overflow,plus4K,38.4,0
Satsunai,left,4.8,overflow,plus4K,38.6,0
Satsunai,left,4.8,overflow,plus4K,38.8,0
Satsunai,left,4.8,overflow,plus4K,39,0
Satsunai,left,4.8,overflow,plus4K,39.2,0
Satsunai,left,4.8,overflow,plus4K,39.4,0
Satsunai,left,4.8,overflow,plus4K,39.6,0.0001
Satsunai,left,4.8,overflow,plus4K,39.8,0.0006
Satsunai,left,4.8,overflow,plus4K,40,0.0038
Satsunai,left,4.8,overflow,plus4K,40.2,0.0161
Satsunai,left,4.8,overflow,plus4K,40.4,0.0523
Satsunai,left,4.8,overflow,plus4K,40.6,0.1312
Satsunai,left,4.8,overflow,plus4K,40.8,0.271
Satsunai,left,4.8,overflow,plus4K,41,0.4499
Satsunai,left,4.8,overflow,plus4K,41.2,0.6579
Satsunai,left,4.8,overflow,plus4K,41.4,0.8293
Satsunai,left,4.8,overflow,plus4K,41.6,0.9302
Satsunai,left,4.8,overflow,plus4K,41.8,0.9761
Satsunai,left,4.8,overflow,plus4K,42,0.9942
Satsunai,left,4.8,overflow,plus4K,42.2,0.9993
Satsunai,left,4.8,overflow,plus4K,42.4,1
Satsunai,left,4.8,overflow,plus4K,42.6,1
Satsunai,left,4.8,overflow,plus4K,42.8,1
Satsunai,left,4.8,overflow,plus4K,43,1
Satsunai,left,4.8,overflow,plus4K,43.2,1
Satsunai,left,4.8,overflow,plus4K,43.4,1
Satsunai,left,4.8,overflow,plus4K,43.6,1
Satsunai,left,4.8,overflow,plus4K,43.8,1
Satsunai,left,4.8,overflow,plus4K,44,1
Satsunai,left,4.8,overflow,plus4K,44.2,1
Satsunai,left,5,overflow,historical,38.4,0
Satsunai,left,5,overflow,historical,38.6,0
Satsunai,left,5,overflow,historical,38.8,0
Satsunai,left,5,overflow,historical,39,0
Satsunai,left,5,overflow,historical,39.2,0
Satsunai,left,5,overflow,historical,39.4,0
Satsunai,left,5,overflow,historical,39.6,0
Satsunai,left,5,overflow,historical,39.8,0
Satsunai,left,5,overflow,historical,40,0
Satsunai,left,5,overflow,historical,40.2,0
Satsunai,left,5,overflow,historical,40.4,0.0002
Satsunai,left,5,overflow,historical,40.6,0.001
Satsunai,left,5,overflow,historical,40.8,0.0048
Satsunai,left,5,overflow,historical,41,0.0178
Satsunai,left,5,overflow,historical,41.2,0.0555
Satsunai,left,5,overflow,historical,41.4,0.1342
Satsunai,left,5,overflow,historical,41.6,0.2746
Satsunai,left,5,overflow,historical,41.8,0.4735
Satsunai,left,5,overflow,historical,42,0.6755
Satsunai,left,5,overflow,historical,42.2,0.8412
Satsunai,left,5,overflow,historical,42.4,0.936
Satsunai,left,5,overflow,historical,42.6,0.98
Satsunai,left,5,overflow,historical,42.8,0.9966
Satsunai,left,5,overflow,historical,43,0.9997
Satsunai,left,5,overflow,historical,43.2,1
Satsunai,left,5,overflow,historical,43.4,1
Satsunai,left,5,overflow,historical,43.6,1
Satsunai,left,5,overflow,historical,43.8,1
Satsunai,left,5,overflow,historical,44,1
Satsunai,left,5,overflow,historical,44.2,1
Satsunai,left,5,overflow,historical,44.4,1
Satsunai,left,5,overflow,historical,44.6,1
Satsunai,left,5,overflow,historical,44.8,1
Satsunai,left,5,overflow,historical,45,1
Satsunai,left,5,overflow,plus4K,38.4,0
Satsunai,left,5,overflow,plus4K,38.6,0
Satsunai,left,5,overflow,plus4K,38.8,0
Satsunai,left,5,overflow,plus4K,39,0
Satsunai,left,5,overflow,plus4K,39.2,0
Satsunai,left,5,overflow,plus4K,39.4,0
Satsunai,left,5,overflow,plus4K,39.6,0
Satsunai,left,5,overflow,plus4K,39.8,0
Satsunai,left,5,overflow,plus4K,40,0
Satsunai,left,5,overflow,plus4K,40.2,0
Satsunai,left,5,overflow,plus4K,40.4,0.0002
Satsunai,left,5,overflow,plus4K,40.6,0.001
Satsunai,left,5,overflow,plus4K,40.8,0.0048
Satsunai,left,5,overflow,plus4K,41,0.0178
Satsunai,left,5,overflow,plus4K,41.2,0.0555
Satsunai,left,5,overflow,plus4K,41.4,0.1342
Satsunai,left,5,overflow,plus4K,41.6,0.2746
Satsunai,left,5,overflow,plus4K,41.8,0.4735
Satsunai,left,5,overflow,plus4K,42,0.6755
Satsunai,left,5,overflow,plus4K,42.2,0.8412
Satsunai,left,5,overflow,plus4K,42.4,0.936
Satsunai,left,5,overflow,plus4K,42.6,0.98
Satsunai,left,5,overflow,plus4K,42.8,0.9966
Satsunai,left,5,overflow,plus4K,43,0.9997
Satsunai,left,5,overflow,plus4K,43.2,1
Satsunai,left,5,overflow,plus4K,43.4,1
Satsunai,left,5,overflow,plus4K,43.6,1
Satsunai,left,5,overflow,plus4K,43.8,1
Satsunai,left,5,overflow,plus4K,44,1
Satsunai,left,5,overflow,plus4K,44.2,1
Satsunai,left,5,overflow,plus4K,44.4,1
Satsunai,left,5,overflow,plus4K,44.6,1
Satsunai,left,5,overflow,plus4K,44.8,1
Satsunai,left,5,overflow,plus4K,45,1
Satsunai,left,5.2,overflow,historical,39.2,0
Satsunai,left,5.2,overflow,historical,39.4,0
Satsunai,left,5.2,overflow,historical,39.6,0
Satsunai,left,5.2,overflow,historical,39.8,0
Satsunai,left,5.2,overflow,historical,40,0
Satsunai,left,5.2,overflow,historical,40.2,0
Satsunai,left,5.2,overflow,historical,40.4,0
Satsunai,left,5.2,overflow,historical,40.6,0
Satsunai,left,5.2,overflow,historical,40.8,0
Satsunai,left,5.2,overflow,historical,41,0
Satsunai,left,5.2,overflow,historical,41.2,0
Satsunai,left,5.2,overflow,historical,41.4,0.0003
Satsunai,left,5.2,overflow,historical,41.6,0.002
Satsunai,left,5.2,overflow,historical,41.8,0.0096
Satsunai,left,5.2,overflow,historical,42,0.0331
Satsunai,left,5.2,overflow,historical,42.2,0.0982
Satsunai,left,5.2,overflow,historical,42.4,0.2177
Satsunai,left,5.2,overflow,historical,42.6,0.3996
Satsunai,left,5.2,overflow,historical,42.8,0.6038
Satsunai,left,5.2,overflow,historical,43,0.7875
Satsunai,left,5.2,overflow,historical,43.2,0.9076
Satsunai,left,5.2,overflow,historical,43.4,0.9688
Satsunai,left,5.2,overflow,historical,43.6,0.9933
Satsunai,left,5.2,overflow,historical,43.8,0.9992
Satsunai,left,5.2,overflow,historical,44,0.9999
Satsunai,left,5.2,overflow,historical,44.2,1
Satsunai,left,5.2,overflow,historical,44.4,1
Satsunai,left,5.2,overflow,historical,44.6,1
Satsunai,left,5.2,overflow,historical,44.8,1
Satsunai,left,5.2,overflow,historical,45,1
Satsunai,left,5.2,overflow,historical,45.2,1
Satsunai,left,5.2,overflow,historical,45.4,1
Satsunai,left,5.2,overflow,historical,45.6,1
Satsunai,left,5.2,overflow,historical,45.8,1
Satsunai,left,5.2,overflow,plus4K,39.2,0
Satsunai,left,5.2,overflow,plus4K,39.4,0
Satsunai,left,5.2,overflow,plus4K,39.6,0
Satsunai,left,5.2,overflow,plus4K,39.8,0
Satsunai,left,5.2,overflow,plus4K,40,0
Satsunai,left,5.2,overflow,plus4K,40.2,0
Satsunai,left,5.2,overflow,plus4K,40.4,0
Satsunai,left,5.2,overflow,plus4K,40.6,0
Satsunai,left,5.2,overflow,plus4K,40.8,0
Satsunai,left,5.2,overflow,plus4K,41,0
Satsunai,left,5.2,overflow,plus4K,41.2,0
Satsunai,left,5.2,overflow,plus4K,41.4,0.0003
Satsunai,left,5.2,overflow,plus4K,41.6,0.002
Satsunai,left,5.2,overflow,plus4K,41.8,0.0096
Satsunai,left,5.2,overflow,plus4K,42,0.0331
Satsunai,left,5.2,overflow,plus4K,42.2,0.0982
Satsunai,left,5.2,overflow,plus4K,42.4,0.2177
Satsunai,left,5.2,overflow,plus4K,42.6,0.3996
Satsunai,left,5.2,overflow,plus4K,42.8,0.6038
Satsunai,left,5.2,overflow,plus4K,43,0.7875
Satsunai,left,5.2,overflow,plus4K,43.2,0.9076
Satsunai,left,5.2,overflow,plus4K,43.4,0.9688
Satsunai,left,5.2,overflow,plus4K,43.6,0.9933
Satsunai,left,5.2,overflow,plus4K,43.8,0.9992
Satsunai,left,5.2,overflow,plus4K,44,0.9999
Satsunai,left,5.2,overflow,plus4K,44.2,1
Satsunai,left,5.2,overflow,plus4K,44.4,1
Satsunai,left,5.2,overflow,plus4K,44.6,1
Satsunai,left,5.2,overflow,plus4K,44.8,1
Satsunai,left,5.2,overflow,plus4K,45,1
Satsunai,left,5.2,overflow,plus4K,45.2,1
Satsunai,left,5.2,overflow,plus4K,45.4,1
Satsunai,left,5.2,overflow,plus4K,45.6,1
Satsunai,left,5.2,overflow,plus4K,45.8,1
Satsunai,left,5.4,overflow,historical,39.8,0
Satsunai,left,5.4,overflow,historical,40,0
Satsunai,left,5.4,overflow,historical,40.2,0
Satsunai,left,5.4,overflow,historical,40.4,0
Satsunai,left,5.4,overflow,historical,40.6,0
Satsunai,left,5.4,overflow,historical,40.8,0
Satsunai,left,5.4,overflow,historical,41,0
Satsunai,left,5.4,overflow,historical,41.2,0
Satsunai,left,5.4,overflow,historical,41.4,0
Satsunai,left,5.4,overflow,historical,41.6,0.0001
Satsunai,left,5.4,overflow,historical,41.8,0.0001
Satsunai,left,5.4,overflow,historical,42,0.0002
Satsunai,left,5.4,overflow,historical,42.2,0.0005
Satsunai,left,5.4,overflow,historical,42.4,0.0034
Satsunai,left,5.4,overflow,historical,42.6,0.0097
Satsunai,left,5.4,overflow,historical,42.8,0.0357
Satsunai,left,5.4,overflow,historical,43,0.0996
Satsunai,left,5.4,overflow,historical,43.2,0.2193
Satsunai,left,5.4,overflow,historical,43.4,0.4064
Satsunai,left,5.4,overflow,historical,43.6,0.6126
Satsunai,left,5.4,overflow,historical,43.8,0.7935
Satsunai,left,5.4,overflow,historical,44,0.9113
Satsunai,left,5.4,overflow,historical,44.2,0.9655
Satsunai,left,5.4,overflow,historical,44.4,0.9904
Satsunai,left,5.4,overflow,historical,44.6,0.9979
Satsunai,left,5.4,overflow,historical,44.8,0.9995
Satsunai,left,5.4,overflow,historical,45,0.9999
Satsunai,left,5.4,overflow,historical,45.2,1
Satsunai,left,5.4,overflow,historical,45.4,1
Satsunai,left,5.4,overflow,historical,45.6,1
Satsunai,left,5.4,overflow,historical,45.8,1
Satsunai,left,5.4,overflow,historical,46,1
Satsunai,left,5.4,overflow,historical,46.2,1
Satsunai,left,5.4,overflow,historical,46.4,1
Satsunai,left,5.4,overflow,historical,46.6,1
Satsunai,left,5.4,overflow,plus4K,39.8,0
Satsunai,left,5.4,overflow,plus4K,40,0
Satsunai,left,5.4,overflow,plus4K,40.2,0
Satsunai,left,5.4,overflow,plus4K,40.4,0
Satsunai,left,5.4,overflow,plus4K,40.6,0
Satsunai,left,5.4,overflow,plus4K,40.8,0
Satsunai,left,5.4,overflow,plus4K,41,0
Satsunai,left,5.4,overflow,plus4K,41.2,0
Satsunai,left,5.4,overflow,plus4K,41.4,0
Satsunai,left,5.4,overflow,plus4K,41.6,0.0001
Satsunai,left,5.4,overflow,plus4K,41.8,0.0001
Satsunai,left,5.4,overflow,plus4K,42,0.0002
Satsunai,left,5.4,overflow,plus4K,42.2,0.0005
Satsunai,left,5.4,overflow,plus4K,42.4,0.0034
Satsunai,left,5.4,overflow,plus4K,42.6,0.0097
Satsunai,left,5.4,overflow,plus4K,42.8,0.0357
Satsunai,left,5.4,overflow,plus4K,43,0.0996
Satsunai,left,5.4,overflow,plus4K,43.2,0.2193
Satsunai,left,5.4,overflow,plus4K,43.4,0.4064
Satsunai,left,5.4,overflow,plus4K,43.6,0.6126
Satsunai,left,5.4,overflow,plus4K,43.8,0.7935
Satsunai,left,5.4,overflow,plus4K,44,0.9113
Satsunai,left,5.4,overflow,plus4K,44.2,0.9655
Satsunai,left,5.4,overflow,plus4K,44.4,0.9904
Satsunai,left,5.4,overflow,plus4K,44.6,0.9979
Satsunai,left,5.4,overflow,plus4K,44.8,0.9995
Satsunai,left,5.4,overflow,plus4K,45,0.9999
Satsunai,left,5.4,overflow,plus4K,45.2,1
Satsunai,left,5.4,overflow,plus4K,45.4,1
Satsunai,left,5.4,overflow,plus4K,45.6,1
Satsunai,left,5.4,overflow,plus4K,45.8,1
Satsunai,left,5.4,overflow,plus4K,46,1
Satsunai,left,5.4,overflow,plus4K,46.2,1
Satsunai,left,5.4,overflow,plus4K,46.4,1
Satsunai,left,5.4,overflow,plus4K,46.6,1
Satsunai,left,5.6,overflow,historical,40.4,0
Satsunai,left,5.6,overflow,historical,40.6,0
Satsunai,left,5.6,overflow,historical,40.8,0
Satsunai,left,5.6,overflow,historical,41,0
Satsunai,left,5.6,overflow,historical,41.2,0
Satsunai,left,5.6,overflow,historical,41.4,0
Satsunai,left,5.6,overflow,historical,41.6,0
Satsunai,left,5.6,overflow,historical,41.8,0
Satsunai,left,5.6,overflow,historical,42,0
Satsunai,left,5.6,overflow,historical,42.2,0
Satsunai,left,5.6,overflow,historical,42.4,0
Satsunai,left,5.6,overflow,historical,42.6,0
Satsunai,left,5.6,overflow,historical,42.8,0.0005
Satsunai,left,5.6,overflow,historical,43,0.0024
Satsunai,left,5.6,overflow,historical,43.2,0.0132
Satsunai,left,5.6,overflow,historical,43.4,0.0483
Satsunai,left,5.6,overflow,historical,43.6,0.1313
Satsunai,left,5.6,overflow,historical,43.8,0.279
Satsunai,left,5.6,overflow,historical,44,0.4696
Satsunai,left,5.6,overflow,historical,44.2,0.6685
Satsunai,left,5.6,overflow,historical,44.4,0.8282
Satsunai,left,5.6,overflow,historical,44.6,0.9307
Satsunai,left,5.6,overflow,historical,44.8,0.9762
Satsunai,left,5.6,overflow,historical,45,0.9938
Satsunai,left,5.6,overflow,historical,45.2,0.9984
Satsunai,left,5.6,overflow,historical,45.4,0.9998
Satsunai,left,5.6,overflow,historical,45.6,1
Satsunai,left,5.6,overflow,historical,45.8,1
Satsunai,left,5.6,overflow,historical,46,1
Satsunai,left,5.6,overflow,historical,46.2,1
Satsunai,left,5.6,overflow,historical,46.4,1
Satsunai,left,5.6,overflow,historical,46.6,1
Satsunai,left,5.6,overflow,historical,46.8,1
Satsunai,left,5.6,overflow,historical,47,1
Satsunai,left,5.6,overflow,historical,47.2,1
Satsunai,left,5.6,overflow,plus4K,40.4,0
Satsunai,left,5.6,overflow,plus4K,40.6,0
Satsunai,left,5.6,overflow,plus4K,40.8,0
Satsunai,left,5.6,overflow,plus4K,41,0
Satsunai,left,5.6,overflow,plus4K,41.2,0
Satsunai,left,5.6,overflow,plus4K,41.4,0
Satsunai,left,5.6,overflow,plus4K,41.6,0
Satsunai,left,5.6,overflow,plus4K,41.8,0
Satsunai,left,5.6,overflow,plus4K,42,0
Satsunai,left,5.6,overflow,plus4K,42.2,0
Satsunai,left,5.6,overflow,plus4K,42.4,0
Satsunai,left,5.6,overflow,plus4K,42.6,0
Satsunai,left,5.6,overflow,plus4K,42.8,0.0005
Satsunai,left,5.6,overflow,plus4K,43,0.0024
Satsunai,left,5.6,overflow,plus4K,43.2,0.0132
Satsunai,left,5.6,overflow,plus4K,43.4,0.0483
Satsunai,left,5.6,overflow,plus4K,43.6,0.1313
Satsunai,left,5.6,overflow,plus4K,43.8,0.279
Satsunai,left,5.6,overflow,plus4K,44,0.4696
Satsunai,left,5.6,overflow,plus4K,44.2,0.6685
Satsunai,left,5.6,overflow,plus4K,44.4,0.8282
Satsunai,left,5.6,overflow,plus4K,44.6,0.9307
Satsunai,left,5.6,overflow,plus4K,44.8,0.9762
Satsunai,left,5.6,overflow,plus4K,45,0.9938
Satsunai,left,5.6,overflow,plus4K,45.2,0.9984
Satsunai,left,5.6,overflow,plus4K,45.4,0.9998
Satsunai,left,5.6,overflow,plus4K,45.6,1
Satsunai,left,5.6,overflow,plus4K,45.8,1
Satsunai,left,5.6,overflow,plus4K,46,1
Satsunai,left,5.6,overflow,plus4K,46.2,1
Satsunai,left,5.6,overflow,plus4K,46.4,1
Satsunai,left,5.6,overflow,plus4K,46.6,1
Satsunai,left,5.6,overflow,plus4K,46.8,1
Satsunai,left,5.6,overflow,plus4K,47,1
Satsunai,left,5.6,overflow,plus4K,47.2,1
Satsunai,left,5.8,overflow,historical,41,0
Satsunai,left,5.8,overflow,historical,41.2,0
Satsunai,left,5.8,overflow,historical,41.4,0
Satsunai,left,5.8,overflow,historical,41.6,0
Satsunai,left,5.8,overflow,historical,41.8,0
Satsunai,left,5.8,overflow,historical,42,0
Satsunai,left,5.8,overflow,historical,42.2,0
Satsunai,left,5.8,overflow,historical,42.4,0
Satsunai,left,5.8,overflow,historical,42.6,0
Satsunai,left,5.8,overflow,historical,42.8,0
Satsunai,left,5.8,overflow,historical,43,0
Satsunai,left,5.8,overflow,historical,43.2,0
Satsunai,left,5.8,overflow,historical,43.4,0.0004
Satsunai,left,5.8,overflow,historical,43.6,0.002
Satsunai,left,5.8,overflow,historical,43.8,0.0111
Satsunai,left,5.8,overflow,historical,44,0.0384
Satsunai,left,5.8,overflow,historical,44.2,0.1042
Satsunai,left,5.8,overflow,historical,44.4,0.2291
Satsunai,left,5.8,overflow,historical,44.6,0.4215
Satsunai,left,5.8,overflow,historical,44.8,0.6265
Satsunai,left,5.8,overflow,historical,45,0.7964
Satsunai,left,5.8,overflow,historical,45.2,0.9108
Satsunai,left,5.8,overflow,historical,45.4,0.9687
Satsunai,left,5.8,overflow,historical,45.6,0.9909
Satsunai,left,5.8,overflow,historical,45.8,0.9974
Satsunai,left,5.8,overflow,historical,46,1
Satsunai,left,5.8,overflow,historical,46.2,1
Satsunai,left,5.8,overflow,historical,46.4,1
Satsunai,left,5.8,overflow,historical,46.6,1
Satsunai,left,5.8,overflow,historical,46.8,1
Satsunai,left,5.8,overflow,historical,47,1
Satsunai,left,5.8,overflow,historical,47.2,1
Satsunai,left,5.8,overflow,historical,47.4,1
Satsunai,left,5.8,overflow,historical,47.6,1
Satsunai,left,5.8,overflow,historical,47.8,1
Satsunai,left,5.8,overflow,plus4K,41,0
Satsunai,left,5.8,overflow,plus4K,41.2,0
Satsunai,left,5.8,overflow,plus4K,41.4,0
Satsunai,left,5.8,overflow,plus4K,41.6,0
Satsunai,left,5.8,overflow,plus4K,41.8,0
Satsunai,left,5.8,overflow,plus4K,42,0
Satsunai,left,5.8,overflow,plus4K,42.2,0
Satsunai,left,5.8,overflow,plus4K,42.4,0
Satsunai,left,5.8,overflow,plus4K,42.6,0
Satsunai,left,5.8,overflow,plus4K,42.8,0
Satsunai,left,5.8,overflow,plus4K,43,0
Satsunai,left,5.8,overflow,plus4K,43.2,0
Satsunai,left,5.8,overflow,plus4K,43.4,0.0004
Satsunai,left,5.8,overflow,plus4K,43.6,0.002
Satsunai,left,5.8,overflow,plus4K,43.8,0.0111
Satsunai,left,5.8,overflow,plus4K,44,0.0384
Satsunai,left,5.8,overflow,plus4K,44.2,0.1042
Satsunai,left,5.8,overflow,plus4K,44.4,0.2291
Satsunai,left,5.8,overflow,plus4K,44.6,0.4215
Satsunai,left,5.8,overflow,plus4K,44.8,0.6265
Satsunai,left,5.8,overflow,plus4K,45,0.7964
Satsunai,left,5.8,overflow,plus4K,45.2,0.9108
Satsunai,left,5.8,overflow,plus4K,45.4,0.9687
Satsunai,left,5.8,overflow,plus4K,45.6,0.9909
Satsunai,left,5.8,overflow,plus4K,45.8,0.9974
Satsunai,left,5.8,overflow,plus4K,46,1
Satsunai,left,5.8,overflow,plus4K,46.2,1
Satsunai,left,5.8,overflow,plus4K,46.4,1
Satsunai,left,5.8,overflow,plus4K,46.6,1
Satsunai,left,5.8,overflow,plus4K,46.8,1
Satsunai,left,5.8,overflow,plus4K,47,1
Satsunai,left,5.8,overflow,plus4K,47.2,1
Satsunai,left,5.8,overflow,plus4K,47.4,1
Satsunai,left,5.8,overflow,plus4K,47.6,1
Satsunai,left,5.8,overflow,plus4K,47.8,1
Satsunai,left,6,overflow,historical,41.8,0
Satsunai,left,6,overflow,historical,42,0
Satsunai,left,6,overflow,historical,42.2,0
Satsunai,left,6,overflow,historical,42.4,0
Satsunai,left,6,overflow,historical,42.6,0
Satsunai,left,6,overflow,historical,42.8,0
Satsunai,left,6,overflow,historical,43,0
Satsunai,left,6,overflow,historical,43.2,0
Satsunai,left,6,overflow,historical,43.4,0
Satsunai,left,6,overflow,historical,43.6,0
Satsunai,left,6,overflow,historical,43.8,0
Satsunai,left,6,overflow,historical,44,0.0002
Satsunai,left,6,overflow,historical,44.2,0.0008
Satsunai,left,6,overflow,historical,44.4,0.0027
Satsunai,left,6,overflow,historical,44.6,0.0118
Satsunai,left,6,overflow,historical,44.8,0.0434
Satsunai,left,6,overflow,historical,45,0.1141
Satsunai,left,6,overflow,historical,45.2,0.2424
Satsunai,left,6,overflow,historical,45.4,0.4291
Satsunai,left,6,overflow,historical,45.6,0.6337
Satsunai,left,6,overflow,historical,45.8,0.8059
Satsunai,left,6,overflow,historical,46,0.9149
Satsunai,left,6,overflow,historical,46.2,0.97
Satsunai,left,6,overflow,historical,46.4,0.9917
Satsunai,left,6,overflow,historical,46.6,0.9985
Satsunai,left,6,overflow,historical,46.8,0.9998
Satsunai,left,6,overflow,historical,47,1
Satsunai,left,6,overflow,historical,47.2,1
Satsunai,left,6,overflow,historical,47.4,1
Satsunai,left,6,overflow,historical,47.6,1
Satsunai,left,6,overflow,historical,47.8,1
Satsunai,left,6,overflow,historical,48,1
Satsunai,left,6,overflow,historical,48.2,1
Satsunai,left,6,overflow,historical,48.4,1
Satsunai,left,6,overflow,historical,48.6,1
Satsunai,left,6,overflow,plus4K,41.8,0
Satsunai,left,6,overflow,plus4K,42,0
Satsunai,left,6,overflow,plus4K,42.2,0
Satsunai,left,6,overflow,plus4K,42.4,0
Satsunai,left,6,overflow,plus4K,42.6,0
Satsunai,left,6,overflow,plus4K,42.8,0
Satsunai,left,6,overflow,plus4K,43,0
Satsunai,left,6,overflow,plus4K,43.2,0
Satsunai,left,6,overflow,plus4K,43.4,0
Satsunai,left,6,overflow,plus4K,43.6,0
Satsunai,left,6,overflow,plus4K,43.8,0
Satsunai,left,6,overflow,plus4K,44,0.0002
Satsunai,left,6,overflow,plus4K,44.2,0.0008
Satsunai,left,6,overflow,plus4K,44.4,0.0027
Satsunai,left,6,overflow,plus4K,44.6,0.0118
Satsunai,left,6,overflow,plus4K,44.8,0.0434
Satsunai,left,6,overflow,plus4K,45,0.1141
Satsunai,left,6,overflow,plus4K,45.2,0.2424
Satsunai,left,6,overflow,plus4K,45.4,0.4291
Satsunai,left,6,overflow,plus4K,45.6,0.6337
Satsunai,left,6,overflow,plus4K,45.8,0.8059
Satsunai,left,6,overflow,plus4K,46,0.9149
Satsunai,left,6,overflow,plus4K,46.2,0.97
Satsunai,left,6,overflow,plus4K,46.4,0.9917
Satsunai,left,6,overflow,plus4K,46.6,0.9985
Satsunai,left,6,overflow,plus4K,46.8,0.9998
Satsunai,left,6,overflow,plus4K,47,1
Satsunai,left,6,overflow,plus4K,47.2,1
Satsunai,left,6,overflow,plus4K,47.4,1
Satsunai,left,6,overflow,plus4K,47.6,1
Satsunai,left,6,overflow,plus4K,47.8,1
Satsunai,left,6,overflow,plus4K,48,1
Satsunai,left,6,overflow,plus4K,48.2,1
Satsunai,left,6,overflow,plus4K,48.4,1
Satsunai,left,6,overflow,plus4K,48.6,1
Satsunai,left,6.2,overflow,historical,42.6,0
Satsunai,left,6.2,overflow,historical,42.8,0
Satsunai,left,6.2,overflow,historical,43,0
Satsunai,left,6.2,overflow,historical,43.2,0
Satsunai,left,6.2,overflow,historical,43.4,0
Satsunai,left,6.2,overflow,historical,43.6,0
Satsunai,left,6.2,overflow,historical,43.8,0
Satsunai,left,6.2,overflow,historical,44,0
Satsunai,left,6.2,overflow,historical,44.2,0
Satsunai,left,6.2,overflow,historical,44.4,0
Satsunai,left,6.2,overflow,historical,44.6,0
Satsunai,left,6.2,overflow,historical,44.8,0
Satsunai,left,6.2,overflow,historical,45,0.0003
Satsunai,left,6.2,overflow,historical,45.2,0.002
Satsunai,left,6.2,overflow,historical,45.4,0.0083
Satsunai,left,6.2,overflow,historical,45.6,0.0278
Satsunai,left,6.2,overflow,historical,45.8,0.0769
Satsunai,left,6.2,overflow,historical,46,0.1909
Satsunai,left,6.2,overflow,historical,46.2,0.3668
Satsunai,left,6.2,overflow,historical,46.4,0.5723
Satsunai,left,6.2,overflow,historical,46.6,0.7591
Satsunai,left,6.2,overflow,historical,46.8,0.8937
Satsunai,left,6.2,overflow,historical,47,0.9614
Satsunai,left,6.2,overflow,historical,47.2,0.9879
Satsunai,left,6.2,overflow,historical,47.4,0.9977
Satsunai,left,6.2,overflow,historical,47.6,0.9994
Satsunai,left,6.2,overflow,historical,47.8,1
Satsunai,left,6.2,overflow,historical,48,1
Satsunai,left,6.2,overflow,historical,48.2,1
Satsunai,left,6.2,overflow,historical,48.4,1
Satsunai,left,6.2,overflow,historical,48.6,1
Satsunai,left,6.2,overflow,historical,48.8,1
Satsunai,left,6.2,overflow,historical,49,1
Satsunai,left,6.2,overflow,historical,49.2,1
Satsunai,left,6.2,overflow,historical,49.4,1
Satsunai,left,6.2,overflow,plus4K,42.6,0
Satsunai,left,6.2,overflow,plus4K,42.8,0
Satsunai,left,6.2,overflow,plus4K,43,0
Satsunai,left,6.2,overflow,plus4K,43.2,0
Satsunai,left,6.2,overflow,plus4K,43.4,0
Satsunai,left,6.2,overflow,plus4K,43.6,0
Satsunai,left,6.2,overflow,plus4K,43.8,0
Satsunai,left,6.2,overflow,plus4K,44,0
Satsunai,left,6.2,overflow,plus4K,44.2,0
Satsunai,left,6.2,overflow,plus4K,44.4,0
Satsunai,left,6.2,overflow,plus4K,44.6,0
Satsunai,left,6.2,overflow,plus4K,44.8,0
Satsunai,left,6.2,overflow,plus4K,45,0.0003
Satsunai,left,6.2,overflow,plus4K,45.2,0.002
Satsunai,left,6.2,overflow,plus4K,45.4,0.0083
Satsunai,left,6.2,overflow,plus4K,45.6,0.0278
Satsunai,left,6.2,overflow,plus4K,45.8,0.0769
Satsunai,left,6.2,overflow,plus4K,46,0.1909
Satsunai,left,6.2,overflow,plus4K,46.2,0.3668
Satsunai,left,6.2,overflow,plus4K,46.4,0.5723
Satsunai,left,6.2,overflow,plus4K,46.6,0.7591
Satsunai,left,6.2,overflow,plus4K,46.8,0.8937
Satsunai,left,6.2,overflow,plus4K,47,0.9614
Satsunai,left,6.2,overflow,plus4K,47.2,0.9879
Satsunai,left,6.2,overflow,plus4K,47.4,0.9977
Satsunai,left,6.2,overflow,plus4K,47.6,0.9994
Satsunai,left,6.2,overflow,plus4K,47.8,1
Satsunai,left,6.2,overflow,plus4K,48,1
Satsunai,left,6.2,overflow,plus4K,48.2,1
Satsunai,left,6.2,overflow,plus4K,48.4,1
Satsunai,left,6.2,overflow,plus4K,48.6,1
Satsunai,left,6.2,overflow,plus4K,48.8,1
Satsunai,left,6.2,overflow,plus4K,49,1
Satsunai,left,6.2,overflow,plus4K,49.2,1
Satsunai,left,6.2,overflow,plus4K,49.4,1
Satsunai,left,6.4,overflow,historical,43.4,0
Satsunai,left,6.4,overflow,historical,43.6,0
Satsunai,left,6.4,overflow,historical,43.8,0
Satsunai,left,6.4,overflow,historical,44,0
Satsunai,left,6.4,overflow,historical,44.2,0
Satsunai,left,6.4,overflow,historical,44.4,0
Satsunai,left,6.4,overflow,historical,44.6,0
Satsunai,left,6.4,overflow,historical,44.8,0
Satsunai,left,6.4,overflow,historical,45,0
Satsunai,left,6.4,overflow,historical,45.2,0
Satsunai,left,6.4,overflow,historical,45.4,0.0001
Satsunai,left,6.4,overflow,historical,45.6,0.0004
Satsunai,left,6.4,overflow,historical,45.8,0.002
Satsunai,left,6.4,overflow,historical,46,0.0104
Satsunai,left,6.4,overflow,historical,46.2,0.0369
Satsunai,left,6.4,overflow,historical,46.4,0.1069
Satsunai,left,6.4,overflow,historical,46.6,0.2344
Satsunai,left,6.4,overflow,historical,46.8,0.4154
Satsunai,left,6.4,overflow,historical,47,0.6225
Satsunai,left,6.4,overflow,historical,47.2,0.8023
Satsunai,left,6.4,overflow,historical,47.4,0.9122
Satsunai,left,6.4,overflow,historical,47.6,0.9689
Satsunai,left,6.4,overflow,historical,47.8,0.9923
Satsunai,left,6.4,overflow,historical,48,0.9977
Satsunai,left,6.4,overflow,historical,48.2,0.9996
Satsunai,left,6.4,overflow,historical,48.4,1
Satsunai,left,6.4,overflow,historical,48.6,1
Satsunai,left,6.4,overflow,historical,48.8,1
Satsunai,left,6.4,overflow,historical,49,1
Satsunai,left,6.4,overflow,historical,49.2,1
Satsunai,left,6.4,overflow,historical,49.4,1
Satsunai,left,6.4,overflow,historical,49.6,1
Satsunai,left,6.4,overflow,historical,49.8,1
Satsunai,left,6.4,overflow,historical,50,1
Satsunai,left,6.4,overflow,plus4K,43.4,0
Satsunai,left,6.4,overflow,plus4K,43.6,0
Satsunai,left,6.4,overflow,plus4K,43.8,0
Satsunai,left,6.4,overflow,plus4K,44,0
Satsunai,left,6.4,overflow,plus4K,44.2,0
Satsunai,left,6.4,overflow,plus4K,44.4,0
Satsunai,left,6.4,overflow,plus4K,44.6,0
Satsunai,left,6.4,overflow,plus4K,44.8,0
Satsunai,left,6.4,overflow,plus4K,45,0
Satsunai,left,6.4,overflow,plus4K,45.2,0
Satsunai,left,6.4,overflow,plus4K,45.4,0.0001
Satsunai,left,6.4,overflow,plus4K,45.6,0.0004
Satsunai,left,6.4,overflow,plus4K,45.8,0.002
Satsunai,left,6.4,overflow,plus4K,46,0.0104
Satsunai,left,6.4,overflow,plus4K,46.2,0.0369
Satsunai,left,6.4,overflow,plus4K,46.4,0.1069
Satsunai,left,6.4,overflow,plus4K,46.6,0.2344
Satsunai,left,6.4,overflow,plus4K,46.8,0.4154
Satsunai,left,6.4,overflow,plus4K,47,0.6225
Satsunai,left,6.4,overflow,plus4K,47.2,0.8023
Satsunai,left,6.4,overflow,plus4K,47.4,0.9122
Satsunai,left,6.4,overflow,plus4K,47.6,0.9689
Satsunai,left,6.4,overflow,plus4K,47.8,0.9923
Satsunai,left,6.4,overflow,plus4K,48,0.9977
Satsunai,left,6.4,overflow,plus4K,48.2,0.9996
Satsunai,left,6.4,overflow,plus4K,48.4,1
Satsunai,left,6.4,overflow,plus4K,48.6,1
Satsunai,left,6.4,overflow,plus4K,48.8,1
Satsunai,left,6.4,overflow,plus4K,49,1
Satsunai,left,6.4,overflow,plus4K,49.2,1
Satsunai,left,6.4,overflow,plus4K,49.4,1
Satsunai,left,6.4,overflow,plus4K,49.6,1
Satsunai,left,6.4,overflow,plus4K,49.8,1
Satsunai,left,6.4,overflow,plus4K,50,1
Satsunai,left,6.6,overflow,historical,44,0
Satsunai,left,6.6,overflow,historical,44.2,0
Satsunai,left,6.6,overflow,historical,44.4,0
Satsunai,left,6.6,overflow,historical,44.6,0
Satsunai,left,6.6,overflow,historical,44.8,0
Satsunai,left,6.6,overflow,historical,45,0
Satsunai,left,6.6,overflow,historical,45.2,0
Satsunai,left,6.6,overflow,historical,45.4,0
Satsunai,left,6.6,overflow,historical,45.6,0
Satsunai,left,6.6,overflow,historical,45.8,0
Satsunai,left,6.6,overflow,historical,46,0
Satsunai,left,6.6,overflow,historical,46.2,0.0002
Satsunai,left,6.6,overflow,historical,46.4,0.0007
Satsunai,left,6.6,overflow,historical,46.6,0.0035
Satsunai,left,6.6,overflow,historical,46.8,0.0148
Satsunai,left,6.6,overflow,historical,47,0.0512
Satsunai,left,6.6,overflow,historical,47.2,0.1359
Satsunai,left,6.6,overflow,historical,47.4,0.2809
Satsunai,left,6.6,overflow,historical,47.6,0.4755
Satsunai,left,6.6,overflow,historical,47.8,0.6776
Satsunai,left,6.6,overflow,historical,48,0.8389
Satsunai,left,6.6,overflow,historical,48.2,0.9387
Satsunai,left,6.6,overflow,historical,48.4,0.9803
Satsunai,left,6.6,overflow,historical,48.6,0.9944
Satsunai,left,6.6,overflow,historical,48.8,0.9982
Satsunai,left,6.6,overflow,historical,49,0.9998
Satsunai,left,6.6,overflow,historical,49.2,1
Satsunai,left,6.6,overflow,historical,49.4,1
Satsunai,left,6.6,overflow,historical,49.6,1
Satsunai,left,6.6,overflow,historical,49.8,1
Satsunai,left,6.6,overflow,historical,50,1
Satsunai,left,6.6,overflow,historical,50.2,1
Satsunai,left,6.6,overflow,historical,50.4,1
Satsunai,left,6.6,overflow,historical,50.6,1
Satsunai,left,6.6,overflow,historical,50.8,1
Satsunai,left,6.6,overflow,plus4K,44,0
Satsunai,left,6.6,overflow,plus4K,44.2,0
Satsunai,left,6.6,overflow,plus4K,44.4,0
Satsunai,left,6.6,overflow,plus4K,44.6,0
Satsunai,left,6.6,overflow,plus4K,44.8,0
Satsunai,left,6.6,overflow,plus4K,45,0
Satsunai,left,6.6,overflow,plus4K,45.2,0
Satsunai,left,6.6,overflow,plus4K,45.4,0
Satsunai,left,6.6,overflow,plus4K,45.6,0
Satsunai,left,6.6,overflow,plus4K,45.8,0
Satsunai,left,6.6,overflow,plus4K,46,0
Satsunai,left,6.6,overflow,plus4K,46.2,0.0002
Satsunai,left,6.6,overflow,plus4K,46.4,0.0007
Satsunai,left,6.6,overflow,plus4K,46.6,0.0035
Satsunai,left,6.6,overflow,plus4K,46.8,0.0148
Satsunai,left,6.6,overflow,plus4K,47,0.0512
Satsunai,left,6.6,overflow,plus4K,47.2,0.1359
Satsunai,left,6.6,overflow,plus4K,47.4,0.2809
Satsunai,left,6.6,overflow,plus4K,47.6,0.4755
Satsunai,left,6.6,overflow,plus4K,47.8,0.6776
Satsunai,left,6.6,overflow,plus4K,48,0.8389
Satsunai,left,6.6,overflow,plus4K,48.2,0.9387
Satsunai,left,6.6,overflow,plus4K,48.4,0.9803
Satsunai,left,6.6,overflow,plus4K,48.6,0.9944
Satsunai,left,6.6,overflow,plus4K,48.8,0.9982
Satsunai,left,6.6,overflow,plus4K,49,0.9998
Satsunai,left,6.6,overflow,plus4K,49.2,1
Satsunai,left,6.6,overflow,plus4K,49.4,1
Satsunai,left,6.6,overflow,plus4K,49.6,1
Satsunai,left,6.6,overflow,plus4K,49.8,1
Satsunai,left,6.6,overflow,plus4K,50,1
Satsunai,left,6.6,overflow,plus4K,50.2,1
Satsunai,left,6.6,overflow,plus4K,50.4,1
Satsunai,left,6.6,overflow,plus4K,50.6,1
Satsunai,left,6.6,overflow,plus4K,50.8,1
Satsunai,left,6.8,overflow,historical,44.6,0
Satsunai,left,6.8,overflow,historical,44.8,0
Satsunai,left,6.8,overflow,historical,45,0
Satsunai,left,6.8,overflow,historical,45.2,0
Satsunai,left,6.8,overflow,historical,45.4,0
Satsunai,left,6.8,overflow,historical,45.6,0
Satsunai,left,6.8,overflow,historical,45.8,0
Satsunai,left,6.8,overflow,historical,46,0
Satsunai,left,6.8,overflow,historical,46.2,0
Satsunai,left,6.8,overflow,historical,46.4,0
Satsunai,left,6.8,overflow,historical,46.6,0
Satsunai,left,6.8,overflow,historical,46.8,0
Satsunai,left,6.8,overflow,historical,47,0
Satsunai,left,6.8,overflow,historical,47.2,0
Satsunai,left,6.8,overflow,historical,47.4,0.0008
Satsunai,left,6.8,overflow,historical,47.6,0.0051
Satsunai,left,6.8,overflow,historical,47.8,0.0202
Satsunai,left,6.8,overflow,historical,48,0.0632
Satsunai,left,6.8,overflow,historical,48.2,0.1546
Satsunai,left,6.8,overflow,historical,48.4,0.3103
Satsunai,left,6.8,overflow,historical,48.6,0.5184
Satsunai,left,6.8,overflow,historical,48.8,0.7165
Satsunai,left,6.8,overflow,historical,49,0.8648
Satsunai,left,6.8,overflow,historical,49.2,0.949
Satsunai,left,6.8,overflow,historical,49.4,0.9855
Satsunai,left,6.8,overflow,historical,49.6,0.9966
Satsunai,left,6.8,overflow,historical,49.8,0.999
Satsunai,left,6.8,overflow,historical,50,0.9997
Satsunai,left,6.8,overflow,historical,50.2,0.9999
Satsunai,left,6.8,overflow,historical,50.4,1
Satsunai,left,6.8,overflow,historical,50.6,1
Satsunai,left,6.8,overflow,historical,50.8,1
Satsunai,left,6.8,overflow,historical,51,1
Satsunai,left,6.8,overflow,historical,51.2,1
Satsunai,left,6.8,overflow,historical,51.4,1
Satsunai,left,6.8,overflow,historical,51.6,1
Satsunai,left,6.8,overflow,historical,51.8,1
Satsunai,left,6.8,overflow,plus4K,44.6,0
Satsunai,left,6.8,overflow,plus4K,44.8,0
Satsunai,left,6.8,overflow,plus4K,45,0
Satsunai,left,6.8,overflow,plus4K,45.2,0
Satsunai,left,6.8,overflow,plus4K,45.4,0
Satsunai,left,6.8,overflow,plus4K,45.6,0
Satsunai,left,6.8,overflow,plus4K,45.8,0
Satsunai,left,6.8,overflow,plus4K,46,0
Satsunai,left,6.8,overflow,plus4K,46.2,0
Satsunai,left,6.8,overflow,plus4K,46.4,0
Satsunai,left,6.8,overflow,plus4K,46.6,0
Satsunai,left,6.8,overflow,plus4K,46.8,0
Satsunai,left,6.8,overflow,plus4K,47,0
Satsunai,left,6.8,overflow,plus4K,47.2,0
Satsunai,left,6.8,overflow,plus4K,47.4,0.0008
Satsunai,left,6.8,overflow,plus4K,47.6,0.0051
Satsunai,left,6.8,overflow,plus4K,47.8,0.0202
Satsunai,left,6.8,overflow,plus4K,48,0.0632
Satsunai,left,6.8,overflow,plus4K,48.2,0.1546
Satsunai,left,6.8,overflow,plus4K,48.4,0.3103
Satsunai,left,6.8,overflow,plus4K,48.6,0.5184
Satsunai,left,6.8,overflow,plus4K,48.8,0.7165
Satsunai,left,6.8,overflow,plus4K,49,0.8648
Satsunai,left,6.8,overflow,plus4K,49.2,0.949
Satsunai,left,6.8,overflow,plus4K,49.4,0.9855
Satsunai,left,6.8,overflow,plus4K,49.6,0.9966
Satsunai,left,6.8,overflow,plus4K,49.8,0.999
Satsunai,left,6.8,overflow,plus4K,50,0.9997
Satsunai,left,6.8,overflow,plus4K,50.2,0.9999
Satsunai,left,6.8,overflow,plus4K,50.4,1
Satsunai,left,6.8,overflow,plus4K,50.6,1
Satsunai,left,6.8,overflow,plus4K,50.8,1
Satsunai,left,6.8,overflow,plus4K,51,1
Satsunai,left,6.8,overflow,plus4K,51.2,1
Satsunai,left,6.8,overflow,plus4K,51.4,1
Satsunai,left,6.8,overflow,plus4K,51.6,1
Satsunai,left,6.8,overflow,plus4K,51.8,1
Satsunai,left,7,overflow,historical,45,0
Satsunai,left,7,overflow,historical,45.2,0
Satsunai,left,7,overflow,historical,45.4,0
Satsunai,left,7,overflow,historical,45.6,0
Satsunai,left,7,overflow,historical,45.8,0
Satsunai,left,7,overflow,historical,46,0
Satsunai,left,7,overflow,historical,46.2,0
Satsunai,left,7,overflow,historical,46.4,0
Satsunai,left,7,overflow,historical,46.6,0
Satsunai,left,7,overflow,historical,46.8,0
Satsunai,left,7,overflow,historical,47,0
Satsunai,left,7,overflow,historical,47.2,0
Satsunai,left,7,overflow,historical,47.4,0.0001
Satsunai,left,7,overflow,historical,47.6,0.0008
Satsunai,left,7,overflow,historical,47.8,0.0017
Satsunai,left,7,overflow,historical,48,0.0044
Satsunai,left,7,overflow,historical,48.2,0.0091
Satsunai,left,7,overflow,historical,48.4,0.0195
Satsunai,left,7,overflow,historical,48.6,0.0398
Satsunai,left,7,overflow,historical,48.8,0.0698
Satsunai,left,7,overflow,historical,49,0.1079
Satsunai,left,7,overflow,historical,49.2,0.165
Satsunai,left,7,overflow,historical,49.4,0.2382
Satsunai,left,7,overflow,historical,49.6,0.3262
Satsunai,left,7,overflow,historical,49.8,0.4227
Satsunai,left,7,overflow,historical,50,0.5311
Satsunai,left,7,overflow,historical,50.2,0.6369
Satsunai,left,7,overflow,historical,50.4,0.7347
Satsunai,left,7,overflow,historical,50.6,0.8124
Satsunai,left,7,overflow,historical,50.8,0.8743
Satsunai,left,7,overflow,historical,51,0.9222
Satsunai,left,7,overflow,historical,51.2,0.9531
Satsunai,left,7,overflow,historical,51.4,0.9741
Satsunai,left,7,overflow,historical,51.6,0.9865
Satsunai,left,7,overflow,historical,51.8,0.9933
Satsunai,left,7,overflow,historical,52,0.9968
Satsunai,left,7,overflow,historical,52.2,0.9989
Satsunai,left,7,overflow,historical,52.4,0.9997
Satsunai,left,7,overflow,historical,52.6,1
Satsunai,left,7,overflow,historical,52.8,1
Satsunai,left,7,overflow,historical,53,1
Satsunai,left,7,overflow,plus4K,45,0
Satsunai,left,7,overflow,plus4K,45.2,0
Satsunai,left,7,overflow,plus4K,45.4,0
Satsunai,left,7,overflow,plus4K,45.6,0
Satsunai,left,7,overflow,plus4K,45.8,0
Satsunai,left,7,overflow,plus4K,46,0
Satsunai,left,7,overflow,plus4K,46.2,0
Satsunai,left,7,overflow,plus4K,46.4,0
Satsunai,left,7,overflow,plus4K,46.6,0
Satsunai,left,7,overflow,plus4K,46.8,0
Satsunai,left,7,overflow,plus4K,47,0
Satsunai,left,7,overflow,plus4K,47.2,0
Satsunai,left,7,overflow,plus4K,47.4,0.0001
Satsunai,left,7,overflow,plus4K,47.6,0.0008
Satsunai,left,7,overflow,plus4K,47.8,0.0017
Satsunai,left,7,overflow,plus4K,48,0.0044
Satsunai,left,7,overflow,plus4K,48.2,0.0091
Satsunai,left,7,overflow,plus4K,48.4,0.0195
Satsunai,left,7,overflow,plus4K,48.6,0.0398
Satsunai,left,7,overflow,plus4K,48.8,0.0698
Satsunai,left,7,overflow,plus4K,49,0.1079
Satsunai,left,7,overflow,plus4K,49.2,0.165
Satsunai,left,7,overflow,plus4K,49.4,0.2382
Satsunai,left,7,overflow,plus4K,49.6,0.3262
Satsunai,left,7,overflow,plus4K,49.8,0.4227
Satsunai,left,7,overflow,plus4K,50,0.5311
Satsunai,left,7,overflow,plus4K,50.2,0.6369
Satsunai,left,7,overflow,plus4K,50.4,0.7347
Satsunai,left,7,overflow,plus4K,50.6,0.8124
Satsunai,left,7,overflow,plus4K,50.8,0.8743
Satsunai,left,7,overflow,plus4K,51,0.9222
Satsunai,left,7,overflow,plus4K,51.2,0.9531
Satsunai,left,7,overflow,plus4K,51.4,0.9741
Satsunai,left,7,overflow,plus4K,51.6,0.9865
Satsunai,left,7,overflow,plus4K,51.8,0.9933
Satsunai,left,7,overflow,plus4K,52,0.9968
Satsunai,left,7,overflow,plus4K,52.2,0.9989
Satsunai,left,7,overflow,plus4K,52.4,0.9997
Satsunai,left,7,overflow,plus4K,52.6,1
Satsunai,left,7,overflow,plus4K,52.8,1
Satsunai,left,7,overflow,plus4K,53,1
Satsunai,left,7.2,overflow,historical,46,0
Satsunai,left,7.2,overflow,historical,46.2,0
Satsunai,left,7.2,overflow,historical,46.4,0
Satsunai,left,7.2,overflow,historical,46.6,0
Satsunai,left,7.2,overflow,historical,46.8,0
Satsunai,left,7.2,overflow,historical,47,0
Satsunai,left,7.2,overflow,historical,47.2,0
Satsunai,left,7.2,overflow,historical,47.4,0
Satsunai,left,7.2,overflow,historical,47.6,0
Satsunai,left,7.2,overflow,historical,47.8,0
Satsunai,left,7.2,overflow,historical,48,0
Satsunai,left,7.2,overflow,historical,48.2,0.0003
Satsunai,left,7.2,overflow,historical,48.4,0.0006
Satsunai,left,7.2,overflow,historical,48.6,0.0034
Satsunai,left,7.2,overflow,historical,48.8,0.013
Satsunai,left,7.2,overflow,historical,49,0.0462
Satsunai,left,7.2,overflow,historical,49.2,0.1206
Satsunai,left,7.2,overflow,historical,49.4,0.2579
Satsunai,left,7.2,overflow,historical,49.6,0.447
Satsunai,left,7.2,overflow,historical,49.8,0.6522
Satsunai,left,7.2,overflow,historical,50,0.8203
Satsunai,left,7.2,overflow,historical,50.2,0.9232
Satsunai,left,7.2,overflow,historical,50.4,0.9753
Satsunai,left,7.2,overflow,historical,50.6,0.993
Satsunai,left,7.2,overflow,historical,50.8,0.9989
Satsunai,left,7.2,overflow,historical,51,0.9998
Satsunai,left,7.2,overflow,historical,51.2,1
Satsunai,left,7.2,overflow,historical,51.4,1
Satsunai,left,7.2,overflow,historical,51.6,1
Satsunai,left,7.2,overflow,historical,51.8,1
Satsunai,left,7.2,overflow,historical,52,1
Satsunai,left,7.2,overflow,historical,52.2,1
Satsunai,left,7.2,overflow,historical,52.4,1
Satsunai,left,7.2,overflow,historical,52.6,1
Satsunai,left,7.2,overflow,historical,52.8,1
Satsunai,left,7.2,overflow,plus4K,46,0
Satsunai,left,7.2,overflow,plus4K,46.2,0
Satsunai,left,7.2,overflow,plus4K,46.4,0
Satsunai,left,7.2,overflow,plus4K,46.6,0
Satsunai,left,7.2,overflow,plus4K,46.8,0
Satsunai,left,7.2,overflow,plus4K,47,0
Satsunai,left,7.2,overflow,plus4K,47.2,0
Satsunai,left,7.2,overflow,plus4K,47.4,0
Satsunai,left,7.2,overflow,plus4K,47.6,0
Satsunai,left,7.2,overflow,plus4K,47.8,0
Satsunai,left,7.2,overflow,plus4K,48,0
Satsunai,left,7.2,overflow,plus4K,48.2,0.0003
Satsunai,left,7.2,overflow,plus4K,48.4,0.0006
Satsunai,left,7.2,overflow,plus4K,48.6,0.0034
Satsunai,left,7.2,overflow,plus4K,48.8,0.013
Satsunai,left,7.2,overflow,plus4K,49,0.0462
Satsunai,left,7.2,overflow,plus4K,49.2,0.1206
Satsunai,left,7.2,overflow,plus4K,49.4,0.2579
Satsunai,left,7.2,overflow,plus4K,49.6,0.447
Satsunai,left,7.2,overflow,plus4K,49.8,0.6522
Satsunai,left,7.2,overflow,plus4K,50,0.8203
Satsunai,left,7.2,overflow,plus4K,50.2,0.9232
Satsunai,left,7.2,overflow,plus4K,50.4,0.9753
Satsunai,left,7.2,overflow,plus4K,50.6,0.993
Satsunai,left,7.2,overflow,plus4K,50.8,0.9989
Satsunai,left,7.2,overflow,plus4K,51,0.9998
Satsunai,left,7.2,overflow,plus4K,51.2,1
Satsunai,left,7.2,overflow,plus4K,51.4,1
Satsunai,left,7.2,overflow,plus4K,51.6,1
Satsunai,left,7.2,overflow,plus4K,51.8,1
Satsunai,left,7.2,overflow,plus4K,52,1
Satsunai,left,7.2,overflow,plus4K,52.2,1
Satsunai,left,7.2,overflow,plus4K,52.4,1
Satsunai,left,7.2,overflow,plus4K,52.6,1
Satsunai,left,7.2,overflow,plus4K,52.8,1
Satsunai,left,7.4,overflow,historical,46.8,0
Satsunai,left,7.4,overflow,historical,47,0
Satsunai,left,7.4,overflow,historical,47.2,0
Satsunai,left,7.4,overflow,historical,47.4,0
Satsunai,left,7.4,overflow,historical,47.6,0
Satsunai,left,7.4,overflow,historical,47.8,0
Satsunai,left,7.4,overflow,historical,48,0
Satsunai,left,7.4,overflow,historical,48.2,0
Satsunai,left,7.4,overflow,historical,48.4,0
Satsunai,left,7.4,overflow,historical,48.6,0
Satsunai,left,7.4,overflow,historical,48.8,0
Satsunai,left,7.4,overflow,historical,49,0
Satsunai,left,7.4,overflow,historical,49.2,0.0004
Satsunai,left,7.4,overflow,historical,49.4,0.0025
Satsunai,left,7.4,overflow,historical,49.6,0.0111
Satsunai,left,7.4,overflow,historical,49.8,0.0335
Satsunai,left,7.4,overflow,historical,50,0.0905
Satsunai,left,7.4,overflow,historical,50.2,0.2079
Satsunai,left,7.4,overflow,historical,50.4,0.39
Satsunai,left,7.4,overflow,historical,50.6,0.5984
Satsunai,left,7.4,overflow,historical,50.8,0.7814
Satsunai,left,7.4,overflow,historical,51,0.8993
Satsunai,left,7.4,overflow,historical,51.2,0.9629
Satsunai,left,7.4,overflow,historical,51.4,0.9908
Satsunai,left,7.4,overflow,historical,51.6,0.9979
Satsunai,left,7.4,overflow,historical,51.8,0.9998
Satsunai,left,7.4,overflow,historical,52,1
Satsunai,left,7.4,overflow,historical,52.2,1
Satsunai,left,7.4,overflow,historical,52.4,1
Satsunai,left,7.4,overflow,historical,52.6,1
Satsunai,left,7.4,overflow,historical,52.8,1
Satsunai,left,7.4,overflow,historical,53,1
Satsunai,left,7.4,overflow,historical,53.2,1
Satsunai,left,7.4,overflow,historical,53.4,1
Satsunai,left,7.4,overflow,historical,53.6,1
Satsunai,left,7.4,overflow,plus4K,46.8,0
Satsunai,left,7.4,overflow,plus4K,47,0
Satsunai,left,7.4,overflow,plus4K,47.2,0
Satsunai,left,7.4,overflow,plus4K,47.4,0
Satsunai,left,7.4,overflow,plus4K,47.6,0
Satsunai,left,7.4,overflow,plus4K,47.8,0
Satsunai,left,7.4,overflow,plus4K,48,0
Satsunai,left,7.4,overflow,plus4K,48.2,0
Satsunai,left,7.4,overflow,plus4K,48.4,0
Satsunai,left,7.4,overflow,plus4K,48.6,0
Satsunai,left,7.4,overflow,plus4K,48.8,0
Satsunai,left,7.4,overflow,plus4K,49,0
Satsunai,left,7.4,overflow,plus4K,49.2,0.0004
Satsunai,left,7.4,overflow,plus4K,49.4,0.0025
Satsunai,left,7.4,overflow,plus4K,49.6,0.0111
Satsunai,left,7.4,overflow,plus4K,49.8,0.0335
Satsunai,left,7.4,overflow,plus4K,50,0.0905
Satsunai,left,7.4,overflow,plus4K,50.2,0.2079
Satsunai,left,7.4,overflow,plus4K,50.4,0.39
Satsunai,left,7.4,overflow,plus4K,50.6,0.5984
Satsunai,left,7.4,overflow,plus4K,50.8,0.7814
Satsunai,left,7.4,overflow,plus4K,51,0.8993
Satsunai,left,7.4,overflow,plus4K,51.2,0.9629
Satsunai,left,7.4,overflow,plus4K,51.4,0.9908
Satsunai,left,7.4,overflow,plus4K,51.6,0.9979
Satsunai,left,7.4,overflow,plus4K,51.8,0.9998
Satsunai,left,7.4,overflow,plus4K,52,1
Satsunai,left,7.4,overflow,plus4K,52.2,1
Satsunai,left,7.4,overflow,plus4K,52.4,1
Satsunai,left,7.4,overflow,plus4K,52.6,1
Satsunai,left,7.4,overflow,plus4K,52.8,1
Satsunai,left,7.4,overflow,plus4K,53,1
Satsunai,left,7.4,overflow,plus4K,53.2,1
Satsunai,left,7.4,overflow,plus4K,53.4,1
Satsunai,left,7.4,overflow,plus4K,53.6,1
Satsunai,left,7.6,overflow,historical,47.6,0
Satsunai,left,7.6,overflow,historical,47.8,0
Satsunai,left,7.6,overflow,historical,48,0
Satsunai,left,7.6,overflow,historical,48.2,0
Satsunai,left,7.6,overflow,historical,48.4,0
Satsunai,left,7.6,overflow,historical,48.6,0
Satsunai,left,7.6,overflow,historical,48.8,0
Satsunai,left,7.6,overflow,historical,49,0
Satsunai,left,7.6,overflow,historical,49.2,0
Satsunai,left,7.6,overflow,historical,49.4,0
Satsunai,left,7.6,overflow,historical,49.6,0
Satsunai,left,7.6,overflow,historical,49.8,0
Satsunai,left,7.6,overflow,historical,50,0
Satsunai,left,7.6,overflow,historical,50.2,0.0005
Satsunai,left,7.6,overflow,historical,50.4,0.0029
Satsunai,left,7.6,overflow,historical,50.6,0.0126
Satsunai,left,7.6,overflow,historical,50.8,0.0445
Satsunai,left,7.6,overflow,historical,51,0.1201
Satsunai,left,7.6,overflow,historical,51.2,0.2555
Satsunai,left,7.6,overflow,historical,51.4,0.4421
Satsunai,left,7.6,overflow,historical,51.6,0.6471
Satsunai,left,7.6,overflow,historical,51.8,0.8117
Satsunai,left,7.6,overflow,historical,52,0.9209
Satsunai,left,7.6,overflow,historical,52.2,0.9711
Satsunai,left,7.6,overflow,historical,52.4,0.9932
Satsunai,left,7.6,overflow,historical,52.6,0.9986
Satsunai,left,7.6,overflow,historical,52.8,0.9997
Satsunai,left,7.6,overflow,historical,53,1
Satsunai,left,7.6,overflow,historical,53.2,1
Satsunai,left,7.6,overflow,historical,53.4,1
Satsunai,left,7.6,overflow,historical,53.6,1
Satsunai,left,7.6,overflow,historical,53.8,1
Satsunai,left,7.6,overflow,historical,54,1
Satsunai,left,7.6,overflow,historical,54.2,1
Satsunai,left,7.6,overflow,historical,54.4,1
Satsunai,left,7.6,overflow,historical,54.6,1
Satsunai,left,7.6,overflow,plus4K,47.6,0
Satsunai,left,7.6,overflow,plus4K,47.8,0
Satsunai,left,7.6,overflow,plus4K,48,0
Satsunai,left,7.6,overflow,plus4K,48.2,0
Satsunai,left,7.6,overflow,plus4K,48.4,0
Satsunai,left,7.6,overflow,plus4K,48.6,0
Satsunai,left,7.6,overflow,plus4K,48.8,0
Satsunai,left,7.6,overflow,plus4K,49,0
Satsunai,left,7.6,overflow,plus4K,49.2,0
Satsunai,left,7.6,overflow,plus4K,49.4,0
Satsunai,left,7.6,overflow,plus4K,49.6,0
Satsunai,left,7.6,overflow,plus4K,49.8,0
Satsunai,left,7.6,overflow,plus4K,50,0
Satsunai,left,7.6,overflow,plus4K,50.2,0.0005
Satsunai,left,7.6,overflow,plus4K,50.4,0.0029
Satsunai,left,7.6,overflow,plus4K,50.6,0.0126
Satsunai,left,7.6,overflow,plus4K,50.8,0.0445
Satsunai,left,7.6,overflow,plus4K,51,0.1201
Satsunai,left,7.6,overflow,plus4K,51.2,0.2555
Satsunai,left,7.6,overflow,plus4K,51.4,0.4421
Satsunai,left,7.6,overflow,plus4K,51.6,0.6471
Satsunai,left,7.6,overflow,plus4K,51.8,0.8117
Satsunai,left,7.6,overflow,plus4K,52,0.9209
Satsunai,left,7.6,overflow,plus4K,52.2,0.9711
Satsunai,left,7.6,overflow,plus4K,52.4,0.9932
Satsunai,left,7.6,overflow,plus4K,52.6,0.9986
Satsunai,left,7.6,overflow,plus4K,52.8,0.9997
Satsunai,left,7.6,overflow,plus4K,53,1
Satsunai,left,7.6,overflow,plus4K,53.2,1
Satsunai,left,7.6,overflow,plus4K,53.4,1
Satsunai,left,7.6,overflow,plus4K,53.6,1
Satsunai,left,7.6,overflow,plus4K,53.8,1
Satsunai,left,7.6,overflow,plus4K,54,1
Satsunai,left,7.6,overflow,plus4K,54.2,1
Satsunai,left,7.6,overflow,plus4K,54.4,1
Satsunai,left,7.6,overflow,plus4K,54.6,1
Satsunai,left,7.8,overflow,historical,48.4,0
Satsunai,left,7.8,overflow,historical,48.6,0
Satsunai,left,7.8,overflow,historical,48.8,0
Satsunai,left,7.8,overflow,historical,49,0
Satsunai,left,7.8,overflow,historical,49.2,0
Satsunai,left,7.8,overflow,historical,49.4,0
Satsunai,left,7.8,overflow,historical,49.6,0
Satsunai,left,7.8,overflow,historical,49.8,0
Satsunai,left,7.8,overflow,historical,50,0
Satsunai,left,7.8,overflow,historical,50.2,0
Satsunai,left,7.8,overflow,historical,50.4,0
Satsunai,left,7.8,overflow,historical,50.6,0
Satsunai,left,7.8,overflow,historical,50.8,0.0002
Satsunai,left,7.8,overflow,historical,51,0.0006
Satsunai,left,7.8,overflow,historical,51.2,0.0027
Satsunai,left,7.8,overflow,historical,51.4,0.0115
Satsunai,left,7.8,overflow,historical,51.6,0.0421
Satsunai,left,7.8,overflow,historical,51.8,0.108
Satsunai,left,7.8,overflow,historical,52,0.2331
Satsunai,left,7.8,overflow,historical,52.2,0.4206
Satsunai,left,7.8,overflow,historical,52.4,0.6128
Satsunai,left,7.8,overflow,historical,52.6,0.7883
Satsunai,left,7.8,overflow,historical,52.8,0.9064
Satsunai,left,7.8,overflow,historical,53,0.968
Satsunai,left,7.8,overflow,historical,53.2,0.9924
Satsunai,left,7.8,overflow,historical,53.4,0.9981
Satsunai,left,7.8,overflow,historical,53.6,0.9996
Satsunai,left,7.8,overflow,historical,53.8,0.9999
Satsunai,left,7.8,overflow,historical,54,1
Satsunai,left,7.8,overflow,historical,54.2,1
Satsunai,left,7.8,overflow,historical,54.4,1
Satsunai,left,7.8,overflow,historical,54.6,1
Satsunai,left,7.8,overflow,historical,54.8,1
Satsunai,left,7.8,overflow,historical,55,1
Satsunai,left,7.8,overflow,historical,55.2,1
Satsunai,left,7.8,overflow,historical,55.4,1
Satsunai,left,7.8,overflow,plus4K,48.4,0
Satsunai,left,7.8,overflow,plus4K,48.6,0
Satsunai,left,7.8,overflow,plus4K,48.8,0
Satsunai,left,7.8,overflow,plus4K,49,0
Satsunai,left,7.8,overflow,plus4K,49.2,0
Satsunai,left,7.8,overflow,plus4K,49.4,0
Satsunai,left,7.8,overflow,plus4K,49.6,0
Satsunai,left,7.8,overflow,plus4K,49.8,0
Satsunai,left,7.8,overflow,plus4K,50,0
Satsunai,left,7.8,overflow,plus4K,50.2,0
Satsunai,left,7.8,overflow,plus4K,50.4,0
Satsunai,left,7.8,overflow,plus4K,50.6,0
Satsunai,left,7.8,overflow,plus4K,50.8,0.0002
Satsunai,left,7.8,overflow,plus4K,51,0.0006
Satsunai,left,7.8,overflow,plus4K,51.2,0.0027
Satsunai,left,7.8,overflow,plus4K,51.4,0.0115
Satsunai,left,7.8,overflow,plus4K,51.6,0.0421
Satsunai,left,7.8,overflow,plus4K,51.8,0.108
Satsunai,left,7.8,overflow,plus4K,52,0.2331
Satsunai,left,7.8,overflow,plus4K,52.2,0.4206
Satsunai,left,7.8,overflow,plus4K,52.4,0.6128
Satsunai,left,7.8,overflow,plus4K,52.6,0.7883
Satsunai,left,7.8,overflow,plus4K,52.8,0.9064
Satsunai,left,7.8,overflow,plus4K,53,0.968
Satsunai,left,7.8,overflow,plus4K,53.2,0.9924
Satsunai,left,7.8,overflow,plus4K,53.4,0.9981
Satsunai,left,7.8,overflow,plus4K,53.6,0.9996
Satsunai,left,7.8,overflow,plus4K,53.8,0.9999
Satsunai,left,7.8,overflow,plus4K,54,1
Satsunai,left,7.8,overflow,plus4K,54.2,1
Satsunai,left,7.8,overflow,plus4K,54.4,1
Satsunai,left,7.8,overflow,plus4K,54.6,1
Satsunai,left,7.8,overflow,plus4K,54.8,1
Satsunai,left,7.8,overflow,plus4K,55,1
Satsunai,left,7.8,overflow,plus4K,55.2,1
Satsunai,left,7.8,overflow,plus4K,55.4,1
Satsunai,left,8,overflow,historical,48.8,0
Satsunai,left,8,overflow,historical,49,0
Satsunai,left,8,overflow,historical,49.2,0
Satsunai,left,8,overflow,historical,49.4,0
Satsunai,left,8,overflow,historical,49.6,0
Satsunai,left,8,overflow,historical,49.8,0
Satsunai,left,8,overflow,historical,50,0
Satsunai,left,8,overflow,historical,50.2,0
Satsunai,left,8,overflow,historical,50.4,0
Satsunai,left,8,overflow,historical,50.6,0
Satsunai,left,8,overflow,historical,50.8,0
Satsunai,left,8,overflow,historical,51,0
Satsunai,left,8,overflow,historical,51.2,0
Satsunai,left,8,overflow,historical,51.4,0.0001
Satsunai,left,8,overflow,historical,51.6,0.0006
Satsunai,left,8,overflow,historical,51.8,0.0035
Satsunai,left,8,overflow,historical,52,0.0119
Satsunai,left,8,overflow,historical,52.2,0.0431
Satsunai,left,8,overflow,historical,52.4,0.1199
Satsunai,left,8,overflow,historical,52.6,0.2534
Satsunai,left,8,overflow,historical,52.8,0.4452
Satsunai,left,8,overflow,historical,53,0.655
Satsunai,left,8,overflow,historical,53.2,0.8207
Satsunai,left,8,overflow,historical,53.4,0.9211
Satsunai,left,8,overflow,historical,53.6,0.9738
Satsunai,left,8,overflow,historical,53.8,0.9935
Satsunai,left,8,overflow,historical,54,0.9992
Satsunai,left,8,overflow,historical,54.2,0.9999
Satsunai,left,8,overflow,historical,54.4,0.9999
Satsunai,left,8,overflow,historical,54.6,1
Satsunai,left,8,overflow,historical,54.8,1
Satsunai,left,8,overflow,historical,55,1
Satsunai,left,8,overflow,historical,55.2,1
Satsunai,left,8,overflow,historical,55.4,1
Satsunai,left,8,overflow,historical,55.6,1
Satsunai,left,8,overflow,historical,55.8,1
Satsunai,left,8,overflow,historical,56,1
Satsunai,left,8,overflow,plus4K,48.8,0
Satsunai,left,8,overflow,plus4K,49,0
Satsunai,left,8,overflow,plus4K,49.2,0
Satsunai,left,8,overflow,plus4K,49.4,0
Satsunai,left,8,overflow,plus4K,49.6,0
Satsunai,left,8,overflow,plus4K,49.8,0
Satsunai,left,8,overflow,plus4K,50,0
Satsunai,left,8,overflow,plus4K,50.2,0
Satsunai,left,8,overflow,plus4K,50.4,0
Satsunai,left,8,overflow,plus4K,50.6,0
Satsunai,left,8,overflow,plus4K,50.8,0
Satsunai,left,8,overflow,plus4K,51,0
Satsunai,left,8,overflow,plus4K,51.2,0
Satsunai,left,8,overflow,plus4K,51.4,0.0001
Satsunai,left,8,overflow,plus4K,51.6,0.0006
Satsunai,left,8,overflow,plus4K,51.8,0.0035
Satsunai,left,8,overflow,plus4K,52,0.0119
Satsunai,left,8,overflow,plus4K,52.2,0.0431
Satsunai,left,8,overflow,plus4K,52.4,0.1199
Satsunai,left,8,overflow,plus4K,52.6,0.2534
Satsunai,left,8,overflow,plus4K,52.8,0.4452
Satsunai,left,8,overflow,plus4K,53,0.655
Satsunai,left,8,overflow,plus4K,53.2,0.8207
Satsunai,left,8,overflow,plus4K,53.4,0.9211
Satsunai,left,8,overflow,plus4K,53.6,0.9738
Satsunai,left,8,overflow,plus4K,53.8,0.9935
Satsunai,left,8,overflow,plus4K,54,0.9992
Satsunai,left,8,overflow,plus4K,54.2,0.9999
Satsunai,left,8,overflow,plus4K,54.4,0.9999
Satsunai,left,8,overflow,plus4K,54.6,1
Satsunai,left,8,overflow,plus4K,54.8,1
Satsunai,left,8,overflow,plus4K,55,1
Satsunai,left,8,overflow,plus4K,55.2,1
Satsunai,left,8,overflow,plus4K,55.4,1
Satsunai,left,8,overflow,plus4K,55.6,1
Satsunai,left,8,overflow,plus4K,55.8,1
Satsunai,left,8,overflow,plus4K,56,1
Satsunai,left,8.2,overflow,historical,49.6,0
Satsunai,left,8.2,overflow,historical,49.8,0
Satsunai,left,8.2,overflow,historical,50,0
Satsunai,left,8.2,overflow,historical,50.2,0
Satsunai,left,8.2,overflow,historical,50.4,0
Satsunai,left,8.2,overflow,historical,50.6,0
Satsunai,left,8.2,overflow,historical,50.8,0
Satsunai,left,8.2,overflow,historical,51,0
Satsunai,left,8.2,overflow,historical,51.2,0
Satsunai,left,8.2,overflow,historical,51.4,0
Satsunai,left,8.2,overflow,historical,51.6,0
Satsunai,left,8.2,overflow,historical,51.8,0.0001
Satsunai,left,8.2,overflow,historical,52,0.0001
Satsunai,left,8.2,overflow,historical,52.2,0.0005
Satsunai,left,8.2,overflow,historical,52.4,0.0014
Satsunai,left,8.2,overflow,historical,52.6,0.0073
Satsunai,left,8.2,overflow,historical,52.8,0.0279
Satsunai,left,8.2,overflow,historical,53,0.078
Satsunai,left,8.2,overflow,historical,53.2,0.1884
Satsunai,left,8.2,overflow,historical,53.4,0.3532
Satsunai,left,8.2,overflow,historical,53.6,0.564
Satsunai,left,8.2,overflow,historical,53.8,0.7465
Satsunai,left,8.2,overflow,historical,54,0.8814
Satsunai,left,8.2,overflow,historical,54.2,0.9585
Satsunai,left,8.2,overflow,historical,54.4,0.9871
Satsunai,left,8.2,overflow,historical,54.6,0.9971
Satsunai,left,8.2,overflow,historical,54.8,0.9994
Satsunai,left,8.2,overflow,historical,55,1
Satsunai,left,8.2,overflow,historical,55.2,1
Satsunai,left,8.2,overflow,historical,55.4,1
Satsunai,left,8.2,overflow,historical,55.6,1
Satsunai,left,8.2,overflow,historical,55.8,1
Satsunai,left,8.2,overflow,historical,56,1
Satsunai,left,8.2,overflow,historical,56.2,1
Satsunai,left,8.2,overflow,historical,56.4,1
Satsunai,left,8.2,overflow,historical,56.6,1
Satsunai,left,8.2,overflow,plus4K,49.6,0
Satsunai,left,8.2,overflow,plus4K,49.8,0
Satsunai,left,8.2,overflow,plus4K,50,0
Satsunai,left,8.2,overflow,plus4K,50.2,0
Satsunai,left,8.2,overflow,plus4K,50.4,0
Satsunai,left,8.2,overflow,plus4K,50.6,0
Satsunai,left,8.2,overflow,plus4K,50.8,0
Satsunai,left,8.2,overflow,plus4K,51,0
Satsunai,left,8.2,overflow,plus4K,51.2,0
Satsunai,left,8.2,overflow,plus4K,51.4,0
Satsunai,left,8.2,overflow,plus4K,51.6,0
Satsunai,left,8.2,overflow,plus4K,51.8,0.0001
Satsunai,left,8.2,overflow,plus4K,52,0.0001
Satsunai,left,8.2,overflow,plus4K,52.2,0.0005
Satsunai,left,8.2,overflow,plus4K,52.4,0.0014
Satsunai,left,8.2,overflow,plus4K,52.6,0.0073
Satsunai,left,8.2,overflow,plus4K,52.8,0.0279
Satsunai,left,8.2,overflow,plus4K,53,0.078
Satsunai,left,8.2,overflow,plus4K,53.2,0.1884
Satsunai,left,8.2,overflow,plus4K,53.4,0.3532
Satsunai,left,8.2,overflow,plus4K,53.6,0.564
Satsunai,left,8.2,overflow,plus4K,53.8,0.7465
Satsunai,left,8.2,overflow,plus4K,54,0.8814
Satsunai,left,8.2,overflow,plus4K,54.2,0.9585
Satsunai,left,8.2,overflow,plus4K,54.4,0.9871
Satsunai,left,8.2,overflow,plus4K,54.6,0.9971
Satsunai,left,8.2,overflow,plus4K,54.8,0.9994
Satsunai,left,8.2,overflow,plus4K,55,1
Satsunai,left,8.2,overflow,plus4K,55.2,1
Satsunai,left,8.2,overflow,plus4K,55.4,1
Satsunai,left,8.2,overflow,plus4K,55.6,1
Satsunai,left,8.2,overflow,plus4K,55.8,1
Satsunai,left,8.2,overflow,plus4K,56,1
Satsunai,left,8.2,overflow,plus4K,56.2,1
Satsunai,left,8.2,overflow,plus4K,56.4,1
Satsunai,left,8.2,overflow,plus4K,56.6,1
Satsunai,left,8.4,overflow,historical,50.6,0
Satsunai,left,8.4,overflow,historical,50.8,0
Satsunai,left,8.4,overflow,historical,51,0
Satsunai,left,8.4,overflow,historical,51.2,0
Satsunai,left,8.4,overflow,historical,51.4,0
Satsunai,left,8.4,overflow,historical,51.6,0
Satsunai,left,8.4,overflow,historical,51.8,0
Satsunai,left,8.4,overflow,historical,52,0
Satsunai,left,8.4,overflow,historical,52.2,0
Satsunai,left,8.4,overflow,historical,52.4,0
Satsunai,left,8.4,overflow,historical,52.6,0
Satsunai,left,8.4,overflow,historical,52.8,0
Satsunai,left,8.4,overflow,historical,53,0.0006
Satsunai,left,8.4,overflow,historical,53.2,0.0018
Satsunai,left,8.4,overflow,historical,53.4,0.0087
Satsunai,left,8.4,overflow,historical,53.6,0.0339
Satsunai,left,8.4,overflow,historical,53.8,0.0956
Satsunai,left,8.4,overflow,historical,54,0.2158
Satsunai,left,8.4,overflow,historical,54.2,0.3981
Satsunai,left,8.4,overflow,historical,54.4,0.6064
Satsunai,left,8.4,overflow,historical,54.6,0.7782
Satsunai,left,8.4,overflow,historical,54.8,0.9001
Satsunai,left,8.4,overflow,historical,55,0.9637
Satsunai,left,8.4,overflow,historical,55.2,0.9897
Satsunai,left,8.4,overflow,historical,55.4,0.9971
Satsunai,left,8.4,overflow,historical,55.6,0.9998
Satsunai,left,8.4,overflow,historical,55.8,1
Satsunai,left,8.4,overflow,historical,56,1
Satsunai,left,8.4,overflow,historical,56.2,1
Satsunai,left,8.4,overflow,historical,56.4,1
Satsunai,left,8.4,overflow,historical,56.6,1
Satsunai,left,8.4,overflow,historical,56.8,1
Satsunai,left,8.4,overflow,historical,57,1
Satsunai,left,8.4,overflow,historical,57.2,1
Satsunai,left,8.4,overflow,historical,57.4,1
Satsunai,left,8.4,overflow,plus4K,50.6,0
Satsunai,left,8.4,overflow,plus4K,50.8,0
Satsunai,left,8.4,overflow,plus4K,51,0
Satsunai,left,8.4,overflow,plus4K,51.2,0
Satsunai,left,8.4,overflow,plus4K,51.4,0
Satsunai,left,8.4,overflow,plus4K,51.6,0
Satsunai,left,8.4,overflow,plus4K,51.8,0
Satsunai,left,8.4,overflow,plus4K,52,0
Satsunai,left,8.4,overflow,plus4K,52.2,0
Satsunai,left,8.4,overflow,plus4K,52.4,0
Satsunai,left,8.4,overflow,plus4K,52.6,0
Satsunai,left,8.4,overflow,plus4K,52.8,0
Satsunai,left,8.4,overflow,plus4K,53,0.0006
Satsunai,left,8.4,overflow,plus4K,53.2,0.0018
Satsunai,left,8.4,overflow,plus4K,53.4,0.0087
Satsunai,left,8.4,overflow,plus4K,53.6,0.0339
Satsunai,left,8.4,overflow,plus4K,53.8,0.0956
Satsunai,left,8.4,overflow,plus4K,54,0.2158
Satsunai,left,8.4,overflow,plus4K,54.2,0.3981
Satsunai,left,8.4,overflow,plus4K,54.4,0.6064
Satsunai,left,8.4,overflow,plus4K,54.6,0.7782
Satsunai,left,8.4,overflow,plus4K,54.8,0.9001
Satsunai,left,8.4,overflow,plus4K,55,0.9637
Satsunai,left,8.4,overflow,plus4K,55.2,0.9897
Satsunai,left,8.4,overflow,plus4K,55.4,0.9971
Satsunai,left,8.4,overflow,plus4K,55.6,0.9998
Satsunai,left,8.4,overflow,plus4K,55.8,1
Satsunai,left,8.4,overflow,plus4K,56,1
Satsunai,left,8.4,overflow,plus4K,56.2,1
Satsunai,left,8.4,overflow,plus4K,56.4,1
Satsunai,left,8.4,overflow,plus4K,56.6,1
Satsunai,left,8.4,overflow,plus4K,56.8,1
Satsunai,left,8.4,overflow,plus4K,57,1
Satsunai,left,8.4,overflow,plus4K,57.2,1
Satsunai,left,8.4,overflow,plus4K,57.4,1
Satsunai,left,8.6,overflow,historical,51.2,0
Satsunai,left,8.6,overflow,historical,51.4,0
Satsunai,left,8.6,overflow,historical,51.6,0
Satsunai,left,8.6,overflow,historical,51.8,0
Satsunai,left,8.6,overflow,historical,52,0
Satsunai,left,8.6,overflow,historical,52.2,0
Satsunai,left,8.6,overflow,historical,52.4,0
Satsunai,left,8.6,overflow,historical,52.6,0
Satsunai,left,8.6,overflow,historical,52.8,0
Satsunai,left,8.6,overflow,historical,53,0
Satsunai,left,8.6,overflow,historical,53.2,0
Satsunai,left,8.6,overflow,historical,53.4,0
Satsunai,left,8.6,overflow,historical,53.6,0.0001
Satsunai,left,8.6,overflow,historical,53.8,0.0012
Satsunai,left,8.6,overflow,historical,54,0.006
Satsunai,left,8.6,overflow,historical,54.2,0.0215
Satsunai,left,8.6,overflow,historical,54.4,0.0712
Satsunai,left,8.6,overflow,historical,54.6,0.1681
Satsunai,left,8.6,overflow,historical,54.8,0.3275
Satsunai,left,8.6,overflow,historical,55,0.5278
Satsunai,left,8.6,overflow,historical,55.2,0.7241
Satsunai,left,8.6,overflow,historical,55.4,0.8693
Satsunai,left,8.6,overflow,historical,55.6,0.9501
Satsunai,left,8.6,overflow,historical,55.8,0.9867
Satsunai,left,8.6,overflow,historical,56,0.9966
Satsunai,left,8.6,overflow,historical,56.2,0.9992
Satsunai,left,8.6,overflow,historical,56.4,0.9999
Satsunai,left,8.6,overflow,historical,56.6,1
Satsunai,left,8.6,overflow,historical,56.8,1
Satsunai,left,8.6,overflow,historical,57,1
Satsunai,left,8.6,overflow,historical,57.2,1
Satsunai,left,8.6,overflow,historical,57.4,1
Satsunai,left,8.6,overflow,historical,57.6,1
Satsunai,left,8.6,overflow,historical,57.8,1
Satsunai,left,8.6,overflow,historical,58,1
Satsunai,left,8.6,overflow,plus4K,51.2,0
Satsunai,left,8.6,overflow,plus4K,51.4,0
Satsunai,left,8.6,overflow,plus4K,51.6,0
Satsunai,left,8.6,overflow,plus4K,51.8,0
Satsunai,left,8.6,overflow,plus4K,52,0
Satsunai,left,8.6,overflow,plus4K,52.2,0
Satsunai,left,8.6,overflow,plus4K,52.4,0
Satsunai,left,8.6,overflow,plus4K,52.6,0
Satsunai,left,8.6,overflow,plus4K,52.8,0
Satsunai,left,8.6,overflow,plus4K,53,0
Satsunai,left,8.6,overflow,plus4K,53.2,0
Satsunai,left,8.6,overflow,plus4K,53.4,0
Satsunai,left,8.6,overflow,plus4K,53.6,0.0001
Satsunai,left,8.6,overflow,plus4K,53.8,0.0012
Satsunai,left,8.6,overflow,plus4K,54,0.006
Satsunai,left,8.6,overflow,plus4K,54.2,0.0215
Satsunai,left,8.6,overflow,plus4K,54.4,0.0712
Satsunai,left,8.6,overflow,plus4K,54.6,0.1681
Satsunai,left,8.6,overflow,plus4K,54.8,0.3275
Satsunai,left,8.6,overflow,plus4K,55,0.5278
Satsunai,left,8.6,overflow,plus4K,55.2,0.7241
Satsunai,left,8.6,overflow,plus4K,55.4,0.8693
Satsunai,left,8.6,overflow,plus4K,55.6,0.9501
Satsunai,left,8.6,overflow,plus4K,55.8,0.9867
Satsunai,left,8.6,overflow,plus4K,56,0.9966
Satsunai,left,8.6,overflow,plus4K,56.2,0.9992
Satsunai,left,8.6,overflow,plus4K,56.4,0.9999
Satsunai,left,8.6,overflow,plus4K,56.6,1
Satsunai,left,8.6,overflow,plus4K,56.8,1
Satsunai,left,8.6,overflow,plus4K,57,1
Satsunai,left,8.6,overflow,plus4K,57.2,1
Satsunai,left,8.6,overflow,plus4K,57.4,1
Satsunai,left,8.6,overflow,plus4K,57.6,1
Satsunai,left,8.6,overflow,plus4K,57.8,1
Satsunai,left,8.6,overflow,plus4K,58,1
Satsunai,left,8.8,overflow,historical,51.6,0
Satsunai,left,8.8,overflow,historical,51.8,0
Satsunai,left,8.8,overflow,historical,52,0
Satsunai,left,8.8,overflow,historical,52.2,0
Satsunai,left,8.8,overflow,historical,52.4,0
Satsunai,left,8.8,overflow,historical,52.6,0
Satsunai,left,8.8,overflow,historical,52.8,0
Satsunai,left,8.8,overflow,historical,53,0
Satsunai,left,8.8,overflow,historical,53.2,0
Satsunai,left,8.8,overflow,historical,53.4,0
Satsunai,left,8.8,overflow,historical,53.6,0
Satsunai,left,8.8,overflow,historical,53.8,0
Satsunai,left,8.8,overflow,historical,54,0
Satsunai,left,8.8,overflow,historical,54.2,0.0005
Satsunai,left,8.8,overflow,historical,54.4,0.0035
Satsunai,left,8.8,overflow,historical,54.6,0.015
Satsunai,left,8.8,overflow,historical,54.8,0.0511
Satsunai,left,8.8,overflow,historical,55,0.1336
Satsunai,left,8.8,overflow,historical,55.2,0.2778
Satsunai,left,8.8,overflow,historical,55.4,0.4721
Satsunai,left,8.8,overflow,historical,55.6,0.6765
Satsunai,left,8.8,overflow,historical,55.8,0.841
Satsunai,left,8.8,overflow,historical,56,0.9329
Satsunai,left,8.8,overflow,historical,56.2,0.9763
Satsunai,left,8.8,overflow,historical,56.4,0.9943
Satsunai,left,8.8,overflow,historical,56.6,0.9995
Satsunai,left,8.8,overflow,historical,56.8,1
Satsunai,left,8.8,overflow,historical,57,1
Satsunai,left,8.8,overflow,historical,57.2,1
Satsunai,left,8.8,overflow,historical,57.4,1
Satsunai,left,8.8,overflow,historical,57.6,1
Satsunai,left,8.8,overflow,historical,57.8,1
Satsunai,left,8.8,overflow,historical,58,1
Satsunai,left,8.8,overflow,historical,58.2,1
Satsunai,left,8.8,overflow,historical,58.4,1
Satsunai,left,8.8,overflow,historical,58.6,1
Satsunai,left,8.8,overflow,plus4K,51.6,0
Satsunai,left,8.8,overflow,plus4K,51.8,0
Satsunai,left,8.8,overflow,plus4K,52,0
Satsunai,left,8.8,overflow,plus4K,52.2,0
Satsunai,left,8.8,overflow,plus4K,52.4,0
Satsunai,left,8.8,overflow,plus4K,52.6,0
Satsunai,left,8.8,overflow,plus4K,52.8,0
Satsunai,left,8.8,overflow,plus4K,53,0
Satsunai,left,8.8,overflow,plus4K,53.2,0
Satsunai,left,8.8,overflow,plus4K,53.4,0
Satsunai,left,8.8,overflow,plus4K,53.6,0
Satsunai,left,8.8,overflow,plus4K,53.8,0
Satsunai,left,8.8,overflow,plus4K,54,0
Satsunai,left,8.8,overflow,plus4K,54.2,0.0005
Satsunai,left,8.8,overflow,plus4K,54.4,0.0035
Satsunai,left,8.8,overflow,plus4K,54.6,0.015
Satsunai,left,8.8,overflow,plus4K,54.8,0.0511
Satsunai,left,8.8,overflow,plus4K,55,0.1336
Satsunai,left,8.8,overflow,plus4K,55.2,0.2778
Satsunai,left,8.8,overflow,plus4K,55.4,0.4721
Satsunai,left,8.8,overflow,plus4K,55.6,0.6765
Satsunai,left,8.8,overflow,plus4K,55.8,0.841
Satsunai,left,8.8,overflow,plus4K,56,0.9329
Satsunai,left,8.8,overflow,plus4K,56.2,0.9763
Satsunai,left,8.8,overflow,plus4K,56.4,0.9943
Satsunai,left,8.8,overflow,plus4K,56.6,0.9995
Satsunai,left,8.8,overflow,plus4K,56.8,1
Satsunai,left,8.8,overflow,plus4K,57,1
Satsunai,left,8.8,overflow,plus4K,57.2,1
Satsunai,left,8.8,overflow,plus4K,57.4,1
Satsunai,left,8.8,overflow,plus4K,57.6,1
Satsunai,left,8.8,overflow,plus4K,57.8,1
Satsunai,left,8.8,overflow,plus4K,58,1
Satsunai,left,8.8,overflow,plus4K,58.2,1
Satsunai,left,8.8,overflow,plus4K,58.4,1
Satsunai,left,8.8,overflow,plus4K,58.6,1
Satsunai,left,9,overflow,historical,53.2,0
Satsunai,left,9,overflow,historical,53.4,0
Satsunai,left,9,overflow,historical,53.6,0
Satsunai,left,9,overflow,historical,53.8,0
Satsunai,left,9,overflow,historical,54,0
Satsunai,left,9,overflow,historical,54.2,0
Satsunai,left,9,overflow,historical,54.4,0
Satsunai,left,9,overflow,historical,54.6,0
Satsunai,left,9,overflow,historical,54.8,0
Satsunai,left,9,overflow,historical,55,0
Satsunai,left,9,overflow,historical,55.2,0.0005
Satsunai,left,9,overflow,historical,55.4,0.003
Satsunai,left,9,overflow,historical,55.6,0.0102
Satsunai,left,9,overflow,historical,55.8,0.0349
Satsunai,left,9,overflow,historical,56,0.0928
Satsunai,left,9,overflow,historical,56.2,0.2142
Satsunai,left,9,overflow,historical,56.4,0.389
Satsunai,left,9,overflow,historical,56.6,0.5976
Satsunai,left,9,overflow,historical,56.8,0.7752
Satsunai,left,9,overflow,historical,57,0.9002
Satsunai,left,9,overflow,historical,57.2,0.9653
Satsunai,left,9,overflow,historical,57.4,0.9902
Satsunai,left,9,overflow,historical,57.6,0.9976
Satsunai,left,9,overflow,historical,57.8,0.9997
Satsunai,left,9,overflow,historical,58,0.9999
Satsunai,left,9,overflow,historical,58.2,1
Satsunai,left,9,overflow,historical,58.4,1
Satsunai,left,9,overflow,historical,58.6,1
Satsunai,left,9,overflow,historical,58.8,1
Satsunai,left,9,overflow,historical,59,1
Satsunai,left,9,overflow,historical,59.2,1
Satsunai,left,9,overflow,historical,59.4,1
Satsunai,left,9,overflow,historical,59.6,1
Satsunai,left,9,overflow,plus4K,53.2,0
Satsunai,left,9,overflow,plus4K,53.4,0
Satsunai,left,9,overflow,plus4K,53.6,0
Satsunai,left,9,overflow,plus4K,53.8,0
Satsunai,left,9,overflow,plus4K,54,0
Satsunai,left,9,overflow,plus4K,54.2,0
Satsunai,left,9,overflow,plus4K,54.4,0
Satsunai,left,9,overflow,plus4K,54.6,0
Satsunai,left,9,overflow,plus4K,54.8,0
Satsunai,left,9,overflow,plus4K,55,0
Satsunai,left,9,overflow,plus4K,55.2,0.0005
Satsunai,left,9,overflow,plus4K,55.4,0.003
Satsunai,left,9,overflow,plus4K,55.6,0.0102
Satsunai,left,9,overflow,plus4K,55.8,0.0349
Satsunai,left,9,overflow,plus4K,56,0.0928
Satsunai,left,9,overflow,plus4K,56.2,0.2142
Satsunai,left,9,overflow,plus4K,56.4,0.389
Satsunai,left,9,overflow,plus4K,56.6,0.5976
Satsunai,left,9,overflow,plus4K,56.8,0.7752
Satsunai,left,9,overflow,plus4K,57,0.9002
Satsunai,left,9,overflow,plus4K,57.2,0.9653
Satsunai,left,9,overflow,plus4K,57.4,0.9902
Satsunai,left,9,overflow,plus4K,57.6,0.9976
Satsunai,left,9,overflow,plus4K,57.8,0.9997
Satsunai,left,9,overflow,plus4K,58,0.9999
Satsunai,left,9,overflow,plus4K,58.2,1
Satsunai,left,9,overflow,plus4K,58.4,1
Satsunai,left,9,overflow,plus4K,58.6,1
Satsunai,left,9,overflow,plus4K,58.8,1
Satsunai,left,9,overflow,plus4K,59,1
Satsunai,left,9,overflow,plus4K,59.2,1
Satsunai,left,9,overflow,plus4K,59.4,1
Satsunai,left,9,overflow,plus4K,59.6,1
Satsunai,left,9.2,overflow,historical,53.6,0
Satsunai,left,9.2,overflow,historical,53.8,0
Satsunai,left,9.2,overflow,historical,54,0
Satsunai,left,9.2,overflow,historical,54.2,0
Satsunai,left,9.2,overflow,historical,54.4,0
Satsunai,left,9.2,overflow,historical,54.6,0
Satsunai,left,9.2,overflow,historical,54.8,0
Satsunai,left,9.2,overflow,historical,55,0
Satsunai,left,9.2,overflow,historical,55.2,0
Satsunai,left,9.2,overflow,historical,55.4,0
Satsunai,left,9.2,overflow,historical,55.6,0
Satsunai,left,9.2,overflow,historical,55.8,0
Satsunai,left,9.2,overflow,historical,56,0
Satsunai,left,9.2,overflow,historical,56.2,0.0004
Satsunai,left,9.2,overflow,historical,56.4,0.004
Satsunai,left,9.2,overflow,historical,56.6,0.0177
Satsunai,left,9.2,overflow,historical,56.8,0.0538
Satsunai,left,9.2,overflow,historical,57,0.1402
Satsunai,left,9.2,overflow,historical,57.2,0.2916
Satsunai,left,9.2,overflow,historical,57.4,0.4921
Satsunai,left,9.2,overflow,historical,57.6,0.6951
Satsunai,left,9.2,overflow,historical,57.8,0.8483
Satsunai,left,9.2,overflow,historical,58,0.9411
Satsunai,left,9.2,overflow,historical,58.2,0.9815
Satsunai,left,9.2,overflow,historical,58.4,0.9945
Satsunai,left,9.2,overflow,historical,58.6,0.9993
Satsunai,left,9.2,overflow,historical,58.8,1
Satsunai,left,9.2,overflow,historical,59,1
Satsunai,left,9.2,overflow,historical,59.2,1
Satsunai,left,9.2,overflow,historical,59.4,1
Satsunai,left,9.2,overflow,historical,59.6,1
Satsunai,left,9.2,overflow,historical,59.8,1
Satsunai,left,9.2,overflow,historical,60,1
Satsunai,left,9.2,overflow,historical,60.2,1
Satsunai,left,9.2,overflow,historical,60.4,1
Satsunai,left,9.2,overflow,historical,60.6,1
Satsunai,left,9.2,overflow,plus4K,53.6,0
Satsunai,left,9.2,overflow,plus4K,53.8,0
Satsunai,left,9.2,overflow,plus4K,54,0
Satsunai,left,9.2,overflow,plus4K,54.2,0
Satsunai,left,9.2,overflow,plus4K,54.4,0
Satsunai,left,9.2,overflow,plus4K,54.6,0
Satsunai,left,9.2,overflow,plus4K,54.8,0
Satsunai,left,9.2,overflow,plus4K,55,0
Satsunai,left,9.2,overflow,plus4K,55.2,0
Satsunai,left,9.2,overflow,plus4K,55.4,0
Satsunai,left,9.2,overflow,plus4K,55.6,0
Satsunai,left,9.2,overflow,plus4K,55.8,0
Satsunai,left,9.2,overflow,plus4K,56,0
Satsunai,left,9.2,overflow,plus4K,56.2,0.0004
Satsunai,left,9.2,overflow,plus4K,56.4,0.004
Satsunai,left,9.2,overflow,plus4K,56.6,0.0177
Satsunai,left,9.2,overflow,plus4K,56.8,0.0538
Satsunai,left,9.2,overflow,plus4K,57,0.1402
Satsunai,left,9.2,overflow,plus4K,57.2,0.2916
Satsunai,left,9.2,overflow,plus4K,57.4,0.4921
Satsunai,left,9.2,overflow,plus4K,57.6,0.6951
Satsunai,left,9.2,overflow,plus4K,57.8,0.8483
Satsunai,left,9.2,overflow,plus4K,58,0.9411
Satsunai,left,9.2,overflow,plus4K,58.2,0.9815
Satsunai,left,9.2,overflow,plus4K,58.4,0.9945
Satsunai,left,9.2,overflow,plus4K,58.6,0.9993
Satsunai,left,9.2,overflow,plus4K,58.8,1
Satsunai,left,9.2,overflow,plus4K,59,1
Satsunai,left,9.2,overflow,plus4K,59.2,1
Satsunai,left,9.2,overflow,plus4K,59.4,1
Satsunai,left,9.2,overflow,plus4K,59.6,1
Satsunai,left,9.2,overflow,plus4K,59.8,1
Satsunai,left,9.2,overflow,plus4K,60,1
Satsunai,left,9.2,overflow,plus4K,60.2,1
Satsunai,left,9.2,overflow,plus4K,60.4,1
Satsunai,left,9.2,overflow,plus4K,60.6,1
Satsunai,left,9.4,overflow,historical,54.2,0
Satsunai,left,9.4,overflow,historical,54.4,0
Satsunai,left,9.4,overflow,historical,54.6,0
Satsunai,left,9.4,overflow,historical,54.8,0
Satsunai,left,9.4,overflow,historical,55,0
Satsunai,left,9.4,overflow,historical,55.2,0
Satsunai,left,9.4,overflow,historical,55.4,0
Satsunai,left,9.4,overflow,historical,55.6,0.0001
Satsunai,left,9.4,overflow,historical,55.8,0.0001
Satsunai,left,9.4,overflow,historical,56,0.0006
Satsunai,left,9.4,overflow,historical,56.2,0.0012
Satsunai,left,9.4,overflow,historical,56.4,0.0026
Satsunai,left,9.4,overflow,historical,56.6,0.0041
Satsunai,left,9.4,overflow,historical,56.8,0.0076
Satsunai,left,9.4,overflow,historical,57,0.0136
Satsunai,left,9.4,overflow,historical,57.2,0.0231
Satsunai,left,9.4,overflow,historical,57.4,0.0365
Satsunai,left,9.4,overflow,historical,57.6,0.058
Satsunai,left,9.4,overflow,historical,57.8,0.0901
Satsunai,left,9.4,overflow,historical,58,0.1337
Satsunai,left,9.4,overflow,historical,58.2,0.1924
Satsunai,left,9.4,overflow,historical,58.4,0.2627
Satsunai,left,9.4,overflow,historical,58.6,0.3442
Satsunai,left,9.4,overflow,historical,58.8,0.4273
Satsunai,left,9.4,overflow,historical,59,0.5207
Satsunai,left,9.4,overflow,historical,59.2,0.6103
Satsunai,left,9.4,overflow,historical,59.4,0.6921
Satsunai,left,9.4,overflow,historical,59.6,0.7703
Satsunai,left,9.4,overflow,historical,59.8,0.835
Satsunai,left,9.4,overflow,historical,60,0.8887
Satsunai,left,9.4,overflow,historical,60.2,0.9278
Satsunai,left,9.4,overflow,historical,60.4,0.9554
Satsunai,left,9.4,overflow,historical,60.6,0.9717
Satsunai,left,9.4,overflow,historical,60.8,0.9831
Satsunai,left,9.4,overflow,historical,61,0.9905
Satsunai,left,9.4,overflow,historical,61.2,0.9952
Satsunai,left,9.4,overflow,historical,61.4,0.9976
Satsunai,left,9.4,overflow,historical,61.6,0.9991
Satsunai,left,9.4,overflow,historical,61.8,0.9997
Satsunai,left,9.4,overflow,historical,62,0.9999
Satsunai,left,9.4,overflow,plus4K,54.2,0
Satsunai,left,9.4,overflow,plus4K,54.4,0
Satsunai,left,9.4,overflow,plus4K,54.6,0
Satsunai,left,9.4,overflow,plus4K,54.8,0
Satsunai,left,9.4,overflow,plus4K,55,0
Satsunai,left,9.4,overflow,plus4K,55.2,0
Satsunai,left,9.4,overflow,plus4K,55.4,0
Satsunai,left,9.4,overflow,plus4K,55.6,0.0001
Satsunai,left,9.4,overflow,plus4K,55.8,0.0001
Satsunai,left,9.4,overflow,plus4K,56,0.0006
Satsunai,left,9.4,overflow,plus4K,56.2,0.0012
Satsunai,left,9.4,overflow,plus4K,56.4,0.0026
Satsunai,left,9.4,overflow,plus4K,56.6,0.0041
Satsunai,left,9.4,overflow,plus4K,56.8,0.0076
Satsunai,left,9.4,overflow,plus4K,57,0.0136
Satsunai,left,9.4,overflow,plus4K,57.2,0.0231
Satsunai,left,9.4,overflow,plus4K,57.4,0.0365
Satsunai,left,9.4,overflow,plus4K,57.6,0.058
Satsunai,left,9.4,overflow,plus4K,57.8,0.0901
Satsunai,left,9.4,overflow,plus4K,58,0.1337
Satsunai,left,9.4,overflow,plus4K,58.2,0.1924
Satsunai,left,9.4,overflow,plus4K,58.4,0.2627
Satsunai,left,9.4,overflow,plus4K,58.6,0.3442
Satsunai,left,9.4,overflow,plus4K,58.8,0.4273
Satsunai,left,9.4,overflow,plus4K,59,0.5207
Satsunai,left,9.4,overflow,plus4K,59.2,0.6103
Satsunai,left,9.4,overflow,plus4K,59.4,0.6921
Satsunai,left,9.4,overflow,plus4K,59.6,0.7703
Satsunai,left,9.4,overflow,plus4K,59.8,0.835
Satsunai,left,9.4,overflow,plus4K,60,0.8887
Satsunai,left,9.4,overflow,plus4K,60.2,0.9278
Satsunai,left,9.4,overflow,plus4K,60.4,0.9554
Satsunai,left,9.4,overflow,plus4K,60.6,0.9717
Satsunai,left,9.4,overflow,plus4K,60.8,0.9831
Satsunai,left,9.4,overflow,plus4K,61,0.9905
Satsunai,left,9.4,overflow,plus4K,61.2,0.9952
Satsunai,left,9.4,overflow,plus4K,61.4,0.9976
Satsunai,left,9.4,overflow,plus4K,61.6,0.9991
Satsunai,left,9.4,overflow,plus4K,61.8,0.9997
Satsunai,left,9.4,overflow,plus4K,62,0.9999
Satsunai,left,9.6,overflow,historical,55,0
Satsunai,left,9.6,overflow,historical,55.2,0
Satsunai,left,9.6,overflow,historical,55.4,0
Satsunai,left,9.6,overflow,historical,55.6,0
Satsunai,left,9.6,overflow,historical,55.8,0
Satsunai,left,9.6,overflow,historical,56,0
Satsunai,left,9.6,overflow,historical,56.2,0
Satsunai,left,9.6,overflow,historical,56.4,0
Satsunai,left,9.6,overflow,historical,56.6,0
Satsunai,left,9.6,overflow,historical,56.8,0
Satsunai,left,9.6,overflow,historical,57,0
Satsunai,left,9.6,overflow,historical,57.2,0
Satsunai,left,9.6,overflow,historical,57.4,0
Satsunai,left,9.6,overflow,historical,57.6,0
Satsunai,left,9.6,overflow,historical,57.8,0
Satsunai,left,9.6,overflow,historical,58,0
Satsunai,left,9.6,overflow,historical,58.2,0.0002
Satsunai,left,9.6,overflow,historical,58.4,0.0006
Satsunai,left,9.6,overflow,historical,58.6,0.0018
Satsunai,left,9.6,overflow,historical,58.8,0.01
Satsunai,left,9.6,overflow,historical,59,0.0374
Satsunai,left,9.6,overflow,historical,59.2,0.0984
Satsunai,left,9.6,overflow,historical,59.4,0.2201
Satsunai,left,9.6,overflow,historical,59.6,0.4021
Satsunai,left,9.6,overflow,historical,59.8,0.6006
Satsunai,left,9.6,overflow,historical,60,0.7741
Satsunai,left,9.6,overflow,historical,60.2,0.8878
Satsunai,left,9.6,overflow,historical,60.4,0.9549
Satsunai,left,9.6,overflow,historical,60.6,0.987
Satsunai,left,9.6,overflow,historical,60.8,0.9971
Satsunai,left,9.6,overflow,historical,61,0.9996
Satsunai,left,9.6,overflow,historical,61.2,1
Satsunai,left,9.6,overflow,historical,61.4,1
Satsunai,left,9.6,overflow,historical,61.6,1
Satsunai,left,9.6,overflow,historical,61.8,1
Satsunai,left,9.6,overflow,historical,62,1
Satsunai,left,9.6,overflow,historical,62.2,1
Satsunai,left,9.6,overflow,historical,62.4,1
Satsunai,left,9.6,overflow,historical,62.6,1
Satsunai,left,9.6,overflow,historical,62.8,1
Satsunai,left,9.6,overflow,plus4K,55,0
Satsunai,left,9.6,overflow,plus4K,55.2,0
Satsunai,left,9.6,overflow,plus4K,55.4,0
Satsunai,left,9.6,overflow,plus4K,55.6,0
Satsunai,left,9.6,overflow,plus4K,55.8,0
Satsunai,left,9.6,overflow,plus4K,56,0
Satsunai,left,9.6,overflow,plus4K,56.2,0
Satsunai,left,9.6,overflow,plus4K,56.4,0
Satsunai,left,9.6,overflow,plus4K,56.6,0
Satsunai,left,9.6,overflow,plus4K,56.8,0
Satsunai,left,9.6,overflow,plus4K,57,0
Satsunai,left,9.6,overflow,plus4K,57.2,0
Satsunai,left,9.6,overflow,plus4K,57.4,0
Satsunai,left,9.6,overflow,plus4K,57.6,0
Satsunai,left,9.6,overflow,plus4K,57.8,0
Satsunai,left,9.6,overflow,plus4K,58,0
Satsunai,left,9.6,overflow,plus4K,58.2,0.0002
Satsunai,left,9.6,overflow,plus4K,58.4,0.0006
Satsunai,left,9.6,overflow,plus4K,58.6,0.0018
Satsunai,left,9.6,overflow,plus4K,58.8,0.01
Satsunai,left,9.6,overflow,plus4K,59,0.0374
Satsunai,left,9.6,overflow,plus4K,59.2,0.0984
Satsunai,left,9.6,overflow,plus4K,59.4,0.2201
Satsunai,left,9.6,overflow,plus4K,59.6,0.4021
Satsunai,left,9.6,overflow,plus4K,59.8,0.6006
Satsunai,left,9.6,overflow,plus4K,60,0.7741
Satsunai,left,9.6,overflow,plus4K,60.2,0.8878
Satsunai,left,9.6,overflow,plus4K,60.4,0.9549
Satsunai,left,9.6,overflow,plus4K,60.6,0.987
Satsunai,left,9.6,overflow,plus4K,60.8,0.9971
Satsunai,left,9.6,overflow,plus4K,61,0.9996
Satsunai,left,9.6,overflow,plus4K,61.2,1
Satsunai,left,9.6,overflow,plus4K,61.4,1
Satsunai,left,9.6,overflow,plus4K,61.6,1
Satsunai,left,9.6,overflow,plus4K,61.8,1
Satsunai,left,9.6,overflow,plus4K,62,1
Satsunai,left,9.6,overflow,plus4K,62.2,1
Satsunai,left,9.6,overflow,plus4K,62.4,1
Satsunai,left,9.6,overflow,plus4K,62.6,1
Satsunai,left,9.6,overflow,plus4K,62.8,1
Satsunai,left,9.8,overflow,historical,56,0
Satsunai,left,9.8,overflow,historical,56.2,0
Satsunai,left,9.8,overflow,historical,56.4,0
Satsunai,left,9.8,overflow,historical,56.6,0
Satsunai,left,9.8,overflow,historical,56.8,0
Satsunai,left,9.8,overflow,historical,57,0
Satsunai,left,9.8,overflow,historical,57.2,0
Satsunai,left,9.8,overflow,historical,57.4,0
Satsunai,left,9.8,overflow,historical,57.6,0
Satsunai,left,9.8,overflow,historical,57.8,0
Satsunai,left,9.8,overflow,historical,58,0
Satsunai,left,9.8,overflow,historical,58.2,0
Satsunai,left,9.8,overflow,historical,58.4,0
Satsunai,left,9.8,overflow,historical,58.6,0
Satsunai,left,9.8,overflow,historical,58.8,0
Satsunai,left,9.8,overflow,historical,59,0.0001
Satsunai,left,9.8,overflow,historical,59.2,0.0004
Satsunai,left,9.8,overflow,historical,59.4,0.0026
Satsunai,left,9.8,overflow,historical,59.6,0.0099
Satsunai,left,9.8,overflow,historical,59.8,0.0351
Satsunai,left,9.8,overflow,historical,60,0.0969
Satsunai,left,9.8,overflow,historical,60.2,0.2203
Satsunai,left,9.8,overflow,historical,60.4,0.4091
Satsunai,left,9.8,overflow,historical,60.6,0.6093
Satsunai,left,9.8,overflow,historical,60.8,0.7897
Satsunai,left,9.8,overflow,historical,61,0.9118
Satsunai,left,9.8,overflow,historical,61.2,0.9704
Satsunai,left,9.8,overflow,historical,61.4,0.9929
Satsunai,left,9.8,overflow,historical,61.6,0.9988
Satsunai,left,9.8,overflow,historical,61.8,0.9999
Satsunai,left,9.8,overflow,historical,62,0.9999
Satsunai,left,9.8,overflow,historical,62.2,1
Satsunai,left,9.8,overflow,historical,62.4,1
Satsunai,left,9.8,overflow,historical,62.6,1
Satsunai,left,9.8,overflow,historical,62.8,1
Satsunai,left,9.8,overflow,historical,63,1
Satsunai,left,9.8,overflow,historical,63.2,1
Satsunai,left,9.8,overflow,historical,63.4,1
Satsunai,left,9.8,overflow,historical,63.6,1
Satsunai,left,9.8,overflow,plus4K,56,0
Satsunai,left,9.8,overflow,plus4K,56.2,0
Satsunai,left,9.8,overflow,plus4K,56.4,0
Satsunai,left,9.8,overflow,plus4K,56.6,0
Satsunai,left,9.8,overflow,plus4K,56.8,0
Satsunai,left,9.8,overflow,plus4K,57,0
Satsunai,left,9.8,overflow,plus4K,57.2,0
Satsunai,left,9.8,overflow,plus4K,57.4,0
Satsunai,left,9.8,overflow,plus4K,57.6,0
Satsunai,left,9.8,overflow,plus4K,57.8,0
Satsunai,left,9.8,overflow,plus4K,58,0
Satsunai,left,9.8,overflow,plus4K,58.2,0
Satsunai,left,9.8,overflow,plus4K,58.4,0
Satsunai,left,9.8,overflow,plus4K,58.6,0
Satsunai,left,9.8,overflow,plus4K,58.8,0
Satsunai,left,9.8,overflow,plus4K,59,0.0001
Satsunai,left,9.8,overflow,plus4K,59.2,0.0004
Satsunai,left,9.8,overflow,plus4K,59.4,0.0026
Satsunai,left,9.8,overflow,plus4K,59.6,0.0099
Satsunai,left,9.8,overflow,plus4K,59.8,0.0351
Satsunai,left,9.8,overflow,plus4K,60,0.0969
Satsunai,left,9.8,overflow,plus4K,60.2,0.2203
Satsunai,left,9.8,overflow,plus4K,60.4,0.4091
Satsunai,left,9.8,overflow,plus4K,60.6,0.6093
Satsunai,left,9.8,overflow,plus4K,60.8,0.7897
Satsunai,left,9.8,overflow,plus4K,61,0.9118
Satsunai,left,9.8,overflow,plus4K,61.2,0.9704
Satsunai,left,9.8,overflow,plus4K,61.4,0.9929
Satsunai,left,9.8,overflow,plus4K,61.6,0.9988
Satsunai,left,9.8,overflow,plus4K,61.8,0.9999
Satsunai,left,9.8,overflow,plus4K,62,0.9999
Satsunai,left,9.8,overflow,plus4K,62.2,1
Satsunai,left,9.8,overflow,plus4K,62.4,1
Satsunai,left,9.8,overflow,plus4K,62.6,1
Satsunai,left,9.8,overflow,plus4K,62.8,1
Satsunai,left,9.8,overflow,plus4K,63,1
Satsunai,left,9.8,overflow,plus4K,63.2,1
Satsunai,left,9.8,overflow,plus4K,63.4,1
Satsunai,left,9.8,overflow,plus4K,63.6,1
Satsunai,left,10,overflow,historical,56.4,0
Satsunai,left,10,overflow,historical,56.6,0
Satsunai,left,10,overflow,historical,56.8,0
Satsunai,left,10,overflow,historical,57,0
Satsunai,left,10,overflow,historical,57.2,0
Satsunai,left,10,overflow,historical,57.4,0
Satsunai,left,10,overflow,historical,57.6,0
Satsunai,left,10,overflow,historical,57.8,0
Satsunai,left,10,overflow,historical,58,0
Satsunai,left,10,overflow,historical,58.2,0
Satsunai,left,10,overflow,historical,58.4,0
Satsunai,left,10,overflow,historical,58.6,0
Satsunai,left,10,overflow,historical,58.8,0
Satsunai,left,10,overflow,historical,59,0
Satsunai,left,10,overflow,historical,59.2,0
Satsunai,left,10,overflow,historical,59.4,0
Satsunai,left,10,overflow,historical,59.6,0
Satsunai,left,10,overflow,historical,59.8,0.0002
Satsunai,left,10,overflow,historical,60,0.0011
Satsunai,left,10,overflow,historical,60.2,0.0047
Satsunai,left,10,overflow,historical,60.4,0.0206
Satsunai,left,10,overflow,historical,60.6,0.0697
Satsunai,left,10,overflow,historical,60.8,0.1692
Satsunai,left,10,overflow,historical,61,0.3345
Satsunai,left,10,overflow,historical,61.2,0.5342
Satsunai,left,10,overflow,historical,61.4,0.7301
Satsunai,left,10,overflow,historical,61.6,0.8711
Satsunai,left,10,overflow,historical,61.8,0.953
Satsunai,left,10,overflow,historical,62,0.9881
Satsunai,left,10,overflow,historical,62.2,0.997
Satsunai,left,10,overflow,historical,62.4,0.999
Satsunai,left,10,overflow,historical,62.6,0.9999
Satsunai,left,10,overflow,historical,62.8,1
Satsunai,left,10,overflow,historical,63,1
Satsunai,left,10,overflow,historical,63.2,1
Satsunai,left,10,overflow,historical,63.4,1
Satsunai,left,10,overflow,historical,63.6,1
Satsunai,left,10,overflow,historical,63.8,1
Satsunai,left,10,overflow,historical,64,1
Satsunai,left,10,overflow,historical,64.2,1
Satsunai,left,10,overflow,plus4K,56.4,0
Satsunai,left,10,overflow,plus4K,56.6,0
Satsunai,left,10,overflow,plus4K,56.8,0
Satsunai,left,10,overflow,plus4K,57,0
Satsunai,left,10,overflow,plus4K,57.2,0
Satsunai,left,10,overflow,plus4K,57.4,0
Satsunai,left,10,overflow,plus4K,57.6,0
Satsunai,left,10,overflow,plus4K,57.8,0
Satsunai,left,10,overflow,plus4K,58,0
Satsunai,left,10,overflow,plus4K,58.2,0
Satsunai,left,10,overflow,plus4K,58.4,0
Satsunai,left,10,overflow,plus4K,58.6,0
Satsunai,left,10,overflow,plus4K,58.8,0
Satsunai,left,10,overflow,plus4K,59,0
Satsunai,left,10,overflow,plus4K,59.2,0
Satsunai,left,10,overflow,plus4K,59.4,0
Satsunai,left,10,overflow,plus4K,59.6,0
Satsunai,left,10,overflow,plus4K,59.8,0.0002
Satsunai,left,10,overflow,plus4K,60,0.0011
Satsunai,left,10,overflow,plus4K,60.2,0.0047
Satsunai,left,10,overflow,plus4K,60.4,0.0206
Satsunai,left,10,overflow,plus4K,60.6,0.0697
Satsunai,left,10,overflow,plus4K,60.8,0.1692
Satsunai,left,10,overflow,plus4K,61,0.3345
Satsunai,left,10,overflow,plus4K,61.2,0.5342
Satsunai,left,10,overflow,plus4K,61.4,0.7301
Satsunai,left,10,overflow,plus4K,61.6,0.8711
Satsunai,left,10,overflow,plus4K,61.8,0.953
Satsunai,left,10,overflow,plus4K,62,0.9881
Satsunai,left,10,overflow,plus4K,62.2,0.997
Satsunai,left,10,overflow,plus4K,62.4,0.999
Satsunai,left,10,overflow,plus4K,62.6,0.9999
Satsunai,left,10,overflow,plus4K,62.8,1
Satsunai,left,10,overflow,plus4K,63,1
Satsunai,left,10,overflow,plus4K,63.2,1
Satsunai,left,10,overflow,plus4K,63.4,1
Satsunai,left,10,overflow,plus4K,63.6,1
Satsunai,left,10,overflow,plus4K,63.8,1
Satsunai,left,10,overflow,plus4K,64,1
Satsunai,left,10,overflow,plus4K,64.2,1
Satsunai,left,10.2,overflow,historical,57.6,0
Satsunai,left,10.2,overflow,historical,57.8,0
Satsunai,left,10.2,overflow,historical,58,0
Satsunai,left,10.2,overflow,historical,58.2,0
Satsunai,left,10.2,overflow,historical,58.4,0
Satsunai,left,10.2,overflow,historical,58.6,0
Satsunai,left,10.2,overflow,historical,58.8,0
Satsunai,left,10.2,overflow,historical,59,0
Satsunai,left,10.2,overflow,historical,59.2,0
Satsunai,left,10.2,overflow,historical,59.4,0
Satsunai,left,10.2,overflow,historical,59.6,0
Satsunai,left,10.2,overflow,historical,59.8,0
Satsunai,left,10.2,overflow,historical,60,0
Satsunai,left,10.2,overflow,historical,60.2,0
Satsunai,left,10.2,overflow,historical,60.4,0
Satsunai,left,10.2,overflow,historical,60.6,0
Satsunai,left,10.2,overflow,historical,60.8,0.0003
Satsunai,left,10.2,overflow,historical,61,0.0037
Satsunai,left,10.2,overflow,historical,61.2,0.0157
Satsunai,left,10.2,overflow,historical,61.4,0.0556
Satsunai,left,10.2,overflow,historical,61.6,0.1405
Satsunai,left,10.2,overflow,historical,61.8,0.2909
Satsunai,left,10.2,overflow,historical,62,0.4907
Satsunai,left,10.2,overflow,historical,62.2,0.6866
Satsunai,left,10.2,overflow,historical,62.4,0.8444
Satsunai,left,10.2,overflow,historical,62.6,0.938
Satsunai,left,10.2,overflow,historical,62.8,0.9814
Satsunai,left,10.2,overflow,historical,63,0.9952
Satsunai,left,10.2,overflow,historical,63.2,0.9991
Satsunai,left,10.2,overflow,historical,63.4,0.9998
Satsunai,left,10.2,overflow,historical,63.6,0.9999
Satsunai,left,10.2,overflow,historical,63.8,0.9999
Satsunai,left,10.2,overflow,historical,64,1
Satsunai,left,10.2,overflow,historical,64.2,1
Satsunai,left,10.2,overflow,historical,64.4,1
Satsunai,left,10.2,overflow,historical,64.6,1
Satsunai,left,10.2,overflow,historical,64.8,1
Satsunai,left,10.2,overflow,historical,65,1
Satsunai,left,10.2,overflow,plus4K,57.6,0
Satsunai,left,10.2,overflow,plus4K,57.8,0
Satsunai,left,10.2,overflow,plus4K,58,0
Satsunai,left,10.2,overflow,plus4K,58.2,0
Satsunai,left,10.2,overflow,plus4K,58.4,0
Satsunai,left,10.2,overflow,plus4K,58.6,0
Satsunai,left,10.2,overflow,plus4K,58.8,0
Satsunai,left,10.2,overflow,plus4K,59,0
Satsunai,left,10.2,overflow,plus4K,59.2,0
Satsunai,left,10.2,overflow,plus4K,59.4,0
Satsunai,left,10.2,overflow,plus4K,59.6,0
Satsunai,left,10.2,overflow,plus4K,59.8,0
Satsunai,left,10.2,overflow,plus4K,60,0
Satsunai,left,10.2,overflow,plus4K,60.2,0
Satsunai,left,10.2,overflow,plus4K,60.4,0
Satsunai,left,10.2,overflow,plus4K,60.6,0
Satsunai,left,10.2,overflow,plus4K,60.8,0.0003
Satsunai,left,10.2,overflow,plus4K,61,0.0037
Satsunai,left,10.2,overflow,plus4K,61.2,0.0157
Satsunai,left,10.2,overflow,plus4K,61.4,0.0556
Satsunai,left,10.2,overflow,plus4K,61.6,0.1405
Satsunai,left,10.2,overflow,plus4K,61.8,0.2909
Satsunai,left,10.2,overflow,plus4K,62,0.4907
Satsunai,left,10.2,overflow,plus4K,62.2,0.6866
Satsunai,left,10.2,overflow,plus4K,62.4,0.8444
Satsunai,left,10.2,overflow,plus4K,62.6,0.938
Satsunai,left,10.2,overflow,plus4K,62.8,0.9814
Satsunai,left,10.2,overflow,plus4K,63,0.9952
Satsunai,left,10.2,overflow,plus4K,63.2,0.9991
Satsunai,left,10.2,overflow,plus4K,63.4,0.9998
Satsunai,left,10.2,overflow,plus4K,63.6,0.9999
Satsunai,left,10.2,overflow,plus4K,63.8,0.9999
Satsunai,left,10.2,overflow,plus4K,64,1
Satsunai,left,10.2,overflow,plus4K,64.2,1
Satsunai,left,10.2,overflow,plus4K,64.4,1
Satsunai,left,10.2,overflow,plus4K,64.6,1
Satsunai,left,10.2,overflow,plus4K,64.8,1
Satsunai,left,10.2,overflow,plus4K,65,1
Satsunai,left,10.4,overflow,historical,58.2,0
Satsunai,left,10.4,overflow,historical,58.4,0
Satsunai,left,10.4,overflow,historical,58.6,0
Satsunai,left,10.4,overflow,historical,58.8,0
Satsunai,left,10.4,overflow,historical,59,0
Satsunai,left,10.4,overflow,historical,59.2,0
Satsunai,left,10.4,overflow,historical,59.4,0
Satsunai,left,10.4,overflow,historical,59.6,0
Satsunai,left,10.4,overflow,historical,59.8,0
Satsunai,left,10.4,overflow,historical,60,0
Satsunai,left,10.4,overflow,historical,60.2,0
Satsunai,left,10.4,overflow,historical,60.4,0
Satsunai,left,10.4,overflow,historical,60.6,0
Satsunai,left,10.4,overflow,historical,60.8,0
Satsunai,left,10.4,overflow,historical,61,0
Satsunai,left,10.4,overflow,historical,61.2,0.0002
Satsunai,left,10.4,overflow,historical,61.4,0.0008
Satsunai,left,10.4,overflow,historical,61.6,0.0049
Satsunai,left,10.4,overflow,historical,61.8,0.0185
Satsunai,left,10.4,overflow,historical,62,0.0625
Satsunai,left,10.4,overflow,historical,62.2,0.1521
Satsunai,left,10.4,overflow,historical,62.4,0.3063
Satsunai,left,10.4,overflow,historical,62.6,0.5072
Satsunai,left,10.4,overflow,historical,62.8,0.7065
Satsunai,left,10.4,overflow,historical,63,0.8557
Satsunai,left,10.4,overflow,historical,63.2,0.9445
Satsunai,left,10.4,overflow,historical,63.4,0.9832
Satsunai,left,10.4,overflow,historical,63.6,0.9965
Satsunai,left,10.4,overflow,historical,63.8,0.9992
Satsunai,left,10.4,overflow,historical,64,0.9997
Satsunai,left,10.4,overflow,historical,64.2,1
Satsunai,left,10.4,overflow,historical,64.4,1
Satsunai,left,10.4,overflow,historical,64.6,1
Satsunai,left,10.4,overflow,historical,64.8,1
Satsunai,left,10.4,overflow,historical,65,1
Satsunai,left,10.4,overflow,historical,65.2,1
Satsunai,left,10.4,overflow,historical,65.4,1
Satsunai,left,10.4,overflow,historical,65.6,1
Satsunai,left,10.4,overflow,plus4K,58.2,0
Satsunai,left,10.4,overflow,plus4K,58.4,0
Satsunai,left,10.4,overflow,plus4K,58.6,0
Satsunai,left,10.4,overflow,plus4K,58.8,0
Satsunai,left,10.4,overflow,plus4K,59,0
Satsunai,left,10.4,overflow,plus4K,59.2,0
Satsunai,left,10.4,overflow,plus4K,59.4,0
Satsunai,left,10.4,overflow,plus4K,59.6,0
Satsunai,left,10.4,overflow,plus4K,59.8,0
Satsunai,left,10.4,overflow,plus4K,60,0
Satsunai,left,10.4,overflow,plus4K,60.2,0
Satsunai,left,10.4,overflow,plus4K,60.4,0
Satsunai,left,10.4,overflow,plus4K,60.6,0
Satsunai,left,10.4,overflow,plus4K,60.8,0
Satsunai,left,10.4,overflow,plus4K,61,0
Satsunai,left,10.4,overflow,plus4K,61.2,0.0002
Satsunai,left,10.4,overflow,plus4K,61.4,0.0008
Satsunai,left,10.4,overflow,plus4K,61.6,0.0049
Satsunai,left,10.4,overflow,plus4K,61.8,0.0185
Satsunai,left,10.4,overflow,plus4K,62,0.0625
Satsunai,left,10.4,overflow,plus4K,62.2,0.1521
Satsunai,left,10.4,overflow,plus4K,62.4,0.3063
Satsunai,left,10.4,overflow,plus4K,62.6,0.5072
Satsunai,left,10.4,overflow,plus4K,62.8,0.7065
Satsunai,left,10.4,overflow,plus4K,63,0.8557
Satsunai,left,10.4,overflow,plus4K,63.2,0.9445
Satsunai,left,10.4,overflow,plus4K,63.4,0.9832
Satsunai,left,10.4,overflow,plus4K,63.6,0.9965
Satsunai,left,10.4,overflow,plus4K,63.8,0.9992
Satsunai,left,10.4,overflow,plus4K,64,0.9997
Satsunai,left,10.4,overflow,plus4K,64.2,1
Satsunai,left,10.4,overflow,plus4K,64.4,1
Satsunai,left,10.4,overflow,plus4K,64.6,1
Satsunai,left,10.4,overflow,plus4K,64.8,1
Satsunai,left,10.4,overflow,plus4K,65,1
Satsunai,left,10.4,overflow,plus4K,65.2,1
Satsunai,left,10.4,overflow,plus4K,65.4,1
Satsunai,left,10.4,overflow,plus4K,65.6,1
Satsunai,left,10.6,overflow,historical,58.8,0
Satsunai,left,10.6,overflow,historical,59,0
Satsunai,left,10.6,overflow,historical,59.2,0
Satsunai,left,10.6,overflow,historical,59.4,0
Satsunai,left,10.6,overflow,historical,59.6,0
Satsunai,left,10.6,overflow,historical,59.8,0
Satsunai,left,10.6,overflow,historical,60,0
Satsunai,left,10.6,overflow,historical,60.2,0
Satsunai,left,10.6,overflow,historical,60.4,0
Satsunai,left,10.6,overflow,historical,60.6,0
Satsunai,left,10.6,overflow,historical,60.8,0
Satsunai,left,10.6,overflow,historical,61,0
Satsunai,left,10.6,overflow,historical,61.2,0
Satsunai,left,10.6,overflow,historical,61.4,0
Satsunai,left,10.6,overflow,historical,61.6,0
Satsunai,left,10.6,overflow,historical,61.8,0
Satsunai,left,10.6,overflow,historical,62,0.0004
Satsunai,left,10.6,overflow,historical,62.2,0.0024
Satsunai,left,10.6,overflow,historical,62.4,0.0119
Satsunai,left,10.6,overflow,historical,62.6,0.0409
Satsunai,left,10.6,overflow,historical,62.8,0.1143
Satsunai,left,10.6,overflow,historical,63,0.2531
Satsunai,left,10.6,overflow,historical,63.2,0.4463
Satsunai,left,10.6,overflow,historical,63.4,0.6494
Satsunai,left,10.6,overflow,historical,63.6,0.8197
Satsunai,left,10.6,overflow,historical,63.8,0.9265
Satsunai,left,10.6,overflow,historical,64,0.9761
Satsunai,left,10.6,overflow,historical,64.2,0.9934
Satsunai,left,10.6,overflow,historical,64.4,0.9984
Satsunai,left,10.6,overflow,historical,64.6,0.9999
Satsunai,left,10.6,overflow,historical,64.8,1
Satsunai,left,10.6,overflow,historical,65,1
Satsunai,left,10.6,overflow,historical,65.2,1
Satsunai,left,10.6,overflow,historical,65.4,1
Satsunai,left,10.6,overflow,historical,65.6,1
Satsunai,left,10.6,overflow,historical,65.8,1
Satsunai,left,10.6,overflow,historical,66,1
Satsunai,left,10.6,overflow,historical,66.2,1
Satsunai,left,10.6,overflow,historical,66.4,1
Satsunai,left,10.6,overflow,plus4K,58.8,0
Satsunai,left,10.6,overflow,plus4K,59,0
Satsunai,left,10.6,overflow,plus4K,59.2,0
Satsunai,left,10.6,overflow,plus4K,59.4,0
Satsunai,left,10.6,overflow,plus4K,59.6,0
Satsunai,left,10.6,overflow,plus4K,59.8,0
Satsunai,left,10.6,overflow,plus4K,60,0
Satsunai,left,10.6,overflow,plus4K,60.2,0
Satsunai,left,10.6,overflow,plus4K,60.4,0
Satsunai,left,10.6,overflow,plus4K,60.6,0
Satsunai,left,10.6,overflow,plus4K,60.8,0
Satsunai,left,10.6,overflow,plus4K,61,0
Satsunai,left,10.6,overflow,plus4K,61.2,0
Satsunai,left,10.6,overflow,plus4K,61.4,0
Satsunai,left,10.6,overflow,plus4K,61.6,0
Satsunai,left,10.6,overflow,plus4K,61.8,0
Satsunai,left,10.6,overflow,plus4K,62,0.0004
Satsunai,left,10.6,overflow,plus4K,62.2,0.0024
Satsunai,left,10.6,overflow,plus4K,62.4,0.0119
Satsunai,left,10.6,overflow,plus4K,62.6,0.0409
Satsunai,left,10.6,overflow,plus4K,62.8,0.1143
Satsunai,left,10.6,overflow,plus4K,63,0.2531
Satsunai,left,10.6,overflow,plus4K,63.2,0.4463
Satsunai,left,10.6,overflow,plus4K,63.4,0.6494
Satsunai,left,10.6,overflow,plus4K,63.6,0.8197
Satsunai,left,10.6,overflow,plus4K,63.8,0.9265
Satsunai,left,10.6,overflow,plus4K,64,0.9761
Satsunai,left,10.6,overflow,plus4K,64.2,0.9934
Satsunai,left,10.6,overflow,plus4K,64.4,0.9984
Satsunai,left,10.6,overflow,plus4K,64.6,0.9999
Satsunai,left,10.6,overflow,plus4K,64.8,1
Satsunai,left,10.6,overflow,plus4K,65,1
Satsunai,left,10.6,overflow,plus4K,65.2,1
Satsunai,left,10.6,overflow,plus4K,65.4,1
Satsunai,left,10.6,overflow,plus4K,65.6,1
Satsunai,left,10.6,overflow,plus4K,65.8,1
Satsunai,left,10.6,overflow,plus4K,66,1
Satsunai,left,10.6,overflow,plus4K,66.2,1
Satsunai,left,10.6,overflow,plus4K,66.4,1
Satsunai,left,10.8,overflow,historical,61.4,0
Satsunai,left,10.8,overflow,historical,61.6,0
Satsunai,left,10.8,overflow,historical,61.8,0
Satsunai,left,10.8,overflow,historical,62,0
Satsunai,left,10.8,overflow,historical,62.2,0
Satsunai,left,10.8,overflow,historical,62.4,0
Satsunai,left,10.8,overflow,historical,62.6,0
Satsunai,left,10.8,overflow,historical,62.8,0
Satsunai,left,10.8,overflow,historical,63,0
Satsunai,left,10.8,overflow,historical,63.2,0.0001
Satsunai,left,10.8,overflow,historical,63.4,0.002
Satsunai,left,10.8,overflow,historical,63.6,0.01
Satsunai,left,10.8,overflow,historical,63.8,0.0375
Satsunai,left,10.8,overflow,historical,64,0.1064
Satsunai,left,10.8,overflow,historical,64.2,0.2349
Satsunai,left,10.8,overflow,historical,64.4,0.4218
Satsunai,left,10.8,overflow,historical,64.6,0.6192
Satsunai,left,10.8,overflow,historical,64.8,0.7977
Satsunai,left,10.8,overflow,historical,65,0.9141
Satsunai,left,10.8,overflow,historical,65.2,0.9715
Satsunai,left,10.8,overflow,historical,65.4,0.9918
Satsunai,left,10.8,overflow,historical,65.6,0.998
Satsunai,left,10.8,overflow,historical,65.8,0.9995
Satsunai,left,10.8,overflow,historical,66,0.9999
Satsunai,left,10.8,overflow,historical,66.2,1
Satsunai,left,10.8,overflow,historical,66.4,1
Satsunai,left,10.8,overflow,historical,66.6,1
Satsunai,left,10.8,overflow,historical,66.8,1
Satsunai,left,10.8,overflow,historical,67,1
Satsunai,left,10.8,overflow,historical,67.2,1
Satsunai,left,10.8,overflow,historical,67.4,1
Satsunai,left,10.8,overflow,historical,67.6,1
Satsunai,left,10.8,overflow,plus4K,61.4,0
Satsunai,left,10.8,overflow,plus4K,61.6,0
Satsunai,left,10.8,overflow,plus4K,61.8,0
Satsunai,left,10.8,overflow,plus4K,62,0
Satsunai,left,10.8,overflow,plus4K,62.2,0
Satsunai,left,10.8,overflow,plus4K,62.4,0
Satsunai,left,10.8,overflow,plus4K,62.6,0
Satsunai,left,10.8,overflow,plus4K,62.8,0
Satsunai,left,10.8,overflow,plus4K,63,0
Satsunai,left,10.8,overflow,plus4K,63.2,0.0001
Satsunai,left,10.8,overflow,plus4K,63.4,0.002
Satsunai,left,10.8,overflow,plus4K,63.6,0.01
Satsunai,left,10.8,overflow,plus4K,63.8,0.0375
Satsunai,left,10.8,overflow,plus4K,64,0.1064
Satsunai,left,10.8,overflow,plus4K,64.2,0.2349
Satsunai,left,10.8,overflow,plus4K,64.4,0.4218
Satsunai,left,10.8,overflow,plus4K,64.6,0.6192
Satsunai,left,10.8,overflow,plus4K,64.8,0.7977
Satsunai,left,10.8,overflow,plus4K,65,0.9141
Satsunai,left,10.8,overflow,plus4K,65.2,0.9715
Satsunai,left,10.8,overflow,plus4K,65.4,0.9918
Satsunai,left,10.8,overflow,plus4K,65.6,0.998
Satsunai,left,10.8,overflow,plus4K,65.8,0.9995
Satsunai,left,10.8,overflow,plus4K,66,0.9999
Satsunai,left,10.8,overflow,plus4K,66.2,1
Satsunai,left,10.8,overflow,plus4K,66.4,1
Satsunai,left,10.8,overflow,plus4K,66.6,1
Satsunai,left,10.8,overflow,plus4K,66.8,1
Satsunai,left,10.8,overflow,plus4K,67,1
Satsunai,left,10.8,overflow,plus4K,67.2,1
Satsunai,left,10.8,overflow,plus4K,67.4,1
Satsunai,left,10.8,overflow,plus4K,67.6,1
Satsunai,left,11,overflow,historical,61.6,0
Satsunai,left,11,overflow,historical,61.8,0
Satsunai,left,11,overflow,historical,62,0
Satsunai,left,11,overflow,historical,62.2,0
Satsunai,left,11,overflow,historical,62.4,0
Satsunai,left,11,overflow,historical,62.6,0
Satsunai,left,11,overflow,historical,62.8,0
Satsunai,left,11,overflow,historical,63,0
Satsunai,left,11,overflow,historical,63.2,0
Satsunai,left,11,overflow,historical,63.4,0.0001
Satsunai,left,11,overflow,historical,63.6,0.0015
Satsunai,left,11,overflow,historical,63.8,0.007
Satsunai,left,11,overflow,historical,64,0.0263
Satsunai,left,11,overflow,historical,64.2,0.0791
Satsunai,left,11,overflow,historical,64.4,0.1859
Satsunai,left,11,overflow,historical,64.6,0.3509
Satsunai,left,11,overflow,historical,64.8,0.5584
Satsunai,left,11,overflow,historical,65,0.748
Satsunai,left,11,overflow,historical,65.2,0.8843
Satsunai,left,11,overflow,historical,65.4,0.9573
Satsunai,left,11,overflow,historical,65.6,0.9881
Satsunai,left,11,overflow,historical,65.8,0.9961
Satsunai,left,11,overflow,historical,66,0.9995
Satsunai,left,11,overflow,historical,66.2,0.9999
Satsunai,left,11,overflow,historical,66.4,1
Satsunai,left,11,overflow,historical,66.6,1
Satsunai,left,11,overflow,historical,66.8,1
Satsunai,left,11,overflow,historical,67,1
Satsunai,left,11,overflow,historical,67.2,1
Satsunai,left,11,overflow,historical,67.4,1
Satsunai,left,11,overflow,historical,67.6,1
Satsunai,left,11,overflow,historical,67.8,1
Satsunai,left,11,overflow,plus4K,61.6,0
Satsunai,left,11,overflow,plus4K,61.8,0
Satsunai,left,11,overflow,plus4K,62,0
Satsunai,left,11,overflow,plus4K,62.2,0
Satsunai,left,11,overflow,plus4K,62.4,0
Satsunai,left,11,overflow,plus4K,62.6,0
Satsunai,left,11,overflow,plus4K,62.8,0
Satsunai,left,11,overflow,plus4K,63,0
Satsunai,left,11,overflow,plus4K,63.2,0
Satsunai,left,11,overflow,plus4K,63.4,0.0001
Satsunai,left,11,overflow,plus4K,63.6,0.0015
Satsunai,left,11,overflow,plus4K,63.8,0.007
Satsunai,left,11,overflow,plus4K,64,0.0263
Satsunai,left,11,overflow,plus4K,64.2,0.0791
Satsunai,left,11,overflow,plus4K,64.4,0.1859
Satsunai,left,11,overflow,plus4K,64.6,0.3509
Satsunai,left,11,overflow,plus4K,64.8,0.5584
Satsunai,left,11,overflow,plus4K,65,0.748
Satsunai,left,11,overflow,plus4K,65.2,0.8843
Satsunai,left,11,overflow,plus4K,65.4,0.9573
Satsunai,left,11,overflow,plus4K,65.6,0.9881
Satsunai,left,11,overflow,plus4K,65.8,0.9961
Satsunai,left,11,overflow,plus4K,66,0.9995
Satsunai,left,11,overflow,plus4K,66.2,0.9999
Satsunai,left,11,overflow,plus4K,66.4,1
Satsunai,left,11,overflow,plus4K,66.6,1
Satsunai,left,11,overflow,plus4K,66.8,1
Satsunai,left,11,overflow,plus4K,67,1
Satsunai,left,11,overflow,plus4K,67.2,1
Satsunai,left,11,overflow,plus4K,67.4,1
Satsunai,left,11,overflow,plus4K,67.6,1
Satsunai,left,11,overflow,plus4K,67.8,1
Satsunai,left,11.2,overflow,historical,61.6,0
Satsunai,left,11.2,overflow,historical,61.8,0
Satsunai,left,11.2,overflow,historical,62,0
Satsunai,left,11.2,overflow,historical,62.2,0
Satsunai,left,11.2,overflow,historical,62.4,0
Satsunai,left,11.2,overflow,historical,62.6,0
Satsunai,left,11.2,overflow,historical,62.8,0
Satsunai,left,11.2,overflow,historical,63,0
Satsunai,left,11.2,overflow,historical,63.2,0
Satsunai,left,11.2,overflow,historical,63.4,0
Satsunai,left,11.2,overflow,historical,63.6,0
Satsunai,left,11.2,overflow,historical,63.8,0
Satsunai,left,11.2,overflow,historical,64,0
Satsunai,left,11.2,overflow,historical,64.2,0
Satsunai,left,11.2,overflow,historical,64.4,0
Satsunai,left,11.2,overflow,historical,64.6,0.0012
Satsunai,left,11.2,overflow,historical,64.8,0.0059
Satsunai,left,11.2,overflow,historical,65,0.0238
Satsunai,left,11.2,overflow,historical,65.2,0.0749
Satsunai,left,11.2,overflow,historical,65.4,0.1716
Satsunai,left,11.2,overflow,historical,65.6,0.3445
Satsunai,left,11.2,overflow,historical,65.8,0.55
Satsunai,left,11.2,overflow,historical,66,0.7377
Satsunai,left,11.2,overflow,historical,66.2,0.8763
Satsunai,left,11.2,overflow,historical,66.4,0.9529
Satsunai,left,11.2,overflow,historical,66.6,0.9844
Satsunai,left,11.2,overflow,historical,66.8,0.9963
Satsunai,left,11.2,overflow,historical,67,0.9995
Satsunai,left,11.2,overflow,historical,67.2,0.9999
Satsunai,left,11.2,overflow,historical,67.4,0.9999
Satsunai,left,11.2,overflow,historical,67.6,1
Satsunai,left,11.2,overflow,historical,67.8,1
Satsunai,left,11.2,overflow,historical,68,1
Satsunai,left,11.2,overflow,historical,68.2,1
Satsunai,left,11.2,overflow,historical,68.4,1
Satsunai,left,11.2,overflow,historical,68.6,1
Satsunai,left,11.2,overflow,historical,68.8,1
Satsunai,left,11.2,overflow,plus4K,61.6,0
Satsunai,left,11.2,overflow,plus4K,61.8,0
Satsunai,left,11.2,overflow,plus4K,62,0
Satsunai,left,11.2,overflow,plus4K,62.2,0
Satsunai,left,11.2,overflow,plus4K,62.4,0
Satsunai,left,11.2,overflow,plus4K,62.6,0
Satsunai,left,11.2,overflow,plus4K,62.8,0
Satsunai,left,11.2,overflow,plus4K,63,0
Satsunai,left,11.2,overflow,plus4K,63.2,0
Satsunai,left,11.2,overflow,plus4K,63.4,0
Satsunai,left,11.2,overflow,plus4K,63.6,0
Satsunai,left,11.2,overflow,plus4K,63.8,0
Satsunai,left,11.2,overflow,plus4K,64,0
Satsunai,left,11.2,overflow,plus4K,64.2,0
Satsunai,left,11.2,overflow,plus4K,64.4,0
Satsunai,left,11.2,overflow,plus4K,64.6,0.0012
Satsunai,left,11.2,overflow,plus4K,64.8,0.0059
Satsunai,left,11.2,overflow,plus4K,65,0.0238
Satsunai,left,11.2,overflow,plus4K,65.2,0.0749
Satsunai,left,11.2,overflow,plus4K,65.4,0.1716
Satsunai,left,11.2,overflow,plus4K,65.6,0.3445
Satsunai,left,11.2,overflow,plus4K,65.8,0.55
Satsunai,left,11.2,overflow,plus4K,66,0.7377
Satsunai,left,11.2,overflow,plus4K,66.2,0.8763
Satsunai,left,11.2,overflow,plus4K,66.4,0.9529
Satsunai,left,11.2,overflow,plus4K,66.6,0.9844
Satsunai,left,11.2,overflow,plus4K,66.8,0.9963
Satsunai,left,11.2,overflow,plus4K,67,0.9995
Satsunai,left,11.2,overflow,plus4K,67.2,0.9999
Satsunai,left,11.2,overflow,plus4K,67.4,0.9999
Satsunai,left,11.2,overflow,plus4K,67.6,1
Satsunai,left,11.2,overflow,plus4K,67.8,1
Satsunai,left,11.2,overflow,plus4K,68,1
Satsunai,left,11.2,overflow,plus4K,68.2,1
Satsunai,left,11.2,overflow,plus4K,68.4,1
Satsunai,left,11.2,overflow,plus4K,68.6,1
Satsunai,left,11.2,overflow,plus4K,68.8,1
Satsunai,left,11.4,overflow,historical,62.2,0
Satsunai,left,11.4,overflow,historical,62.4,0
Satsunai,left,11.4,overflow,historical,62.6,0
Satsunai,left,11.4,overflow,historical,62.8,0
Satsunai,left,11.4,overflow,historical,63,0
Satsunai,left,11.4,overflow,historical,63.2,0
Satsunai,left,11.4,overflow,historical,63.4,0
Satsunai,left,11.4,overflow,historical,63.6,0
Satsunai,left,11.4,overflow,historical,63.8,0
Satsunai,left,11.4,overflow,historical,64,0
Satsunai,left,11.4,overflow,historical,64.2,0
Satsunai,left,11.4,overflow,historical,64.4,0
Satsunai,left,11.4,overflow,historical,64.6,0
Satsunai,left,11.4,overflow,historical,64.8,0
Satsunai,left,11.4,overflow,historical,65,0.0002
Satsunai,left,11.4,overflow,historical,65.2,0.0006
Satsunai,left,11.4,overflow,historical,65.4,0.004
Satsunai,left,11.4,overflow,historical,65.6,0.0168
Satsunai,left,11.4,overflow,historical,65.8,0.0552
Satsunai,left,11.4,overflow,historical,66,0.1402
Satsunai,left,11.4,overflow,historical,66.2,0.2866
Satsunai,left,11.4,overflow,historical,66.4,0.4834
Satsunai,left,11.4,overflow,historical,66.6,0.6919
Satsunai,left,11.4,overflow,historical,66.8,0.8468
Satsunai,left,11.4,overflow,historical,67,0.9421
Satsunai,left,11.4,overflow,historical,67.2,0.9816
Satsunai,left,11.4,overflow,historical,67.4,0.9948
Satsunai,left,11.4,overflow,historical,67.6,0.9998
Satsunai,left,11.4,overflow,historical,67.8,1
Satsunai,left,11.4,overflow,historical,68,1
Satsunai,left,11.4,overflow,historical,68.2,1
Satsunai,left,11.4,overflow,historical,68.4,1
Satsunai,left,11.4,overflow,historical,68.6,1
Satsunai,left,11.4,overflow,historical,68.8,1
Satsunai,left,11.4,overflow,historical,69,1
Satsunai,left,11.4,overflow,historical,69.2,1
Satsunai,left,11.4,overflow,historical,69.4,1
Satsunai,left,11.4,overflow,plus4K,62.2,0
Satsunai,left,11.4,overflow,plus4K,62.4,0
Satsunai,left,11.4,overflow,plus4K,62.6,0
Satsunai,left,11.4,overflow,plus4K,62.8,0
Satsunai,left,11.4,overflow,plus4K,63,0
Satsunai,left,11.4,overflow,plus4K,63.2,0
Satsunai,left,11.4,overflow,plus4K,63.4,0
Satsunai,left,11.4,overflow,plus4K,63.6,0
Satsunai,left,11.4,overflow,plus4K,63.8,0
Satsunai,left,11.4,overflow,plus4K,64,0
Satsunai,left,11.4,overflow,plus4K,64.2,0
Satsunai,left,11.4,overflow,plus4K,64.4,0
Satsunai,left,11.4,overflow,plus4K,64.6,0
Satsunai,left,11.4,overflow,plus4K,64.8,0
Satsunai,left,11.4,overflow,plus4K,65,0.0002
Satsunai,left,11.4,overflow,plus4K,65.2,0.0006
Satsunai,left,11.4,overflow,plus4K,65.4,0.004
Satsunai,left,11.4,overflow,plus4K,65.6,0.0168
Satsunai,left,11.4,overflow,plus4K,65.8,0.0552
Satsunai,left,11.4,overflow,plus4K,66,0.1402
Satsunai,left,11.4,overflow,plus4K,66.2,0.2866
Satsunai,left,11.4,overflow,plus4K,66.4,0.4834
Satsunai,left,11.4,overflow,plus4K,66.6,0.6919
Satsunai,left,11.4,overflow,plus4K,66.8,0.8468
Satsunai,left,11.4,overflow,plus4K,67,0.9421
Satsunai,left,11.4,overflow,plus4K,67.2,0.9816
Satsunai,left,11.4,overflow,plus4K,67.4,0.9948
Satsunai,left,11.4,overflow,plus4K,67.6,0.9998
Satsunai,left,11.4,overflow,plus4K,67.8,1
Satsunai,left,11.4,overflow,plus4K,68,1
Satsunai,left,11.4,overflow,plus4K,68.2,1
Satsunai,left,11.4,overflow,plus4K,68.4,1
Satsunai,left,11.4,overflow,plus4K,68.6,1
Satsunai,left,11.4,overflow,plus4K,68.8,1
Satsunai,left,11.4,overflow,plus4K,69,1
Satsunai,left,11.4,overflow,plus4K,69.2,1
Satsunai,left,11.4,overflow,plus4K,69.4,1
Satsunai,left,11.6,overflow,historical,62.8,0
Satsunai,left,11.6,overflow,historical,63,0
Satsunai,left,11.6,overflow,historical,63.2,0
Satsunai,left,11.6,overflow,historical,63.4,0
Satsunai,left,11.6,overflow,historical,63.6,0
Satsunai,left,11.6,overflow,historical,63.8,0
Satsunai,left,11.6,overflow,historical,64,0
Satsunai,left,11.6,overflow,historical,64.2,0
Satsunai,left,11.6,overflow,historical,64.4,0
Satsunai,left,11.6,overflow,historical,64.6,0
Satsunai,left,11.6,overflow,historical,64.8,0
Satsunai,left,11.6,overflow,historical,65,0
Satsunai,left,11.6,overflow,historical,65.2,0
Satsunai,left,11.6,overflow,historical,65.4,0
Satsunai,left,11.6,overflow,historical,65.6,0
Satsunai,left,11.6,overflow,historical,65.8,0.0001
Satsunai,left,11.6,overflow,historical,66,0.0004
Satsunai,left,11.6,overflow,historical,66.2,0.0026
Satsunai,left,11.6,overflow,historical,66.4,0.0134
Satsunai,left,11.6,overflow,historical,66.6,0.0429
Satsunai,left,11.6,overflow,historical,66.8,0.1147
Satsunai,left,11.6,overflow,historical,67,0.2494
Satsunai,left,11.6,overflow,historical,67.2,0.4448
Satsunai,left,11.6,overflow,historical,67.4,0.6496
Satsunai,left,11.6,overflow,historical,67.6,0.8187
Satsunai,left,11.6,overflow,historical,67.8,0.9271
Satsunai,left,11.6,overflow,historical,68,0.9763
Satsunai,left,11.6,overflow,historical,68.2,0.9923
Satsunai,left,11.6,overflow,historical,68.4,0.998
Satsunai,left,11.6,overflow,historical,68.6,0.9997
Satsunai,left,11.6,overflow,historical,68.8,1
Satsunai,left,11.6,overflow,historical,69,1
Satsunai,left,11.6,overflow,historical,69.2,1
Satsunai,left,11.6,overflow,historical,69.4,1
Satsunai,left,11.6,overflow,historical,69.6,1
Satsunai,left,11.6,overflow,historical,69.8,1
Satsunai,left,11.6,overflow,historical,70,1
Satsunai,left,11.6,overflow,historical,70.2,1
Satsunai,left,11.6,overflow,historical,70.4,1
Satsunai,left,11.6,overflow,plus4K,62.8,0
Satsunai,left,11.6,overflow,plus4K,63,0
Satsunai,left,11.6,overflow,plus4K,63.2,0
Satsunai,left,11.6,overflow,plus4K,63.4,0
Satsunai,left,11.6,overflow,plus4K,63.6,0
Satsunai,left,11.6,overflow,plus4K,63.8,0
Satsunai,left,11.6,overflow,plus4K,64,0
Satsunai,left,11.6,overflow,plus4K,64.2,0
Satsunai,left,11.6,overflow,plus4K,64.4,0
Satsunai,left,11.6,overflow,plus4K,64.6,0
Satsunai,left,11.6,overflow,plus4K,64.8,0
Satsunai,left,11.6,overflow,plus4K,65,0
Satsunai,left,11.6,overflow,plus4K,65.2,0
Satsunai,left,11.6,overflow,plus4K,65.4,0
Satsunai,left,11.6,overflow,plus4K,65.6,0
Satsunai,left,11.6,overflow,plus4K,65.8,0.0001
Satsunai,left,11.6,overflow,plus4K,66,0.0004
Satsunai,left,11.6,overflow,plus4K,66.2,0.0026
Satsunai,left,11.6,overflow,plus4K,66.4,0.0134
Satsunai,left,11.6,overflow,plus4K,66.6,0.0429
Satsunai,left,11.6,overflow,plus4K,66.8,0.1147
Satsunai,left,11.6,overflow,plus4K,67,0.2494
Satsunai,left,11.6,overflow,plus4K,67.2,0.4448
Satsunai,left,11.6,overflow,plus4K,67.4,0.6496
Satsunai,left,11.6,overflow,plus4K,67.6,0.8187
Satsunai,left,11.6,overflow,plus4K,67.8,0.9271
Satsunai,left,11.6,overflow,plus4K,68,0.9763
Satsunai,left,11.6,overflow,plus4K,68.2,0.9923
Satsunai,left,11.6,overflow,plus4K,68.4,0.998
Satsunai,left,11.6,overflow,plus4K,68.6,0.9997
Satsunai,left,11.6,overflow,plus4K,68.8,1
Satsunai,left,11.6,overflow,plus4K,69,1
Satsunai,left,11.6,overflow,plus4K,69.2,1
Satsunai,left,11.6,overflow,plus4K,69.4,1
Satsunai,left,11.6,overflow,plus4K,69.6,1
Satsunai,left,11.6,overflow,plus4K,69.8,1
Satsunai,left,11.6,overflow,plus4K,70,1
Satsunai,left,11.6,overflow,plus4K,70.2,1
Satsunai,left,11.6,overflow,plus4K,70.4,1
Satsunai,left,11.8,overflow,historical,63.6,0
Satsunai,left,11.8,overflow,historical,63.8,0
Satsunai,left,11.8,overflow,historical,64,0
Satsunai,left,11.8,overflow,historical,64.2,0
Satsunai,left,11.8,overflow,historical,64.4,0
Satsunai,left,11.8,overflow,historical,64.6,0
Satsunai,left,11.8,overflow,historical,64.8,0
Satsunai,left,11.8,overflow,historical,65,0
Satsunai,left,11.8,overflow,historical,65.2,0
Satsunai,left,11.8,overflow,historical,65.4,0
Satsunai,left,11.8,overflow,historical,65.6,0
Satsunai,left,11.8,overflow,historical,65.8,0
Satsunai,left,11.8,overflow,historical,66,0
Satsunai,left,11.8,overflow,historical,66.2,0
Satsunai,left,11.8,overflow,historical,66.4,0.0002
Satsunai,left,11.8,overflow,historical,66.6,0.0015
Satsunai,left,11.8,overflow,historical,66.8,0.0063
Satsunai,left,11.8,overflow,historical,67,0.0249
Satsunai,left,11.8,overflow,historical,67.2,0.0691
Satsunai,left,11.8,overflow,historical,67.4,0.1712
Satsunai,left,11.8,overflow,historical,67.6,0.335
Satsunai,left,11.8,overflow,historical,67.8,0.5377
Satsunai,left,11.8,overflow,historical,68,0.737
Satsunai,left,11.8,overflow,historical,68.2,0.8775
Satsunai,left,11.8,overflow,historical,68.4,0.9537
Satsunai,left,11.8,overflow,historical,68.6,0.985
Satsunai,left,11.8,overflow,historical,68.8,0.9961
Satsunai,left,11.8,overflow,historical,69,0.9992
Satsunai,left,11.8,overflow,historical,69.2,1
Satsunai,left,11.8,overflow,historical,69.4,1
Satsunai,left,11.8,overflow,historical,69.6,1
Satsunai,left,11.8,overflow,historical,69.8,1
Satsunai,left,11.8,overflow,historical,70,1
Satsunai,left,11.8,overflow,historical,70.2,1
Satsunai,left,11.8,overflow,historical,70.4,1
Satsunai,left,11.8,overflow,historical,70.6,1
Satsunai,left,11.8,overflow,historical,70.8,1
Satsunai,left,11.8,overflow,plus4K,63.6,0
Satsunai,left,11.8,overflow,plus4K,63.8,0
Satsunai,left,11.8,overflow,plus4K,64,0
Satsunai,left,11.8,overflow,plus4K,64.2,0
Satsunai,left,11.8,overflow,plus4K,64.4,0
Satsunai,left,11.8,overflow,plus4K,64.6,0
Satsunai,left,11.8,overflow,plus4K,64.8,0
Satsunai,left,11.8,overflow,plus4K,65,0
Satsunai,left,11.8,overflow,plus4K,65.2,0
Satsunai,left,11.8,overflow,plus4K,65.4,0
Satsunai,left,11.8,overflow,plus4K,65.6,0
Satsunai,left,11.8,overflow,plus4K,65.8,0
Satsunai,left,11.8,overflow,plus4K,66,0
Satsunai,left,11.8,overflow,plus4K,66.2,0
Satsunai,left,11.8,overflow,plus4K,66.4,0.0002
Satsunai,left,11.8,overflow,plus4K,66.6,0.0015
Satsunai,left,11.8,overflow,plus4K,66.8,0.0063
Satsunai,left,11.8,overflow,plus4K,67,0.0249
Satsunai,left,11.8,overflow,plus4K,67.2,0.0691
Satsunai,left,11.8,overflow,plus4K,67.4,0.1712
Satsunai,left,11.8,overflow,plus4K,67.6,0.335
Satsunai,left,11.8,overflow,plus4K,67.8,0.5377
Satsunai,left,11.8,overflow,plus4K,68,0.737
Satsunai,left,11.8,overflow,plus4K,68.2,0.8775
Satsunai,left,11.8,overflow,plus4K,68.4,0.9537
Satsunai,left,11.8,overflow,plus4K,68.6,0.985
Satsunai,left,11.8,overflow,plus4K,68.8,0.9961
Satsunai,left,11.8,overflow,plus4K,69,0.9992
Satsunai,left,11.8,overflow,plus4K,69.2,1
Satsunai,left,11.8,overflow,plus4K,69.4,1
Satsunai,left,11.8,overflow,plus4K,69.6,1
Satsunai,left,11.8,overflow,plus4K,69.8,1
Satsunai,left,11.8,overflow,plus4K,70,1
Satsunai,left,11.8,overflow,plus4K,70.2,1
Satsunai,left,11.8,overflow,plus4K,70.4,1
Satsunai,left,11.8,overflow,plus4K,70.6,1
Satsunai,left,11.8,overflow,plus4K,70.8,1
Satsunai,left,12,overflow,historical,64.2,0
Satsunai,left,12,overflow,historical,64.4,0
Satsunai,left,12,overflow,historical,64.6,0
Satsunai,left,12,overflow,historical,64.8,0
Satsunai,left,12,overflow,historical,65,0
Satsunai,left,12,overflow,historical,65.2,0
Satsunai,left,12,overflow,historical,65.4,0
Satsunai,left,12,overflow,historical,65.6,0
Satsunai,left,12,overflow,historical,65.8,0
Satsunai,left,12,overflow,historical,66,0
Satsunai,left,12,overflow,historical,66.2,0
Satsunai,left,12,overflow,historical,66.4,0
Satsunai,left,12,overflow,historical,66.6,0
Satsunai,left,12,overflow,historical,66.8,0
Satsunai,left,12,overflow,historical,67,0
Satsunai,left,12,overflow,historical,67.2,0.0007
Satsunai,left,12,overflow,historical,67.4,0.0047
Satsunai,left,12,overflow,historical,67.6,0.0151
Satsunai,left,12,overflow,historical,67.8,0.05
Satsunai,left,12,overflow,historical,68,0.1284
Satsunai,left,12,overflow,historical,68.2,0.2772
Satsunai,left,12,overflow,historical,68.4,0.4798
Satsunai,left,12,overflow,historical,68.6,0.6817
Satsunai,left,12,overflow,historical,68.8,0.8407
Satsunai,left,12,overflow,historical,69,0.9373
Satsunai,left,12,overflow,historical,69.2,0.9789
Satsunai,left,12,overflow,historical,69.4,0.9947
Satsunai,left,12,overflow,historical,69.6,0.9995
Satsunai,left,12,overflow,historical,69.8,0.9998
Satsunai,left,12,overflow,historical,70,1
Satsunai,left,12,overflow,historical,70.2,1
Satsunai,left,12,overflow,historical,70.4,1
Satsunai,left,12,overflow,historical,70.6,1
Satsunai,left,12,overflow,historical,70.8,1
Satsunai,left,12,overflow,historical,71,1
Satsunai,left,12,overflow,historical,71.2,1
Satsunai,left,12,overflow,historical,71.4,1
Satsunai,left,12,overflow,plus4K,64.2,0
Satsunai,left,12,overflow,plus4K,64.4,0
Satsunai,left,12,overflow,plus4K,64.6,0
Satsunai,left,12,overflow,plus4K,64.8,0
Satsunai,left,12,overflow,plus4K,65,0
Satsunai,left,12,overflow,plus4K,65.2,0
Satsunai,left,12,overflow,plus4K,65.4,0
Satsunai,left,12,overflow,plus4K,65.6,0
Satsunai,left,12,overflow,plus4K,65.8,0
Satsunai,left,12,overflow,plus4K,66,0
Satsunai,left,12,overflow,plus4K,66.2,0
Satsunai,left,12,overflow,plus4K,66.4,0
Satsunai,left,12,overflow,plus4K,66.6,0
Satsunai,left,12,overflow,plus4K,66.8,0
Satsunai,left,12,overflow,plus4K,67,0
Satsunai,left,12,overflow,plus4K,67.2,0.0007
Satsunai,left,12,overflow,plus4K,67.4,0.0047
Satsunai,left,12,overflow,plus4K,67.6,0.0151
Satsunai,left,12,overflow,plus4K,67.8,0.05
Satsunai,left,12,overflow,plus4K,68,0.1284
Satsunai,left,12,overflow,plus4K,68.2,0.2772
Satsunai,left,12,overflow,plus4K,68.4,0.4798
Satsunai,left,12,overflow,plus4K,68.6,0.6817
Satsunai,left,12,overflow,plus4K,68.8,0.8407
Satsunai,left,12,overflow,plus4K,69,0.9373
Satsunai,left,12,overflow,plus4K,69.2,0.9789
Satsunai,left,12,overflow,plus4K,69.4,0.9947
Satsunai,left,12,overflow,plus4K,69.6,0.9995
Satsunai,left,12,overflow,plus4K,69.8,0.9998
Satsunai,left,12,overflow,plus4K,70,1
Satsunai,left,12,overflow,plus4K,70.2,1
Satsunai,left,12,overflow,plus4K,70.4,1
Satsunai,left,12,overflow,plus4K,70.6,1
Satsunai,left,12,overflow,plus4K,70.8,1
Satsunai,left,12,overflow,plus4K,71,1
Satsunai,left,12,overflow,plus4K,71.2,1
Satsunai,left,12,overflow,plus4K,71.4,1
Satsunai,left,12.2,overflow,historical,66.2,0
Satsunai,left,12.2,overflow,historical,66.4,0
Satsunai,left,12.2,overflow,historical,66.6,0
Satsunai,left,12.2,overflow,historical,66.8,0
Satsunai,left,12.2,overflow,historical,67,0
Satsunai,left,12.2,overflow,historical,67.2,0
Satsunai,left,12.2,overflow,historical,67.4,0
Satsunai,left,12.2,overflow,historical,67.6,0
Satsunai,left,12.2,overflow,historical,67.8,0
Satsunai,left,12.2,overflow,historical,68,0
Satsunai,left,12.2,overflow,historical,68.2,0
Satsunai,left,12.2,overflow,historical,68.4,0.0002
Satsunai,left,12.2,overflow,historical,68.6,0.0013
Satsunai,left,12.2,overflow,historical,68.8,0.0057
Satsunai,left,12.2,overflow,historical,69,0.0239
Satsunai,left,12.2,overflow,historical,69.2,0.0737
Satsunai,left,12.2,overflow,historical,69.4,0.1765
Satsunai,left,12.2,overflow,historical,69.6,0.3439
Satsunai,left,12.2,overflow,historical,69.8,0.545
Satsunai,left,12.2,overflow,historical,70,0.7331
Satsunai,left,12.2,overflow,historical,70.2,0.8746
Satsunai,left,12.2,overflow,historical,70.4,0.952
Satsunai,left,12.2,overflow,historical,70.6,0.9852
Satsunai,left,12.2,overflow,historical,70.8,0.9962
Satsunai,left,12.2,overflow,historical,71,0.9994
Satsunai,left,12.2,overflow,historical,71.2,1
Satsunai,left,12.2,overflow,historical,71.4,1
Satsunai,left,12.2,overflow,historical,71.6,1
Satsunai,left,12.2,overflow,historical,71.8,1
Satsunai,left,12.2,overflow,historical,72,1
Satsunai,left,12.2,overflow,historical,72.2,1
Satsunai,left,12.2,overflow,historical,72.4,1
Satsunai,left,12.2,overflow,historical,72.6,1
Satsunai,left,12.2,overflow,historical,72.8,1
Satsunai,left,12.2,overflow,plus4K,66.2,0
Satsunai,left,12.2,overflow,plus4K,66.4,0
Satsunai,left,12.2,overflow,plus4K,66.6,0
Satsunai,left,12.2,overflow,plus4K,66.8,0
Satsunai,left,12.2,overflow,plus4K,67,0
Satsunai,left,12.2,overflow,plus4K,67.2,0
Satsunai,left,12.2,overflow,plus4K,67.4,0
Satsunai,left,12.2,overflow,plus4K,67.6,0
Satsunai,left,12.2,overflow,plus4K,67.8,0
Satsunai,left,12.2,overflow,plus4K,68,0
Satsunai,left,12.2,overflow,plus4K,68.2,0
Satsunai,left,12.2,overflow,plus4K,68.4,0.0002
Satsunai,left,12.2,overflow,plus4K,68.6,0.0013
Satsunai,left,12.2,overflow,plus4K,68.8,0.0057
Satsunai,left,12.2,overflow,plus4K,69,0.0239
Satsunai,left,12.2,overflow,plus4K,69.2,0.0737
Satsunai,left,12.2,overflow,plus4K,69.4,0.1765
Satsunai,left,12.2,overflow,plus4K,69.6,0.3439
Satsunai,left,12.2,overflow,plus4K,69.8,0.545
Satsunai,left,12.2,overflow,plus4K,70,0.7331
Satsunai,left,12.2,overflow,plus4K,70.2,0.8746
Satsunai,left,12.2,overflow,plus4K,70.4,0.952
Satsunai,left,12.2,overflow,plus4K,70.6,0.9852
Satsunai,left,12.2,overflow,plus4K,70.8,0.9962
Satsunai,left,12.2,overflow,plus4K,71,0.9994
Satsunai,left,12.2,overflow,plus4K,71.2,1
Satsunai,left,12.2,overflow,plus4K,71.4,1
Satsunai,left,12.2,overflow,plus4K,71.6,1
Satsunai,left,12.2,overflow,plus4K,71.8,1
Satsunai,left,12.2,overflow,plus4K,72,1
Satsunai,left,12.2,overflow,plus4K,72.2,1
Satsunai,left,12.2,overflow,plus4K,72.4,1
Satsunai,left,12.2,overflow,plus4K,72.6,1
Satsunai,left,12.2,overflow,plus4K,72.8,1
Satsunai,left,12.4,overflow,historical,66.8,0
Satsunai,left,12.4,overflow,historical,67,0
Satsunai,left,12.4,overflow,historical,67.2,0
Satsunai,left,12.4,overflow,historical,67.4,0
Satsunai,left,12.4,overflow,historical,67.6,0
Satsunai,left,12.4,overflow,historical,67.8,0
Satsunai,left,12.4,overflow,historical,68,0
Satsunai,left,12.4,overflow,historical,68.2,0
Satsunai,left,12.4,overflow,historical,68.4,0
Satsunai,left,12.4,overflow,historical,68.6,0
Satsunai,left,12.4,overflow,historical,68.8,0
Satsunai,left,12.4,overflow,historical,69,0.0001
Satsunai,left,12.4,overflow,historical,69.2,0.0001
Satsunai,left,12.4,overflow,historical,69.4,0.0001
Satsunai,left,12.4,overflow,historical,69.6,0.0005
Satsunai,left,12.4,overflow,historical,69.8,0.0063
Satsunai,left,12.4,overflow,historical,70,0.0226
Satsunai,left,12.4,overflow,historical,70.2,0.0718
Satsunai,left,12.4,overflow,historical,70.4,0.1681
Satsunai,left,12.4,overflow,historical,70.6,0.3324
Satsunai,left,12.4,overflow,historical,70.8,0.5386
Satsunai,left,12.4,overflow,historical,71,0.7296
Satsunai,left,12.4,overflow,historical,71.2,0.8719
Satsunai,left,12.4,overflow,historical,71.4,0.9504
Satsunai,left,12.4,overflow,historical,71.6,0.9848
Satsunai,left,12.4,overflow,historical,71.8,0.9962
Satsunai,left,12.4,overflow,historical,72,0.9995
Satsunai,left,12.4,overflow,historical,72.2,0.9999
Satsunai,left,12.4,overflow,historical,72.4,1
Satsunai,left,12.4,overflow,historical,72.6,1
Satsunai,left,12.4,overflow,historical,72.8,1
Satsunai,left,12.4,overflow,historical,73,1
Satsunai,left,12.4,overflow,historical,73.2,1
Satsunai,left,12.4,overflow,historical,73.4,1
Satsunai,left,12.4,overflow,historical,73.6,1
Satsunai,left,12.4,overflow,historical,73.8,1
Satsunai,left,12.4,overflow,plus4K,66.8,0
Satsunai,left,12.4,overflow,plus4K,67,0
Satsunai,left,12.4,overflow,plus4K,67.2,0
Satsunai,left,12.4,overflow,plus4K,67.4,0
Satsunai,left,12.4,overflow,plus4K,67.6,0
Satsunai,left,12.4,overflow,plus4K,67.8,0
Satsunai,left,12.4,overflow,plus4K,68,0
Satsunai,left,12.4,overflow,plus4K,68.2,0
Satsunai,left,12.4,overflow,plus4K,68.4,0
Satsunai,left,12.4,overflow,plus4K,68.6,0
Satsunai,left,12.4,overflow,plus4K,68.8,0
Satsunai,left,12.4,overflow,plus4K,69,0.0001
Satsunai,left,12.4,overflow,plus4K,69.2,0.0001
Satsunai,left,12.4,overflow,plus4K,69.4,0.0001
Satsunai,left,12.4,overflow,plus4K,69.6,0.0005
Satsunai,left,12.4,overflow,plus4K,69.8,0.0063
Satsunai,left,12.4,overflow,plus4K,70,0.0226
Satsunai,left,12.4,overflow,plus4K,70.2,0.0718
Satsunai,left,12.4,overflow,plus4K,70.4,0.1681
Satsunai,left,12.4,overflow,plus4K,70.6,0.3324
Satsunai,left,12.4,overflow,plus4K,70.8,0.5386
Satsunai,left,12.4,overflow,plus4K,71,0.7296
Satsunai,left,12.4,overflow,plus4K,71.2,0.8719
Satsunai,left,12.4,overflow,plus4K,71.4,0.9504
Satsunai,left,12.4,overflow,plus4K,71.6,0.9848
Satsunai,left,12.4,overflow,plus4K,71.8,0.9962
Satsunai,left,12.4,overflow,plus4K,72,0.9995
Satsunai,left,12.4,overflow,plus4K,72.2,0.9999
Satsunai,left,12.4,overflow,plus4K,72.4,1
Satsunai,left,12.4,overflow,plus4K,72.6,1
Satsunai,left,12.4,overflow,plus4K,72.8,1
Satsunai,left,12.4,overflow,plus4K,73,1
Satsunai,left,12.4,overflow,plus4K,73.2,1
Satsunai,left,12.4,overflow,plus4K,73.4,1
Satsunai,left,12.4,overflow,plus4K,73.6,1
Satsunai,left,12.4,overflow,plus4K,73.8,1
Satsunai,left,12.6,overflow,historical,67.4,0
Satsunai,left,12.6,overflow,historical,67.6,0
Satsunai,left,12.6,overflow,historical,67.8,0
Satsunai,left,12.6,overflow,historical,68,0
Satsunai,left,12.6,overflow,historical,68.2,0
Satsunai,left,12.6,overflow,historical,68.4,0
Satsunai,left,12.6,overflow,historical,68.6,0
Satsunai,left,12.6,overflow,historical,68.8,0
Satsunai,left,12.6,overflow,historical,69,0
Satsunai,left,12.6,overflow,historical,69.2,0
Satsunai,left,12.6,overflow,historical,69.4,0
Satsunai,left,12.6,overflow,historical,69.6,0
Satsunai,left,12.6,overflow,historical,69.8,0
Satsunai,left,12.6,overflow,historical,70,0
Satsunai,left,12.6,overflow,historical,70.2,0.0001
Satsunai,left,12.6,overflow,historical,70.4,0.0004
Satsunai,left,12.6,overflow,historical,70.6,0.0012
Satsunai,left,12.6,overflow,historical,70.8,0.0083
Satsunai,left,12.6,overflow,historical,71,0.0317
Satsunai,left,12.6,overflow,historical,71.2,0.0907
Satsunai,left,12.6,overflow,historical,71.4,0.2024
Satsunai,left,12.6,overflow,historical,71.6,0.3758
Satsunai,left,12.6,overflow,historical,71.8,0.579
Satsunai,left,12.6,overflow,historical,72,0.7672
Satsunai,left,12.6,overflow,historical,72.2,0.8944
Satsunai,left,12.6,overflow,historical,72.4,0.9609
Satsunai,left,12.6,overflow,historical,72.6,0.9878
Satsunai,left,12.6,overflow,historical,72.8,0.9962
Satsunai,left,12.6,overflow,historical,73,0.9994
Satsunai,left,12.6,overflow,historical,73.2,0.9999
Satsunai,left,12.6,overflow,historical,73.4,1
Satsunai,left,12.6,overflow,historical,73.6,1
Satsunai,left,12.6,overflow,historical,73.8,1
Satsunai,left,12.6,overflow,historical,74,1
Satsunai,left,12.6,overflow,historical,74.2,1
Satsunai,left,12.6,overflow,historical,74.4,1
Satsunai,left,12.6,overflow,historical,74.6,1
Satsunai,left,12.6,overflow,historical,74.8,1
Satsunai,left,12.6,overflow,plus4K,67.4,0
Satsunai,left,12.6,overflow,plus4K,67.6,0
Satsunai,left,12.6,overflow,plus4K,67.8,0
Satsunai,left,12.6,overflow,plus4K,68,0
Satsunai,left,12.6,overflow,plus4K,68.2,0
Satsunai,left,12.6,overflow,plus4K,68.4,0
Satsunai,left,12.6,overflow,plus4K,68.6,0
Satsunai,left,12.6,overflow,plus4K,68.8,0
Satsunai,left,12.6,overflow,plus4K,69,0
Satsunai,left,12.6,overflow,plus4K,69.2,0
Satsunai,left,12.6,overflow,plus4K,69.4,0
Satsunai,left,12.6,overflow,plus4K,69.6,0
Satsunai,left,12.6,overflow,plus4K,69.8,0
Satsunai,left,12.6,overflow,plus4K,70,0
Satsunai,left,12.6,overflow,plus4K,70.2,0.0001
Satsunai,left,12.6,overflow,plus4K,70.4,0.0004
Satsunai,left,12.6,overflow,plus4K,70.6,0.0012
Satsunai,left,12.6,overflow,plus4K,70.8,0.0083
Satsunai,left,12.6,overflow,plus4K,71,0.0317
Satsunai,left,12.6,overflow,plus4K,71.2,0.0907
Satsunai,left,12.6,overflow,plus4K,71.4,0.2024
Satsunai,left,12.6,overflow,plus4K,71.6,0.3758
Satsunai,left,12.6,overflow,plus4K,71.8,0.579
Satsunai,left,12.6,overflow,plus4K,72,0.7672
Satsunai,left,12.6,overflow,plus4K,72.2,0.8944
Satsunai,left,12.6,overflow,plus4K,72.4,0.9609
Satsunai,left,12.6,overflow,plus4K,72.6,0.9878
Satsunai,left,12.6,overflow,plus4K,72.8,0.9962
Satsunai,left,12.6,overflow,plus4K,73,0.9994
Satsunai,left,12.6,overflow,plus4K,73.2,0.9999
Satsunai,left,12.6,overflow,plus4K,73.4,1
Satsunai,left,12.6,overflow,plus4K,73.6,1
Satsunai,left,12.6,overflow,plus4K,73.8,1
Satsunai,left,12.6,overflow,plus4K,74,1
Satsunai,left,12.6,overflow,plus4K,74.2,1
Satsunai,left,12.6,overflow,plus4K,74.4,1
Satsunai,left,12.6,overflow,plus4K,74.6,1
Satsunai,left,12.6,overflow,plus4K,74.8,1
Satsunai,left,12.8,overflow,historical,69,0
Satsunai,left,12.8,overflow,historical,69.2,0
Satsunai,left,12.8,overflow,historical,69.4,0
Satsunai,left,12.8,overflow,historical,69.6,0
Satsunai,left,12.8,overflow,historical,69.8,0
Satsunai,left,12.8,overflow,historical,70,0
Satsunai,left,12.8,overflow,historical,70.2,0
Satsunai,left,12.8,overflow,historical,70.4,0
Satsunai,left,12.8,overflow,historical,70.6,0
Satsunai,left,12.8,overflow,historical,70.8,0
Satsunai,left,12.8,overflow,historical,71,0.0001
Satsunai,left,12.8,overflow,historical,71.2,0.0018
Satsunai,left,12.8,overflow,historical,71.4,0.0078
Satsunai,left,12.8,overflow,historical,71.6,0.0298
Satsunai,left,12.8,overflow,historical,71.8,0.0916
Satsunai,left,12.8,overflow,historical,72,0.2096
Satsunai,left,12.8,overflow,historical,72.2,0.3893
Satsunai,left,12.8,overflow,historical,72.4,0.6055
Satsunai,left,12.8,overflow,historical,72.6,0.7873
Satsunai,left,12.8,overflow,historical,72.8,0.9079
Satsunai,left,12.8,overflow,historical,73,0.9693
Satsunai,left,12.8,overflow,historical,73.2,0.9923
Satsunai,left,12.8,overflow,historical,73.4,0.998
Satsunai,left,12.8,overflow,historical,73.6,0.9996
Satsunai,left,12.8,overflow,historical,73.8,0.9999
Satsunai,left,12.8,overflow,historical,74,0.9999
Satsunai,left,12.8,overflow,historical,74.2,1
Satsunai,left,12.8,overflow,historical,74.4,1
Satsunai,left,12.8,overflow,historical,74.6,1
Satsunai,left,12.8,overflow,historical,74.8,1
Satsunai,left,12.8,overflow,historical,75,1
Satsunai,left,12.8,overflow,historical,75.2,1
Satsunai,left,12.8,overflow,historical,75.4,1
Satsunai,left,12.8,overflow,plus4K,69,0
Satsunai,left,12.8,overflow,plus4K,69.2,0
Satsunai,left,12.8,overflow,plus4K,69.4,0
Satsunai,left,12.8,overflow,plus4K,69.6,0
Satsunai,left,12.8,overflow,plus4K,69.8,0
Satsunai,left,12.8,overflow,plus4K,70,0
Satsunai,left,12.8,overflow,plus4K,70.2,0
Satsunai,left,12.8,overflow,plus4K,70.4,0
Satsunai,left,12.8,overflow,plus4K,70.6,0
Satsunai,left,12.8,overflow,plus4K,70.8,0
Satsunai,left,12.8,overflow,plus4K,71,0.0001
Satsunai,left,12.8,overflow,plus4K,71.2,0.0018
Satsunai,left,12.8,overflow,plus4K,71.4,0.0078
Satsunai,left,12.8,overflow,plus4K,71.6,0.0298
Satsunai,left,12.8,overflow,plus4K,71.8,0.0916
Satsunai,left,12.8,overflow,plus4K,72,0.2096
Satsunai,left,12.8,overflow,plus4K,72.2,0.3893
Satsunai,left,12.8,overflow,plus4K,72.4,0.6055
Satsunai,left,12.8,overflow,plus4K,72.6,0.7873
Satsunai,left,12.8,overflow,plus4K,72.8,0.9079
Satsunai,left,12.8,overflow,plus4K,73,0.9693
Satsunai,left,12.8,overflow,plus4K,73.2,0.9923
Satsunai,left,12.8,overflow,plus4K,73.4,0.998
Satsunai,left,12.8,overflow,plus4K,73.6,0.9996
Satsunai,left,12.8,overflow,plus4K,73.8,0.9999
Satsunai,left,12.8,overflow,plus4K,74,0.9999
Satsunai,left,12.8,overflow,plus4K,74.2,1
Satsunai,left,12.8,overflow,plus4K,74.4,1
Satsunai,left,12.8,overflow,plus4K,74.6,1
Satsunai,left,12.8,overflow,plus4K,74.8,1
Satsunai,left,12.8,overflow,plus4K,75,1
Satsunai,left,12.8,overflow,plus4K,75.2,1
Satsunai,left,12.8,overflow,plus4K,75.4,1
Satsunai,left,13,overflow,historical,69.6,0
Satsunai,left,13,overflow,historical,69.8,0
Satsunai,left,13,overflow,historical,70,0
Satsunai,left,13,overflow,historical,70.2,0
Satsunai,left,13,overflow,historical,70.4,0
Satsunai,left,13,overflow,historical,70.6,0
Satsunai,left,13,overflow,historical,70.8,0
Satsunai,left,13,overflow,historical,71,0
Satsunai,left,13,overflow,historical,71.2,0
Satsunai,left,13,overflow,historical,71.4,0.0001
Satsunai,left,13,overflow,historical,71.6,0.0003
Satsunai,left,13,overflow,historical,71.8,0.0019
Satsunai,left,13,overflow,historical,72,0.0064
Satsunai,left,13,overflow,historical,72.2,0.0228
Satsunai,left,13,overflow,historical,72.4,0.072
Satsunai,left,13,overflow,historical,72.6,0.1754
Satsunai,left,13,overflow,historical,72.8,0.3475
Satsunai,left,13,overflow,historical,73,0.5508
Satsunai,left,13,overflow,historical,73.2,0.7424
Satsunai,left,13,overflow,historical,73.4,0.8779
Satsunai,left,13,overflow,historical,73.6,0.9551
Satsunai,left,13,overflow,historical,73.8,0.9883
Satsunai,left,13,overflow,historical,74,0.997
Satsunai,left,13,overflow,historical,74.2,0.9997
Satsunai,left,13,overflow,historical,74.4,0.9999
Satsunai,left,13,overflow,historical,74.6,1
Satsunai,left,13,overflow,historical,74.8,1
Satsunai,left,13,overflow,historical,75,1
Satsunai,left,13,overflow,historical,75.2,1
Satsunai,left,13,overflow,historical,75.4,1
Satsunai,left,13,overflow,historical,75.6,1
Satsunai,left,13,overflow,historical,75.8,1
Satsunai,left,13,overflow,historical,76,1
Satsunai,left,13,overflow,plus4K,69.6,0
Satsunai,left,13,overflow,plus4K,69.8,0
Satsunai,left,13,overflow,plus4K,70,0
Satsunai,left,13,overflow,plus4K,70.2,0
Satsunai,left,13,overflow,plus4K,70.4,0
Satsunai,left,13,overflow,plus4K,70.6,0
Satsunai,left,13,overflow,plus4K,70.8,0
Satsunai,left,13,overflow,plus4K,71,0
Satsunai,left,13,overflow,plus4K,71.2,0
Satsunai,left,13,overflow,plus4K,71.4,0.0001
Satsunai,left,13,overflow,plus4K,71.6,0.0003
Satsunai,left,13,overflow,plus4K,71.8,0.0019
Satsunai,left,13,overflow,plus4K,72,0.0064
Satsunai,left,13,overflow,plus4K,72.2,0.0228
Satsunai,left,13,overflow,plus4K,72.4,0.072
Satsunai,left,13,overflow,plus4K,72.6,0.1754
Satsunai,left,13,overflow,plus4K,72.8,0.3475
Satsunai,left,13,overflow,plus4K,73,0.5508
Satsunai,left,13,overflow,plus4K,73.2,0.7424
Satsunai,left,13,overflow,plus4K,73.4,0.8779
Satsunai,left,13,overflow,plus4K,73.6,0.9551
Satsunai,left,13,overflow,plus4K,73.8,0.9883
Satsunai,left,13,overflow,plus4K,74,0.997
Satsunai,left,13,overflow,plus4K,74.2,0.9997
Satsunai,left,13,overflow,plus4K,74.4,0.9999
Satsunai,left,13,overflow,plus4K,74.6,1
Satsunai,left,13,overflow,plus4K,74.8,1
Satsunai,left,13,overflow,plus4K,75,1
Satsunai,left,13,overflow,plus4K,75.2,1
Satsunai,left,13,overflow,plus4K,75.4,1
Satsunai,left,13,overflow,plus4K,75.6,1
Satsunai,left,13,overflow,plus4K,75.8,1
Satsunai,left,13,overflow,plus4K,76,1
Satsunai,left,13.2,overflow,historical,70,0
Satsunai,left,13.2,overflow,historical,70.2,0
Satsunai,left,13.2,overflow,historical,70.4,0
Satsunai,left,13.2,overflow,historical,70.6,0
Satsunai,left,13.2,overflow,historical,70.8,0
Satsunai,left,13.2,overflow,historical,71,0
Satsunai,left,13.2,overflow,historical,71.2,0
Satsunai,left,13.2,overflow,historical,71.4,0
Satsunai,left,13.2,overflow,historical,71.6,0
Satsunai,left,13.2,overflow,historical,71.8,0
Satsunai,left,13.2,overflow,historical,72,0
Satsunai,left,13.2,overflow,historical,72.2,0.0002
Satsunai,left,13.2,overflow,historical,72.4,0.0017
Satsunai,left,13.2,overflow,historical,72.6,0.0068
Satsunai,left,13.2,overflow,historical,72.8,0.0235
Satsunai,left,13.2,overflow,historical,73,0.0768
Satsunai,left,13.2,overflow,historical,73.2,0.189
Satsunai,left,13.2,overflow,historical,73.4,0.3569
Satsunai,left,13.2,overflow,historical,73.6,0.559
Satsunai,left,13.2,overflow,historical,73.8,0.7507
Satsunai,left,13.2,overflow,historical,74,0.8835
Satsunai,left,13.2,overflow,historical,74.2,0.955
Satsunai,left,13.2,overflow,historical,74.4,0.9862
Satsunai,left,13.2,overflow,historical,74.6,0.997
Satsunai,left,13.2,overflow,historical,74.8,0.9997
Satsunai,left,13.2,overflow,historical,75,1
Satsunai,left,13.2,overflow,historical,75.2,1
Satsunai,left,13.2,overflow,historical,75.4,1
Satsunai,left,13.2,overflow,historical,75.6,1
Satsunai,left,13.2,overflow,historical,75.8,1
Satsunai,left,13.2,overflow,historical,76,1
Satsunai,left,13.2,overflow,historical,76.2,1
Satsunai,left,13.2,overflow,historical,76.4,1
Satsunai,left,13.2,overflow,historical,76.6,1
Satsunai,left,13.2,overflow,plus4K,70,0
Satsunai,left,13.2,overflow,plus4K,70.2,0
Satsunai,left,13.2,overflow,plus4K,70.4,0
Satsunai,left,13.2,overflow,plus4K,70.6,0
Satsunai,left,13.2,overflow,plus4K,70.8,0
Satsunai,left,13.2,overflow,plus4K,71,0
Satsunai,left,13.2,overflow,plus4K,71.2,0
Satsunai,left,13.2,overflow,plus4K,71.4,0
Satsunai,left,13.2,overflow,plus4K,71.6,0
Satsunai,left,13.2,overflow,plus4K,71.8,0
Satsunai,left,13.2,overflow,plus4K,72,0
Satsunai,left,13.2,overflow,plus4K,72.2,0.0002
Satsunai,left,13.2,overflow,plus4K,72.4,0.0017
Satsunai,left,13.2,overflow,plus4K,72.6,0.0068
Satsunai,left,13.2,overflow,plus4K,72.8,0.0235
Satsunai,left,13.2,overflow,plus4K,73,0.0768
Satsunai,left,13.2,overflow,plus4K,73.2,0.189
Satsunai,left,13.2,overflow,plus4K,73.4,0.3569
Satsunai,left,13.2,overflow,plus4K,73.6,0.559
Satsunai,left,13.2,overflow,plus4K,73.8,0.7507
Satsunai,left,13.2,overflow,plus4K,74,0.8835
Satsunai,left,13.2,overflow,plus4K,74.2,0.955
Satsunai,left,13.2,overflow,plus4K,74.4,0.9862
Satsunai,left,13.2,overflow,plus4K,74.6,0.997
Satsunai,left,13.2,overflow,plus4K,74.8,0.9997
Satsunai,left,13.2,overflow,plus4K,75,1
Satsunai,left,13.2,overflow,plus4K,75.2,1
Satsunai,left,13.2,overflow,plus4K,75.4,1
Satsunai,left,13.2,overflow,plus4K,75.6,1
Satsunai,left,13.2,overflow,plus4K,75.8,1
Satsunai,left,13.2,overflow,plus4K,76,1
Satsunai,left,13.2,overflow,plus4K,76.2,1
Satsunai,left,13.2,overflow,plus4K,76.4,1
Satsunai,left,13.2,overflow,plus4K,76.6,1
Satsunai,left,13.4,overflow,historical,71,0
Satsunai,left,13.4,overflow,historical,71.2,0
Satsunai,left,13.4,overflow,historical,71.4,0
Satsunai,left,13.4,overflow,historical,71.6,0
Satsunai,left,13.4,overflow,historical,71.8,0
Satsunai,left,13.4,overflow,historical,72,0
Satsunai,left,13.4,overflow,historical,72.2,0
Satsunai,left,13.4,overflow,historical,72.4,0
Satsunai,left,13.4,overflow,historical,72.6,0
Satsunai,left,13.4,overflow,historical,72.8,0
Satsunai,left,13.4,overflow,historical,73,0.0001
Satsunai,left,13.4,overflow,historical,73.2,0.0006
Satsunai,left,13.4,overflow,historical,73.4,0.0036
Satsunai,left,13.4,overflow,historical,73.6,0.0176
Satsunai,left,13.4,overflow,historical,73.8,0.0591
Satsunai,left,13.4,overflow,historical,74,0.1515
Satsunai,left,13.4,overflow,historical,74.2,0.2989
Satsunai,left,13.4,overflow,historical,74.4,0.4948
Satsunai,left,13.4,overflow,historical,74.6,0.6948
Satsunai,left,13.4,overflow,historical,74.8,0.8495
Satsunai,left,13.4,overflow,historical,75,0.942
Satsunai,left,13.4,overflow,historical,75.2,0.9837
Satsunai,left,13.4,overflow,historical,75.4,0.9965
Satsunai,left,13.4,overflow,historical,75.6,0.9992
Satsunai,left,13.4,overflow,historical,75.8,0.9999
Satsunai,left,13.4,overflow,historical,76,1
Satsunai,left,13.4,overflow,historical,76.2,1
Satsunai,left,13.4,overflow,historical,76.4,1
Satsunai,left,13.4,overflow,historical,76.6,1
Satsunai,left,13.4,overflow,historical,76.8,1
Satsunai,left,13.4,overflow,historical,77,1
Satsunai,left,13.4,overflow,historical,77.2,1
Satsunai,left,13.4,overflow,historical,77.4,1
Satsunai,left,13.4,overflow,plus4K,71,0
Satsunai,left,13.4,overflow,plus4K,71.2,0
Satsunai,left,13.4,overflow,plus4K,71.4,0
Satsunai,left,13.4,overflow,plus4K,71.6,0
Satsunai,left,13.4,overflow,plus4K,71.8,0
Satsunai,left,13.4,overflow,plus4K,72,0
Satsunai,left,13.4,overflow,plus4K,72.2,0
Satsunai,left,13.4,overflow,plus4K,72.4,0
Satsunai,left,13.4,overflow,plus4K,72.6,0
Satsunai,left,13.4,overflow,plus4K,72.8,0
Satsunai,left,13.4,overflow,plus4K,73,0.0001
Satsunai,left,13.4,overflow,plus4K,73.2,0.0006
Satsunai,left,13.4,overflow,plus4K,73.4,0.0036
Satsunai,left,13.4,overflow,plus4K,73.6,0.0176
Satsunai,left,13.4,overflow,plus4K,73.8,0.0591
Satsunai,left,13.4,overflow,plus4K,74,0.1515
Satsunai,left,13.4,overflow,plus4K,74.2,0.2989
Satsunai,left,13.4,overflow,plus4K,74.4,0.4948
Satsunai,left,13.4,overflow,plus4K,74.6,0.6948
Satsunai,left,13.4,overflow,plus4K,74.8,0.8495
Satsunai,left,13.4,overflow,plus4K,75,0.942
Satsunai,left,13.4,overflow,plus4K,75.2,0.9837
Satsunai,left,13.4,overflow,plus4K,75.4,0.9965
Satsunai,left,13.4,overflow,plus4K,75.6,0.9992
Satsunai,left,13.4,overflow,plus4K,75.8,0.9999
Satsunai,left,13.4,overflow,plus4K,76,1
Satsunai,left,13.4,overflow,plus4K,76.2,1
Satsunai,left,13.4,overflow,plus4K,76.4,1
Satsunai,left,13.4,overflow,plus4K,76.6,1
Satsunai,left,13.4,overflow,plus4K,76.8,1
Satsunai,left,13.4,overflow,plus4K,77,1
Satsunai,left,13.4,overflow,plus4K,77.2,1
Satsunai,left,13.4,overflow,plus4K,77.4,1
Satsunai,left,13.6,overflow,historical,71,0
Satsunai,left,13.6,overflow,historical,71.2,0
Satsunai,left,13.6,overflow,historical,71.4,0
Satsunai,left,13.6,overflow,historical,71.6,0
Satsunai,left,13.6,overflow,historical,71.8,0
Satsunai,left,13.6,overflow,historical,72,0
Satsunai,left,13.6,overflow,historical,72.2,0
Satsunai,left,13.6,overflow,historical,72.4,0
Satsunai,left,13.6,overflow,historical,72.6,0
Satsunai,left,13.6,overflow,historical,72.8,0
Satsunai,left,13.6,overflow,historical,73,0
Satsunai,left,13.6,overflow,historical,73.2,0
Satsunai,left,13.6,overflow,historical,73.4,0.0001
Satsunai,left,13.6,overflow,historical,73.6,0.0006
Satsunai,left,13.6,overflow,historical,73.8,0.0033
Satsunai,left,13.6,overflow,historical,74,0.0149
Satsunai,left,13.6,overflow,historical,74.2,0.0509
Satsunai,left,13.6,overflow,historical,74.4,0.1346
Satsunai,left,13.6,overflow,historical,74.6,0.2755
Satsunai,left,13.6,overflow,historical,74.8,0.4737
Satsunai,left,13.6,overflow,historical,75,0.6755
Satsunai,left,13.6,overflow,historical,75.2,0.8306
Satsunai,left,13.6,overflow,historical,75.4,0.9329
Satsunai,left,13.6,overflow,historical,75.6,0.979
Satsunai,left,13.6,overflow,historical,75.8,0.9962
Satsunai,left,13.6,overflow,historical,76,0.9997
Satsunai,left,13.6,overflow,historical,76.2,1
Satsunai,left,13.6,overflow,historical,76.4,1
Satsunai,left,13.6,overflow,historical,76.6,1
Satsunai,left,13.6,overflow,historical,76.8,1
Satsunai,left,13.6,overflow,historical,77,1
Satsunai,left,13.6,overflow,historical,77.2,1
Satsunai,left,13.6,overflow,historical,77.4,1
Satsunai,left,13.6,overflow,historical,77.6,1
Satsunai,left,13.6,overflow,historical,77.8,1
Satsunai,left,13.6,overflow,plus4K,71,0
Satsunai,left,13.6,overflow,plus4K,71.2,0
Satsunai,left,13.6,overflow,plus4K,71.4,0
Satsunai,left,13.6,overflow,plus4K,71.6,0
Satsunai,left,13.6,overflow,plus4K,71.8,0
Satsunai,left,13.6,overflow,plus4K,72,0
Satsunai,left,13.6,overflow,plus4K,72.2,0
Satsunai,left,13.6,overflow,plus4K,72.4,0
Satsunai,left,13.6,overflow,plus4K,72.6,0
Satsunai,left,13.6,overflow,plus4K,72.8,0
Satsunai,left,13.6,overflow,plus4K,73,0
Satsunai,left,13.6,overflow,plus4K,73.2,0
Satsunai,left,13.6,overflow,plus4K,73.4,0.0001
Satsunai,left,13.6,overflow,plus4K,73.6,0.0006
Satsunai,left,13.6,overflow,plus4K,73.8,0.0033
Satsunai,left,13.6,overflow,plus4K,74,0.0149
Satsunai,left,13.6,overflow,plus4K,74.2,0.0509
Satsunai,left,13.6,overflow,plus4K,74.4,0.1346
Satsunai,left,13.6,overflow,plus4K,74.6,0.2755
Satsunai,left,13.6,overflow,plus4K,74.8,0.4737
Satsunai,left,13.6,overflow,plus4K,75,0.6755
Satsunai,left,13.6,overflow,plus4K,75.2,0.8306
Satsunai,left,13.6,overflow,plus4K,75.4,0.9329
Satsunai,left,13.6,overflow,plus4K,75.6,0.979
Satsunai,left,13.6,overflow,plus4K,75.8,0.9962
Satsunai,left,13.6,overflow,plus4K,76,0.9997
Satsunai,left,13.6,overflow,plus4K,76.2,1
Satsunai,left,13.6,overflow,plus4K,76.4,1
Satsunai,left,13.6,overflow,plus4K,76.6,1
Satsunai,left,13.6,overflow,plus4K,76.8,1
Satsunai,left,13.6,overflow,plus4K,77,1
Satsunai,left,13.6,overflow,plus4K,77.2,1
Satsunai,left,13.6,overflow,plus4K,77.4,1
Satsunai,left,13.6,overflow,plus4K,77.6,1
Satsunai,left,13.6,overflow,plus4K,77.8,1
Satsunai,left,13.8,overflow,historical,71.6,0
Satsunai,left,13.8,overflow,historical,71.8,0
Satsunai,left,13.8,overflow,historical,72,0
Satsunai,left,13.8,overflow,historical,72.2,0
Satsunai,left,13.8,overflow,historical,72.4,0
Satsunai,left,13.8,overflow,historical,72.6,0
Satsunai,left,13.8,overflow,historical,72.8,0
Satsunai,left,13.8,overflow,historical,73,0
Satsunai,left,13.8,overflow,historical,73.2,0
Satsunai,left,13.8,overflow,historical,73.4,0
Satsunai,left,13.8,overflow,historical,73.6,0
Satsunai,left,13.8,overflow,historical,73.8,0
Satsunai,left,13.8,overflow,historical,74,0
Satsunai,left,13.8,overflow,historical,74.2,0.0002
Satsunai,left,13.8,overflow,historical,74.4,0.0015
Satsunai,left,13.8,overflow,historical,74.6,0.0073
Satsunai,left,13.8,overflow,historical,74.8,0.0282
Satsunai,left,13.8,overflow,historical,75,0.0813
Satsunai,left,13.8,overflow,historical,75.2,0.1955
Satsunai,left,13.8,overflow,historical,75.4,0.3682
Satsunai,left,13.8,overflow,historical,75.6,0.574
Satsunai,left,13.8,overflow,historical,75.8,0.7605
Satsunai,left,13.8,overflow,historical,76,0.8906
Satsunai,left,13.8,overflow,historical,76.2,0.9633
Satsunai,left,13.8,overflow,historical,76.4,0.9899
Satsunai,left,13.8,overflow,historical,76.6,0.9984
Satsunai,left,13.8,overflow,historical,76.8,0.9996
Satsunai,left,13.8,overflow,historical,77,0.9998
Satsunai,left,13.8,overflow,historical,77.2,1
Satsunai,left,13.8,overflow,historical,77.4,1
Satsunai,left,13.8,overflow,historical,77.6,1
Satsunai,left,13.8,overflow,historical,77.8,1
Satsunai,left,13.8,overflow,historical,78,1
Satsunai,left,13.8,overflow,historical,78.2,1
Satsunai,left,13.8,overflow,historical,78.4,1
Satsunai,left,13.8,overflow,historical,78.6,1
Satsunai,left,13.8,overflow,plus4K,71.6,0
Satsunai,left,13.8,overflow,plus4K,71.8,0
Satsunai,left,13.8,overflow,plus4K,72,0
Satsunai,left,13.8,overflow,plus4K,72.2,0
Satsunai,left,13.8,overflow,plus4K,72.4,0
Satsunai,left,13.8,overflow,plus4K,72.6,0
Satsunai,left,13.8,overflow,plus4K,72.8,0
Satsunai,left,13.8,overflow,plus4K,73,0
Satsunai,left,13.8,overflow,plus4K,73.2,0
Satsunai,left,13.8,overflow,plus4K,73.4,0
Satsunai,left,13.8,overflow,plus4K,73.6,0
Satsunai,left,13.8,overflow,plus4K,73.8,0
Satsunai,left,13.8,overflow,plus4K,74,0
Satsunai,left,13.8,overflow,plus4K,74.2,0.0002
Satsunai,left,13.8,overflow,plus4K,74.4,0.0015
Satsunai,left,13.8,overflow,plus4K,74.6,0.0073
Satsunai,left,13.8,overflow,plus4K,74.8,0.0282
Satsunai,left,13.8,overflow,plus4K,75,0.0813
Satsunai,left,13.8,overflow,plus4K,75.2,0.1955
Satsunai,left,13.8,overflow,plus4K,75.4,0.3682
Satsunai,left,13.8,overflow,plus4K,75.6,0.574
Satsunai,left,13.8,overflow,plus4K,75.8,0.7605
Satsunai,left,13.8,overflow,plus4K,76,0.8906
Satsunai,left,13.8,overflow,plus4K,76.2,0.9633
Satsunai,left,13.8,overflow,plus4K,76.4,0.9899
Satsunai,left,13.8,overflow,plus4K,76.6,0.9984
Satsunai,left,13.8,overflow,plus4K,76.8,0.9996
Satsunai,left,13.8,overflow,plus4K,77,0.9998
Satsunai,left,13.8,overflow,plus4K,77.2,1
Satsunai,left,13.8,overflow,plus4K,77.4,1
Satsunai,left,13.8,overflow,plus4K,77.6,1
Satsunai,left,13.8,overflow,plus4K,77.8,1
Satsunai,left,13.8,overflow,plus4K,78,1
Satsunai,left,13.8,overflow,plus4K,78.2,1
Satsunai,left,13.8,overflow,plus4K,78.4,1
Satsunai,left,13.8,overflow,plus4K,78.6,1
Satsunai,left,14,overflow,historical,72.2,0
Satsunai,left,14,overflow,historical,72.4,0
Satsunai,left,14,overflow,historical,72.6,0
Satsunai,left,14,overflow,historical,72.8,0
Satsunai,left,14,overflow,historical,73,0
Satsunai,left,14,overflow,historical,73.2,0
Satsunai,left,14,overflow,historical,73.4,0
Satsunai,left,14,overflow,historical,73.6,0
Satsunai,left,14,overflow,historical,73.8,0
Satsunai,left,14,overflow,historical,74,0
Satsunai,left,14,overflow,historical,74.2,0
Satsunai,left,14,overflow,historical,74.4,0
Satsunai,left,14,overflow,historical,74.6,0
Satsunai,left,14,overflow,historical,74.8,0.0001
Satsunai,left,14,overflow,historical,75,0.0008
Satsunai,left,14,overflow,historical,75.2,0.0041
Satsunai,left,14,overflow,historical,75.4,0.014
Satsunai,left,14,overflow,historical,75.6,0.0486
Satsunai,left,14,overflow,historical,75.8,0.1314
Satsunai,left,14,overflow,historical,76,0.2794
Satsunai,left,14,overflow,historical,76.2,0.4773
Satsunai,left,14,overflow,historical,76.4,0.6802
Satsunai,left,14,overflow,historical,76.6,0.8429
Satsunai,left,14,overflow,historical,76.8,0.9383
Satsunai,left,14,overflow,historical,77,0.981
Satsunai,left,14,overflow,historical,77.2,0.9953
Satsunai,left,14,overflow,historical,77.4,0.9991
Satsunai,left,14,overflow,historical,77.6,0.9998
Satsunai,left,14,overflow,historical,77.8,1
Satsunai,left,14,overflow,historical,78,1
Satsunai,left,14,overflow,historical,78.2,1
Satsunai,left,14,overflow,historical,78.4,1
Satsunai,left,14,overflow,historical,78.6,1
Satsunai,left,14,overflow,historical,78.8,1
Satsunai,left,14,overflow,historical,79,1
Satsunai,left,14,overflow,historical,79.2,1
Satsunai,left,14,overflow,plus4K,72.2,0
Satsunai,left,14,overflow,plus4K,72.4,0
Satsunai,left,14,overflow,plus4K,72.6,0
Satsunai,left,14,overflow,plus4K,72.8,0
Satsunai,left,14,overflow,plus4K,73,0
Satsunai,left,14,overflow,plus4K,73.2,0
Satsunai,left,14,overflow,plus4K,73.4,0
Satsunai,left,14,overflow,plus4K,73.6,0
Satsunai,left,14,overflow,plus4K,73.8,0
Satsunai,left,14,overflow,plus4K,74,0
Satsunai,left,14,overflow,plus4K,74.2,0
Satsunai,left,14,overflow,plus4K,74.4,0
Satsunai,left,14,overflow,plus4K,74.6,0
Satsunai,left,14,overflow,plus4K,74.8,0.0001
Satsunai,left,14,overflow,plus4K,75,0.0008
Satsunai,left,14,overflow,plus4K,75.2,0.0041
Satsunai,left,14,overflow,plus4K,75.4,0.014
Satsunai,left,14,overflow,plus4K,75.6,0.0486
Satsunai,left,14,overflow,plus4K,75.8,0.1314
Satsunai,left,14,overflow,plus4K,76,0.2794
Satsunai,left,14,overflow,plus4K,76.2,0.4773
Satsunai,left,14,overflow,plus4K,76.4,0.6802
Satsunai,left,14,overflow,plus4K,76.6,0.8429
Satsunai,left,14,overflow,plus4K,76.8,0.9383
Satsunai,left,14,overflow,plus4K,77,0.981
Satsunai,left,14,overflow,plus4K,77.2,0.9953
Satsunai,left,14,overflow,plus4K,77.4,0.9991
Satsunai,left,14,overflow,plus4K,77.6,0.9998
Satsunai,left,14,overflow,plus4K,77.8,1
Satsunai,left,14,overflow,plus4K,78,1
Satsunai,left,14,overflow,plus4K,78.2,1
Satsunai,left,14,overflow,plus4K,78.4,1
Satsunai,left,14,overflow,plus4K,78.6,1
Satsunai,left,14,overflow,plus4K,78.8,1
Satsunai,left,14,overflow,plus4K,79,1
Satsunai,left,14,overflow,plus4K,79.2,1
Satsunai,left,14.2,overflow,historical,73.4,0
Satsunai,left,14.2,overflow,historical,73.6,0
Satsunai,left,14.2,overflow,historical,73.8,0
Satsunai,left,14.2,overflow,historical,74,0
Satsunai,left,14.2,overflow,historical,74.2,0
Satsunai,left,14.2,overflow,historical,74.4,0
Satsunai,left,14.2,overflow,historical,74.6,0
Satsunai,left,14.2,overflow,historical,74.8,0
Satsunai,left,14.2,overflow,historical,75,0
Satsunai,left,14.2,overflow,historical,75.2,0
Satsunai,left,14.2,overflow,historical,75.4,0
Satsunai,left,14.2,overflow,historical,75.6,0
Satsunai,left,14.2,overflow,historical,75.8,0
Satsunai,left,14.2,overflow,historical,76,0
Satsunai,left,14.2,overflow,historical,76.2,0.0002
Satsunai,left,14.2,overflow,historical,76.4,0.0033
Satsunai,left,14.2,overflow,historical,76.6,0.016
Satsunai,left,14.2,overflow,historical,76.8,0.0536
Satsunai,left,14.2,overflow,historical,77,0.1436
Satsunai,left,14.2,overflow,historical,77.2,0.2993
Satsunai,left,14.2,overflow,historical,77.4,0.4937
Satsunai,left,14.2,overflow,historical,77.6,0.69
Satsunai,left,14.2,overflow,historical,77.8,0.8481
Satsunai,left,14.2,overflow,historical,78,0.9404
Satsunai,left,14.2,overflow,historical,78.2,0.9824
Satsunai,left,14.2,overflow,historical,78.4,0.9964
Satsunai,left,14.2,overflow,historical,78.6,0.9993
Satsunai,left,14.2,overflow,historical,78.8,0.9999
Satsunai,left,14.2,overflow,historical,79,1
Satsunai,left,14.2,overflow,historical,79.2,1
Satsunai,left,14.2,overflow,historical,79.4,1
Satsunai,left,14.2,overflow,historical,79.6,1
Satsunai,left,14.2,overflow,historical,79.8,1
Satsunai,left,14.2,overflow,historical,80,1
Satsunai,left,14.2,overflow,historical,80.2,1
Satsunai,left,14.2,overflow,historical,80.4,1
Satsunai,left,14.2,overflow,plus4K,73.4,0
Satsunai,left,14.2,overflow,plus4K,73.6,0
Satsunai,left,14.2,overflow,plus4K,73.8,0
Satsunai,left,14.2,overflow,plus4K,74,0
Satsunai,left,14.2,overflow,plus4K,74.2,0
Satsunai,left,14.2,overflow,plus4K,74.4,0
Satsunai,left,14.2,overflow,plus4K,74.6,0
Satsunai,left,14.2,overflow,plus4K,74.8,0
Satsunai,left,14.2,overflow,plus4K,75,0
Satsunai,left,14.2,overflow,plus4K,75.2,0
Satsunai,left,14.2,overflow,plus4K,75.4,0
Satsunai,left,14.2,overflow,plus4K,75.6,0
Satsunai,left,14.2,overflow,plus4K,75.8,0
Satsunai,left,14.2,overflow,plus4K,76,0
Satsunai,left,14.2,overflow,plus4K,76.2,0.0002
Satsunai,left,14.2,overflow,plus4K,76.4,0.0033
Satsunai,left,14.2,overflow,plus4K,76.6,0.016
Satsunai,left,14.2,overflow,plus4K,76.8,0.0536
Satsunai,left,14.2,overflow,plus4K,77,0.1436
Satsunai,left,14.2,overflow,plus4K,77.2,0.2993
Satsunai,left,14.2,overflow,plus4K,77.4,0.4937
Satsunai,left,14.2,overflow,plus4K,77.6,0.69
Satsunai,left,14.2,overflow,plus4K,77.8,0.8481
Satsunai,left,14.2,overflow,plus4K,78,0.9404
Satsunai,left,14.2,overflow,plus4K,78.2,0.9824
Satsunai,left,14.2,overflow,plus4K,78.4,0.9964
Satsunai,left,14.2,overflow,plus4K,78.6,0.9993
Satsunai,left,14.2,overflow,plus4K,78.8,0.9999
Satsunai,left,14.2,overflow,plus4K,79,1
Satsunai,left,14.2,overflow,plus4K,79.2,1
Satsunai,left,14.2,overflow,plus4K,79.4,1
Satsunai,left,14.2,overflow,plus4K,79.6,1
Satsunai,left,14.2,overflow,plus4K,79.8,1
Satsunai,left,14.2,overflow,plus4K,80,1
Satsunai,left,14.2,overflow,plus4K,80.2,1
Satsunai,left,14.2,overflow,plus4K,80.4,1
Satsunai,left,14.4,overflow,historical,74.6,0
Satsunai,left,14.4,overflow,historical,74.8,0
Satsunai,left,14.4,overflow,historical,75,0
Satsunai,left,14.4,overflow,historical,75.2,0
Satsunai,left,14.4,overflow,historical,75.4,0
Satsunai,left,14.4,overflow,historical,75.6,0
Satsunai,left,14.4,overflow,historical,75.8,0
Satsunai,left,14.4,overflow,historical,76,0
Satsunai,left,14.4,overflow,historical,76.2,0
Satsunai,left,14.4,overflow,historical,76.4,0
Satsunai,left,14.4,overflow,historical,76.6,0
Satsunai,left,14.4,overflow,historical,76.8,0
Satsunai,left,14.4,overflow,historical,77,0
Satsunai,left,14.4,overflow,historical,77.2,0.0003
Satsunai,left,14.4,overflow,historical,77.4,0.0033
Satsunai,left,14.4,overflow,historical,77.6,0.0153
Satsunai,left,14.4,overflow,historical,77.8,0.0486
Satsunai,left,14.4,overflow,historical,78,0.1335
Satsunai,left,14.4,overflow,historical,78.2,0.2804
Satsunai,left,14.4,overflow,historical,78.4,0.4726
Satsunai,left,14.4,overflow,historical,78.6,0.6782
Satsunai,left,14.4,overflow,historical,78.8,0.8328
Satsunai,left,14.4,overflow,historical,79,0.9338
Satsunai,left,14.4,overflow,historical,79.2,0.9789
Satsunai,left,14.4,overflow,historical,79.4,0.9937
Satsunai,left,14.4,overflow,historical,79.6,0.9986
Satsunai,left,14.4,overflow,historical,79.8,0.9997
Satsunai,left,14.4,overflow,historical,80,1
Satsunai,left,14.4,overflow,historical,80.2,1
Satsunai,left,14.4,overflow,historical,80.4,1
Satsunai,left,14.4,overflow,historical,80.6,1
Satsunai,left,14.4,overflow,historical,80.8,1
Satsunai,left,14.4,overflow,historical,81,1
Satsunai,left,14.4,overflow,historical,81.2,1
Satsunai,left,14.4,overflow,historical,81.4,1
Satsunai,left,14.4,overflow,plus4K,74.6,0
Satsunai,left,14.4,overflow,plus4K,74.8,0
Satsunai,left,14.4,overflow,plus4K,75,0
Satsunai,left,14.4,overflow,plus4K,75.2,0
Satsunai,left,14.4,overflow,plus4K,75.4,0
Satsunai,left,14.4,overflow,plus4K,75.6,0
Satsunai,left,14.4,overflow,plus4K,75.8,0
Satsunai,left,14.4,overflow,plus4K,76,0
Satsunai,left,14.4,overflow,plus4K,76.2,0
Satsunai,left,14.4,overflow,plus4K,76.4,0
Satsunai,left,14.4,overflow,plus4K,76.6,0
Satsunai,left,14.4,overflow,plus4K,76.8,0
Satsunai,left,14.4,overflow,plus4K,77,0
Satsunai,left,14.4,overflow,plus4K,77.2,0.0003
Satsunai,left,14.4,overflow,plus4K,77.4,0.0033
Satsunai,left,14.4,overflow,plus4K,77.6,0.0153
Satsunai,left,14.4,overflow,plus4K,77.8,0.0486
Satsunai,left,14.4,overflow,plus4K,78,0.1335
Satsunai,left,14.4,overflow,plus4K,78.2,0.2804
Satsunai,left,14.4,overflow,plus4K,78.4,0.4726
Satsunai,left,14.4,overflow,plus4K,78.6,0.6782
Satsunai,left,14.4,overflow,plus4K,78.8,0.8328
Satsunai,left,14.4,overflow,plus4K,79,0.9338
Satsunai,left,14.4,overflow,plus4K,79.2,0.9789
Satsunai,left,14.4,overflow,plus4K,79.4,0.9937
Satsunai,left,14.4,overflow,plus4K,79.6,0.9986
Satsunai,left,14.4,overflow,plus4K,79.8,0.9997
Satsunai,left,14.4,overflow,plus4K,80,1
Satsunai,left,14.4,overflow,plus4K,80.2,1
Satsunai,left,14.4,overflow,plus4K,80.4,1
Satsunai,left,14.4,overflow,plus4K,80.6,1
Satsunai,left,14.4,overflow,plus4K,80.8,1
Satsunai,left,14.4,overflow,plus4K,81,1
Satsunai,left,14.4,overflow,plus4K,81.2,1
Satsunai,left,14.4,overflow,plus4K,81.4,1
Satsunai,left,14.6,overflow,historical,75.4,0
Satsunai,left,14.6,overflow,historical,75.6,0
Satsunai,left,14.6,overflow,historical,75.8,0
Satsunai,left,14.6,overflow,historical,76,0
Satsunai,left,14.6,overflow,historical,76.2,0
Satsunai,left,14.6,overflow,historical,76.4,0
Satsunai,left,14.6,overflow,historical,76.6,0
Satsunai,left,14.6,overflow,historical,76.8,0
Satsunai,left,14.6,overflow,historical,77,0
Satsunai,left,14.6,overflow,historical,77.2,0
Satsunai,left,14.6,overflow,historical,77.4,0
Satsunai,left,14.6,overflow,historical,77.6,0
Satsunai,left,14.6,overflow,historical,77.8,0
Satsunai,left,14.6,overflow,historical,78,0.0002
Satsunai,left,14.6,overflow,historical,78.2,0.0005
Satsunai,left,14.6,overflow,historical,78.4,0.0011
Satsunai,left,14.6,overflow,historical,78.6,0.008
Satsunai,left,14.6,overflow,historical,78.8,0.0301
Satsunai,left,14.6,overflow,historical,79,0.0903
Satsunai,left,14.6,overflow,historical,79.2,0.2063
Satsunai,left,14.6,overflow,historical,79.4,0.381
Satsunai,left,14.6,overflow,historical,79.6,0.5865
Satsunai,left,14.6,overflow,historical,79.8,0.7724
Satsunai,left,14.6,overflow,historical,80,0.8972
Satsunai,left,14.6,overflow,historical,80.2,0.9638
Satsunai,left,14.6,overflow,historical,80.4,0.9909
Satsunai,left,14.6,overflow,historical,80.6,0.9978
Satsunai,left,14.6,overflow,historical,80.8,0.9996
Satsunai,left,14.6,overflow,historical,81,1
Satsunai,left,14.6,overflow,historical,81.2,1
Satsunai,left,14.6,overflow,historical,81.4,1
Satsunai,left,14.6,overflow,historical,81.6,1
Satsunai,left,14.6,overflow,historical,81.8,1
Satsunai,left,14.6,overflow,historical,82,1
Satsunai,left,14.6,overflow,historical,82.2,1
Satsunai,left,14.6,overflow,historical,82.4,1
Satsunai,left,14.6,overflow,plus4K,75.4,0
Satsunai,left,14.6,overflow,plus4K,75.6,0
Satsunai,left,14.6,overflow,plus4K,75.8,0
Satsunai,left,14.6,overflow,plus4K,76,0
Satsunai,left,14.6,overflow,plus4K,76.2,0
Satsunai,left,14.6,overflow,plus4K,76.4,0
Satsunai,left,14.6,overflow,plus4K,76.6,0
Satsunai,left,14.6,overflow,plus4K,76.8,0
Satsunai,left,14.6,overflow,plus4K,77,0
Satsunai,left,14.6,overflow,plus4K,77.2,0
Satsunai,left,14.6,overflow,plus4K,77.4,0
Satsunai,left,14.6,overflow,plus4K,77.6,0
Satsunai,left,14.6,overflow,plus4K,77.8,0
Satsunai,left,14.6,overflow,plus4K,78,0.0002
Satsunai,left,14.6,overflow,plus4K,78.2,0.0005
Satsunai,left,14.6,overflow,plus4K,78.4,0.0011
Satsunai,left,14.6,overflow,plus4K,78.6,0.008
Satsunai,left,14.6,overflow,plus4K,78.8,0.0301
Satsunai,left,14.6,overflow,plus4K,79,0.0903
Satsunai,left,14.6,overflow,plus4K,79.2,0.2063
Satsunai,left,14.6,overflow,plus4K,79.4,0.381
Satsunai,left,14.6,overflow,plus4K,79.6,0.5865
Satsunai,left,14.6,overflow,plus4K,79.8,0.7724
Satsunai,left,14.6,overflow,plus4K,80,0.8972
Satsunai,left,14.6,overflow,plus4K,80.2,0.9638
Satsunai,left,14.6,overflow,plus4K,80.4,0.9909
Satsunai,left,14.6,overflow,plus4K,80.6,0.9978
Satsunai,left,14.6,overflow,plus4K,80.8,0.9996
Satsunai,left,14.6,overflow,plus4K,81,1
Satsunai,left,14.6,overflow,plus4K,81.2,1
Satsunai,left,14.6,overflow,plus4K,81.4,1
Satsunai,left,14.6,overflow,plus4K,81.6,1
Satsunai,left,14.6,overflow,plus4K,81.8,1
Satsunai,left,14.6,overflow,plus4K,82,1
Satsunai,left,14.6,overflow,plus4K,82.2,1
Satsunai,left,14.6,overflow,plus4K,82.4,1
Satsunai,left,14.8,overflow,historical,76.4,0
Satsunai,left,14.8,overflow,historical,76.6,0
Satsunai,left,14.8,overflow,historical,76.8,0
Satsunai,left,14.8,overflow,historical,77,0
Satsunai,left,14.8,overflow,historical,77.2,0
Satsunai,left,14.8,overflow,historical,77.4,0
Satsunai,left,14.8,overflow,historical,77.6,0
Satsunai,left,14.8,overflow,historical,77.8,0
Satsunai,left,14.8,overflow,historical,78,0
Satsunai,left,14.8,overflow,historical,78.2,0
Satsunai,left,14.8,overflow,historical,78.4,0
Satsunai,left,14.8,overflow,historical,78.6,0
Satsunai,left,14.8,overflow,historical,78.8,0
Satsunai,left,14.8,overflow,historical,79,0
Satsunai,left,14.8,overflow,historical,79.2,0
Satsunai,left,14.8,overflow,historical,79.4,0.0003
Satsunai,left,14.8,overflow,historical,79.6,0.0038
Satsunai,left,14.8,overflow,historical,79.8,0.0115
Satsunai,left,14.8,overflow,historical,80,0.0377
Satsunai,left,14.8,overflow,historical,80.2,0.1039
Satsunai,left,14.8,overflow,historical,80.4,0.2292
Satsunai,left,14.8,overflow,historical,80.6,0.4112
Satsunai,left,14.8,overflow,historical,80.8,0.6087
Satsunai,left,14.8,overflow,historical,81,0.7929
Satsunai,left,14.8,overflow,historical,81.2,0.9092
Satsunai,left,14.8,overflow,historical,81.4,0.9722
Satsunai,left,14.8,overflow,historical,81.6,0.9929
Satsunai,left,14.8,overflow,historical,81.8,0.9989
Satsunai,left,14.8,overflow,historical,82,1
Satsunai,left,14.8,overflow,historical,82.2,1
Satsunai,left,14.8,overflow,historical,82.4,1
Satsunai,left,14.8,overflow,historical,82.6,1
Satsunai,left,14.8,overflow,historical,82.8,1
Satsunai,left,14.8,overflow,historical,83,1
Satsunai,left,14.8,overflow,historical,83.2,1
Satsunai,left,14.8,overflow,historical,83.4,1
Satsunai,left,14.8,overflow,historical,83.6,1
Satsunai,left,14.8,overflow,plus4K,76.4,0
Satsunai,left,14.8,overflow,plus4K,76.6,0
Satsunai,left,14.8,overflow,plus4K,76.8,0
Satsunai,left,14.8,overflow,plus4K,77,0
Satsunai,left,14.8,overflow,plus4K,77.2,0
Satsunai,left,14.8,overflow,plus4K,77.4,0
Satsunai,left,14.8,overflow,plus4K,77.6,0
Satsunai,left,14.8,overflow,plus4K,77.8,0
Satsunai,left,14.8,overflow,plus4K,78,0
Satsunai,left,14.8,overflow,plus4K,78.2,0
Satsunai,left,14.8,overflow,plus4K,78.4,0
Satsunai,left,14.8,overflow,plus4K,78.6,0
Satsunai,left,14.8,overflow,plus4K,78.8,0
Satsunai,left,14.8,overflow,plus4K,79,0
Satsunai,left,14.8,overflow,plus4K,79.2,0
Satsunai,left,14.8,overflow,plus4K,79.4,0.0003
Satsunai,left,14.8,overflow,plus4K,79.6,0.0038
Satsunai,left,14.8,overflow,plus4K,79.8,0.0115
Satsunai,left,14.8,overflow,plus4K,80,0.0377
Satsunai,left,14.8,overflow,plus4K,80.2,0.1039
Satsunai,left,14.8,overflow,plus4K,80.4,0.2292
Satsunai,left,14.8,overflow,plus4K,80.6,0.4112
Satsunai,left,14.8,overflow,plus4K,80.8,0.6087
Satsunai,left,14.8,overflow,plus4K,81,0.7929
Satsunai,left,14.8,overflow,plus4K,81.2,0.9092
Satsunai,left,14.8,overflow,plus4K,81.4,0.9722
Satsunai,left,14.8,overflow,plus4K,81.6,0.9929
Satsunai,left,14.8,overflow,plus4K,81.8,0.9989
Satsunai,left,14.8,overflow,plus4K,82,1
Satsunai,left,14.8,overflow,plus4K,82.2,1
Satsunai,left,14.8,overflow,plus4K,82.4,1
Satsunai,left,14.8,overflow,plus4K,82.6,1
Satsunai,left,14.8,overflow,plus4K,82.8,1
Satsunai,left,14.8,overflow,plus4K,83,1
Satsunai,left,14.8,overflow,plus4K,83.2,1
Satsunai,left,14.8,overflow,plus4K,83.4,1
Satsunai,left,14.8,overflow,plus4K,83.6,1
Satsunai,left,15,overflow,historical,77.8,0
Satsunai,left,15,overflow,historical,78,0
Satsunai,left,15,overflow,historical,78.2,0
Satsunai,left,15,overflow,historical,78.4,0
Satsunai,left,15,overflow,historical,78.6,0
Satsunai,left,15,overflow,historical,78.8,0
Satsunai,left,15,overflow,historical,79,0
Satsunai,left,15,overflow,historical,79.2,0.0001
Satsunai,left,15,overflow,historical,79.4,0.0001
Satsunai,left,15,overflow,historical,79.6,0.0002
Satsunai,left,15,overflow,historical,79.8,0.0007
Satsunai,left,15,overflow,historical,80,0.0009
Satsunai,left,15,overflow,historical,80.2,0.0044
Satsunai,left,15,overflow,historical,80.4,0.0091
Satsunai,left,15,overflow,historical,80.6,0.0183
Satsunai,left,15,overflow,historical,80.8,0.0363
Satsunai,left,15,overflow,historical,81,0.0643
Satsunai,left,15,overflow,historical,81.2,0.1083
Satsunai,left,15,overflow,historical,81.4,0.1706
Satsunai,left,15,overflow,historical,81.6,0.2495
Satsunai,left,15,overflow,historical,81.8,0.3422
Satsunai,left,15,overflow,historical,82,0.4541
Satsunai,left,15,overflow,historical,82.2,0.5683
Satsunai,left,15,overflow,historical,82.4,0.6775
Satsunai,left,15,overflow,historical,82.6,0.7723
Satsunai,left,15,overflow,historical,82.8,0.8474
Satsunai,left,15,overflow,historical,83,0.9042
Satsunai,left,15,overflow,historical,83.2,0.9446
Satsunai,left,15,overflow,historical,83.4,0.9714
Satsunai,left,15,overflow,historical,83.6,0.986
Satsunai,left,15,overflow,historical,83.8,0.9933
Satsunai,left,15,overflow,historical,84,0.9978
Satsunai,left,15,overflow,historical,84.2,0.9996
Satsunai,left,15,overflow,historical,84.4,0.9997
Satsunai,left,15,overflow,historical,84.6,1
Satsunai,left,15,overflow,historical,84.8,1
Satsunai,left,15,overflow,historical,85,1
Satsunai,left,15,overflow,plus4K,77.8,0
Satsunai,left,15,overflow,plus4K,78,0
Satsunai,left,15,overflow,plus4K,78.2,0
Satsunai,left,15,overflow,plus4K,78.4,0
Satsunai,left,15,overflow,plus4K,78.6,0
Satsunai,left,15,overflow,plus4K,78.8,0
Satsunai,left,15,overflow,plus4K,79,0
Satsunai,left,15,overflow,plus4K,79.2,0.0001
Satsunai,left,15,overflow,plus4K,79.4,0.0001
Satsunai,left,15,overflow,plus4K,79.6,0.0002
Satsunai,left,15,overflow,plus4K,79.8,0.0007
Satsunai,left,15,overflow,plus4K,80,0.0009
Satsunai,left,15,overflow,plus4K,80.2,0.0044
Satsunai,left,15,overflow,plus4K,80.4,0.0091
Satsunai,left,15,overflow,plus4K,80.6,0.0183
Satsunai,left,15,overflow,plus4K,80.8,0.0363
Satsunai,left,15,overflow,plus4K,81,0.0643
Satsunai,left,15,overflow,plus4K,81.2,0.1083
Satsunai,left,15,overflow,plus4K,81.4,0.1706
Satsunai,left,15,overflow,plus4K,81.6,0.2495
Satsunai,left,15,overflow,plus4K,81.8,0.3422
Satsunai,left,15,overflow,plus4K,82,0.4541
Satsunai,left,15,overflow,plus4K,82.2,0.5683
Satsunai,left,15,overflow,plus4K,82.4,0.6775
Satsunai,left,15,overflow,plus4K,82.6,0.7723
Satsunai,left,15,overflow,plus4K,82.8,0.8474
Satsunai,left,15,overflow,plus4K,83,0.9042
Satsunai,left,15,overflow,plus4K,83.2,0.9446
Satsunai,left,15,overflow,plus4K,83.4,0.9714
Satsunai,left,15,overflow,plus4K,83.6,0.986
Satsunai,left,15,overflow,plus4K,83.8,0.9933
Satsunai,left,15,overflow,plus4K,84,0.9978
Satsunai,left,15,overflow,plus4K,84.2,0.9996
Satsunai,left,15,overflow,plus4K,84.4,0.9997
Satsunai,left,15,overflow,plus4K,84.6,1
Satsunai,left,15,overflow,plus4K,84.8,1
Satsunai,left,15,overflow,plus4K,85,1
Satsunai,left,15.2,overflow,historical,78.4,0
Satsunai,left,15.2,overflow,historical,78.6,0
Satsunai,left,15.2,overflow,historical,78.8,0
Satsunai,left,15.2,overflow,historical,79,0
Satsunai,left,15.2,overflow,historical,79.2,0
Satsunai,left,15.2,overflow,historical,79.4,0
Satsunai,left,15.2,overflow,historical,79.6,0
Satsunai,left,15.2,overflow,historical,79.8,0
Satsunai,left,15.2,overflow,historical,80,0
Satsunai,left,15.2,overflow,historical,80.2,0
Satsunai,left,15.2,overflow,historical,80.4,0
Satsunai,left,15.2,overflow,historical,80.6,0
Satsunai,left,15.2,overflow,historical,80.8,0.0001
Satsunai,left,15.2,overflow,historical,81,0.0005
Satsunai,left,15.2,overflow,historical,81.2,0.0038
Satsunai,left,15.2,overflow,historical,81.4,0.0159
Satsunai,left,15.2,overflow,historical,81.6,0.0531
Satsunai,left,15.2,overflow,historical,81.8,0.1402
Satsunai,left,15.2,overflow,historical,82,0.2905
Satsunai,left,15.2,overflow,historical,82.2,0.4857
Satsunai,left,15.2,overflow,historical,82.4,0.6923
Satsunai,left,15.2,overflow,historical,82.6,0.848
Satsunai,left,15.2,overflow,historical,82.8,0.9401
Satsunai,left,15.2,overflow,historical,83,0.9805
Satsunai,left,15.2,overflow,historical,83.2,0.9964
Satsunai,left,15.2,overflow,historical,83.4,0.9992
Satsunai,left,15.2,overflow,historical,83.6,0.9999
Satsunai,left,15.2,overflow,historical,83.8,1
Satsunai,left,15.2,overflow,historical,84,1
Satsunai,left,15.2,overflow,historical,84.2,1
Satsunai,left,15.2,overflow,historical,84.4,1
Satsunai,left,15.2,overflow,historical,84.6,1
Satsunai,left,15.2,overflow,historical,84.8,1
Satsunai,left,15.2,overflow,historical,85,1
Satsunai,left,15.2,overflow,historical,85.2,1
Satsunai,left,15.2,overflow,plus4K,78.4,0
Satsunai,left,15.2,overflow,plus4K,78.6,0
Satsunai,left,15.2,overflow,plus4K,78.8,0
Satsunai,left,15.2,overflow,plus4K,79,0
Satsunai,left,15.2,overflow,plus4K,79.2,0
Satsunai,left,15.2,overflow,plus4K,79.4,0
Satsunai,left,15.2,overflow,plus4K,79.6,0
Satsunai,left,15.2,overflow,plus4K,79.8,0
Satsunai,left,15.2,overflow,plus4K,80,0
Satsunai,left,15.2,overflow,plus4K,80.2,0
Satsunai,left,15.2,overflow,plus4K,80.4,0
Satsunai,left,15.2,overflow,plus4K,80.6,0
Satsunai,left,15.2,overflow,plus4K,80.8,0.0001
Satsunai,left,15.2,overflow,plus4K,81,0.0005
Satsunai,left,15.2,overflow,plus4K,81.2,0.0038
Satsunai,left,15.2,overflow,plus4K,81.4,0.0159
Satsunai,left,15.2,overflow,plus4K,81.6,0.0531
Satsunai,left,15.2,overflow,plus4K,81.8,0.1402
Satsunai,left,15.2,overflow,plus4K,82,0.2905
Satsunai,left,15.2,overflow,plus4K,82.2,0.4857
Satsunai,left,15.2,overflow,plus4K,82.4,0.6923
Satsunai,left,15.2,overflow,plus4K,82.6,0.848
Satsunai,left,15.2,overflow,plus4K,82.8,0.9401
Satsunai,left,15.2,overflow,plus4K,83,0.9805
Satsunai,left,15.2,overflow,plus4K,83.2,0.9964
Satsunai,left,15.2,overflow,plus4K,83.4,0.9992
Satsunai,left,15.2,overflow,plus4K,83.6,0.9999
Satsunai,left,15.2,overflow,plus4K,83.8,1
Satsunai,left,15.2,overflow,plus4K,84,1
Satsunai,left,15.2,overflow,plus4K,84.2,1
Satsunai,left,15.2,overflow,plus4K,84.4,1
Satsunai,left,15.2,overflow,plus4K,84.6,1
Satsunai,left,15.2,overflow,plus4K,84.8,1
Satsunai,left,15.2,overflow,plus4K,85,1
Satsunai,left,15.2,overflow,plus4K,85.2,1
Satsunai,left,15.4,overflow,historical,79.2,0
Satsunai,left,15.4,overflow,historical,79.4,0
Satsunai,left,15.4,overflow,historical,79.6,0
Satsunai,left,15.4,overflow,historical,79.8,0
Satsunai,left,15.4,overflow,historical,80,0
Satsunai,left,15.4,overflow,historical,80.2,0
Satsunai,left,15.4,overflow,historical,80.4,0
Satsunai,left,15.4,overflow,historical,80.6,0
Satsunai,left,15.4,overflow,historical,80.8,0
Satsunai,left,15.4,overflow,historical,81,0
Satsunai,left,15.4,overflow,historical,81.2,0
Satsunai,left,15.4,overflow,historical,81.4,0
Satsunai,left,15.4,overflow,historical,81.6,0.0001
Satsunai,left,15.4,overflow,historical,81.8,0.0005
Satsunai,left,15.4,overflow,historical,82,0.0022
Satsunai,left,15.4,overflow,historical,82.2,0.0113
Satsunai,left,15.4,overflow,historical,82.4,0.0408
Satsunai,left,15.4,overflow,historical,82.6,0.1049
Satsunai,left,15.4,overflow,historical,82.8,0.232
Satsunai,left,15.4,overflow,historical,83,0.4162
Satsunai,left,15.4,overflow,historical,83.2,0.6234
Satsunai,left,15.4,overflow,historical,83.4,0.7969
Satsunai,left,15.4,overflow,historical,83.6,0.916
Satsunai,left,15.4,overflow,historical,83.8,0.97
Satsunai,left,15.4,overflow,historical,84,0.9914
Satsunai,left,15.4,overflow,historical,84.2,0.9983
Satsunai,left,15.4,overflow,historical,84.4,0.9995
Satsunai,left,15.4,overflow,historical,84.6,1
Satsunai,left,15.4,overflow,historical,84.8,1
Satsunai,left,15.4,overflow,historical,85,1
Satsunai,left,15.4,overflow,historical,85.2,1
Satsunai,left,15.4,overflow,historical,85.4,1
Satsunai,left,15.4,overflow,historical,85.6,1
Satsunai,left,15.4,overflow,historical,85.8,1
Satsunai,left,15.4,overflow,historical,86,1
Satsunai,left,15.4,overflow,plus4K,79.2,0
Satsunai,left,15.4,overflow,plus4K,79.4,0
Satsunai,left,15.4,overflow,plus4K,79.6,0
Satsunai,left,15.4,overflow,plus4K,79.8,0
Satsunai,left,15.4,overflow,plus4K,80,0
Satsunai,left,15.4,overflow,plus4K,80.2,0
Satsunai,left,15.4,overflow,plus4K,80.4,0
Satsunai,left,15.4,overflow,plus4K,80.6,0
Satsunai,left,15.4,overflow,plus4K,80.8,0
Satsunai,left,15.4,overflow,plus4K,81,0
Satsunai,left,15.4,overflow,plus4K,81.2,0
Satsunai,left,15.4,overflow,plus4K,81.4,0
Satsunai,left,15.4,overflow,plus4K,81.6,0.0001
Satsunai,left,15.4,overflow,plus4K,81.8,0.0005
Satsunai,left,15.4,overflow,plus4K,82,0.0022
Satsunai,left,15.4,overflow,plus4K,82.2,0.0113
Satsunai,left,15.4,overflow,plus4K,82.4,0.0408
Satsunai,left,15.4,overflow,plus4K,82.6,0.1049
Satsunai,left,15.4,overflow,plus4K,82.8,0.232
Satsunai,left,15.4,overflow,plus4K,83,0.4162
Satsunai,left,15.4,overflow,plus4K,83.2,0.6234
Satsunai,left,15.4,overflow,plus4K,83.4,0.7969
Satsunai,left,15.4,overflow,plus4K,83.6,0.916
Satsunai,left,15.4,overflow,plus4K,83.8,0.97
Satsunai,left,15.4,overflow,plus4K,84,0.9914
Satsunai,left,15.4,overflow,plus4K,84.2,0.9983
Satsunai,left,15.4,overflow,plus4K,84.4,0.9995
Satsunai,left,15.4,overflow,plus4K,84.6,1
Satsunai,left,15.4,overflow,plus4K,84.8,1
Satsunai,left,15.4,overflow,plus4K,85,1
Satsunai,left,15.4,overflow,plus4K,85.2,1
Satsunai,left,15.4,overflow,plus4K,85.4,1
Satsunai,left,15.4,overflow,plus4K,85.6,1
Satsunai,left,15.4,overflow,plus4K,85.8,1
Satsunai,left,15.4,overflow,plus4K,86,1
Satsunai,left,15.6,overflow,historical,80,0
Satsunai,left,15.6,overflow,historical,80.2,0
Satsunai,left,15.6,overflow,historical,80.4,0
Satsunai,left,15.6,overflow,historical,80.6,0
Satsunai,left,15.6,overflow,historical,80.8,0
Satsunai,left,15.6,overflow,historical,81,0
Satsunai,left,15.6,overflow,historical,81.2,0
Satsunai,left,15.6,overflow,historical,81.4,0
Satsunai,left,15.6,overflow,historical,81.6,0
Satsunai,left,15.6,overflow,historical,81.8,0
Satsunai,left,15.6,overflow,historical,82,0
Satsunai,left,15.6,overflow,historical,82.2,0
Satsunai,left,15.6,overflow,historical,82.4,0
Satsunai,left,15.6,overflow,historical,82.6,0.0004
Satsunai,left,15.6,overflow,historical,82.8,0.0014
Satsunai,left,15.6,overflow,historical,83,0.0042
Satsunai,left,15.6,overflow,historical,83.2,0.017
Satsunai,left,15.6,overflow,historical,83.4,0.056
Satsunai,left,15.6,overflow,historical,83.6,0.1414
Satsunai,left,15.6,overflow,historical,83.8,0.2909
Satsunai,left,15.6,overflow,historical,84,0.4941
Satsunai,left,15.6,overflow,historical,84.2,0.6977
Satsunai,left,15.6,overflow,historical,84.4,0.8532
Satsunai,left,15.6,overflow,historical,84.6,0.9397
Satsunai,left,15.6,overflow,historical,84.8,0.9798
Satsunai,left,15.6,overflow,historical,85,0.9948
Satsunai,left,15.6,overflow,historical,85.2,0.9991
Satsunai,left,15.6,overflow,historical,85.4,0.9997
Satsunai,left,15.6,overflow,historical,85.6,0.9999
Satsunai,left,15.6,overflow,historical,85.8,1
Satsunai,left,15.6,overflow,historical,86,1
Satsunai,left,15.6,overflow,historical,86.2,1
Satsunai,left,15.6,overflow,historical,86.4,1
Satsunai,left,15.6,overflow,historical,86.6,1
Satsunai,left,15.6,overflow,historical,86.8,1
Satsunai,left,15.6,overflow,historical,87,1
Satsunai,left,15.6,overflow,plus4K,80,0
Satsunai,left,15.6,overflow,plus4K,80.2,0
Satsunai,left,15.6,overflow,plus4K,80.4,0
Satsunai,left,15.6,overflow,plus4K,80.6,0
Satsunai,left,15.6,overflow,plus4K,80.8,0
Satsunai,left,15.6,overflow,plus4K,81,0
Satsunai,left,15.6,overflow,plus4K,81.2,0
Satsunai,left,15.6,overflow,plus4K,81.4,0
Satsunai,left,15.6,overflow,plus4K,81.6,0
Satsunai,left,15.6,overflow,plus4K,81.8,0
Satsunai,left,15.6,overflow,plus4K,82,0
Satsunai,left,15.6,overflow,plus4K,82.2,0
Satsunai,left,15.6,overflow,plus4K,82.4,0
Satsunai,left,15.6,overflow,plus4K,82.6,0.0004
Satsunai,left,15.6,overflow,plus4K,82.8,0.0014
Satsunai,left,15.6,overflow,plus4K,83,0.0042
Satsunai,left,15.6,overflow,plus4K,83.2,0.017
Satsunai,left,15.6,overflow,plus4K,83.4,0.056
Satsunai,left,15.6,overflow,plus4K,83.6,0.1414
Satsunai,left,15.6,overflow,plus4K,83.8,0.2909
Satsunai,left,15.6,overflow,plus4K,84,0.4941
Satsunai,left,15.6,overflow,plus4K,84.2,0.6977
Satsunai,left,15.6,overflow,plus4K,84.4,0.8532
Satsunai,left,15.6,overflow,plus4K,84.6,0.9397
Satsunai,left,15.6,overflow,plus4K,84.8,0.9798
Satsunai,left,15.6,overflow,plus4K,85,0.9948
Satsunai,left,15.6,overflow,plus4K,85.2,0.9991
Satsunai,left,15.6,overflow,plus4K,85.4,0.9997
Satsunai,left,15.6,overflow,plus4K,85.6,0.9999
Satsunai,left,15.6,overflow,plus4K,85.8,1
Satsunai,left,15.6,overflow,plus4K,86,1
Satsunai,left,15.6,overflow,plus4K,86.2,1
Satsunai,left,15.6,overflow,plus4K,86.4,1
Satsunai,left,15.6,overflow,plus4K,86.6,1
Satsunai,left,15.6,overflow,plus4K,86.8,1
Satsunai,left,15.6,overflow,plus4K,87,1
Satsunai,left,15.8,overflow,historical,81.2,0
Satsunai,left,15.8,overflow,historical,81.4,0
Satsunai,left,15.8,overflow,historical,81.6,0
Satsunai,left,15.8,overflow,historical,81.8,0
Satsunai,left,15.8,overflow,historical,82,0
Satsunai,left,15.8,overflow,historical,82.2,0
Satsunai,left,15.8,overflow,historical,82.4,0
Satsunai,left,15.8,overflow,historical,82.6,0
Satsunai,left,15.8,overflow,historical,82.8,0
Satsunai,left,15.8,overflow,historical,83,0
Satsunai,left,15.8,overflow,historical,83.2,0
Satsunai,left,15.8,overflow,historical,83.4,0
Satsunai,left,15.8,overflow,historical,83.6,0
Satsunai,left,15.8,overflow,historical,83.8,0.0001
Satsunai,left,15.8,overflow,historical,84,0.0013
Satsunai,left,15.8,overflow,historical,84.2,0.0058
Satsunai,left,15.8,overflow,historical,84.4,0.0215
Satsunai,left,15.8,overflow,historical,84.6,0.0633
Satsunai,left,15.8,overflow,historical,84.8,0.1564
Satsunai,left,15.8,overflow,historical,85,0.3178
Satsunai,left,15.8,overflow,historical,85.2,0.519
Satsunai,left,15.8,overflow,historical,85.4,0.7178
Satsunai,left,15.8,overflow,historical,85.6,0.8624
Satsunai,left,15.8,overflow,historical,85.8,0.9518
Satsunai,left,15.8,overflow,historical,86,0.9854
Satsunai,left,15.8,overflow,historical,86.2,0.9972
Satsunai,left,15.8,overflow,historical,86.4,0.9994
Satsunai,left,15.8,overflow,historical,86.6,0.9999
Satsunai,left,15.8,overflow,historical,86.8,1
Satsunai,left,15.8,overflow,historical,87,1
Satsunai,left,15.8,overflow,historical,87.2,1
Satsunai,left,15.8,overflow,historical,87.4,1
Satsunai,left,15.8,overflow,historical,87.6,1
Satsunai,left,15.8,overflow,historical,87.8,1
Satsunai,left,15.8,overflow,historical,88,1
Satsunai,left,15.8,overflow,historical,88.2,1
Satsunai,left,15.8,overflow,plus4K,81.2,0
Satsunai,left,15.8,overflow,plus4K,81.4,0
Satsunai,left,15.8,overflow,plus4K,81.6,0
Satsunai,left,15.8,overflow,plus4K,81.8,0
Satsunai,left,15.8,overflow,plus4K,82,0
Satsunai,left,15.8,overflow,plus4K,82.2,0
Satsunai,left,15.8,overflow,plus4K,82.4,0
Satsunai,left,15.8,overflow,plus4K,82.6,0
Satsunai,left,15.8,overflow,plus4K,82.8,0
Satsunai,left,15.8,overflow,plus4K,83,0
Satsunai,left,15.8,overflow,plus4K,83.2,0
Satsunai,left,15.8,overflow,plus4K,83.4,0
Satsunai,left,15.8,overflow,plus4K,83.6,0
Satsunai,left,15.8,overflow,plus4K,83.8,0.0001
Satsunai,left,15.8,overflow,plus4K,84,0.0013
Satsunai,left,15.8,overflow,plus4K,84.2,0.0058
Satsunai,left,15.8,overflow,plus4K,84.4,0.0215
Satsunai,left,15.8,overflow,plus4K,84.6,0.0633
Satsunai,left,15.8,overflow,plus4K,84.8,0.1564
Satsunai,left,15.8,overflow,plus4K,85,0.3178
Satsunai,left,15.8,overflow,plus4K,85.2,0.519
Satsunai,left,15.8,overflow,plus4K,85.4,0.7178
Satsunai,left,15.8,overflow,plus4K,85.6,0.8624
Satsunai,left,15.8,overflow,plus4K,85.8,0.9518
Satsunai,left,15.8,overflow,plus4K,86,0.9854
Satsunai,left,15.8,overflow,plus4K,86.2,0.9972
Satsunai,left,15.8,overflow,plus4K,86.4,0.9994
Satsunai,left,15.8,overflow,plus4K,86.6,0.9999
Satsunai,left,15.8,overflow,plus4K,86.8,1
Satsunai,left,15.8,overflow,plus4K,87,1
Satsunai,left,15.8,overflow,plus4K,87.2,1
Satsunai,left,15.8,overflow,plus4K,87.4,1
Satsunai,left,15.8,overflow,plus4K,87.6,1
Satsunai,left,15.8,overflow,plus4K,87.8,1
Satsunai,left,15.8,overflow,plus4K,88,1
Satsunai,left,15.8,overflow,plus4K,88.2,1
Satsunai,left,16,overflow,historical,81.8,0
Satsunai,left,16,overflow,historical,82,0
Satsunai,left,16,overflow,historical,82.2,0
Satsunai,left,16,overflow,historical,82.4,0
Satsunai,left,16,overflow,historical,82.6,0
Satsunai,left,16,overflow,historical,82.8,0
Satsunai,left,16,overflow,historical,83,0
Satsunai,left,16,overflow,historical,83.2,0
Satsunai,left,16,overflow,historical,83.4,0
Satsunai,left,16,overflow,historical,83.6,0
Satsunai,left,16,overflow,historical,83.8,0
Satsunai,left,16,overflow,historical,84,0.0001
Satsunai,left,16,overflow,historical,84.2,0.0002
Satsunai,left,16,overflow,historical,84.4,0.0006
Satsunai,left,16,overflow,historical,84.6,0.0027
Satsunai,left,16,overflow,historical,84.8,0.0116
Satsunai,left,16,overflow,historical,85,0.0409
Satsunai,left,16,overflow,historical,85.2,0.1206
Satsunai,left,16,overflow,historical,85.4,0.2631
Satsunai,left,16,overflow,historical,85.6,0.4527
Satsunai,left,16,overflow,historical,85.8,0.6564
Satsunai,left,16,overflow,historical,86,0.8236
Satsunai,left,16,overflow,historical,86.2,0.923
Satsunai,left,16,overflow,historical,86.4,0.9713
Satsunai,left,16,overflow,historical,86.6,0.9914
Satsunai,left,16,overflow,historical,86.8,0.998
Satsunai,left,16,overflow,historical,87,0.9995
Satsunai,left,16,overflow,historical,87.2,0.9998
Satsunai,left,16,overflow,historical,87.4,0.9999
Satsunai,left,16,overflow,historical,87.6,1
Satsunai,left,16,overflow,historical,87.8,1
Satsunai,left,16,overflow,historical,88,1
Satsunai,left,16,overflow,historical,88.2,1
Satsunai,left,16,overflow,historical,88.4,1
Satsunai,left,16,overflow,historical,88.6,1
Satsunai,left,16,overflow,plus4K,81.8,0
Satsunai,left,16,overflow,plus4K,82,0
Satsunai,left,16,overflow,plus4K,82.2,0
Satsunai,left,16,overflow,plus4K,82.4,0
Satsunai,left,16,overflow,plus4K,82.6,0
Satsunai,left,16,overflow,plus4K,82.8,0
Satsunai,left,16,overflow,plus4K,83,0
Satsunai,left,16,overflow,plus4K,83.2,0
Satsunai,left,16,overflow,plus4K,83.4,0
Satsunai,left,16,overflow,plus4K,83.6,0
Satsunai,left,16,overflow,plus4K,83.8,0
Satsunai,left,16,overflow,plus4K,84,0.0001
Satsunai,left,16,overflow,plus4K,84.2,0.0002
Satsunai,left,16,overflow,plus4K,84.4,0.0006
Satsunai,left,16,overflow,plus4K,84.6,0.0027
Satsunai,left,16,overflow,plus4K,84.8,0.0116
Satsunai,left,16,overflow,plus4K,85,0.0409
Satsunai,left,16,overflow,plus4K,85.2,0.1206
Satsunai,left,16,overflow,plus4K,85.4,0.2631
Satsunai,left,16,overflow,plus4K,85.6,0.4527
Satsunai,left,16,overflow,plus4K,85.8,0.6564
Satsunai,left,16,overflow,plus4K,86,0.8236
Satsunai,left,16,overflow,plus4K,86.2,0.923
Satsunai,left,16,overflow,plus4K,86.4,0.9713
Satsunai,left,16,overflow,plus4K,86.6,0.9914
Satsunai,left,16,overflow,plus4K,86.8,0.998
Satsunai,left,16,overflow,plus4K,87,0.9995
Satsunai,left,16,overflow,plus4K,87.2,0.9998
Satsunai,left,16,overflow,plus4K,87.4,0.9999
Satsunai,left,16,overflow,plus4K,87.6,1
Satsunai,left,16,overflow,plus4K,87.8,1
Satsunai,left,16,overflow,plus4K,88,1
Satsunai,left,16,overflow,plus4K,88.2,1
Satsunai,left,16,overflow,plus4K,88.4,1
Satsunai,left,16,overflow,plus4K,88.6,1
Satsunai,left,16.2,overflow,historical,83.2,0
Satsunai,left,16.2,overflow,historical,83.4,0
Satsunai,left,16.2,overflow,historical,83.6,0
Satsunai,left,16.2,overflow,historical,83.8,0
Satsunai,left,16.2,overflow,historical,84,0
Satsunai,left,16.2,overflow,historical,84.2,0
Satsunai,left,16.2,overflow,historical,84.4,0
Satsunai,left,16.2,overflow,historical,84.6,0
Satsunai,left,16.2,overflow,historical,84.8,0
Satsunai,left,16.2,overflow,historical,85,0
Satsunai,left,16.2,overflow,historical,85.2,0.0001
Satsunai,left,16.2,overflow,historical,85.4,0.0002
Satsunai,left,16.2,overflow,historical,85.6,0.0015
Satsunai,left,16.2,overflow,historical,85.8,0.0064
Satsunai,left,16.2,overflow,historical,86,0.0232
Satsunai,left,16.2,overflow,historical,86.2,0.0716
Satsunai,left,16.2,overflow,historical,86.4,0.1777
Satsunai,left,16.2,overflow,historical,86.6,0.3468
Satsunai,left,16.2,overflow,historical,86.8,0.5497
Satsunai,left,16.2,overflow,historical,87,0.7349
Satsunai,left,16.2,overflow,historical,87.2,0.8767
Satsunai,left,16.2,overflow,historical,87.4,0.9544
Satsunai,left,16.2,overflow,historical,87.6,0.987
Satsunai,left,16.2,overflow,historical,87.8,0.9976
Satsunai,left,16.2,overflow,historical,88,0.9993
Satsunai,left,16.2,overflow,historical,88.2,0.9999
Satsunai,left,16.2,overflow,historical,88.4,1
Satsunai,left,16.2,overflow,historical,88.6,1
Satsunai,left,16.2,overflow,historical,88.8,1
Satsunai,left,16.2,overflow,historical,89,1
Satsunai,left,16.2,overflow,historical,89.2,1
Satsunai,left,16.2,overflow,historical,89.4,1
Satsunai,left,16.2,overflow,historical,89.6,1
Satsunai,left,16.2,overflow,plus4K,83.2,0
Satsunai,left,16.2,overflow,plus4K,83.4,0
Satsunai,left,16.2,overflow,plus4K,83.6,0
Satsunai,left,16.2,overflow,plus4K,83.8,0
Satsunai,left,16.2,overflow,plus4K,84,0
Satsunai,left,16.2,overflow,plus4K,84.2,0
Satsunai,left,16.2,overflow,plus4K,84.4,0
Satsunai,left,16.2,overflow,plus4K,84.6,0
Satsunai,left,16.2,overflow,plus4K,84.8,0
Satsunai,left,16.2,overflow,plus4K,85,0
Satsunai,left,16.2,overflow,plus4K,85.2,0.0001
Satsunai,left,16.2,overflow,plus4K,85.4,0.0002
Satsunai,left,16.2,overflow,plus4K,85.6,0.0015
Satsunai,left,16.2,overflow,plus4K,85.8,0.0064
Satsunai,left,16.2,overflow,plus4K,86,0.0232
Satsunai,left,16.2,overflow,plus4K,86.2,0.0716
Satsunai,left,16.2,overflow,plus4K,86.4,0.1777
Satsunai,left,16.2,overflow,plus4K,86.6,0.3468
Satsunai,left,16.2,overflow,plus4K,86.8,0.5497
Satsunai,left,16.2,overflow,plus4K,87,0.7349
Satsunai,left,16.2,overflow,plus4K,87.2,0.8767
Satsunai,left,16.2,overflow,plus4K,87.4,0.9544
Satsunai,left,16.2,overflow,plus4K,87.6,0.987
Satsunai,left,16.2,overflow,plus4K,87.8,0.9976
Satsunai,left,16.2,overflow,plus4K,88,0.9993
Satsunai,left,16.2,overflow,plus4K,88.2,0.9999
Satsunai,left,16.2,overflow,plus4K,88.4,1
Satsunai,left,16.2,overflow,plus4K,88.6,1
Satsunai,left,16.2,overflow,plus4K,88.8,1
Satsunai,left,16.2,overflow,plus4K,89,1
Satsunai,left,16.2,overflow,plus4K,89.2,1
Satsunai,left,16.2,overflow,plus4K,89.4,1
Satsunai,left,16.2,overflow,plus4K,89.6,1
Satsunai,left,16.4,overflow,historical,82,0
Satsunai,left,16.4,overflow,historical,82.2,0
Satsunai,left,16.4,overflow,historical,82.4,0
Satsunai,left,16.4,overflow,historical,82.6,0
Satsunai,left,16.4,overflow,historical,82.8,0
Satsunai,left,16.4,overflow,historical,83,0
Satsunai,left,16.4,overflow,historical,83.2,0
Satsunai,left,16.4,overflow,historical,83.4,0
Satsunai,left,16.4,overflow,historical,83.6,0
Satsunai,left,16.4,overflow,historical,83.8,0
Satsunai,left,16.4,overflow,historical,84,0
Satsunai,left,16.4,overflow,historical,84.2,0
Satsunai,left,16.4,overflow,historical,84.4,0
Satsunai,left,16.4,overflow,historical,84.6,0
Satsunai,left,16.4,overflow,historical,84.8,0
Satsunai,left,16.4,overflow,historical,85,0
Satsunai,left,16.4,overflow,historical,85.2,0
Satsunai,left,16.4,overflow,historical,85.4,0
Satsunai,left,16.4,overflow,historical,85.6,0
Satsunai,left,16.4,overflow,historical,85.8,0
Satsunai,left,16.4,overflow,historical,86,0
Satsunai,left,16.4,overflow,historical,86.2,0
Satsunai,left,16.4,overflow,historical,86.4,0
Satsunai,left,16.4,overflow,historical,86.6,0.0002
Satsunai,left,16.4,overflow,historical,86.8,0.0008
Satsunai,left,16.4,overflow,historical,87,0.0056
Satsunai,left,16.4,overflow,historical,87.2,0.0214
Satsunai,left,16.4,overflow,historical,87.4,0.0678
Satsunai,left,16.4,overflow,historical,87.6,0.1683
Satsunai,left,16.4,overflow,historical,87.8,0.3271
Satsunai,left,16.4,overflow,historical,88,0.5253
Satsunai,left,16.4,overflow,historical,88.2,0.7212
Satsunai,left,16.4,overflow,historical,88.4,0.8658
Satsunai,left,16.4,overflow,historical,88.6,0.9446
Satsunai,left,16.4,overflow,historical,88.8,0.984
Satsunai,left,16.4,overflow,historical,89,0.9956
Satsunai,left,16.4,overflow,historical,89.2,0.9996
Satsunai,left,16.4,overflow,historical,89.4,0.9997
Satsunai,left,16.4,overflow,historical,89.6,1
Satsunai,left,16.4,overflow,historical,89.8,1
Satsunai,left,16.4,overflow,historical,90,1
Satsunai,left,16.4,overflow,historical,90.2,1
Satsunai,left,16.4,overflow,historical,90.4,1
Satsunai,left,16.4,overflow,historical,90.6,1
Satsunai,left,16.4,overflow,historical,90.8,1
Satsunai,left,16.4,overflow,historical,91,1
Satsunai,left,16.4,overflow,plus4K,82,0
Satsunai,left,16.4,overflow,plus4K,82.2,0
Satsunai,left,16.4,overflow,plus4K,82.4,0
Satsunai,left,16.4,overflow,plus4K,82.6,0
Satsunai,left,16.4,overflow,plus4K,82.8,0
Satsunai,left,16.4,overflow,plus4K,83,0
Satsunai,left,16.4,overflow,plus4K,83.2,0
Satsunai,left,16.4,overflow,plus4K,83.4,0
Satsunai,left,16.4,overflow,plus4K,83.6,0
Satsunai,left,16.4,overflow,plus4K,83.8,0
Satsunai,left,16.4,overflow,plus4K,84,0
Satsunai,left,16.4,overflow,plus4K,84.2,0
Satsunai,left,16.4,overflow,plus4K,84.4,0
Satsunai,left,16.4,overflow,plus4K,84.6,0
Satsunai,left,16.4,overflow,plus4K,84.8,0
Satsunai,left,16.4,overflow,plus4K,85,0
Satsunai,left,16.4,overflow,plus4K,85.2,0
Satsunai,left,16.4,overflow,plus4K,85.4,0
Satsunai,left,16.4,overflow,plus4K,85.6,0
Satsunai,left,16.4,overflow,plus4K,85.8,0
Satsunai,left,16.4,overflow,plus4K,86,0
Satsunai,left,16.4,overflow,plus4K,86.2,0
Satsunai,left,16.4,overflow,plus4K,86.4,0
Satsunai,left,16.4,overflow,plus4K,86.6,0.0002
Satsunai,left,16.4,overflow,plus4K,86.8,0.0008
Satsunai,left,16.4,overflow,plus4K,87,0.0056
Satsunai,left,16.4,overflow,plus4K,87.2,0.0214
Satsunai,left,16.4,overflow,plus4K,87.4,0.0678
Satsunai,left,16.4,overflow,plus4K,87.6,0.1683
Satsunai,left,16.4,overflow,plus4K,87.8,0.3271
Satsunai,left,16.4,overflow,plus4K,88,0.5253
Satsunai,left,16.4,overflow,plus4K,88.2,0.7212
Satsunai,left,16.4,overflow,plus4K,88.4,0.8658
Satsunai,left,16.4,overflow,plus4K,88.6,0.9446
Satsunai,left,16.4,overflow,plus4K,88.8,0.984
Satsunai,left,16.4,overflow,plus4K,89,0.9956
Satsunai,left,16.4,overflow,plus4K,89.2,0.9996
Satsunai,left,16.4,overflow,plus4K,89.4,0.9997
Satsunai,left,16.4,overflow,plus4K,89.6,1
Satsunai,left,16.4,overflow,plus4K,89.8,1
Satsunai,left,16.4,overflow,plus4K,90,1
Satsunai,left,16.4,overflow,plus4K,90.2,1
Satsunai,left,16.4,overflow,plus4K,90.4,1
Satsunai,left,16.4,overflow,plus4K,90.6,1
Satsunai,left,16.4,overflow,plus4K,90.8,1
Satsunai,left,16.4,overflow,plus4K,91,1
Satsunai,left,16.6,overflow,historical,82.6,0
Satsunai,left,16.6,overflow,historical,82.8,0
Satsunai,left,16.6,overflow,historical,83,0
Satsunai,left,16.6,overflow,historical,83.2,0
Satsunai,left,16.6,overflow,historical,83.4,0
Satsunai,left,16.6,overflow,historical,83.6,0
Satsunai,left,16.6,overflow,historical,83.8,0
Satsunai,left,16.6,overflow,historical,84,0
Satsunai,left,16.6,overflow,historical,84.2,0
Satsunai,left,16.6,overflow,historical,84.4,0
Satsunai,left,16.6,overflow,historical,84.6,0
Satsunai,left,16.6,overflow,historical,84.8,0
Satsunai,left,16.6,overflow,historical,85,0
Satsunai,left,16.6,overflow,historical,85.2,0
Satsunai,left,16.6,overflow,historical,85.4,0
Satsunai,left,16.6,overflow,historical,85.6,0
Satsunai,left,16.6,overflow,historical,85.8,0
Satsunai,left,16.6,overflow,historical,86,0
Satsunai,left,16.6,overflow,historical,86.2,0
Satsunai,left,16.6,overflow,historical,86.4,0
Satsunai,left,16.6,overflow,historical,86.6,0
Satsunai,left,16.6,overflow,historical,86.8,0
Satsunai,left,16.6,overflow,historical,87,0
Satsunai,left,16.6,overflow,historical,87.2,0.0001
Satsunai,left,16.6,overflow,historical,87.4,0.0011
Satsunai,left,16.6,overflow,historical,87.6,0.0054
Satsunai,left,16.6,overflow,historical,87.8,0.0196
Satsunai,left,16.6,overflow,historical,88,0.0612
Satsunai,left,16.6,overflow,historical,88.2,0.1577
Satsunai,left,16.6,overflow,historical,88.4,0.3093
Satsunai,left,16.6,overflow,historical,88.6,0.5113
Satsunai,left,16.6,overflow,historical,88.8,0.7054
Satsunai,left,16.6,overflow,historical,89,0.8581
Satsunai,left,16.6,overflow,historical,89.2,0.9442
Satsunai,left,16.6,overflow,historical,89.4,0.9843
Satsunai,left,16.6,overflow,historical,89.6,0.9972
Satsunai,left,16.6,overflow,historical,89.8,0.999
Satsunai,left,16.6,overflow,historical,90,0.9999
Satsunai,left,16.6,overflow,historical,90.2,1
Satsunai,left,16.6,overflow,historical,90.4,1
Satsunai,left,16.6,overflow,historical,90.6,1
Satsunai,left,16.6,overflow,historical,90.8,1
Satsunai,left,16.6,overflow,historical,91,1
Satsunai,left,16.6,overflow,historical,91.2,1
Satsunai,left,16.6,overflow,historical,91.4,1
Satsunai,left,16.6,overflow,historical,91.6,1
Satsunai,left,16.6,overflow,plus4K,82.6,0
Satsunai,left,16.6,overflow,plus4K,82.8,0
Satsunai,left,16.6,overflow,plus4K,83,0
Satsunai,left,16.6,overflow,plus4K,83.2,0
Satsunai,left,16.6,overflow,plus4K,83.4,0
Satsunai,left,16.6,overflow,plus4K,83.6,0
Satsunai,left,16.6,overflow,plus4K,83.8,0
Satsunai,left,16.6,overflow,plus4K,84,0
Satsunai,left,16.6,overflow,plus4K,84.2,0
Satsunai,left,16.6,overflow,plus4K,84.4,0
Satsunai,left,16.6,overflow,plus4K,84.6,0
Satsunai,left,16.6,overflow,plus4K,84.8,0
Satsunai,left,16.6,overflow,plus4K,85,0
Satsunai,left,16.6,overflow,plus4K,85.2,0
Satsunai,left,16.6,overflow,plus4K,85.4,0
Satsunai,left,16.6,overflow,plus4K,85.6,0
Satsunai,left,16.6,overflow,plus4K,85.8,0
Satsunai,left,16.6,overflow,plus4K,86,0
Satsunai,left,16.6,overflow,plus4K,86.2,0
Satsunai,left,16.6,overflow,plus4K,86.4,0
Satsunai,left,16.6,overflow,plus4K,86.6,0
Satsunai,left,16.6,overflow,plus4K,86.8,0
Satsunai,left,16.6,overflow,plus4K,87,0
Satsunai,left,16.6,overflow,plus4K,87.2,0.0001
Satsunai,left,16.6,overflow,plus4K,87.4,0.0011
Satsunai,left,16.6,overflow,plus4K,87.6,0.0054
Satsunai,left,16.6,overflow,plus4K,87.8,0.0196
Satsunai,left,16.6,overflow,plus4K,88,0.0612
Satsunai,left,16.6,overflow,plus4K,88.2,0.1577
Satsunai,left,16.6,overflow,plus4K,88.4,0.3093
Satsunai,left,16.6,overflow,plus4K,88.6,0.5113
Satsunai,left,16.6,overflow,plus4K,88.8,0.7054
Satsunai,left,16.6,overflow,plus4K,89,0.8581
Satsunai,left,16.6,overflow,plus4K,89.2,0.9442
Satsunai,left,16.6,overflow,plus4K,89.4,0.9843
Satsunai,left,16.6,overflow,plus4K,89.6,0.9972
Satsunai,left,16.6,overflow,plus4K,89.8,0.999
Satsunai,left,16.6,overflow,plus4K,90,0.9999
Satsunai,left,16.6,overflow,plus4K,90.2,1
Satsunai,left,16.6,overflow,plus4K,90.4,1
Satsunai,left,16.6,overflow,plus4K,90.6,1
Satsunai,left,16.6,overflow,plus4K,90.8,1
Satsunai,left,16.6,overflow,plus4K,91,1
Satsunai,left,16.6,overflow,plus4K,91.2,1
Satsunai,left,16.6,overflow,plus4K,91.4,1
Satsunai,left,16.6,overflow,plus4K,91.6,1
Tokachi,right,53.8,overflow,historical,30.8,0
Tokachi,right,53.8,overflow,historical,31,0
Tokachi,right,53.8,overflow,historical,31.2,0
Tokachi,right,53.8,overflow,historical,31.4,0
Tokachi,right,53.8,overflow,historical,31.6,0
Tokachi,right,53.8,overflow,historical,31.8,0
Tokachi,right,53.8,overflow,historical,32,0
Tokachi,right,53.8,overflow,historical,32.2,0
Tokachi,right,53.8,overflow,historical,32.4,0
Tokachi,right,53.8,overflow,historical,32.6,0
Tokachi,right,53.8,overflow,historical,32.8,0
Tokachi,right,53.8,overflow,historical,33,0
Tokachi,right,53.8,overflow,historical,33.2,0
Tokachi,right,53.8,overflow,historical,33.4,0
Tokachi,right,53.8,overflow,historical,33.6,0
Tokachi,right,53.8,overflow,historical,33.8,0
Tokachi,right,53.8,overflow,historical,34,0
Tokachi,right,53.8,overflow,historical,34.2,0
Tokachi,right,53.8,overflow,historical,34.4,0
Tokachi,right,53.8,overflow,historical,34.6,0
Tokachi,right,53.8,overflow,historical,34.8,0
Tokachi,right,53.8,overflow,historical,35,0.0007
Tokachi,right,53.8,overflow,historical,35.2,0.0042
Tokachi,right,53.8,overflow,historical,35.4,0.0159
Tokachi,right,53.8,overflow,historical,35.6,0.0568
Tokachi,right,53.8,overflow,historical,35.8,0.1432
Tokachi,right,53.8,overflow,historical,36,0.2927
Tokachi,right,53.8,overflow,historical,36.2,0.4937
Tokachi,right,53.8,overflow,historical,36.4,0.6864
Tokachi,right,53.8,overflow,historical,36.6,0.8445
Tokachi,right,53.8,overflow,historical,36.8,0.9379
Tokachi,right,53.8,overflow,historical,37,0.9808
Tokachi,right,53.8,overflow,historical,37.2,0.9943
Tokachi,right,53.8,overflow,historical,37.4,0.9988
Tokachi,right,53.8,overflow,historical,37.6,0.9999
Tokachi,right,53.8,overflow,historical,37.8,1
Tokachi,right,53.8,overflow,historical,38,1
Tokachi,right,53.8,overflow,historical,38.2,1
Tokachi,right,53.8,overflow,historical,38.4,1
Tokachi,right,53.8,overflow,historical,38.6,1
Tokachi,right,53.8,overflow,historical,38.8,1
Tokachi,right,53.8,overflow,historical,39,1
Tokachi,right,53.8,overflow,historical,39.2,1
Tokachi,right,53.8,overflow,historical,39.4,1
Tokachi,right,53.8,overflow,plus4K,30.8,0
Tokachi,right,53.8,overflow,plus4K,31,0
Tokachi,right,53.8,overflow,plus4K,31.2,0
Tokachi,right,53.8,overflow,plus4K,31.4,0
Tokachi,right,53.8,overflow,plus4K,31.6,0
Tokachi,right,53.8,overflow,plus4K,31.8,0
Tokachi,right,53.8,overflow,plus4K,32,0
Tokachi,right,53.8,overflow,plus4K,32.2,0
Tokachi,right,53.8,overflow,plus4K,32.4,0
Tokachi,right,53.8,overflow,plus4K,32.6,0
Tokachi,right,53.8,overflow,plus4K,32.8,0
Tokachi,right,53.8,overflow,plus4K,33,0
Tokachi,right,53.8,overflow,plus4K,33.2,0
Tokachi,right,53.8,overflow,plus4K,33.4,0
Tokachi,right,53.8,overflow,plus4K,33.6,0
Tokachi,right,53.8,overflow,plus4K,33.8,0
Tokachi,right,53.8,overflow,plus4K,34,0
Tokachi,right,53.8,overflow,plus4K,34.2,0
Tokachi,right,53.8,overflow,plus4K,34.4,0
Tokachi,right,53.8,overflow,plus4K,34.6,0
Tokachi,right,53.8,overflow,plus4K,34.8,0
Tokachi,right,53.8,overflow,plus4K,35,0.0007
Tokachi,right,53.8,overflow,plus4K,35.2,0.0042
Tokachi,right,53.8,overflow,plus4K,35.4,0.0159
Tokachi,right,53.8,overflow,plus4K,35.6,0.0568
Tokachi,right,53.8,overflow,plus4K,35.8,0.1432
Tokachi,right,53.8,overflow,plus4K,36,0.2927
Tokachi,right,53.8,overflow,plus4K,36.2,0.4937
Tokachi,right,53.8,overflow,plus4K,36.4,0.6864
Tokachi,right,53.8,overflow,plus4K,36.6,0.8445
Tokachi,right,53.8,overflow,plus4K,36.8,0.9379
Tokachi,right,53.8,overflow,plus4K,37,0.9808
Tokachi,right,53.8,overflow,plus4K,37.2,0.9943
Tokachi,right,53.8,overflow,plus4K,37.4,0.9988
Tokachi,right,53.8,overflow,plus4K,37.6,0.9999
Tokachi,right,53.8,overflow,plus4K,37.8,1
Tokachi,right,53.8,overflow,plus4K,38,1
Tokachi,right,53.8,overflow,plus4K,38.2,1
Tokachi,right,53.8,overflow,plus4K,38.4,1
Tokachi,right,53.8,overflow,plus4K,38.6,1
Tokachi,right,53.8,overflow,plus4K,38.8,1
Tokachi,right,53.8,overflow,plus4K,39,1
Tokachi,right,53.8,overflow,plus4K,39.2,1
Tokachi,right,53.8,overflow,plus4K,39.4,1
Tokachi,right,54,overflow,historical,31.2,0
Tokachi,right,54,overflow,historical,31.4,0
Tokachi,right,54,overflow,historical,31.6,0
Tokachi,right,54,overflow,historical,31.8,0
Tokachi,right,54,overflow,historical,32,0
Tokachi,right,54,overflow,historical,32.2,0
Tokachi,right,54,overflow,historical,32.4,0
Tokachi,right,54,overflow,historical,32.6,0
Tokachi,right,54,overflow,historical,32.8,0
Tokachi,right,54,overflow,historical,33,0
Tokachi,right,54,overflow,historical,33.2,0
Tokachi,right,54,overflow,historical,33.4,0
Tokachi,right,54,overflow,historical,33.6,0
Tokachi,right,54,overflow,historical,33.8,0
Tokachi,right,54,overflow,historical,34,0
Tokachi,right,54,overflow,historical,34.2,0
Tokachi,right,54,overflow,historical,34.4,0.0001
Tokachi,right,54,overflow,historical,34.6,0.0001
Tokachi,right,54,overflow,historical,34.8,0.0002
Tokachi,right,54,overflow,historical,35,0.0009
Tokachi,right,54,overflow,historical,35.2,0.0047
Tokachi,right,54,overflow,historical,35.4,0.0221
Tokachi,right,54,overflow,historical,35.6,0.0636
Tokachi,right,54,overflow,historical,35.8,0.1614
Tokachi,right,54,overflow,historical,36,0.3233
Tokachi,right,54,overflow,historical,36.2,0.5269
Tokachi,right,54,overflow,historical,36.4,0.7218
Tokachi,right,54,overflow,historical,36.6,0.8649
Tokachi,right,54,overflow,historical,36.8,0.9494
Tokachi,right,54,overflow,historical,37,0.9839
Tokachi,right,54,overflow,historical,37.2,0.996
Tokachi,right,54,overflow,historical,37.4,0.9995
Tokachi,right,54,overflow,historical,37.6,1
Tokachi,right,54,overflow,historical,37.8,1
Tokachi,right,54,overflow,historical,38,1
Tokachi,right,54,overflow,historical,38.2,1
Tokachi,right,54,overflow,historical,38.4,1
Tokachi,right,54,overflow,historical,38.6,1
Tokachi,right,54,overflow,historical,38.8,1
Tokachi,right,54,overflow,historical,39,1
Tokachi,right,54,overflow,historical,39.2,1
Tokachi,right,54,overflow,historical,39.4,1
Tokachi,right,54,overflow,plus4K,31.2,0
Tokachi,right,54,overflow,plus4K,31.4,0
Tokachi,right,54,overflow,plus4K,31.6,0
Tokachi,right,54,overflow,plus4K,31.8,0
Tokachi,right,54,overflow,plus4K,32,0
Tokachi,right,54,overflow,plus4K,32.2,0
Tokachi,right,54,overflow,plus4K,32.4,0
Tokachi,right,54,overflow,plus4K,32.6,0
Tokachi,right,54,overflow,plus4K,32.8,0
Tokachi,right,54,overflow,plus4K,33,0
Tokachi,right,54,overflow,plus4K,33.2,0
Tokachi,right,54,overflow,plus4K,33.4,0
Tokachi,right,54,overflow,plus4K,33.6,0
Tokachi,right,54,overflow,plus4K,33.8,0
Tokachi,right,54,overflow,plus4K,34,0
Tokachi,right,54,overflow,plus4K,34.2,0
Tokachi,right,54,overflow,plus4K,34.4,0.0001
Tokachi,right,54,overflow,plus4K,34.6,0.0001
Tokachi,right,54,overflow,plus4K,34.8,0.0002
Tokachi,right,54,overflow,plus4K,35,0.0009
Tokachi,right,54,overflow,plus4K,35.2,0.0047
Tokachi,right,54,overflow,plus4K,35.4,0.0221
Tokachi,right,54,overflow,plus4K,35.6,0.0636
Tokachi,right,54,overflow,plus4K,35.8,0.1614
Tokachi,right,54,overflow,plus4K,36,0.3233
Tokachi,right,54,overflow,plus4K,36.2,0.5269
Tokachi,right,54,overflow,plus4K,36.4,0.7218
Tokachi,right,54,overflow,plus4K,36.6,0.8649
Tokachi,right,54,overflow,plus4K,36.8,0.9494
Tokachi,right,54,overflow,plus4K,37,0.9839
Tokachi,right,54,overflow,plus4K,37.2,0.996
Tokachi,right,54,overflow,plus4K,37.4,0.9995
Tokachi,right,54,overflow,plus4K,37.6,1
Tokachi,right,54,overflow,plus4K,37.8,1
Tokachi,right,54,overflow,plus4K,38,1
Tokachi,right,54,overflow,plus4K,38.2,1
Tokachi,right,54,overflow,plus4K,38.4,1
Tokachi,right,54,overflow,plus4K,38.6,1
Tokachi,right,54,overflow,plus4K,38.8,1
Tokachi,right,54,overflow,plus4K,39,1
Tokachi,right,54,overflow,plus4K,39.2,1
Tokachi,right,54,overflow,plus4K,39.4,1
Tokachi,right,54.2,overflow,historical,31.8,0
Tokachi,right,54.2,overflow,historical,32,0
Tokachi,right,54.2,overflow,historical,32.2,0
Tokachi,right,54.2,overflow,historical,32.4,0
Tokachi,right,54.2,overflow,historical,32.6,0
Tokachi,right,54.2,overflow,historical,32.8,0
Tokachi,right,54.2,overflow,historical,33,0
Tokachi,right,54.2,overflow,historical,33.2,0
Tokachi,right,54.2,overflow,historical,33.4,0
Tokachi,right,54.2,overflow,historical,33.6,0
Tokachi,right,54.2,overflow,historical,33.8,0
Tokachi,right,54.2,overflow,historical,34,0
Tokachi,right,54.2,overflow,historical,34.2,0
Tokachi,right,54.2,overflow,historical,34.4,0
Tokachi,right,54.2,overflow,historical,34.6,0
Tokachi,right,54.2,overflow,historical,34.8,0
Tokachi,right,54.2,overflow,historical,35,0.0002
Tokachi,right,54.2,overflow,historical,35.2,0.0004
Tokachi,right,54.2,overflow,historical,35.4,0.0023
Tokachi,right,54.2,overflow,historical,35.6,0.0082
Tokachi,right,54.2,overflow,historical,35.8,0.0306
Tokachi,right,54.2,overflow,historical,36,0.0883
Tokachi,right,54.2,overflow,historical,36.2,0.2084
Tokachi,right,54.2,overflow,historical,36.4,0.3869
Tokachi,right,54.2,overflow,historical,36.6,0.5857
Tokachi,right,54.2,overflow,historical,36.8,0.7712
Tokachi,right,54.2,overflow,historical,37,0.8993
Tokachi,right,54.2,overflow,historical,37.2,0.9633
Tokachi,right,54.2,overflow,historical,37.4,0.9895
Tokachi,right,54.2,overflow,historical,37.6,0.9979
Tokachi,right,54.2,overflow,historical,37.8,0.9994
Tokachi,right,54.2,overflow,historical,38,0.9999
Tokachi,right,54.2,overflow,historical,38.2,1
Tokachi,right,54.2,overflow,historical,38.4,1
Tokachi,right,54.2,overflow,historical,38.6,1
Tokachi,right,54.2,overflow,historical,38.8,1
Tokachi,right,54.2,overflow,historical,39,1
Tokachi,right,54.2,overflow,historical,39.2,1
Tokachi,right,54.2,overflow,historical,39.4,1
Tokachi,right,54.2,overflow,historical,39.6,1
Tokachi,right,54.2,overflow,historical,39.8,1
Tokachi,right,54.2,overflow,plus4K,31.8,0
Tokachi,right,54.2,overflow,plus4K,32,0
Tokachi,right,54.2,overflow,plus4K,32.2,0
Tokachi,right,54.2,overflow,plus4K,32.4,0
Tokachi,right,54.2,overflow,plus4K,32.6,0
Tokachi,right,54.2,overflow,plus4K,32.8,0
Tokachi,right,54.2,overflow,plus4K,33,0
Tokachi,right,54.2,overflow,plus4K,33.2,0
Tokachi,right,54.2,overflow,plus4K,33.4,0
Tokachi,right,54.2,overflow,plus4K,33.6,0
Tokachi,right,54.2,overflow,plus4K,33.8,0
Tokachi,right,54.2,overflow,plus4K,34,0
Tokachi,right,54.2,overflow,plus4K,34.2,0
Tokachi,right,54.2,overflow,plus4K,34.4,0
Tokachi,right,54.2,overflow,plus4K,34.6,0
Tokachi,right,54.2,overflow,plus4K,34.8,0
Tokachi,right,54.2,overflow,plus4K,35,0.0002
Tokachi,right,54.2,overflow,plus4K,35.2,0.0004
Tokachi,right,54.2,overflow,plus4K,35.4,0.0023
Tokachi,right,54.2,overflow,plus4K,35.6,0.0082
Tokachi,right,54.2,overflow,plus4K,35.8,0.0306
Tokachi,right,54.2,overflow,plus4K,36,0.0883
Tokachi,right,54.2,overflow,plus4K,36.2,0.2084
Tokachi,right,54.2,overflow,plus4K,36.4,0.3869
Tokachi,right,54.2,overflow,plus4K,36.6,0.5857
Tokachi,right,54.2,overflow,plus4K,36.8,0.7712
Tokachi,right,54.2,overflow,plus4K,37,0.8993
Tokachi,right,54.2,overflow,plus4K,37.2,0.9633
Tokachi,right,54.2,overflow,plus4K,37.4,0.9895
Tokachi,right,54.2,overflow,plus4K,37.6,0.9979
Tokachi,right,54.2,overflow,plus4K,37.8,0.9994
Tokachi,right,54.2,overflow,plus4K,38,0.9999
Tokachi,right,54.2,overflow,plus4K,38.2,1
Tokachi,right,54.2,overflow,plus4K,38.4,1
Tokachi,right,54.2,overflow,plus4K,38.6,1
Tokachi,right,54.2,overflow,plus4K,38.8,1
Tokachi,right,54.2,overflow,plus4K,39,1
Tokachi,right,54.2,overflow,plus4K,39.2,1
Tokachi,right,54.2,overflow,plus4K,39.4,1
Tokachi,right,54.2,overflow,plus4K,39.6,1
Tokachi,right,54.2,overflow,plus4K,39.8,1
Tokachi,right,54.4,overflow,historical,32.2,0
Tokachi,right,54.4,overflow,historical,32.4,0
Tokachi,right,54.4,overflow,historical,32.6,0
Tokachi,right,54.4,overflow,historical,32.8,0
Tokachi,right,54.4,overflow,historical,33,0
Tokachi,right,54.4,overflow,historical,33.2,0
Tokachi,right,54.4,overflow,historical,33.4,0
Tokachi,right,54.4,overflow,historical,33.6,0
Tokachi,right,54.4,overflow,historical,33.8,0
Tokachi,right,54.4,overflow,historical,34,0
Tokachi,right,54.4,overflow,historical,34.2,0
Tokachi,right,54.4,overflow,historical,34.4,0
Tokachi,right,54.4,overflow,historical,34.6,0
Tokachi,right,54.4,overflow,historical,34.8,0
Tokachi,right,54.4,overflow,historical,35,0
Tokachi,right,54.4,overflow,historical,35.2,0
Tokachi,right,54.4,overflow,historical,35.4,0.0005
Tokachi,right,54.4,overflow,historical,35.6,0.0014
Tokachi,right,54.4,overflow,historical,35.8,0.0065
Tokachi,right,54.4,overflow,historical,36,0.0234
Tokachi,right,54.4,overflow,historical,36.2,0.0728
Tokachi,right,54.4,overflow,historical,36.4,0.1829
Tokachi,right,54.4,overflow,historical,36.6,0.3532
Tokachi,right,54.4,overflow,historical,36.8,0.5608
Tokachi,right,54.4,overflow,historical,37,0.7486
Tokachi,right,54.4,overflow,historical,37.2,0.8842
Tokachi,right,54.4,overflow,historical,37.4,0.9544
Tokachi,right,54.4,overflow,historical,37.6,0.9864
Tokachi,right,54.4,overflow,historical,37.8,0.9968
Tokachi,right,54.4,overflow,historical,38,0.9993
Tokachi,right,54.4,overflow,historical,38.2,0.9999
Tokachi,right,54.4,overflow,historical,38.4,1
Tokachi,right,54.4,overflow,historical,38.6,1
Tokachi,right,54.4,overflow,historical,38.8,1
Tokachi,right,54.4,overflow,historical,39,1
Tokachi,right,54.4,overflow,historical,39.2,1
Tokachi,right,54.4,overflow,historical,39.4,1
Tokachi,right,54.4,overflow,historical,39.6,1
Tokachi,right,54.4,overflow,historical,39.8,1
Tokachi,right,54.4,overflow,historical,40,1
Tokachi,right,54.4,overflow,plus4K,32.2,0
Tokachi,right,54.4,overflow,plus4K,32.4,0
Tokachi,right,54.4,overflow,plus4K,32.6,0
Tokachi,right,54.4,overflow,plus4K,32.8,0
Tokachi,right,54.4,overflow,plus4K,33,0
Tokachi,right,54.4,overflow,plus4K,33.2,0
Tokachi,right,54.4,overflow,plus4K,33.4,0
Tokachi,right,54.4,overflow,plus4K,33.6,0
Tokachi,right,54.4,overflow,plus4K,33.8,0
Tokachi,right,54.4,overflow,plus4K,34,0
Tokachi,right,54.4,overflow,plus4K,34.2,0
Tokachi,right,54.4,overflow,plus4K,34.4,0
Tokachi,right,54.4,overflow,plus4K,34.6,0
Tokachi,right,54.4,overflow,plus4K,34.8,0
Tokachi,right,54.4,overflow,plus4K,35,0
Tokachi,right,54.4,overflow,plus4K,35.2,0
Tokachi,right,54.4,overflow,plus4K,35.4,0.0005
Tokachi,right,54.4,overflow,plus4K,35.6,0.0014
Tokachi,right,54.4,overflow,plus4K,35.8,0.0065
Tokachi,right,54.4,overflow,plus4K,36,0.0234
Tokachi,right,54.4,overflow,plus4K,36.2,0.0728
Tokachi,right,54.4,overflow,plus4K,36.4,0.1829
Tokachi,right,54.4,overflow,plus4K,36.6,0.3532
Tokachi,right,54.4,overflow,plus4K,36.8,0.5608
Tokachi,right,54.4,overflow,plus4K,37,0.7486
Tokachi,right,54.4,overflow,plus4K,37.2,0.8842
Tokachi,right,54.4,overflow,plus4K,37.4,0.9544
Tokachi,right,54.4,overflow,plus4K,37.6,0.9864
Tokachi,right,54.4,overflow,plus4K,37.8,0.9968
Tokachi,right,54.4,overflow,plus4K,38,0.9993
Tokachi,right,54.4,overflow,plus4K,38.2,0.9999
Tokachi,right,54.4,overflow,plus4K,38.4,1
Tokachi,right,54.4,overflow,plus4K,38.6,1
Tokachi,right,54.4,overflow,plus4K,38.8,1
Tokachi,right,54.4,overflow,plus4K,39,1
Tokachi,right,54.4,overflow,plus4K,39.2,1
Tokachi,right,54.4,overflow,plus4K,39.4,1
Tokachi,right,54.4,overflow,plus4K,39.6,1
Tokachi,right,54.4,overflow,plus4K,39.8,1
Tokachi,right,54.4,overflow,plus4K,40,1
Tokachi,right,54.6,overflow,historical,32.4,0
Tokachi,right,54.6,overflow,historical,32.6,0
Tokachi,right,54.6,overflow,historical,32.8,0
Tokachi,right,54.6,overflow,historical,33,0
Tokachi,right,54.6,overflow,historical,33.2,0
Tokachi,right,54.6,overflow,historical,33.4,0
Tokachi,right,54.6,overflow,historical,33.6,0
Tokachi,right,54.6,overflow,historical,33.8,0
Tokachi,right,54.6,overflow,historical,34,0
Tokachi,right,54.6,overflow,historical,34.2,0
Tokachi,right,54.6,overflow,historical,34.4,0
Tokachi,right,54.6,overflow,historical,34.6,0
Tokachi,right,54.6,overflow,historical,34.8,0
Tokachi,right,54.6,overflow,historical,35,0
Tokachi,right,54.6,overflow,historical,35.2,0
Tokachi,right,54.6,overflow,historical,35.4,0
Tokachi,right,54.6,overflow,historical,35.6,0
Tokachi,right,54.6,overflow,historical,35.8,0.0001
Tokachi,right,54.6,overflow,historical,36,0.0013
Tokachi,right,54.6,overflow,historical,36.2,0.0047
Tokachi,right,54.6,overflow,historical,36.4,0.0211
Tokachi,right,54.6,overflow,historical,36.6,0.0675
Tokachi,right,54.6,overflow,historical,36.8,0.1692
Tokachi,right,54.6,overflow,historical,37,0.3305
Tokachi,right,54.6,overflow,historical,37.2,0.5391
Tokachi,right,54.6,overflow,historical,37.4,0.7317
Tokachi,right,54.6,overflow,historical,37.6,0.8722
Tokachi,right,54.6,overflow,historical,37.8,0.9501
Tokachi,right,54.6,overflow,historical,38,0.9855
Tokachi,right,54.6,overflow,historical,38.2,0.9967
Tokachi,right,54.6,overflow,historical,38.4,0.9992
Tokachi,right,54.6,overflow,historical,38.6,1
Tokachi,right,54.6,overflow,historical,38.8,1
Tokachi,right,54.6,overflow,historical,39,1
Tokachi,right,54.6,overflow,historical,39.2,1
Tokachi,right,54.6,overflow,historical,39.4,1
Tokachi,right,54.6,overflow,historical,39.6,1
Tokachi,right,54.6,overflow,historical,39.8,1
Tokachi,right,54.6,overflow,historical,40,1
Tokachi,right,54.6,overflow,historical,40.2,1
Tokachi,right,54.6,overflow,historical,40.4,1
Tokachi,right,54.6,overflow,plus4K,32.4,0
Tokachi,right,54.6,overflow,plus4K,32.6,0
Tokachi,right,54.6,overflow,plus4K,32.8,0
Tokachi,right,54.6,overflow,plus4K,33,0
Tokachi,right,54.6,overflow,plus4K,33.2,0
Tokachi,right,54.6,overflow,plus4K,33.4,0
Tokachi,right,54.6,overflow,plus4K,33.6,0
Tokachi,right,54.6,overflow,plus4K,33.8,0
Tokachi,right,54.6,overflow,plus4K,34,0
Tokachi,right,54.6,overflow,plus4K,34.2,0
Tokachi,right,54.6,overflow,plus4K,34.4,0
Tokachi,right,54.6,overflow,plus4K,34.6,0
Tokachi,right,54.6,overflow,plus4K,34.8,0
Tokachi,right,54.6,overflow,plus4K,35,0
Tokachi,right,54.6,overflow,plus4K,35.2,0
Tokachi,right,54.6,overflow,plus4K,35.4,0
Tokachi,right,54.6,overflow,plus4K,35.6,0
Tokachi,right,54.6,overflow,plus4K,35.8,0.0001
Tokachi,right,54.6,overflow,plus4K,36,0.0013
Tokachi,right,54.6,overflow,plus4K,36.2,0.0047
Tokachi,right,54.6,overflow,plus4K,36.4,0.0211
Tokachi,right,54.6,overflow,plus4K,36.6,0.0675
Tokachi,right,54.6,overflow,plus4K,36.8,0.1692
Tokachi,right,54.6,overflow,plus4K,37,0.3305
Tokachi,right,54.6,overflow,plus4K,37.2,0.5391
Tokachi,right,54.6,overflow,plus4K,37.4,0.7317
Tokachi,right,54.6,overflow,plus4K,37.6,0.8722
Tokachi,right,54.6,overflow,plus4K,37.8,0.9501
Tokachi,right,54.6,overflow,plus4K,38,0.9855
Tokachi,right,54.6,overflow,plus4K,38.2,0.9967
Tokachi,right,54.6,overflow,plus4K,38.4,0.9992
Tokachi,right,54.6,overflow,plus4K,38.6,1
Tokachi,right,54.6,overflow,plus4K,38.8,1
Tokachi,right,54.6,overflow,plus4K,39,1
Tokachi,right,54.6,overflow,plus4K,39.2,1
Tokachi,right,54.6,overflow,plus4K,39.4,1
Tokachi,right,54.6,overflow,plus4K,39.6,1
Tokachi,right,54.6,overflow,plus4K,39.8,1
Tokachi,right,54.6,overflow,plus4K,40,1
Tokachi,right,54.6,overflow,plus4K,40.2,1
Tokachi,right,54.6,overflow,plus4K,40.4,1
Tokachi,right,54.8,overflow,historical,32.6,0
Tokachi,right,54.8,overflow,historical,32.8,0
Tokachi,right,54.8,overflow,historical,33,0
Tokachi,right,54.8,overflow,historical,33.2,0
Tokachi,right,54.8,overflow,historical,33.4,0
Tokachi,right,54.8,overflow,historical,33.6,0
Tokachi,right,54.8,overflow,historical,33.8,0
Tokachi,right,54.8,overflow,historical,34,0
Tokachi,right,54.8,overflow,historical,34.2,0
Tokachi,right,54.8,overflow,historical,34.4,0
Tokachi,right,54.8,overflow,historical,34.6,0
Tokachi,right,54.8,overflow,historical,34.8,0
Tokachi,right,54.8,overflow,historical,35,0
Tokachi,right,54.8,overflow,historical,35.2,0
Tokachi,right,54.8,overflow,historical,35.4,0
Tokachi,right,54.8,overflow,historical,35.6,0
Tokachi,right,54.8,overflow,historical,35.8,0
Tokachi,right,54.8,overflow,historical,36,0.0001
Tokachi,right,54.8,overflow,historical,36.2,0.0005
Tokachi,right,54.8,overflow,historical,36.4,0.0032
Tokachi,right,54.8,overflow,historical,36.6,0.0109
Tokachi,right,54.8,overflow,historical,36.8,0.0387
Tokachi,right,54.8,overflow,historical,37,0.1065
Tokachi,right,54.8,overflow,historical,37.2,0.2385
Tokachi,right,54.8,overflow,historical,37.4,0.4245
Tokachi,right,54.8,overflow,historical,37.6,0.6282
Tokachi,right,54.8,overflow,historical,37.8,0.8066
Tokachi,right,54.8,overflow,historical,38,0.9184
Tokachi,right,54.8,overflow,historical,38.2,0.9689
Tokachi,right,54.8,overflow,historical,38.4,0.9925
Tokachi,right,54.8,overflow,historical,38.6,0.9984
Tokachi,right,54.8,overflow,historical,38.8,0.9997
Tokachi,right,54.8,overflow,historical,39,1
Tokachi,right,54.8,overflow,historical,39.2,1
Tokachi,right,54.8,overflow,historical,39.4,1
Tokachi,right,54.8,overflow,historical,39.6,1
Tokachi,right,54.8,overflow,historical,39.8,1
Tokachi,right,54.8,overflow,historical,40,1
Tokachi,right,54.8,overflow,historical,40.2,1
Tokachi,right,54.8,overflow,historical,40.4,1
Tokachi,right,54.8,overflow,historical,40.6,1
Tokachi,right,54.8,overflow,plus4K,32.6,0
Tokachi,right,54.8,overflow,plus4K,32.8,0
Tokachi,right,54.8,overflow,plus4K,33,0
Tokachi,right,54.8,overflow,plus4K,33.2,0
Tokachi,right,54.8,overflow,plus4K,33.4,0
Tokachi,right,54.8,overflow,plus4K,33.6,0
Tokachi,right,54.8,overflow,plus4K,33.8,0
Tokachi,right,54.8,overflow,plus4K,34,0
Tokachi,right,54.8,overflow,plus4K,34.2,0
Tokachi,right,54.8,overflow,plus4K,34.4,0
Tokachi,right,54.8,overflow,plus4K,34.6,0
Tokachi,right,54.8,overflow,plus4K,34.8,0
Tokachi,right,54.8,overflow,plus4K,35,0
Tokachi,right,54.8,overflow,plus4K,35.2,0
Tokachi,right,54.8,overflow,plus4K,35.4,0
Tokachi,right,54.8,overflow,plus4K,35.6,0
Tokachi,right,54.8,overflow,plus4K,35.8,0
Tokachi,right,54.8,overflow,plus4K,36,0.0001
Tokachi,right,54.8,overflow,plus4K,36.2,0.0005
Tokachi,right,54.8,overflow,plus4K,36.4,0.0032
Tokachi,right,54.8,overflow,plus4K,36.6,0.0109
Tokachi,right,54.8,overflow,plus4K,36.8,0.0387
Tokachi,right,54.8,overflow,plus4K,37,0.1065
Tokachi,right,54.8,overflow,plus4K,37.2,0.2385
Tokachi,right,54.8,overflow,plus4K,37.4,0.4245
Tokachi,right,54.8,overflow,plus4K,37.6,0.6282
Tokachi,right,54.8,overflow,plus4K,37.8,0.8066
Tokachi,right,54.8,overflow,plus4K,38,0.9184
Tokachi,right,54.8,overflow,plus4K,38.2,0.9689
Tokachi,right,54.8,overflow,plus4K,38.4,0.9925
Tokachi,right,54.8,overflow,plus4K,38.6,0.9984
Tokachi,right,54.8,overflow,plus4K,38.8,0.9997
Tokachi,right,54.8,overflow,plus4K,39,1
Tokachi,right,54.8,overflow,plus4K,39.2,1
Tokachi,right,54.8,overflow,plus4K,39.4,1
Tokachi,right,54.8,overflow,plus4K,39.6,1
Tokachi,right,54.8,overflow,plus4K,39.8,1
Tokachi,right,54.8,overflow,plus4K,40,1
Tokachi,right,54.8,overflow,plus4K,40.2,1
Tokachi,right,54.8,overflow,plus4K,40.4,1
Tokachi,right,54.8,overflow,plus4K,40.6,1
Tokachi,right,55,overflow,historical,33,0
Tokachi,right,55,overflow,historical,33.2,0
Tokachi,right,55,overflow,historical,33.4,0
Tokachi,right,55,overflow,historical,33.6,0
Tokachi,right,55,overflow,historical,33.8,0
Tokachi,right,55,overflow,historical,34,0
Tokachi,right,55,overflow,historical,34.2,0
Tokachi,right,55,overflow,historical,34.4,0
Tokachi,right,55,overflow,historical,34.6,0
Tokachi,right,55,overflow,historical,34.8,0
Tokachi,right,55,overflow,historical,35,0
Tokachi,right,55,overflow,historical,35.2,0
Tokachi,right,55,overflow,historical,35.4,0
Tokachi,right,55,overflow,historical,35.6,0
Tokachi,right,55,overflow,historical,35.8,0
Tokachi,right,55,overflow,historical,36,0
Tokachi,right,55,overflow,historical,36.2,0
Tokachi,right,55,overflow,historical,36.4,0.0004
Tokachi,right,55,overflow,historical,36.6,0.0023
Tokachi,right,55,overflow,historical,36.8,0.0088
Tokachi,right,55,overflow,historical,37,0.0298
Tokachi,right,55,overflow,historical,37.2,0.0797
Tokachi,right,55,overflow,historical,37.4,0.1932
Tokachi,right,55,overflow,historical,37.6,0.3685
Tokachi,right,55,overflow,historical,37.8,0.5732
Tokachi,right,55,overflow,historical,38,0.761
Tokachi,right,55,overflow,historical,38.2,0.8894
Tokachi,right,55,overflow,historical,38.4,0.9613
Tokachi,right,55,overflow,historical,38.6,0.9885
Tokachi,right,55,overflow,historical,38.8,0.997
Tokachi,right,55,overflow,historical,39,0.9991
Tokachi,right,55,overflow,historical,39.2,0.9999
Tokachi,right,55,overflow,historical,39.4,1
Tokachi,right,55,overflow,historical,39.6,1
Tokachi,right,55,overflow,historical,39.8,1
Tokachi,right,55,overflow,historical,40,1
Tokachi,right,55,overflow,historical,40.2,1
Tokachi,right,55,overflow,historical,40.4,1
Tokachi,right,55,overflow,historical,40.6,1
Tokachi,right,55,overflow,historical,40.8,1
Tokachi,right,55,overflow,historical,41,1
Tokachi,right,55,overflow,plus4K,33,0
Tokachi,right,55,overflow,plus4K,33.2,0
Tokachi,right,55,overflow,plus4K,33.4,0
Tokachi,right,55,overflow,plus4K,33.6,0
Tokachi,right,55,overflow,plus4K,33.8,0
Tokachi,right,55,overflow,plus4K,34,0
Tokachi,right,55,overflow,plus4K,34.2,0
Tokachi,right,55,overflow,plus4K,34.4,0
Tokachi,right,55,overflow,plus4K,34.6,0
Tokachi,right,55,overflow,plus4K,34.8,0
Tokachi,right,55,overflow,plus4K,35,0
Tokachi,right,55,overflow,plus4K,35.2,0
Tokachi,right,55,overflow,plus4K,35.4,0
Tokachi,right,55,overflow,plus4K,35.6,0
Tokachi,right,55,overflow,plus4K,35.8,0
Tokachi,right,55,overflow,plus4K,36,0
Tokachi,right,55,overflow,plus4K,36.2,0
Tokachi,right,55,overflow,plus4K,36.4,0.0004
Tokachi,right,55,overflow,plus4K,36.6,0.0023
Tokachi,right,55,overflow,plus4K,36.8,0.0088
Tokachi,right,55,overflow,plus4K,37,0.0298
Tokachi,right,55,overflow,plus4K,37.2,0.0797
Tokachi,right,55,overflow,plus4K,37.4,0.1932
Tokachi,right,55,overflow,plus4K,37.6,0.3685
Tokachi,right,55,overflow,plus4K,37.8,0.5732
Tokachi,right,55,overflow,plus4K,38,0.761
Tokachi,right,55,overflow,plus4K,38.2,0.8894
Tokachi,right,55,overflow,plus4K,38.4,0.9613
Tokachi,right,55,overflow,plus4K,38.6,0.9885
Tokachi,right,55,overflow,plus4K,38.8,0.997
Tokachi,right,55,overflow,plus4K,39,0.9991
Tokachi,right,55,overflow,plus4K,39.2,0.9999
Tokachi,right,55,overflow,plus4K,39.4,1
Tokachi,right,55,overflow,plus4K,39.6,1
Tokachi,right,55,overflow,plus4K,39.8,1
Tokachi,right,55,overflow,plus4K,40,1
Tokachi,right,55,overflow,plus4K,40.2,1
Tokachi,right,55,overflow,plus4K,40.4,1
Tokachi,right,55,overflow,plus4K,40.6,1
Tokachi,right,55,overflow,plus4K,40.8,1
Tokachi,right,55,overflow,plus4K,41,1
Tokachi,right,55.2,overflow,historical,33.4,0
Tokachi,right,55.2,overflow,historical,33.6,0
Tokachi,right,55.2,overflow,historical,33.8,0
Tokachi,right,55.2,overflow,historical,34,0
Tokachi,right,55.2,overflow,historical,34.2,0
Tokachi,right,55.2,overflow,historical,34.4,0
Tokachi,right,55.2,overflow,historical,34.6,0
Tokachi,right,55.2,overflow,historical,34.8,0
Tokachi,right,55.2,overflow,historical,35,0
Tokachi,right,55.2,overflow,historical,35.2,0
Tokachi,right,55.2,overflow,historical,35.4,0
Tokachi,right,55.2,overflow,historical,35.6,0
Tokachi,right,55.2,overflow,historical,35.8,0
Tokachi,right,55.2,overflow,historical,36,0
Tokachi,right,55.2,overflow,historical,36.2,0
Tokachi,right,55.2,overflow,historical,36.4,0
Tokachi,right,55.2,overflow,historical,36.6,0
Tokachi,right,55.2,overflow,historical,36.8,0.0004
Tokachi,right,55.2,overflow,historical,37,0.0031
Tokachi,right,55.2,overflow,historical,37.2,0.0163
Tokachi,right,55.2,overflow,historical,37.4,0.0505
Tokachi,right,55.2,overflow,historical,37.6,0.1317
Tokachi,right,55.2,overflow,historical,37.8,0.2783
Tokachi,right,55.2,overflow,historical,38,0.4719
Tokachi,right,55.2,overflow,historical,38.2,0.6788
Tokachi,right,55.2,overflow,historical,38.4,0.8413
Tokachi,right,55.2,overflow,historical,38.6,0.9374
Tokachi,right,55.2,overflow,historical,38.8,0.9823
Tokachi,right,55.2,overflow,historical,39,0.9959
Tokachi,right,55.2,overflow,historical,39.2,0.9989
Tokachi,right,55.2,overflow,historical,39.4,0.9997
Tokachi,right,55.2,overflow,historical,39.6,1
Tokachi,right,55.2,overflow,historical,39.8,1
Tokachi,right,55.2,overflow,historical,40,1
Tokachi,right,55.2,overflow,historical,40.2,1
Tokachi,right,55.2,overflow,historical,40.4,1
Tokachi,right,55.2,overflow,historical,40.6,1
Tokachi,right,55.2,overflow,historical,40.8,1
Tokachi,right,55.2,overflow,historical,41,1
Tokachi,right,55.2,overflow,historical,41.2,1
Tokachi,right,55.2,overflow,plus4K,33.4,0
Tokachi,right,55.2,overflow,plus4K,33.6,0
Tokachi,right,55.2,overflow,plus4K,33.8,0
Tokachi,right,55.2,overflow,plus4K,34,0
Tokachi,right,55.2,overflow,plus4K,34.2,0
Tokachi,right,55.2,overflow,plus4K,34.4,0
Tokachi,right,55.2,overflow,plus4K,34.6,0
Tokachi,right,55.2,overflow,plus4K,34.8,0
Tokachi,right,55.2,overflow,plus4K,35,0
Tokachi,right,55.2,overflow,plus4K,35.2,0
Tokachi,right,55.2,overflow,plus4K,35.4,0
Tokachi,right,55.2,overflow,plus4K,35.6,0
Tokachi,right,55.2,overflow,plus4K,35.8,0
Tokachi,right,55.2,overflow,plus4K,36,0
Tokachi,right,55.2,overflow,plus4K,36.2,0
Tokachi,right,55.2,overflow,plus4K,36.4,0
Tokachi,right,55.2,overflow,plus4K,36.6,0
Tokachi,right,55.2,overflow,plus4K,36.8,0.0004
Tokachi,right,55.2,overflow,plus4K,37,0.0031
Tokachi,right,55.2,overflow,plus4K,37.2,0.0163
Tokachi,right,55.2,overflow,plus4K,37.4,0.0505
Tokachi,right,55.2,overflow,plus4K,37.6,0.1317
Tokachi,right,55.2,overflow,plus4K,37.8,0.2783
Tokachi,right,55.2,overflow,plus4K,38,0.4719
Tokachi,right,55.2,overflow,plus4K,38.2,0.6788
Tokachi,right,55.2,overflow,plus4K,38.4,0.8413
Tokachi,right,55.2,overflow,plus4K,38.6,0.9374
Tokachi,right,55.2,overflow,plus4K,38.8,0.9823
Tokachi,right,55.2,overflow,plus4K,39,0.9959
Tokachi,right,55.2,overflow,plus4K,39.2,0.9989
Tokachi,right,55.2,overflow,plus4K,39.4,0.9997
Tokachi,right,55.2,overflow,plus4K,39.6,1
Tokachi,right,55.2,overflow,plus4K,39.8,1
Tokachi,right,55.2,overflow,plus4K,40,1
Tokachi,right,55.2,overflow,plus4K,40.2,1
Tokachi,right,55.2,overflow,plus4K,40.4,1
Tokachi,right,55.2,overflow,plus4K,40.6,1
Tokachi,right,55.2,overflow,plus4K,40.8,1
Tokachi,right,55.2,overflow,plus4K,41,1
Tokachi,right,55.2,overflow,plus4K,41.2,1
Tokachi,right,55.4,overflow,historical,33.8,0
Tokachi,right,55.4,overflow,historical,34,0
Tokachi,right,55.4,overflow,historical,34.2,0
Tokachi,right,55.4,overflow,historical,34.4,0
Tokachi,right,55.4,overflow,historical,34.6,0
Tokachi,right,55.4,overflow,historical,34.8,0
Tokachi,right,55.4,overflow,historical,35,0
Tokachi,right,55.4,overflow,historical,35.2,0
Tokachi,right,55.4,overflow,historical,35.4,0
Tokachi,right,55.4,overflow,historical,35.6,0
Tokachi,right,55.4,overflow,historical,35.8,0
Tokachi,right,55.4,overflow,historical,36,0
Tokachi,right,55.4,overflow,historical,36.2,0
Tokachi,right,55.4,overflow,historical,36.4,0
Tokachi,right,55.4,overflow,historical,36.6,0
Tokachi,right,55.4,overflow,historical,36.8,0.0001
Tokachi,right,55.4,overflow,historical,37,0.0002
Tokachi,right,55.4,overflow,historical,37.2,0.0012
Tokachi,right,55.4,overflow,historical,37.4,0.005
Tokachi,right,55.4,overflow,historical,37.6,0.0218
Tokachi,right,55.4,overflow,historical,37.8,0.0728
Tokachi,right,55.4,overflow,historical,38,0.1743
Tokachi,right,55.4,overflow,historical,38.2,0.3406
Tokachi,right,55.4,overflow,historical,38.4,0.547
Tokachi,right,55.4,overflow,historical,38.6,0.7426
Tokachi,right,55.4,overflow,historical,38.8,0.8743
Tokachi,right,55.4,overflow,historical,39,0.9519
Tokachi,right,55.4,overflow,historical,39.2,0.9847
Tokachi,right,55.4,overflow,historical,39.4,0.9966
Tokachi,right,55.4,overflow,historical,39.6,0.9993
Tokachi,right,55.4,overflow,historical,39.8,1
Tokachi,right,55.4,overflow,historical,40,1
Tokachi,right,55.4,overflow,historical,40.2,1
Tokachi,right,55.4,overflow,historical,40.4,1
Tokachi,right,55.4,overflow,historical,40.6,1
Tokachi,right,55.4,overflow,historical,40.8,1
Tokachi,right,55.4,overflow,historical,41,1
Tokachi,right,55.4,overflow,historical,41.2,1
Tokachi,right,55.4,overflow,historical,41.4,1
Tokachi,right,55.4,overflow,historical,41.6,1
Tokachi,right,55.4,overflow,plus4K,33.8,0
Tokachi,right,55.4,overflow,plus4K,34,0
Tokachi,right,55.4,overflow,plus4K,34.2,0
Tokachi,right,55.4,overflow,plus4K,34.4,0
Tokachi,right,55.4,overflow,plus4K,34.6,0
Tokachi,right,55.4,overflow,plus4K,34.8,0
Tokachi,right,55.4,overflow,plus4K,35,0
Tokachi,right,55.4,overflow,plus4K,35.2,0
Tokachi,right,55.4,overflow,plus4K,35.4,0
Tokachi,right,55.4,overflow,plus4K,35.6,0
Tokachi,right,55.4,overflow,plus4K,35.8,0
Tokachi,right,55.4,overflow,plus4K,36,0
Tokachi,right,55.4,overflow,plus4K,36.2,0
Tokachi,right,55.4,overflow,plus4K,36.4,0
Tokachi,right,55.4,overflow,plus4K,36.6,0
Tokachi,right,55.4,overflow,plus4K,36.8,0.0001
Tokachi,right,55.4,overflow,plus4K,37,0.0002
Tokachi,right,55.4,overflow,plus4K,37.2,0.0012
Tokachi,right,55.4,overflow,plus4K,37.4,0.005
Tokachi,right,55.4,overflow,plus4K,37.6,0.0218
Tokachi,right,55.4,overflow,plus4K,37.8,0.0728
Tokachi,right,55.4,overflow,plus4K,38,0.1743
Tokachi,right,55.4,overflow,plus4K,38.2,0.3406
Tokachi,right,55.4,overflow,plus4K,38.4,0.547
Tokachi,right,55.4,overflow,plus4K,38.6,0.7426
Tokachi,right,55.4,overflow,plus4K,38.8,0.8743
Tokachi,right,55.4,overflow,plus4K,39,0.9519
Tokachi,right,55.4,overflow,plus4K,39.2,0.9847
Tokachi,right,55.4,overflow,plus4K,39.4,0.9966
Tokachi,right,55.4,overflow,plus4K,39.6,0.9993
Tokachi,right,55.4,overflow,plus4K,39.8,1
Tokachi,right,55.4,overflow,plus4K,40,1
Tokachi,right,55.4,overflow,plus4K,40.2,1
Tokachi,right,55.4,overflow,plus4K,40.4,1
Tokachi,right,55.4,overflow,plus4K,40.6,1
Tokachi,right,55.4,overflow,plus4K,40.8,1
Tokachi,right,55.4,overflow,plus4K,41,1
Tokachi,right,55.4,overflow,plus4K,41.2,1
Tokachi,right,55.4,overflow,plus4K,41.4,1
Tokachi,right,55.4,overflow,plus4K,41.6,1
Tokachi,right,55.6,overflow,historical,34,0
Tokachi,right,55.6,overflow,historical,34.2,0
Tokachi,right,55.6,overflow,historical,34.4,0
Tokachi,right,55.6,overflow,historical,34.6,0
Tokachi,right,55.6,overflow,historical,34.8,0
Tokachi,right,55.6,overflow,historical,35,0
Tokachi,right,55.6,overflow,historical,35.2,0
Tokachi,right,55.6,overflow,historical,35.4,0
Tokachi,right,55.6,overflow,historical,35.6,0
Tokachi,right,55.6,overflow,historical,35.8,0
Tokachi,right,55.6,overflow,historical,36,0
Tokachi,right,55.6,overflow,historical,36.2,0
Tokachi,right,55.6,overflow,historical,36.4,0
Tokachi,right,55.6,overflow,historical,36.6,0
Tokachi,right,55.6,overflow,historical,36.8,0
Tokachi,right,55.6,overflow,historical,37,0
Tokachi,right,55.6,overflow,historical,37.2,0
Tokachi,right,55.6,overflow,historical,37.4,0.0004
Tokachi,right,55.6,overflow,historical,37.6,0.0028
Tokachi,right,55.6,overflow,historical,37.8,0.012
Tokachi,right,55.6,overflow,historical,38,0.0368
Tokachi,right,55.6,overflow,historical,38.2,0.1023
Tokachi,right,55.6,overflow,historical,38.4,0.2204
Tokachi,right,55.6,overflow,historical,38.6,0.4033
Tokachi,right,55.6,overflow,historical,38.8,0.6046
Tokachi,right,55.6,overflow,historical,39,0.7823
Tokachi,right,55.6,overflow,historical,39.2,0.9076
Tokachi,right,55.6,overflow,historical,39.4,0.9673
Tokachi,right,55.6,overflow,historical,39.6,0.991
Tokachi,right,55.6,overflow,historical,39.8,0.9979
Tokachi,right,55.6,overflow,historical,40,0.9994
Tokachi,right,55.6,overflow,historical,40.2,0.9999
Tokachi,right,55.6,overflow,historical,40.4,1
Tokachi,right,55.6,overflow,historical,40.6,1
Tokachi,right,55.6,overflow,historical,40.8,1
Tokachi,right,55.6,overflow,historical,41,1
Tokachi,right,55.6,overflow,historical,41.2,1
Tokachi,right,55.6,overflow,historical,41.4,1
Tokachi,right,55.6,overflow,historical,41.6,1
Tokachi,right,55.6,overflow,historical,41.8,1
Tokachi,right,55.6,overflow,plus4K,34,0
Tokachi,right,55.6,overflow,plus4K,34.2,0
Tokachi,right,55.6,overflow,plus4K,34.4,0
Tokachi,right,55.6,overflow,plus4K,34.6,0
Tokachi,right,55.6,overflow,plus4K,34.8,0
Tokachi,right,55.6,overflow,plus4K,35,0
Tokachi,right,55.6,overflow,plus4K,35.2,0
Tokachi,right,55.6,overflow,plus4K,35.4,0
Tokachi,right,55.6,overflow,plus4K,35.6,0
Tokachi,right,55.6,overflow,plus4K,35.8,0
Tokachi,right,55.6,overflow,plus4K,36,0
Tokachi,right,55.6,overflow,plus4K,36.2,0
Tokachi,right,55.6,overflow,plus4K,36.4,0
Tokachi,right,55.6,overflow,plus4K,36.6,0
Tokachi,right,55.6,overflow,plus4K,36.8,0
Tokachi,right,55.6,overflow,plus4K,37,0
Tokachi,right,55.6,overflow,plus4K,37.2,0
Tokachi,right,55.6,overflow,plus4K,37.4,0.0004
Tokachi,right,55.6,overflow,plus4K,37.6,0.0028
Tokachi,right,55.6,overflow,plus4K,37.8,0.012
Tokachi,right,55.6,overflow,plus4K,38,0.0368
Tokachi,right,55.6,overflow,plus4K,38.2,0.1023
Tokachi,right,55.6,overflow,plus4K,38.4,0.2204
Tokachi,right,55.6,overflow,plus4K,38.6,0.4033
Tokachi,right,55.6,overflow,plus4K,38.8,0.6046
Tokachi,right,55.6,overflow,plus4K,39,0.7823
Tokachi,right,55.6,overflow,plus4K,39.2,0.9076
Tokachi,right,55.6,overflow,plus4K,39.4,0.9673
Tokachi,right,55.6,overflow,plus4K,39.6,0.991
Tokachi,right,55.6,overflow,plus4K,39.8,0.9979
Tokachi,right,55.6,overflow,plus4K,40,0.9994
Tokachi,right,55.6,overflow,plus4K,40.2,0.9999
Tokachi,right,55.6,overflow,plus4K,40.4,1
Tokachi,right,55.6,overflow,plus4K,40.6,1
Tokachi,right,55.6,overflow,plus4K,40.8,1
Tokachi,right,55.6,overflow,plus4K,41,1
Tokachi,right,55.6,overflow,plus4K,41.2,1
Tokachi,right,55.6,overflow,plus4K,41.4,1
Tokachi,right,55.6,overflow,plus4K,41.6,1
Tokachi,right,55.6,overflow,plus4K,41.8,1
Tokachi,right,55.8,overflow,historical,34.4,0
Tokachi,right,55.8,overflow,historical,34.6,0
Tokachi,right,55.8,overflow,historical,34.8,0
Tokachi,right,55.8,overflow,historical,35,0
Tokachi,right,55.8,overflow,historical,35.2,0
Tokachi,right,55.8,overflow,historical,35.4,0
Tokachi,right,55.8,overflow,historical,35.6,0
Tokachi,right,55.8,overflow,historical,35.8,0
Tokachi,right,55.8,overflow,historical,36,0
Tokachi,right,55.8,overflow,historical,36.2,0
Tokachi,right,55.8,overflow,historical,36.4,0
Tokachi,right,55.8,overflow,historical,36.6,0
Tokachi,right,55.8,overflow,historical,36.8,0
Tokachi,right,55.8,overflow,historical,37,0
Tokachi,right,55.8,overflow,historical,37.2,0
Tokachi,right,55.8,overflow,historical,37.4,0
Tokachi,right,55.8,overflow,historical,37.6,0.0003
Tokachi,right,55.8,overflow,historical,37.8,0.0019
Tokachi,right,55.8,overflow,historical,38,0.0059
Tokachi,right,55.8,overflow,historical,38.2,0.0211
Tokachi,right,55.8,overflow,historical,38.4,0.064
Tokachi,right,55.8,overflow,historical,38.6,0.159
Tokachi,right,55.8,overflow,historical,38.8,0.3116
Tokachi,right,55.8,overflow,historical,39,0.515
Tokachi,right,55.8,overflow,historical,39.2,0.7131
Tokachi,right,55.8,overflow,historical,39.4,0.866
Tokachi,right,55.8,overflow,historical,39.6,0.9463
Tokachi,right,55.8,overflow,historical,39.8,0.9835
Tokachi,right,55.8,overflow,historical,40,0.9963
Tokachi,right,55.8,overflow,historical,40.2,0.9993
Tokachi,right,55.8,overflow,historical,40.4,0.9999
Tokachi,right,55.8,overflow,historical,40.6,1
Tokachi,right,55.8,overflow,historical,40.8,1
Tokachi,right,55.8,overflow,historical,41,1
Tokachi,right,55.8,overflow,historical,41.2,1
Tokachi,right,55.8,overflow,historical,41.4,1
Tokachi,right,55.8,overflow,historical,41.6,1
Tokachi,right,55.8,overflow,historical,41.8,1
Tokachi,right,55.8,overflow,historical,42,1
Tokachi,right,55.8,overflow,historical,42.2,1
Tokachi,right,55.8,overflow,plus4K,34.4,0
Tokachi,right,55.8,overflow,plus4K,34.6,0
Tokachi,right,55.8,overflow,plus4K,34.8,0
Tokachi,right,55.8,overflow,plus4K,35,0
Tokachi,right,55.8,overflow,plus4K,35.2,0
Tokachi,right,55.8,overflow,plus4K,35.4,0
Tokachi,right,55.8,overflow,plus4K,35.6,0
Tokachi,right,55.8,overflow,plus4K,35.8,0
Tokachi,right,55.8,overflow,plus4K,36,0
Tokachi,right,55.8,overflow,plus4K,36.2,0
Tokachi,right,55.8,overflow,plus4K,36.4,0
Tokachi,right,55.8,overflow,plus4K,36.6,0
Tokachi,right,55.8,overflow,plus4K,36.8,0
Tokachi,right,55.8,overflow,plus4K,37,0
Tokachi,right,55.8,overflow,plus4K,37.2,0
Tokachi,right,55.8,overflow,plus4K,37.4,0
Tokachi,right,55.8,overflow,plus4K,37.6,0.0003
Tokachi,right,55.8,overflow,plus4K,37.8,0.0019
Tokachi,right,55.8,overflow,plus4K,38,0.0059
Tokachi,right,55.8,overflow,plus4K,38.2,0.0211
Tokachi,right,55.8,overflow,plus4K,38.4,0.064
Tokachi,right,55.8,overflow,plus4K,38.6,0.159
Tokachi,right,55.8,overflow,plus4K,38.8,0.3116
Tokachi,right,55.8,overflow,plus4K,39,0.515
Tokachi,right,55.8,overflow,plus4K,39.2,0.7131
Tokachi,right,55.8,overflow,plus4K,39.4,0.866
Tokachi,right,55.8,overflow,plus4K,39.6,0.9463
Tokachi,right,55.8,overflow,plus4K,39.8,0.9835
Tokachi,right,55.8,overflow,plus4K,40,0.9963
Tokachi,right,55.8,overflow,plus4K,40.2,0.9993
Tokachi,right,55.8,overflow,plus4K,40.4,0.9999
Tokachi,right,55.8,overflow,plus4K,40.6,1
Tokachi,right,55.8,overflow,plus4K,40.8,1
Tokachi,right,55.8,overflow,plus4K,41,1
Tokachi,right,55.8,overflow,plus4K,41.2,1
Tokachi,right,55.8,overflow,plus4K,41.4,1
Tokachi,right,55.8,overflow,plus4K,41.6,1
Tokachi,right,55.8,overflow,plus4K,41.8,1
Tokachi,right,55.8,overflow,plus4K,42,1
Tokachi,right,55.8,overflow,plus4K,42.2,1
Tokachi,right,56,overflow,historical,34.6,0
Tokachi,right,56,overflow,historical,34.8,0
Tokachi,right,56,overflow,historical,35,0
Tokachi,right,56,overflow,historical,35.2,0
Tokachi,right,56,overflow,historical,35.4,0
Tokachi,right,56,overflow,historical,35.6,0
Tokachi,right,56,overflow,historical,35.8,0
Tokachi,right,56,overflow,historical,36,0
Tokachi,right,56,overflow,historical,36.2,0
Tokachi,right,56,overflow,historical,36.4,0
Tokachi,right,56,overflow,historical,36.6,0
Tokachi,right,56,overflow,historical,36.8,0
Tokachi,right,56,overflow,historical,37,0
Tokachi,right,56,overflow,historical,37.2,0
Tokachi,right,56,overflow,historical,37.4,0
Tokachi,right,56,overflow,historical,37.6,0
Tokachi,right,56,overflow,historical,37.8,0
Tokachi,right,56,overflow,historical,38,0.0005
Tokachi,right,56,overflow,historical,38.2,0.003
Tokachi,right,56,overflow,historical,38.4,0.0152
Tokachi,right,56,overflow,historical,38.6,0.0555
Tokachi,right,56,overflow,historical,38.8,0.1425
Tokachi,right,56,overflow,historical,39,0.2842
Tokachi,right,56,overflow,historical,39.2,0.479
Tokachi,right,56,overflow,historical,39.4,0.6803
Tokachi,right,56,overflow,historical,39.6,0.8414
Tokachi,right,56,overflow,historical,39.8,0.9379
Tokachi,right,56,overflow,historical,40,0.9804
Tokachi,right,56,overflow,historical,40.2,0.9958
Tokachi,right,56,overflow,historical,40.4,0.9991
Tokachi,right,56,overflow,historical,40.6,1
Tokachi,right,56,overflow,historical,40.8,1
Tokachi,right,56,overflow,historical,41,1
Tokachi,right,56,overflow,historical,41.2,1
Tokachi,right,56,overflow,historical,41.4,1
Tokachi,right,56,overflow,historical,41.6,1
Tokachi,right,56,overflow,historical,41.8,1
Tokachi,right,56,overflow,historical,42,1
Tokachi,right,56,overflow,historical,42.2,1
Tokachi,right,56,overflow,historical,42.4,1
Tokachi,right,56,overflow,plus4K,34.6,0
Tokachi,right,56,overflow,plus4K,34.8,0
Tokachi,right,56,overflow,plus4K,35,0
Tokachi,right,56,overflow,plus4K,35.2,0
Tokachi,right,56,overflow,plus4K,35.4,0
Tokachi,right,56,overflow,plus4K,35.6,0
Tokachi,right,56,overflow,plus4K,35.8,0
Tokachi,right,56,overflow,plus4K,36,0
Tokachi,right,56,overflow,plus4K,36.2,0
Tokachi,right,56,overflow,plus4K,36.4,0
Tokachi,right,56,overflow,plus4K,36.6,0
Tokachi,right,56,overflow,plus4K,36.8,0
Tokachi,right,56,overflow,plus4K,37,0
Tokachi,right,56,overflow,plus4K,37.2,0
Tokachi,right,56,overflow,plus4K,37.4,0
Tokachi,right,56,overflow,plus4K,37.6,0
Tokachi,right,56,overflow,plus4K,37.8,0
Tokachi,right,56,overflow,plus4K,38,0.0005
Tokachi,right,56,overflow,plus4K,38.2,0.003
Tokachi,right,56,overflow,plus4K,38.4,0.0152
Tokachi,right,56,overflow,plus4K,38.6,0.0555
Tokachi,right,56,overflow,plus4K,38.8,0.1425
Tokachi,right,56,overflow,plus4K,39,0.2842
Tokachi,right,56,overflow,plus4K,39.2,0.479
Tokachi,right,56,overflow,plus4K,39.4,0.6803
Tokachi,right,56,overflow,plus4K,39.6,0.8414
Tokachi,right,56,overflow,plus4K,39.8,0.9379
Tokachi,right,56,overflow,plus4K,40,0.9804
Tokachi,right,56,overflow,plus4K,40.2,0.9958
Tokachi,right,56,overflow,plus4K,40.4,0.9991
Tokachi,right,56,overflow,plus4K,40.6,1
Tokachi,right,56,overflow,plus4K,40.8,1
Tokachi,right,56,overflow,plus4K,41,1
Tokachi,right,56,overflow,plus4K,41.2,1
Tokachi,right,56,overflow,plus4K,41.4,1
Tokachi,right,56,overflow,plus4K,41.6,1
Tokachi,right,56,overflow,plus4K,41.8,1
Tokachi,right,56,overflow,plus4K,42,1
Tokachi,right,56,overflow,plus4K,42.2,1
Tokachi,right,56,overflow,plus4K,42.4,1
Tokachi,right,56.2,overflow,historical,34.6,0
Tokachi,right,56.2,overflow,historical,34.8,0
Tokachi,right,56.2,overflow,historical,35,0
Tokachi,right,56.2,overflow,historical,35.2,0
Tokachi,right,56.2,overflow,historical,35.4,0
Tokachi,right,56.2,overflow,historical,35.6,0
Tokachi,right,56.2,overflow,historical,35.8,0
Tokachi,right,56.2,overflow,historical,36,0
Tokachi,right,56.2,overflow,historical,36.2,0
Tokachi,right,56.2,overflow,historical,36.4,0
Tokachi,right,56.2,overflow,historical,36.6,0
Tokachi,right,56.2,overflow,historical,36.8,0
Tokachi,right,56.2,overflow,historical,37,0
Tokachi,right,56.2,overflow,historical,37.2,0
Tokachi,right,56.2,overflow,historical,37.4,0
Tokachi,right,56.2,overflow,historical,37.6,0
Tokachi,right,56.2,overflow,historical,37.8,0
Tokachi,right,56.2,overflow,historical,38,0
Tokachi,right,56.2,overflow,historical,38.2,0
Tokachi,right,56.2,overflow,historical,38.4,0.0004
Tokachi,right,56.2,overflow,historical,38.6,0.0019
Tokachi,right,56.2,overflow,historical,38.8,0.0097
Tokachi,right,56.2,overflow,historical,39,0.0312
Tokachi,right,56.2,overflow,historical,39.2,0.0878
Tokachi,right,56.2,overflow,historical,39.4,0.2026
Tokachi,right,56.2,overflow,historical,39.6,0.3715
Tokachi,right,56.2,overflow,historical,39.8,0.5768
Tokachi,right,56.2,overflow,historical,40,0.7662
Tokachi,right,56.2,overflow,historical,40.2,0.8957
Tokachi,right,56.2,overflow,historical,40.4,0.9634
Tokachi,right,56.2,overflow,historical,40.6,0.9902
Tokachi,right,56.2,overflow,historical,40.8,0.9974
Tokachi,right,56.2,overflow,historical,41,0.9994
Tokachi,right,56.2,overflow,historical,41.2,1
Tokachi,right,56.2,overflow,historical,41.4,1
Tokachi,right,56.2,overflow,historical,41.6,1
Tokachi,right,56.2,overflow,historical,41.8,1
Tokachi,right,56.2,overflow,historical,42,1
Tokachi,right,56.2,overflow,historical,42.2,1
Tokachi,right,56.2,overflow,historical,42.4,1
Tokachi,right,56.2,overflow,historical,42.6,1
Tokachi,right,56.2,overflow,historical,42.8,1
Tokachi,right,56.2,overflow,historical,43,1
Tokachi,right,56.2,overflow,plus4K,34.6,0
Tokachi,right,56.2,overflow,plus4K,34.8,0
Tokachi,right,56.2,overflow,plus4K,35,0
Tokachi,right,56.2,overflow,plus4K,35.2,0
Tokachi,right,56.2,overflow,plus4K,35.4,0
Tokachi,right,56.2,overflow,plus4K,35.6,0
Tokachi,right,56.2,overflow,plus4K,35.8,0
Tokachi,right,56.2,overflow,plus4K,36,0
Tokachi,right,56.2,overflow,plus4K,36.2,0
Tokachi,right,56.2,overflow,plus4K,36.4,0
Tokachi,right,56.2,overflow,plus4K,36.6,0
Tokachi,right,56.2,overflow,plus4K,36.8,0
Tokachi,right,56.2,overflow,plus4K,37,0
Tokachi,right,56.2,overflow,plus4K,37.2,0
Tokachi,right,56.2,overflow,plus4K,37.4,0
Tokachi,right,56.2,overflow,plus4K,37.6,0
Tokachi,right,56.2,overflow,plus4K,37.8,0
Tokachi,right,56.2,overflow,plus4K,38,0
Tokachi,right,56.2,overflow,plus4K,38.2,0
Tokachi,right,56.2,overflow,plus4K,38.4,0.0004
Tokachi,right,56.2,overflow,plus4K,38.6,0.0019
Tokachi,right,56.2,overflow,plus4K,38.8,0.0097
Tokachi,right,56.2,overflow,plus4K,39,0.0312
Tokachi,right,56.2,overflow,plus4K,39.2,0.0878
Tokachi,right,56.2,overflow,plus4K,39.4,0.2026
Tokachi,right,56.2,overflow,plus4K,39.6,0.3715
Tokachi,right,56.2,overflow,plus4K,39.8,0.5768
Tokachi,right,56.2,overflow,plus4K,40,0.7662
Tokachi,right,56.2,overflow,plus4K,40.2,0.8957
Tokachi,right,56.2,overflow,plus4K,40.4,0.9634
Tokachi,right,56.2,overflow,plus4K,40.6,0.9902
Tokachi,right,56.2,overflow,plus4K,40.8,0.9974
Tokachi,right,56.2,overflow,plus4K,41,0.9994
Tokachi,right,56.2,overflow,plus4K,41.2,1
Tokachi,right,56.2,overflow,plus4K,41.4,1
Tokachi,right,56.2,overflow,plus4K,41.6,1
Tokachi,right,56.2,overflow,plus4K,41.8,1
Tokachi,right,56.2,overflow,plus4K,42,1
Tokachi,right,56.2,overflow,plus4K,42.2,1
Tokachi,right,56.2,overflow,plus4K,42.4,1
Tokachi,right,56.2,overflow,plus4K,42.6,1
Tokachi,right,56.2,overflow,plus4K,42.8,1
Tokachi,right,56.2,overflow,plus4K,43,1
Tokachi,right,56.4,overflow,historical,35.2,0
Tokachi,right,56.4,overflow,historical,35.4,0
Tokachi,right,56.4,overflow,historical,35.6,0
Tokachi,right,56.4,overflow,historical,35.8,0
Tokachi,right,56.4,overflow,historical,36,0
Tokachi,right,56.4,overflow,historical,36.2,0
Tokachi,right,56.4,overflow,historical,36.4,0
Tokachi,right,56.4,overflow,historical,36.6,0
Tokachi,right,56.4,overflow,historical,36.8,0
Tokachi,right,56.4,overflow,historical,37,0
Tokachi,right,56.4,overflow,historical,37.2,0
Tokachi,right,56.4,overflow,historical,37.4,0
Tokachi,right,56.4,overflow,historical,37.6,0
Tokachi,right,56.4,overflow,historical,37.8,0
Tokachi,right,56.4,overflow,historical,38,0
Tokachi,right,56.4,overflow,historical,38.2,0
Tokachi,right,56.4,overflow,historical,38.4,0
Tokachi,right,56.4,overflow,historical,38.6,0.0001
Tokachi,right,56.4,overflow,historical,38.8,0.0001
Tokachi,right,56.4,overflow,historical,39,0.0017
Tokachi,right,56.4,overflow,historical,39.2,0.0098
Tokachi,right,56.4,overflow,historical,39.4,0.0292
Tokachi,right,56.4,overflow,historical,39.6,0.0838
Tokachi,right,56.4,overflow,historical,39.8,0.1939
Tokachi,right,56.4,overflow,historical,40,0.3667
Tokachi,right,56.4,overflow,historical,40.2,0.5734
Tokachi,right,56.4,overflow,historical,40.4,0.7629
Tokachi,right,56.4,overflow,historical,40.6,0.8876
Tokachi,right,56.4,overflow,historical,40.8,0.9587
Tokachi,right,56.4,overflow,historical,41,0.9874
Tokachi,right,56.4,overflow,historical,41.2,0.9971
Tokachi,right,56.4,overflow,historical,41.4,0.9994
Tokachi,right,56.4,overflow,historical,41.6,0.9999
Tokachi,right,56.4,overflow,historical,41.8,1
Tokachi,right,56.4,overflow,historical,42,1
Tokachi,right,56.4,overflow,historical,42.2,1
Tokachi,right,56.4,overflow,historical,42.4,1
Tokachi,right,56.4,overflow,historical,42.6,1
Tokachi,right,56.4,overflow,historical,42.8,1
Tokachi,right,56.4,overflow,historical,43,1
Tokachi,right,56.4,overflow,historical,43.2,1
Tokachi,right,56.4,overflow,historical,43.4,1
Tokachi,right,56.4,overflow,plus4K,35.2,0
Tokachi,right,56.4,overflow,plus4K,35.4,0
Tokachi,right,56.4,overflow,plus4K,35.6,0
Tokachi,right,56.4,overflow,plus4K,35.8,0
Tokachi,right,56.4,overflow,plus4K,36,0
Tokachi,right,56.4,overflow,plus4K,36.2,0
Tokachi,right,56.4,overflow,plus4K,36.4,0
Tokachi,right,56.4,overflow,plus4K,36.6,0
Tokachi,right,56.4,overflow,plus4K,36.8,0
Tokachi,right,56.4,overflow,plus4K,37,0
Tokachi,right,56.4,overflow,plus4K,37.2,0
Tokachi,right,56.4,overflow,plus4K,37.4,0
Tokachi,right,56.4,overflow,plus4K,37.6,0
Tokachi,right,56.4,overflow,plus4K,37.8,0
Tokachi,right,56.4,overflow,plus4K,38,0
Tokachi,right,56.4,overflow,plus4K,38.2,0
Tokachi,right,56.4,overflow,plus4K,38.4,0
Tokachi,right,56.4,overflow,plus4K,38.6,0.0001
Tokachi,right,56.4,overflow,plus4K,38.8,0.0001
Tokachi,right,56.4,overflow,plus4K,39,0.0017
Tokachi,right,56.4,overflow,plus4K,39.2,0.0098
Tokachi,right,56.4,overflow,plus4K,39.4,0.0292
Tokachi,right,56.4,overflow,plus4K,39.6,0.0838
Tokachi,right,56.4,overflow,plus4K,39.8,0.1939
Tokachi,right,56.4,overflow,plus4K,40,0.3667
Tokachi,right,56.4,overflow,plus4K,40.2,0.5734
Tokachi,right,56.4,overflow,plus4K,40.4,0.7629
Tokachi,right,56.4,overflow,plus4K,40.6,0.8876
Tokachi,right,56.4,overflow,plus4K,40.8,0.9587
Tokachi,right,56.4,overflow,plus4K,41,0.9874
Tokachi,right,56.4,overflow,plus4K,41.2,0.9971
Tokachi,right,56.4,overflow,plus4K,41.4,0.9994
Tokachi,right,56.4,overflow,plus4K,41.6,0.9999
Tokachi,right,56.4,overflow,plus4K,41.8,1
Tokachi,right,56.4,overflow,plus4K,42,1
Tokachi,right,56.4,overflow,plus4K,42.2,1
Tokachi,right,56.4,overflow,plus4K,42.4,1
Tokachi,right,56.4,overflow,plus4K,42.6,1
Tokachi,right,56.4,overflow,plus4K,42.8,1
Tokachi,right,56.4,overflow,plus4K,43,1
Tokachi,right,56.4,overflow,plus4K,43.2,1
Tokachi,right,56.4,overflow,plus4K,43.4,1
Tokachi,right,56.6,overflow,historical,35.2,0
Tokachi,right,56.6,overflow,historical,35.4,0
Tokachi,right,56.6,overflow,historical,35.6,0
Tokachi,right,56.6,overflow,historical,35.8,0
Tokachi,right,56.6,overflow,historical,36,0
Tokachi,right,56.6,overflow,historical,36.2,0
Tokachi,right,56.6,overflow,historical,36.4,0
Tokachi,right,56.6,overflow,historical,36.6,0
Tokachi,right,56.6,overflow,historical,36.8,0
Tokachi,right,56.6,overflow,historical,37,0
Tokachi,right,56.6,overflow,historical,37.2,0
Tokachi,right,56.6,overflow,historical,37.4,0
Tokachi,right,56.6,overflow,historical,37.6,0
Tokachi,right,56.6,overflow,historical,37.8,0
Tokachi,right,56.6,overflow,historical,38,0.0001
Tokachi,right,56.6,overflow,historical,38.2,0.0001
Tokachi,right,56.6,overflow,historical,38.4,0.0003
Tokachi,right,56.6,overflow,historical,38.6,0.0014
Tokachi,right,56.6,overflow,historical,38.8,0.0029
Tokachi,right,56.6,overflow,historical,39,0.006
Tokachi,right,56.6,overflow,historical,39.2,0.0127
Tokachi,right,56.6,overflow,historical,39.4,0.0248
Tokachi,right,56.6,overflow,historical,39.6,0.0413
Tokachi,right,56.6,overflow,historical,39.8,0.0703
Tokachi,right,56.6,overflow,historical,40,0.1098
Tokachi,right,56.6,overflow,historical,40.2,0.1587
Tokachi,right,56.6,overflow,historical,40.4,0.2268
Tokachi,right,56.6,overflow,historical,40.6,0.31
Tokachi,right,56.6,overflow,historical,40.8,0.3924
Tokachi,right,56.6,overflow,historical,41,0.4959
Tokachi,right,56.6,overflow,historical,41.2,0.596
Tokachi,right,56.6,overflow,historical,41.4,0.6913
Tokachi,right,56.6,overflow,historical,41.6,0.7742
Tokachi,right,56.6,overflow,historical,41.8,0.8425
Tokachi,right,56.6,overflow,historical,42,0.8948
Tokachi,right,56.6,overflow,historical,42.2,0.9323
Tokachi,right,56.6,overflow,historical,42.4,0.9589
Tokachi,right,56.6,overflow,historical,42.6,0.976
Tokachi,right,56.6,overflow,historical,42.8,0.9871
Tokachi,right,56.6,overflow,historical,43,0.9926
Tokachi,right,56.6,overflow,historical,43.2,0.9964
Tokachi,right,56.6,overflow,historical,43.4,0.9982
Tokachi,right,56.6,overflow,historical,43.6,0.9993
Tokachi,right,56.6,overflow,historical,43.8,0.9998
Tokachi,right,56.6,overflow,historical,44,0.9999
Tokachi,right,56.6,overflow,historical,44.2,0.9999
Tokachi,right,56.6,overflow,plus4K,35.2,0
Tokachi,right,56.6,overflow,plus4K,35.4,0
Tokachi,right,56.6,overflow,plus4K,35.6,0
Tokachi,right,56.6,overflow,plus4K,35.8,0
Tokachi,right,56.6,overflow,plus4K,36,0
Tokachi,right,56.6,overflow,plus4K,36.2,0
Tokachi,right,56.6,overflow,plus4K,36.4,0
Tokachi,right,56.6,overflow,plus4K,36.6,0
Tokachi,right,56.6,overflow,plus4K,36.8,0
Tokachi,right,56.6,overflow,plus4K,37,0
Tokachi,right,56.6,overflow,plus4K,37.2,0
Tokachi,right,56.6,overflow,plus4K,37.4,0
Tokachi,right,56.6,overflow,plus4K,37.6,0
Tokachi,right,56.6,overflow,plus4K,37.8,0
Tokachi,right,56.6,overflow,plus4K,38,0.0001
Tokachi,right,56.6,overflow,plus4K,38.2,0.0001
Tokachi,right,56.6,overflow,plus4K,38.4,0.0003
Tokachi,right,56.6,overflow,plus4K,38.6,0.0014
Tokachi,right,56.6,overflow,plus4K,38.8,0.0029
Tokachi,right,56.6,overflow,plus4K,39,0.006
Tokachi,right,56.6,overflow,plus4K,39.2,0.0127
Tokachi,right,56.6,overflow,plus4K,39.4,0.0248
Tokachi,right,56.6,overflow,plus4K,39.6,0.0413
Tokachi,right,56.6,overflow,plus4K,39.8,0.0703
Tokachi,right,56.6,overflow,plus4K,40,0.1098
Tokachi,right,56.6,overflow,plus4K,40.2,0.1587
Tokachi,right,56.6,overflow,plus4K,40.4,0.2268
Tokachi,right,56.6,overflow,plus4K,40.6,0.31
Tokachi,right,56.6,overflow,plus4K,40.8,0.3924
Tokachi,right,56.6,overflow,plus4K,41,0.4959
Tokachi,right,56.6,overflow,plus4K,41.2,0.596
Tokachi,right,56.6,overflow,plus4K,41.4,0.6913
Tokachi,right,56.6,overflow,plus4K,41.6,0.7742
Tokachi,right,56.6,overflow,plus4K,41.8,0.8425
Tokachi,right,56.6,overflow,plus4K,42,0.8948
Tokachi,right,56.6,overflow,plus4K,42.2,0.9323
Tokachi,right,56.6,overflow,plus4K,42.4,0.9589
Tokachi,right,56.6,overflow,plus4K,42.6,0.976
Tokachi,right,56.6,overflow,plus4K,42.8,0.9871
Tokachi,right,56.6,overflow,plus4K,43,0.9926
Tokachi,right,56.6,overflow,plus4K,43.2,0.9964
Tokachi,right,56.6,overflow,plus4K,43.4,0.9982
Tokachi,right,56.6,overflow,plus4K,43.6,0.9993
Tokachi,right,56.6,overflow,plus4K,43.8,0.9998
Tokachi,right,56.6,overflow,plus4K,44,0.9999
Tokachi,right,56.6,overflow,plus4K,44.2,0.9999
Tokachi,right,56.8,overflow,historical,35.6,0
Tokachi,right,56.8,overflow,historical,35.8,0
Tokachi,right,56.8,overflow,historical,36,0
Tokachi,right,56.8,overflow,historical,36.2,0
Tokachi,right,56.8,overflow,historical,36.4,0
Tokachi,right,56.8,overflow,historical,36.6,0
Tokachi,right,56.8,overflow,historical,36.8,0
Tokachi,right,56.8,overflow,historical,37,0
Tokachi,right,56.8,overflow,historical,37.2,0
Tokachi,right,56.8,overflow,historical,37.4,0
Tokachi,right,56.8,overflow,historical,37.6,0
Tokachi,right,56.8,overflow,historical,37.8,0
Tokachi,right,56.8,overflow,historical,38,0
Tokachi,right,56.8,overflow,historical,38.2,0
Tokachi,right,56.8,overflow,historical,38.4,0
Tokachi,right,56.8,overflow,historical,38.6,0
Tokachi,right,56.8,overflow,historical,38.8,0
Tokachi,right,56.8,overflow,historical,39,0.0001
Tokachi,right,56.8,overflow,historical,39.2,0.0001
Tokachi,right,56.8,overflow,historical,39.4,0.0006
Tokachi,right,56.8,overflow,historical,39.6,0.0012
Tokachi,right,56.8,overflow,historical,39.8,0.0027
Tokachi,right,56.8,overflow,historical,40,0.0091
Tokachi,right,56.8,overflow,historical,40.2,0.025
Tokachi,right,56.8,overflow,historical,40.4,0.0556
Tokachi,right,56.8,overflow,historical,40.6,0.1099
Tokachi,right,56.8,overflow,historical,40.8,0.1927
Tokachi,right,56.8,overflow,historical,41,0.3067
Tokachi,right,56.8,overflow,historical,41.2,0.4423
Tokachi,right,56.8,overflow,historical,41.4,0.5859
Tokachi,right,56.8,overflow,historical,41.6,0.7252
Tokachi,right,56.8,overflow,historical,41.8,0.8309
Tokachi,right,56.8,overflow,historical,42,0.9047
Tokachi,right,56.8,overflow,historical,42.2,0.9518
Tokachi,right,56.8,overflow,historical,42.4,0.9771
Tokachi,right,56.8,overflow,historical,42.6,0.9901
Tokachi,right,56.8,overflow,historical,42.8,0.9965
Tokachi,right,56.8,overflow,historical,43,0.9984
Tokachi,right,56.8,overflow,historical,43.2,0.9998
Tokachi,right,56.8,overflow,historical,43.4,1
Tokachi,right,56.8,overflow,historical,43.6,1
Tokachi,right,56.8,overflow,historical,43.8,1
Tokachi,right,56.8,overflow,historical,44,1
Tokachi,right,56.8,overflow,historical,44.2,1
Tokachi,right,56.8,overflow,historical,44.4,1
Tokachi,right,56.8,overflow,plus4K,35.6,0
Tokachi,right,56.8,overflow,plus4K,35.8,0
Tokachi,right,56.8,overflow,plus4K,36,0
Tokachi,right,56.8,overflow,plus4K,36.2,0
Tokachi,right,56.8,overflow,plus4K,36.4,0
Tokachi,right,56.8,overflow,plus4K,36.6,0
Tokachi,right,56.8,overflow,plus4K,36.8,0
Tokachi,right,56.8,overflow,plus4K,37,0
Tokachi,right,56.8,overflow,plus4K,37.2,0
Tokachi,right,56.8,overflow,plus4K,37.4,0
Tokachi,right,56.8,overflow,plus4K,37.6,0
Tokachi,right,56.8,overflow,plus4K,37.8,0
Tokachi,right,56.8,overflow,plus4K,38,0
Tokachi,right,56.8,overflow,plus4K,38.2,0
Tokachi,right,56.8,overflow,plus4K,38.4,0
Tokachi,right,56.8,overflow,plus4K,38.6,0
Tokachi,right,56.8,overflow,plus4K,38.8,0
Tokachi,right,56.8,overflow,plus4K,39,0.0001
Tokachi,right,56.8,overflow,plus4K,39.2,0.0001
Tokachi,right,56.8,overflow,plus4K,39.4,0.0006
Tokachi,right,56.8,overflow,plus4K,39.6,0.0012
Tokachi,right,56.8,overflow,plus4K,39.8,0.0027
Tokachi,right,56.8,overflow,plus4K,40,0.0091
Tokachi,right,56.8,overflow,plus4K,40.2,0.025
Tokachi,right,56.8,overflow,plus4K,40.4,0.0556
Tokachi,right,56.8,overflow,plus4K,40.6,0.1099
Tokachi,right,56.8,overflow,plus4K,40.8,0.1927
Tokachi,right,56.8,overflow,plus4K,41,0.3067
Tokachi,right,56.8,overflow,plus4K,41.2,0.4423
Tokachi,right,56.8,overflow,plus4K,41.4,0.5859
Tokachi,right,56.8,overflow,plus4K,41.6,0.7252
Tokachi,right,56.8,overflow,plus4K,41.8,0.8309
Tokachi,right,56.8,overflow,plus4K,42,0.9047
Tokachi,right,56.8,overflow,plus4K,42.2,0.9518
Tokachi,right,56.8,overflow,plus4K,42.4,0.9771
Tokachi,right,56.8,overflow,plus4K,42.6,0.9901
Tokachi,right,56.8,overflow,plus4K,42.8,0.9965
Tokachi,right,56.8,overflow,plus4K,43,0.9984
Tokachi,right,56.8,overflow,plus4K,43.2,0.9998
Tokachi,right,56.8,overflow,plus4K,43.4,1
Tokachi,right,56.8,overflow,plus4K,43.6,1
Tokachi,right,56.8,overflow,plus4K,43.8,1
Tokachi,right,56.8,overflow,plus4K,44,1
Tokachi,right,56.8,overflow,plus4K,44.2,1
Tokachi,right,56.8,overflow,plus4K,44.4,1
Tokachi,right,57,overflow,historical,35.6,0
Tokachi,right,57,overflow,historical,35.8,0
Tokachi,right,57,overflow,historical,36,0
Tokachi,right,57,overflow,historical,36.2,0
Tokachi,right,57,overflow,historical,36.4,0
Tokachi,right,57,overflow,historical,36.6,0
Tokachi,right,57,overflow,historical,36.8,0
Tokachi,right,57,overflow,historical,37,0
Tokachi,right,57,overflow,historical,37.2,0
Tokachi,right,57,overflow,historical,37.4,0
Tokachi,right,57,overflow,historical,37.6,0
Tokachi,right,57,overflow,historical,37.8,0
Tokachi,right,57,overflow,historical,38,0
Tokachi,right,57,overflow,historical,38.2,0
Tokachi,right,57,overflow,historical,38.4,0
Tokachi,right,57,overflow,historical,38.6,0
Tokachi,right,57,overflow,historical,38.8,0
Tokachi,right,57,overflow,historical,39,0
Tokachi,right,57,overflow,historical,39.2,0
Tokachi,right,57,overflow,historical,39.4,0
Tokachi,right,57,overflow,historical,39.6,0
Tokachi,right,57,overflow,historical,39.8,0.0005
Tokachi,right,57,overflow,historical,40,0.0014
Tokachi,right,57,overflow,historical,40.2,0.0067
Tokachi,right,57,overflow,historical,40.4,0.028
Tokachi,right,57,overflow,historical,40.6,0.0831
Tokachi,right,57,overflow,historical,40.8,0.1984
Tokachi,right,57,overflow,historical,41,0.3782
Tokachi,right,57,overflow,historical,41.2,0.5801
Tokachi,right,57,overflow,historical,41.4,0.7628
Tokachi,right,57,overflow,historical,41.6,0.8926
Tokachi,right,57,overflow,historical,41.8,0.9607
Tokachi,right,57,overflow,historical,42,0.9878
Tokachi,right,57,overflow,historical,42.2,0.9972
Tokachi,right,57,overflow,historical,42.4,0.999
Tokachi,right,57,overflow,historical,42.6,0.9998
Tokachi,right,57,overflow,historical,42.8,1
Tokachi,right,57,overflow,historical,43,1
Tokachi,right,57,overflow,historical,43.2,1
Tokachi,right,57,overflow,historical,43.4,1
Tokachi,right,57,overflow,historical,43.6,1
Tokachi,right,57,overflow,historical,43.8,1
Tokachi,right,57,overflow,historical,44,1
Tokachi,right,57,overflow,historical,44.2,1
Tokachi,right,57,overflow,historical,44.4,1
Tokachi,right,57,overflow,plus4K,35.6,0
Tokachi,right,57,overflow,plus4K,35.8,0
Tokachi,right,57,overflow,plus4K,36,0
Tokachi,right,57,overflow,plus4K,36.2,0
Tokachi,right,57,overflow,plus4K,36.4,0
Tokachi,right,57,overflow,plus4K,36.6,0
Tokachi,right,57,overflow,plus4K,36.8,0
Tokachi,right,57,overflow,plus4K,37,0
Tokachi,right,57,overflow,plus4K,37.2,0
Tokachi,right,57,overflow,plus4K,37.4,0
Tokachi,right,57,overflow,plus4K,37.6,0
Tokachi,right,57,overflow,plus4K,37.8,0
Tokachi,right,57,overflow,plus4K,38,0
Tokachi,right,57,overflow,plus4K,38.2,0
Tokachi,right,57,overflow,plus4K,38.4,0
Tokachi,right,57,overflow,plus4K,38.6,0
Tokachi,right,57,overflow,plus4K,38.8,0
Tokachi,right,57,overflow,plus4K,39,0
Tokachi,right,57,overflow,plus4K,39.2,0
Tokachi,right,57,overflow,plus4K,39.4,0
Tokachi,right,57,overflow,plus4K,39.6,0
Tokachi,right,57,overflow,plus4K,39.8,0.0005
Tokachi,right,57,overflow,plus4K,40,0.0014
Tokachi,right,57,overflow,plus4K,40.2,0.0067
Tokachi,right,57,overflow,plus4K,40.4,0.028
Tokachi,right,57,overflow,plus4K,40.6,0.0831
Tokachi,right,57,overflow,plus4K,40.8,0.1984
Tokachi,right,57,overflow,plus4K,41,0.3782
Tokachi,right,57,overflow,plus4K,41.2,0.5801
Tokachi,right,57,overflow,plus4K,41.4,0.7628
Tokachi,right,57,overflow,plus4K,41.6,0.8926
Tokachi,right,57,overflow,plus4K,41.8,0.9607
Tokachi,right,57,overflow,plus4K,42,0.9878
Tokachi,right,57,overflow,plus4K,42.2,0.9972
Tokachi,right,57,overflow,plus4K,42.4,0.999
Tokachi,right,57,overflow,plus4K,42.6,0.9998
Tokachi,right,57,overflow,plus4K,42.8,1
Tokachi,right,57,overflow,plus4K,43,1
Tokachi,right,57,overflow,plus4K,43.2,1
Tokachi,right,57,overflow,plus4K,43.4,1
Tokachi,right,57,overflow,plus4K,43.6,1
Tokachi,right,57,overflow,plus4K,43.8,1
Tokachi,right,57,overflow,plus4K,44,1
Tokachi,right,57,overflow,plus4K,44.2,1
Tokachi,right,57,overflow,plus4K,44.4,1
Tokachi,right,57.2,overflow,historical,36.2,0
Tokachi,right,57.2,overflow,historical,36.4,0
Tokachi,right,57.2,overflow,historical,36.6,0
Tokachi,right,57.2,overflow,historical,36.8,0
Tokachi,right,57.2,overflow,historical,37,0
Tokachi,right,57.2,overflow,historical,37.2,0
Tokachi,right,57.2,overflow,historical,37.4,0
Tokachi,right,57.2,overflow,historical,37.6,0
Tokachi,right,57.2,overflow,historical,37.8,0
Tokachi,right,57.2,overflow,historical,38,0
Tokachi,right,57.2,overflow,historical,38.2,0
Tokachi,right,57.2,overflow,historical,38.4,0
Tokachi,right,57.2,overflow,historical,38.6,0
Tokachi,right,57.2,overflow,historical,38.8,0
Tokachi,right,57.2,overflow,historical,39,0
Tokachi,right,57.2,overflow,historical,39.2,0
Tokachi,right,57.2,overflow,historical,39.4,0
Tokachi,right,57.2,overflow,historical,39.6,0
Tokachi,right,57.2,overflow,historical,39.8,0
Tokachi,right,57.2,overflow,historical,40,0
Tokachi,right,57.2,overflow,historical,40.2,0.0001
Tokachi,right,57.2,overflow,historical,40.4,0.0006
Tokachi,right,57.2,overflow,historical,40.6,0.0036
Tokachi,right,57.2,overflow,historical,40.8,0.0165
Tokachi,right,57.2,overflow,historical,41,0.0521
Tokachi,right,57.2,overflow,historical,41.2,0.1322
Tokachi,right,57.2,overflow,historical,41.4,0.274
Tokachi,right,57.2,overflow,historical,41.6,0.4695
Tokachi,right,57.2,overflow,historical,41.8,0.6782
Tokachi,right,57.2,overflow,historical,42,0.8408
Tokachi,right,57.2,overflow,historical,42.2,0.9337
Tokachi,right,57.2,overflow,historical,42.4,0.9784
Tokachi,right,57.2,overflow,historical,42.6,0.9945
Tokachi,right,57.2,overflow,historical,42.8,0.9985
Tokachi,right,57.2,overflow,historical,43,0.9996
Tokachi,right,57.2,overflow,historical,43.2,0.9999
Tokachi,right,57.2,overflow,historical,43.4,1
Tokachi,right,57.2,overflow,historical,43.6,1
Tokachi,right,57.2,overflow,historical,43.8,1
Tokachi,right,57.2,overflow,historical,44,1
Tokachi,right,57.2,overflow,historical,44.2,1
Tokachi,right,57.2,overflow,historical,44.4,1
Tokachi,right,57.2,overflow,historical,44.6,1
Tokachi,right,57.2,overflow,historical,44.8,1
Tokachi,right,57.2,overflow,plus4K,36.2,0
Tokachi,right,57.2,overflow,plus4K,36.4,0
Tokachi,right,57.2,overflow,plus4K,36.6,0
Tokachi,right,57.2,overflow,plus4K,36.8,0
Tokachi,right,57.2,overflow,plus4K,37,0
Tokachi,right,57.2,overflow,plus4K,37.2,0
Tokachi,right,57.2,overflow,plus4K,37.4,0
Tokachi,right,57.2,overflow,plus4K,37.6,0
Tokachi,right,57.2,overflow,plus4K,37.8,0
Tokachi,right,57.2,overflow,plus4K,38,0
Tokachi,right,57.2,overflow,plus4K,38.2,0
Tokachi,right,57.2,overflow,plus4K,38.4,0
Tokachi,right,57.2,overflow,plus4K,38.6,0
Tokachi,right,57.2,overflow,plus4K,38.8,0
Tokachi,right,57.2,overflow,plus4K,39,0
Tokachi,right,57.2,overflow,plus4K,39.2,0
Tokachi,right,57.2,overflow,plus4K,39.4,0
Tokachi,right,57.2,overflow,plus4K,39.6,0
Tokachi,right,57.2,overflow,plus4K,39.8,0
Tokachi,right,57.2,overflow,plus4K,40,0
Tokachi,right,57.2,overflow,plus4K,40.2,0.0001
Tokachi,right,57.2,overflow,plus4K,40.4,0.0006
Tokachi,right,57.2,overflow,plus4K,40.6,0.0036
Tokachi,right,57.2,overflow,plus4K,40.8,0.0165
Tokachi,right,57.2,overflow,plus4K,41,0.0521
Tokachi,right,57.2,overflow,plus4K,41.2,0.1322
Tokachi,right,57.2,overflow,plus4K,41.4,0.274
Tokachi,right,57.2,overflow,plus4K,41.6,0.4695
Tokachi,right,57.2,overflow,plus4K,41.8,0.6782
Tokachi,right,57.2,overflow,plus4K,42,0.8408
Tokachi,right,57.2,overflow,plus4K,42.2,0.9337
Tokachi,right,57.2,overflow,plus4K,42.4,0.9784
Tokachi,right,57.2,overflow,plus4K,42.6,0.9945
Tokachi,right,57.2,overflow,plus4K,42.8,0.9985
Tokachi,right,57.2,overflow,plus4K,43,0.9996
Tokachi,right,57.2,overflow,plus4K,43.2,0.9999
Tokachi,right,57.2,overflow,plus4K,43.4,1
Tokachi,right,57.2,overflow,plus4K,43.6,1
Tokachi,right,57.2,overflow,plus4K,43.8,1
Tokachi,right,57.2,overflow,plus4K,44,1
Tokachi,right,57.2,overflow,plus4K,44.2,1
Tokachi,right,57.2,overflow,plus4K,44.4,1
Tokachi,right,57.2,overflow,plus4K,44.6,1
Tokachi,right,57.2,overflow,plus4K,44.8,1
Tokachi,right,57.4,overflow,historical,36.4,0
Tokachi,right,57.4,overflow,historical,36.6,0
Tokachi,right,57.4,overflow,historical,36.8,0
Tokachi,right,57.4,overflow,historical,37,0
Tokachi,right,57.4,overflow,historical,37.2,0
Tokachi,right,57.4,overflow,historical,37.4,0
Tokachi,right,57.4,overflow,historical,37.6,0
Tokachi,right,57.4,overflow,historical,37.8,0
Tokachi,right,57.4,overflow,historical,38,0
Tokachi,right,57.4,overflow,historical,38.2,0
Tokachi,right,57.4,overflow,historical,38.4,0
Tokachi,right,57.4,overflow,historical,38.6,0
Tokachi,right,57.4,overflow,historical,38.8,0
Tokachi,right,57.4,overflow,historical,39,0
Tokachi,right,57.4,overflow,historical,39.2,0
Tokachi,right,57.4,overflow,historical,39.4,0
Tokachi,right,57.4,overflow,historical,39.6,0
Tokachi,right,57.4,overflow,historical,39.8,0
Tokachi,right,57.4,overflow,historical,40,0
Tokachi,right,57.4,overflow,historical,40.2,0
Tokachi,right,57.4,overflow,historical,40.4,0
Tokachi,right,57.4,overflow,historical,40.6,0
Tokachi,right,57.4,overflow,historical,40.8,0.0005
Tokachi,right,57.4,overflow,historical,41,0.0018
Tokachi,right,57.4,overflow,historical,41.2,0.0067
Tokachi,right,57.4,overflow,historical,41.4,0.0256
Tokachi,right,57.4,overflow,historical,41.6,0.0813
Tokachi,right,57.4,overflow,historical,41.8,0.1879
Tokachi,right,57.4,overflow,historical,42,0.3573
Tokachi,right,57.4,overflow,historical,42.2,0.5689
Tokachi,right,57.4,overflow,historical,42.4,0.7602
Tokachi,right,57.4,overflow,historical,42.6,0.8898
Tokachi,right,57.4,overflow,historical,42.8,0.9588
Tokachi,right,57.4,overflow,historical,43,0.9879
Tokachi,right,57.4,overflow,historical,43.2,0.998
Tokachi,right,57.4,overflow,historical,43.4,0.9997
Tokachi,right,57.4,overflow,historical,43.6,1
Tokachi,right,57.4,overflow,historical,43.8,1
Tokachi,right,57.4,overflow,historical,44,1
Tokachi,right,57.4,overflow,historical,44.2,1
Tokachi,right,57.4,overflow,historical,44.4,1
Tokachi,right,57.4,overflow,historical,44.6,1
Tokachi,right,57.4,overflow,historical,44.8,1
Tokachi,right,57.4,overflow,historical,45,1
Tokachi,right,57.4,overflow,historical,45.2,1
Tokachi,right,57.4,overflow,historical,45.4,1
Tokachi,right,57.4,overflow,plus4K,36.4,0
Tokachi,right,57.4,overflow,plus4K,36.6,0
Tokachi,right,57.4,overflow,plus4K,36.8,0
Tokachi,right,57.4,overflow,plus4K,37,0
Tokachi,right,57.4,overflow,plus4K,37.2,0
Tokachi,right,57.4,overflow,plus4K,37.4,0
Tokachi,right,57.4,overflow,plus4K,37.6,0
Tokachi,right,57.4,overflow,plus4K,37.8,0
Tokachi,right,57.4,overflow,plus4K,38,0
Tokachi,right,57.4,overflow,plus4K,38.2,0
Tokachi,right,57.4,overflow,plus4K,38.4,0
Tokachi,right,57.4,overflow,plus4K,38.6,0
Tokachi,right,57.4,overflow,plus4K,38.8,0
Tokachi,right,57.4,overflow,plus4K,39,0
Tokachi,right,57.4,overflow,plus4K,39.2,0
Tokachi,right,57.4,overflow,plus4K,39.4,0
Tokachi,right,57.4,overflow,plus4K,39.6,0
Tokachi,right,57.4,overflow,plus4K,39.8,0
Tokachi,right,57.4,overflow,plus4K,40,0
Tokachi,right,57.4,overflow,plus4K,40.2,0
Tokachi,right,57.4,overflow,plus4K,40.4,0
Tokachi,right,57.4,overflow,plus4K,40.6,0
Tokachi,right,57.4,overflow,plus4K,40.8,0.0005
Tokachi,right,57.4,overflow,plus4K,41,0.0018
Tokachi,right,57.4,overflow,plus4K,41.2,0.0067
Tokachi,right,57.4,overflow,plus4K,41.4,0.0256
Tokachi,right,57.4,overflow,plus4K,41.6,0.0813
Tokachi,right,57.4,overflow,plus4K,41.8,0.1879
Tokachi,right,57.4,overflow,plus4K,42,0.3573
Tokachi,right,57.4,overflow,plus4K,42.2,0.5689
Tokachi,right,57.4,overflow,plus4K,42.4,0.7602
Tokachi,right,57.4,overflow,plus4K,42.6,0.8898
Tokachi,right,57.4,overflow,plus4K,42.8,0.9588
Tokachi,right,57.4,overflow,plus4K,43,0.9879
Tokachi,right,57.4,overflow,plus4K,43.2,0.998
Tokachi,right,57.4,overflow,plus4K,43.4,0.9997
Tokachi,right,57.4,overflow,plus4K,43.6,1
Tokachi,right,57.4,overflow,plus4K,43.8,1
Tokachi,right,57.4,overflow,plus4K,44,1
Tokachi,right,57.4,overflow,plus4K,44.2,1
Tokachi,right,57.4,overflow,plus4K,44.4,1
Tokachi,right,57.4,overflow,plus4K,44.6,1
Tokachi,right,57.4,overflow,plus4K,44.8,1
Tokachi,right,57.4,overflow,plus4K,45,1
Tokachi,right,57.4,overflow,plus4K,45.2,1
Tokachi,right,57.4,overflow,plus4K,45.4,1
Tokachi,right,57.6,overflow,historical,36.2,0
Tokachi,right,57.6,overflow,historical,36.4,0
Tokachi,right,57.6,overflow,historical,36.6,0
Tokachi,right,57.6,overflow,historical,36.8,0
Tokachi,right,57.6,overflow,historical,37,0
Tokachi,right,57.6,overflow,historical,37.2,0
Tokachi,right,57.6,overflow,historical,37.4,0
Tokachi,right,57.6,overflow,historical,37.6,0
Tokachi,right,57.6,overflow,historical,37.8,0
Tokachi,right,57.6,overflow,historical,38,0
Tokachi,right,57.6,overflow,historical,38.2,0
Tokachi,right,57.6,overflow,historical,38.4,0
Tokachi,right,57.6,overflow,historical,38.6,0
Tokachi,right,57.6,overflow,historical,38.8,0
Tokachi,right,57.6,overflow,historical,39,0
Tokachi,right,57.6,overflow,historical,39.2,0
Tokachi,right,57.6,overflow,historical,39.4,0
Tokachi,right,57.6,overflow,historical,39.6,0
Tokachi,right,57.6,overflow,historical,39.8,0
Tokachi,right,57.6,overflow,historical,40,0
Tokachi,right,57.6,overflow,historical,40.2,0
Tokachi,right,57.6,overflow,historical,40.4,0
Tokachi,right,57.6,overflow,historical,40.6,0.0002
Tokachi,right,57.6,overflow,historical,40.8,0.0008
Tokachi,right,57.6,overflow,historical,41,0.0034
Tokachi,right,57.6,overflow,historical,41.2,0.0124
Tokachi,right,57.6,overflow,historical,41.4,0.0432
Tokachi,right,57.6,overflow,historical,41.6,0.1254
Tokachi,right,57.6,overflow,historical,41.8,0.2653
Tokachi,right,57.6,overflow,historical,42,0.452
Tokachi,right,57.6,overflow,historical,42.2,0.6579
Tokachi,right,57.6,overflow,historical,42.4,0.8193
Tokachi,right,57.6,overflow,historical,42.6,0.9254
Tokachi,right,57.6,overflow,historical,42.8,0.974
Tokachi,right,57.6,overflow,historical,43,0.993
Tokachi,right,57.6,overflow,historical,43.2,0.9986
Tokachi,right,57.6,overflow,historical,43.4,0.9996
Tokachi,right,57.6,overflow,historical,43.6,0.9999
Tokachi,right,57.6,overflow,historical,43.8,1
Tokachi,right,57.6,overflow,historical,44,1
Tokachi,right,57.6,overflow,historical,44.2,1
Tokachi,right,57.6,overflow,historical,44.4,1
Tokachi,right,57.6,overflow,historical,44.6,1
Tokachi,right,57.6,overflow,historical,44.8,1
Tokachi,right,57.6,overflow,historical,45,1
Tokachi,right,57.6,overflow,historical,45.2,1
Tokachi,right,57.6,overflow,plus4K,36.2,0
Tokachi,right,57.6,overflow,plus4K,36.4,0
Tokachi,right,57.6,overflow,plus4K,36.6,0
Tokachi,right,57.6,overflow,plus4K,36.8,0
Tokachi,right,57.6,overflow,plus4K,37,0
Tokachi,right,57.6,overflow,plus4K,37.2,0
Tokachi,right,57.6,overflow,plus4K,37.4,0
Tokachi,right,57.6,overflow,plus4K,37.6,0
Tokachi,right,57.6,overflow,plus4K,37.8,0
Tokachi,right,57.6,overflow,plus4K,38,0
Tokachi,right,57.6,overflow,plus4K,38.2,0
Tokachi,right,57.6,overflow,plus4K,38.4,0
Tokachi,right,57.6,overflow,plus4K,38.6,0
Tokachi,right,57.6,overflow,plus4K,38.8,0
Tokachi,right,57.6,overflow,plus4K,39,0
Tokachi,right,57.6,overflow,plus4K,39.2,0
Tokachi,right,57.6,overflow,plus4K,39.4,0
Tokachi,right,57.6,overflow,plus4K,39.6,0
Tokachi,right,57.6,overflow,plus4K,39.8,0
Tokachi,right,57.6,overflow,plus4K,40,0
Tokachi,right,57.6,overflow,plus4K,40.2,0
Tokachi,right,57.6,overflow,plus4K,40.4,0
Tokachi,right,57.6,overflow,plus4K,40.6,0.0002
Tokachi,right,57.6,overflow,plus4K,40.8,0.0008
Tokachi,right,57.6,overflow,plus4K,41,0.0034
Tokachi,right,57.6,overflow,plus4K,41.2,0.0124
Tokachi,right,57.6,overflow,plus4K,41.4,0.0432
Tokachi,right,57.6,overflow,plus4K,41.6,0.1254
Tokachi,right,57.6,overflow,plus4K,41.8,0.2653
Tokachi,right,57.6,overflow,plus4K,42,0.452
Tokachi,right,57.6,overflow,plus4K,42.2,0.6579
Tokachi,right,57.6,overflow,plus4K,42.4,0.8193
Tokachi,right,57.6,overflow,plus4K,42.6,0.9254
Tokachi,right,57.6,overflow,plus4K,42.8,0.974
Tokachi,right,57.6,overflow,plus4K,43,0.993
Tokachi,right,57.6,overflow,plus4K,43.2,0.9986
Tokachi,right,57.6,overflow,plus4K,43.4,0.9996
Tokachi,right,57.6,overflow,plus4K,43.6,0.9999
Tokachi,right,57.6,overflow,plus4K,43.8,1
Tokachi,right,57.6,overflow,plus4K,44,1
Tokachi,right,57.6,overflow,plus4K,44.2,1
Tokachi,right,57.6,overflow,plus4K,44.4,1
Tokachi,right,57.6,overflow,plus4K,44.6,1
Tokachi,right,57.6,overflow,plus4K,44.8,1
Tokachi,right,57.6,overflow,plus4K,45,1
Tokachi,right,57.6,overflow,plus4K,45.2,1
Tokachi,right,57.8,overflow,historical,36.8,0
Tokachi,right,57.8,overflow,historical,37,0
Tokachi,right,57.8,overflow,historical,37.2,0
Tokachi,right,57.8,overflow,historical,37.4,0
Tokachi,right,57.8,overflow,historical,37.6,0
Tokachi,right,57.8,overflow,historical,37.8,0
Tokachi,right,57.8,overflow,historical,38,0
Tokachi,right,57.8,overflow,historical,38.2,0
Tokachi,right,57.8,overflow,historical,38.4,0
Tokachi,right,57.8,overflow,historical,38.6,0
Tokachi,right,57.8,overflow,historical,38.8,0
Tokachi,right,57.8,overflow,historical,39,0
Tokachi,right,57.8,overflow,historical,39.2,0
Tokachi,right,57.8,overflow,historical,39.4,0
Tokachi,right,57.8,overflow,historical,39.6,0
Tokachi,right,57.8,overflow,historical,39.8,0
Tokachi,right,57.8,overflow,historical,40,0
Tokachi,right,57.8,overflow,historical,40.2,0
Tokachi,right,57.8,overflow,historical,40.4,0
Tokachi,right,57.8,overflow,historical,40.6,0
Tokachi,right,57.8,overflow,historical,40.8,0.0002
Tokachi,right,57.8,overflow,historical,41,0.001
Tokachi,right,57.8,overflow,historical,41.2,0.0046
Tokachi,right,57.8,overflow,historical,41.4,0.0185
Tokachi,right,57.8,overflow,historical,41.6,0.0594
Tokachi,right,57.8,overflow,historical,41.8,0.1473
Tokachi,right,57.8,overflow,historical,42,0.2902
Tokachi,right,57.8,overflow,historical,42.2,0.4838
Tokachi,right,57.8,overflow,historical,42.4,0.6878
Tokachi,right,57.8,overflow,historical,42.6,0.8469
Tokachi,right,57.8,overflow,historical,42.8,0.9404
Tokachi,right,57.8,overflow,historical,43,0.9819
Tokachi,right,57.8,overflow,historical,43.2,0.996
Tokachi,right,57.8,overflow,historical,43.4,0.9994
Tokachi,right,57.8,overflow,historical,43.6,1
Tokachi,right,57.8,overflow,historical,43.8,1
Tokachi,right,57.8,overflow,historical,44,1
Tokachi,right,57.8,overflow,historical,44.2,1
Tokachi,right,57.8,overflow,historical,44.4,1
Tokachi,right,57.8,overflow,historical,44.6,1
Tokachi,right,57.8,overflow,historical,44.8,1
Tokachi,right,57.8,overflow,historical,45,1
Tokachi,right,57.8,overflow,historical,45.2,1
Tokachi,right,57.8,overflow,historical,45.4,1
Tokachi,right,57.8,overflow,plus4K,36.8,0
Tokachi,right,57.8,overflow,plus4K,37,0
Tokachi,right,57.8,overflow,plus4K,37.2,0
Tokachi,right,57.8,overflow,plus4K,37.4,0
Tokachi,right,57.8,overflow,plus4K,37.6,0
Tokachi,right,57.8,overflow,plus4K,37.8,0
Tokachi,right,57.8,overflow,plus4K,38,0
Tokachi,right,57.8,overflow,plus4K,38.2,0
Tokachi,right,57.8,overflow,plus4K,38.4,0
Tokachi,right,57.8,overflow,plus4K,38.6,0
Tokachi,right,57.8,overflow,plus4K,38.8,0
Tokachi,right,57.8,overflow,plus4K,39,0
Tokachi,right,57.8,overflow,plus4K,39.2,0
Tokachi,right,57.8,overflow,plus4K,39.4,0
Tokachi,right,57.8,overflow,plus4K,39.6,0
Tokachi,right,57.8,overflow,plus4K,39.8,0
Tokachi,right,57.8,overflow,plus4K,40,0
Tokachi,right,57.8,overflow,plus4K,40.2,0
Tokachi,right,57.8,overflow,plus4K,40.4,0
Tokachi,right,57.8,overflow,plus4K,40.6,0
Tokachi,right,57.8,overflow,plus4K,40.8,0.0002
Tokachi,right,57.8,overflow,plus4K,41,0.001
Tokachi,right,57.8,overflow,plus4K,41.2,0.0046
Tokachi,right,57.8,overflow,plus4K,41.4,0.0185
Tokachi,right,57.8,overflow,plus4K,41.6,0.0594
Tokachi,right,57.8,overflow,plus4K,41.8,0.1473
Tokachi,right,57.8,overflow,plus4K,42,0.2902
Tokachi,right,57.8,overflow,plus4K,42.2,0.4838
Tokachi,right,57.8,overflow,plus4K,42.4,0.6878
Tokachi,right,57.8,overflow,plus4K,42.6,0.8469
Tokachi,right,57.8,overflow,plus4K,42.8,0.9404
Tokachi,right,57.8,overflow,plus4K,43,0.9819
Tokachi,right,57.8,overflow,plus4K,43.2,0.996
Tokachi,right,57.8,overflow,plus4K,43.4,0.9994
Tokachi,right,57.8,overflow,plus4K,43.6,1
Tokachi,right,57.8,overflow,plus4K,43.8,1
Tokachi,right,57.8,overflow,plus4K,44,1
Tokachi,right,57.8,overflow,plus4K,44.2,1
Tokachi,right,57.8,overflow,plus4K,44.4,1
Tokachi,right,57.8,overflow,plus4K,44.6,1
Tokachi,right,57.8,overflow,plus4K,44.8,1
Tokachi,right,57.8,overflow,plus4K,45,1
Tokachi,right,57.8,overflow,plus4K,45.2,1
Tokachi,right,57.8,overflow,plus4K,45.4,1
Tokachi,right,58,overflow,historical,37.2,0
Tokachi,right,58,overflow,historical,37.4,0
Tokachi,right,58,overflow,historical,37.6,0
Tokachi,right,58,overflow,historical,37.8,0
Tokachi,right,58,overflow,historical,38,0
Tokachi,right,58,overflow,historical,38.2,0
Tokachi,right,58,overflow,historical,38.4,0
Tokachi,right,58,overflow,historical,38.6,0
Tokachi,right,58,overflow,historical,38.8,0
Tokachi,right,58,overflow,historical,39,0
Tokachi,right,58,overflow,historical,39.2,0
Tokachi,right,58,overflow,historical,39.4,0
Tokachi,right,58,overflow,historical,39.6,0
Tokachi,right,58,overflow,historical,39.8,0
Tokachi,right,58,overflow,historical,40,0
Tokachi,right,58,overflow,historical,40.2,0
Tokachi,right,58,overflow,historical,40.4,0
Tokachi,right,58,overflow,historical,40.6,0
Tokachi,right,58,overflow,historical,40.8,0
Tokachi,right,58,overflow,historical,41,0.0001
Tokachi,right,58,overflow,historical,41.2,0.0003
Tokachi,right,58,overflow,historical,41.4,0.0015
Tokachi,right,58,overflow,historical,41.6,0.0078
Tokachi,right,58,overflow,historical,41.8,0.0292
Tokachi,right,58,overflow,historical,42,0.0881
Tokachi,right,58,overflow,historical,42.2,0.1985
Tokachi,right,58,overflow,historical,42.4,0.3776
Tokachi,right,58,overflow,historical,42.6,0.5885
Tokachi,right,58,overflow,historical,42.8,0.7692
Tokachi,right,58,overflow,historical,43,0.8948
Tokachi,right,58,overflow,historical,43.2,0.9624
Tokachi,right,58,overflow,historical,43.4,0.988
Tokachi,right,58,overflow,historical,43.6,0.9976
Tokachi,right,58,overflow,historical,43.8,0.9997
Tokachi,right,58,overflow,historical,44,1
Tokachi,right,58,overflow,historical,44.2,1
Tokachi,right,58,overflow,historical,44.4,1
Tokachi,right,58,overflow,historical,44.6,1
Tokachi,right,58,overflow,historical,44.8,1
Tokachi,right,58,overflow,historical,45,1
Tokachi,right,58,overflow,historical,45.2,1
Tokachi,right,58,overflow,historical,45.4,1
Tokachi,right,58,overflow,historical,45.6,1
Tokachi,right,58,overflow,historical,45.8,1
Tokachi,right,58,overflow,plus4K,37.2,0
Tokachi,right,58,overflow,plus4K,37.4,0
Tokachi,right,58,overflow,plus4K,37.6,0
Tokachi,right,58,overflow,plus4K,37.8,0
Tokachi,right,58,overflow,plus4K,38,0
Tokachi,right,58,overflow,plus4K,38.2,0
Tokachi,right,58,overflow,plus4K,38.4,0
Tokachi,right,58,overflow,plus4K,38.6,0
Tokachi,right,58,overflow,plus4K,38.8,0
Tokachi,right,58,overflow,plus4K,39,0
Tokachi,right,58,overflow,plus4K,39.2,0
Tokachi,right,58,overflow,plus4K,39.4,0
Tokachi,right,58,overflow,plus4K,39.6,0
Tokachi,right,58,overflow,plus4K,39.8,0
Tokachi,right,58,overflow,plus4K,40,0
Tokachi,right,58,overflow,plus4K,40.2,0
Tokachi,right,58,overflow,plus4K,40.4,0
Tokachi,right,58,overflow,plus4K,40.6,0
Tokachi,right,58,overflow,plus4K,40.8,0
Tokachi,right,58,overflow,plus4K,41,0.0001
Tokachi,right,58,overflow,plus4K,41.2,0.0003
Tokachi,right,58,overflow,plus4K,41.4,0.0015
Tokachi,right,58,overflow,plus4K,41.6,0.0078
Tokachi,right,58,overflow,plus4K,41.8,0.0292
Tokachi,right,58,overflow,plus4K,42,0.0881
Tokachi,right,58,overflow,plus4K,42.2,0.1985
Tokachi,right,58,overflow,plus4K,42.4,0.3776
Tokachi,right,58,overflow,plus4K,42.6,0.5885
Tokachi,right,58,overflow,plus4K,42.8,0.7692
Tokachi,right,58,overflow,plus4K,43,0.8948
Tokachi,right,58,overflow,plus4K,43.2,0.9624
Tokachi,right,58,overflow,plus4K,43.4,0.988
Tokachi,right,58,overflow,plus4K,43.6,0.9976
Tokachi,right,58,overflow,plus4K,43.8,0.9997
Tokachi,right,58,overflow,plus4K,44,1
Tokachi,right,58,overflow,plus4K,44.2,1
Tokachi,right,58,overflow,plus4K,44.4,1
Tokachi,right,58,overflow,plus4K,44.6,1
Tokachi,right,58,overflow,plus4K,44.8,1
Tokachi,right,58,overflow,plus4K,45,1
Tokachi,right,58,overflow,plus4K,45.2,1
Tokachi,right,58,overflow,plus4K,45.4,1
Tokachi,right,58,overflow,plus4K,45.6,1
Tokachi,right,58,overflow,plus4K,45.8,1
Tokachi,right,58.2,overflow,historical,37.8,0
Tokachi,right,58.2,overflow,historical,38,0
Tokachi,right,58.2,overflow,historical,38.2,0
Tokachi,right,58.2,overflow,historical,38.4,0
Tokachi,right,58.2,overflow,historical,38.6,0
Tokachi,right,58.2,overflow,historical,38.8,0
Tokachi,right,58.2,overflow,historical,39,0
Tokachi,right,58.2,overflow,historical,39.2,0
Tokachi,right,58.2,overflow,historical,39.4,0
Tokachi,right,58.2,overflow,historical,39.6,0
Tokachi,right,58.2,overflow,historical,39.8,0
Tokachi,right,58.2,overflow,historical,40,0
Tokachi,right,58.2,overflow,historical,40.2,0
Tokachi,right,58.2,overflow,historical,40.4,0
Tokachi,right,58.2,overflow,historical,40.6,0
Tokachi,right,58.2,overflow,historical,40.8,0
Tokachi,right,58.2,overflow,historical,41,0
Tokachi,right,58.2,overflow,historical,41.2,0
Tokachi,right,58.2,overflow,historical,41.4,0.0001
Tokachi,right,58.2,overflow,historical,41.6,0.0004
Tokachi,right,58.2,overflow,historical,41.8,0.0049
Tokachi,right,58.2,overflow,historical,42,0.0196
Tokachi,right,58.2,overflow,historical,42.2,0.0565
Tokachi,right,58.2,overflow,historical,42.4,0.1471
Tokachi,right,58.2,overflow,historical,42.6,0.3041
Tokachi,right,58.2,overflow,historical,42.8,0.4983
Tokachi,right,58.2,overflow,historical,43,0.6951
Tokachi,right,58.2,overflow,historical,43.2,0.8493
Tokachi,right,58.2,overflow,historical,43.4,0.9398
Tokachi,right,58.2,overflow,historical,43.6,0.9813
Tokachi,right,58.2,overflow,historical,43.8,0.9958
Tokachi,right,58.2,overflow,historical,44,0.9992
Tokachi,right,58.2,overflow,historical,44.2,0.9997
Tokachi,right,58.2,overflow,historical,44.4,0.9999
Tokachi,right,58.2,overflow,historical,44.6,1
Tokachi,right,58.2,overflow,historical,44.8,1
Tokachi,right,58.2,overflow,historical,45,1
Tokachi,right,58.2,overflow,historical,45.2,1
Tokachi,right,58.2,overflow,historical,45.4,1
Tokachi,right,58.2,overflow,historical,45.6,1
Tokachi,right,58.2,overflow,historical,45.8,1
Tokachi,right,58.2,overflow,historical,46,1
Tokachi,right,58.2,overflow,plus4K,37.8,0
Tokachi,right,58.2,overflow,plus4K,38,0
Tokachi,right,58.2,overflow,plus4K,38.2,0
Tokachi,right,58.2,overflow,plus4K,38.4,0
Tokachi,right,58.2,overflow,plus4K,38.6,0
Tokachi,right,58.2,overflow,plus4K,38.8,0
Tokachi,right,58.2,overflow,plus4K,39,0
Tokachi,right,58.2,overflow,plus4K,39.2,0
Tokachi,right,58.2,overflow,plus4K,39.4,0
Tokachi,right,58.2,overflow,plus4K,39.6,0
Tokachi,right,58.2,overflow,plus4K,39.8,0
Tokachi,right,58.2,overflow,plus4K,40,0
Tokachi,right,58.2,overflow,plus4K,40.2,0
Tokachi,right,58.2,overflow,plus4K,40.4,0
Tokachi,right,58.2,overflow,plus4K,40.6,0
Tokachi,right,58.2,overflow,plus4K,40.8,0
Tokachi,right,58.2,overflow,plus4K,41,0
Tokachi,right,58.2,overflow,plus4K,41.2,0
Tokachi,right,58.2,overflow,plus4K,41.4,0.0001
Tokachi,right,58.2,overflow,plus4K,41.6,0.0004
Tokachi,right,58.2,overflow,plus4K,41.8,0.0049
Tokachi,right,58.2,overflow,plus4K,42,0.0196
Tokachi,right,58.2,overflow,plus4K,42.2,0.0565
Tokachi,right,58.2,overflow,plus4K,42.4,0.1471
Tokachi,right,58.2,overflow,plus4K,42.6,0.3041
Tokachi,right,58.2,overflow,plus4K,42.8,0.4983
Tokachi,right,58.2,overflow,plus4K,43,0.6951
Tokachi,right,58.2,overflow,plus4K,43.2,0.8493
Tokachi,right,58.2,overflow,plus4K,43.4,0.9398
Tokachi,right,58.2,overflow,plus4K,43.6,0.9813
Tokachi,right,58.2,overflow,plus4K,43.8,0.9958
Tokachi,right,58.2,overflow,plus4K,44,0.9992
Tokachi,right,58.2,overflow,plus4K,44.2,0.9997
Tokachi,right,58.2,overflow,plus4K,44.4,0.9999
Tokachi,right,58.2,overflow,plus4K,44.6,1
Tokachi,right,58.2,overflow,plus4K,44.8,1
Tokachi,right,58.2,overflow,plus4K,45,1
Tokachi,right,58.2,overflow,plus4K,45.2,1
Tokachi,right,58.2,overflow,plus4K,45.4,1
Tokachi,right,58.2,overflow,plus4K,45.6,1
Tokachi,right,58.2,overflow,plus4K,45.8,1
Tokachi,right,58.2,overflow,plus4K,46,1
Tokachi,right,58.4,overflow,historical,38,0
Tokachi,right,58.4,overflow,historical,38.2,0
Tokachi,right,58.4,overflow,historical,38.4,0
Tokachi,right,58.4,overflow,historical,38.6,0
Tokachi,right,58.4,overflow,historical,38.8,0
Tokachi,right,58.4,overflow,historical,39,0
Tokachi,right,58.4,overflow,historical,39.2,0
Tokachi,right,58.4,overflow,historical,39.4,0
Tokachi,right,58.4,overflow,historical,39.6,0
Tokachi,right,58.4,overflow,historical,39.8,0
Tokachi,right,58.4,overflow,historical,40,0
Tokachi,right,58.4,overflow,historical,40.2,0
Tokachi,right,58.4,overflow,historical,40.4,0
Tokachi,right,58.4,overflow,historical,40.6,0
Tokachi,right,58.4,overflow,historical,40.8,0
Tokachi,right,58.4,overflow,historical,41,0
Tokachi,right,58.4,overflow,historical,41.2,0
Tokachi,right,58.4,overflow,historical,41.4,0
Tokachi,right,58.4,overflow,historical,41.6,0.0001
Tokachi,right,58.4,overflow,historical,41.8,0.0018
Tokachi,right,58.4,overflow,historical,42,0.0089
Tokachi,right,58.4,overflow,historical,42.2,0.0296
Tokachi,right,58.4,overflow,historical,42.4,0.0865
Tokachi,right,58.4,overflow,historical,42.6,0.2011
Tokachi,right,58.4,overflow,historical,42.8,0.3823
Tokachi,right,58.4,overflow,historical,43,0.5838
Tokachi,right,58.4,overflow,historical,43.2,0.7663
Tokachi,right,58.4,overflow,historical,43.4,0.8911
Tokachi,right,58.4,overflow,historical,43.6,0.9617
Tokachi,right,58.4,overflow,historical,43.8,0.9899
Tokachi,right,58.4,overflow,historical,44,0.998
Tokachi,right,58.4,overflow,historical,44.2,0.9998
Tokachi,right,58.4,overflow,historical,44.4,1
Tokachi,right,58.4,overflow,historical,44.6,1
Tokachi,right,58.4,overflow,historical,44.8,1
Tokachi,right,58.4,overflow,historical,45,1
Tokachi,right,58.4,overflow,historical,45.2,1
Tokachi,right,58.4,overflow,historical,45.4,1
Tokachi,right,58.4,overflow,historical,45.6,1
Tokachi,right,58.4,overflow,historical,45.8,1
Tokachi,right,58.4,overflow,historical,46,1
Tokachi,right,58.4,overflow,plus4K,38,0
Tokachi,right,58.4,overflow,plus4K,38.2,0
Tokachi,right,58.4,overflow,plus4K,38.4,0
Tokachi,right,58.4,overflow,plus4K,38.6,0
Tokachi,right,58.4,overflow,plus4K,38.8,0
Tokachi,right,58.4,overflow,plus4K,39,0
Tokachi,right,58.4,overflow,plus4K,39.2,0
Tokachi,right,58.4,overflow,plus4K,39.4,0
Tokachi,right,58.4,overflow,plus4K,39.6,0
Tokachi,right,58.4,overflow,plus4K,39.8,0
Tokachi,right,58.4,overflow,plus4K,40,0
Tokachi,right,58.4,overflow,plus4K,40.2,0
Tokachi,right,58.4,overflow,plus4K,40.4,0
Tokachi,right,58.4,overflow,plus4K,40.6,0
Tokachi,right,58.4,overflow,plus4K,40.8,0
Tokachi,right,58.4,overflow,plus4K,41,0
Tokachi,right,58.4,overflow,plus4K,41.2,0
Tokachi,right,58.4,overflow,plus4K,41.4,0
Tokachi,right,58.4,overflow,plus4K,41.6,0.0001
Tokachi,right,58.4,overflow,plus4K,41.8,0.0018
Tokachi,right,58.4,overflow,plus4K,42,0.0089
Tokachi,right,58.4,overflow,plus4K,42.2,0.0296
Tokachi,right,58.4,overflow,plus4K,42.4,0.0865
Tokachi,right,58.4,overflow,plus4K,42.6,0.2011
Tokachi,right,58.4,overflow,plus4K,42.8,0.3823
Tokachi,right,58.4,overflow,plus4K,43,0.5838
Tokachi,right,58.4,overflow,plus4K,43.2,0.7663
Tokachi,right,58.4,overflow,plus4K,43.4,0.8911
Tokachi,right,58.4,overflow,plus4K,43.6,0.9617
Tokachi,right,58.4,overflow,plus4K,43.8,0.9899
Tokachi,right,58.4,overflow,plus4K,44,0.998
Tokachi,right,58.4,overflow,plus4K,44.2,0.9998
Tokachi,right,58.4,overflow,plus4K,44.4,1
Tokachi,right,58.4,overflow,plus4K,44.6,1
Tokachi,right,58.4,overflow,plus4K,44.8,1
Tokachi,right,58.4,overflow,plus4K,45,1
Tokachi,right,58.4,overflow,plus4K,45.2,1
Tokachi,right,58.4,overflow,plus4K,45.4,1
Tokachi,right,58.4,overflow,plus4K,45.6,1
Tokachi,right,58.4,overflow,plus4K,45.8,1
Tokachi,right,58.4,overflow,plus4K,46,1
Tokachi,right,58.6,overflow,historical,38.4,0
Tokachi,right,58.6,overflow,historical,38.6,0
Tokachi,right,58.6,overflow,historical,38.8,0
Tokachi,right,58.6,overflow,historical,39,0
Tokachi,right,58.6,overflow,historical,39.2,0
Tokachi,right,58.6,overflow,historical,39.4,0
Tokachi,right,58.6,overflow,historical,39.6,0
Tokachi,right,58.6,overflow,historical,39.8,0
Tokachi,right,58.6,overflow,historical,40,0
Tokachi,right,58.6,overflow,historical,40.2,0
Tokachi,right,58.6,overflow,historical,40.4,0
Tokachi,right,58.6,overflow,historical,40.6,0
Tokachi,right,58.6,overflow,historical,40.8,0
Tokachi,right,58.6,overflow,historical,41,0
Tokachi,right,58.6,overflow,historical,41.2,0
Tokachi,right,58.6,overflow,historical,41.4,0
Tokachi,right,58.6,overflow,historical,41.6,0.0001
Tokachi,right,58.6,overflow,historical,41.8,0.0003
Tokachi,right,58.6,overflow,historical,42,0.0032
Tokachi,right,58.6,overflow,historical,42.2,0.0117
Tokachi,right,58.6,overflow,historical,42.4,0.0396
Tokachi,right,58.6,overflow,historical,42.6,0.1104
Tokachi,right,58.6,overflow,historical,42.8,0.2427
Tokachi,right,58.6,overflow,historical,43,0.4334
Tokachi,right,58.6,overflow,historical,43.2,0.6368
Tokachi,right,58.6,overflow,historical,43.4,0.8106
Tokachi,right,58.6,overflow,historical,43.6,0.9177
Tokachi,right,58.6,overflow,historical,43.8,0.9739
Tokachi,right,58.6,overflow,historical,44,0.9929
Tokachi,right,58.6,overflow,historical,44.2,0.9985
Tokachi,right,58.6,overflow,historical,44.4,0.9998
Tokachi,right,58.6,overflow,historical,44.6,1
Tokachi,right,58.6,overflow,historical,44.8,1
Tokachi,right,58.6,overflow,historical,45,1
Tokachi,right,58.6,overflow,historical,45.2,1
Tokachi,right,58.6,overflow,historical,45.4,1
Tokachi,right,58.6,overflow,historical,45.6,1
Tokachi,right,58.6,overflow,historical,45.8,1
Tokachi,right,58.6,overflow,historical,46,1
Tokachi,right,58.6,overflow,historical,46.2,1
Tokachi,right,58.6,overflow,plus4K,38.4,0
Tokachi,right,58.6,overflow,plus4K,38.6,0
Tokachi,right,58.6,overflow,plus4K,38.8,0
Tokachi,right,58.6,overflow,plus4K,39,0
Tokachi,right,58.6,overflow,plus4K,39.2,0
Tokachi,right,58.6,overflow,plus4K,39.4,0
Tokachi,right,58.6,overflow,plus4K,39.6,0
Tokachi,right,58.6,overflow,plus4K,39.8,0
Tokachi,right,58.6,overflow,plus4K,40,0
Tokachi,right,58.6,overflow,plus4K,40.2,0
Tokachi,right,58.6,overflow,plus4K,40.4,0
Tokachi,right,58.6,overflow,plus4K,40.6,0
Tokachi,right,58.6,overflow,plus4K,40.8,0
Tokachi,right,58.6,overflow,plus4K,41,0
Tokachi,right,58.6,overflow,plus4K,41.2,0
Tokachi,right,58.6,overflow,plus4K,41.4,0
Tokachi,right,58.6,overflow,plus4K,41.6,0.0001
Tokachi,right,58.6,overflow,plus4K,41.8,0.0003
Tokachi,right,58.6,overflow,plus4K,42,0.0032
Tokachi,right,58.6,overflow,plus4K,42.2,0.0117
Tokachi,right,58.6,overflow,plus4K,42.4,0.0396
Tokachi,right,58.6,overflow,plus4K,42.6,0.1104
Tokachi,right,58.6,overflow,plus4K,42.8,0.2427
Tokachi,right,58.6,overflow,plus4K,43,0.4334
Tokachi,right,58.6,overflow,plus4K,43.2,0.6368
Tokachi,right,58.6,overflow,plus4K,43.4,0.8106
Tokachi,right,58.6,overflow,plus4K,43.6,0.9177
Tokachi,right,58.6,overflow,plus4K,43.8,0.9739
Tokachi,right,58.6,overflow,plus4K,44,0.9929
Tokachi,right,58.6,overflow,plus4K,44.2,0.9985
Tokachi,right,58.6,overflow,plus4K,44.4,0.9998
Tokachi,right,58.6,overflow,plus4K,44.6,1
Tokachi,right,58.6,overflow,plus4K,44.8,1
Tokachi,right,58.6,overflow,plus4K,45,1
Tokachi,right,58.6,overflow,plus4K,45.2,1
Tokachi,right,58.6,overflow,plus4K,45.4,1
Tokachi,right,58.6,overflow,plus4K,45.6,1
Tokachi,right,58.6,overflow,plus4K,45.8,1
Tokachi,right,58.6,overflow,plus4K,46,1
Tokachi,right,58.6,overflow,plus4K,46.2,1
Tokachi,right,58.8,overflow,historical,37.4,0
Tokachi,right,58.8,overflow,historical,37.6,0
Tokachi,right,58.8,overflow,historical,37.8,0
Tokachi,right,58.8,overflow,historical,38,0
Tokachi,right,58.8,overflow,historical,38.2,0
Tokachi,right,58.8,overflow,historical,38.4,0
Tokachi,right,58.8,overflow,historical,38.6,0
Tokachi,right,58.8,overflow,historical,38.8,0
Tokachi,right,58.8,overflow,historical,39,0
Tokachi,right,58.8,overflow,historical,39.2,0
Tokachi,right,58.8,overflow,historical,39.4,0.0001
Tokachi,right,58.8,overflow,historical,39.6,0.0002
Tokachi,right,58.8,overflow,historical,39.8,0.0004
Tokachi,right,58.8,overflow,historical,40,0.001
Tokachi,right,58.8,overflow,historical,40.2,0.0015
Tokachi,right,58.8,overflow,historical,40.4,0.0024
Tokachi,right,58.8,overflow,historical,40.6,0.0039
Tokachi,right,58.8,overflow,historical,40.8,0.0058
Tokachi,right,58.8,overflow,historical,41,0.0097
Tokachi,right,58.8,overflow,historical,41.2,0.0138
Tokachi,right,58.8,overflow,historical,41.4,0.0202
Tokachi,right,58.8,overflow,historical,41.6,0.0283
Tokachi,right,58.8,overflow,historical,41.8,0.0394
Tokachi,right,58.8,overflow,historical,42,0.0546
Tokachi,right,58.8,overflow,historical,42.2,0.0724
Tokachi,right,58.8,overflow,historical,42.4,0.0921
Tokachi,right,58.8,overflow,historical,42.6,0.1193
Tokachi,right,58.8,overflow,historical,42.8,0.1529
Tokachi,right,58.8,overflow,historical,43,0.1897
Tokachi,right,58.8,overflow,historical,43.2,0.2301
Tokachi,right,58.8,overflow,historical,43.4,0.2769
Tokachi,right,58.8,overflow,historical,43.6,0.3259
Tokachi,right,58.8,overflow,historical,43.8,0.3791
Tokachi,right,58.8,overflow,historical,44,0.4367
Tokachi,right,58.8,overflow,historical,44.2,0.4944
Tokachi,right,58.8,overflow,historical,44.4,0.554
Tokachi,right,58.8,overflow,historical,44.6,0.6104
Tokachi,right,58.8,overflow,historical,44.8,0.6691
Tokachi,right,58.8,overflow,historical,45,0.7189
Tokachi,right,58.8,overflow,historical,45.2,0.7691
Tokachi,right,58.8,overflow,historical,45.4,0.8116
Tokachi,right,58.8,overflow,historical,45.6,0.8473
Tokachi,right,58.8,overflow,historical,45.8,0.877
Tokachi,right,58.8,overflow,historical,46,0.9026
Tokachi,right,58.8,overflow,historical,46.2,0.9263
Tokachi,right,58.8,overflow,historical,46.4,0.9455
Tokachi,right,58.8,overflow,historical,46.6,0.9603
Tokachi,right,58.8,overflow,historical,46.8,0.9707
Tokachi,right,58.8,overflow,historical,47,0.9791
Tokachi,right,58.8,overflow,historical,47.2,0.9869
Tokachi,right,58.8,overflow,historical,47.4,0.9913
Tokachi,right,58.8,overflow,plus4K,37.4,0
Tokachi,right,58.8,overflow,plus4K,37.6,0
Tokachi,right,58.8,overflow,plus4K,37.8,0
Tokachi,right,58.8,overflow,plus4K,38,0
Tokachi,right,58.8,overflow,plus4K,38.2,0
Tokachi,right,58.8,overflow,plus4K,38.4,0
Tokachi,right,58.8,overflow,plus4K,38.6,0
Tokachi,right,58.8,overflow,plus4K,38.8,0
Tokachi,right,58.8,overflow,plus4K,39,0
Tokachi,right,58.8,overflow,plus4K,39.2,0
Tokachi,right,58.8,overflow,plus4K,39.4,0.0001
Tokachi,right,58.8,overflow,plus4K,39.6,0.0002
Tokachi,right,58.8,overflow,plus4K,39.8,0.0004
Tokachi,right,58.8,overflow,plus4K,40,0.001
Tokachi,right,58.8,overflow,plus4K,40.2,0.0015
Tokachi,right,58.8,overflow,plus4K,40.4,0.0024
Tokachi,right,58.8,overflow,plus4K,40.6,0.0039
Tokachi,right,58.8,overflow,plus4K,40.8,0.0058
Tokachi,right,58.8,overflow,plus4K,41,0.0097
Tokachi,right,58.8,overflow,plus4K,41.2,0.0138
Tokachi,right,58.8,overflow,plus4K,41.4,0.0202
Tokachi,right,58.8,overflow,plus4K,41.6,0.0283
Tokachi,right,58.8,overflow,plus4K,41.8,0.0394
Tokachi,right,58.8,overflow,plus4K,42,0.0546
Tokachi,right,58.8,overflow,plus4K,42.2,0.0724
Tokachi,right,58.8,overflow,plus4K,42.4,0.0921
Tokachi,right,58.8,overflow,plus4K,42.6,0.1193
Tokachi,right,58.8,overflow,plus4K,42.8,0.1529
Tokachi,right,58.8,overflow,plus4K,43,0.1897
Tokachi,right,58.8,overflow,plus4K,43.2,0.2301
Tokachi,right,58.8,overflow,plus4K,43.4,0.2769
Tokachi,right,58.8,overflow,plus4K,43.6,0.3259
Tokachi,right,58.8,overflow,plus4K,43.8,0.3791
Tokachi,right,58.8,overflow,plus4K,44,0.4367
Tokachi,right,58.8,overflow,plus4K,44.2,0.4944
Tokachi,right,58.8,overflow,plus4K,44.4,0.554
Tokachi,right,58.8,overflow,plus4K,44.6,0.6104
Tokachi,right,58.8,overflow,plus4K,44.8,0.6691
Tokachi,right,58.8,overflow,plus4K,45,0.7189
Tokachi,right,58.8,overflow,plus4K,45.2,0.7691
Tokachi,right,58.8,overflow,plus4K,45.4,0.8116
Tokachi,right,58.8,overflow,plus4K,45.6,0.8473
Tokachi,right,58.8,overflow,plus4K,45.8,0.877
Tokachi,right,58.8,overflow,plus4K,46,0.9026
Tokachi,right,58.8,overflow,plus4K,46.2,0.9263
Tokachi,right,58.8,overflow,plus4K,46.4,0.9455
Tokachi,right,58.8,overflow,plus4K,46.6,0.9603
Tokachi,right,58.8,overflow,plus4K,46.8,0.9707
Tokachi,right,58.8,overflow,plus4K,47,0.9791
Tokachi,right,58.8,overflow,plus4K,47.2,0.9869
Tokachi,right,58.8,overflow,plus4K,47.4,0.9913
Tokachi,right,59,overflow,historical,37.8,0
Tokachi,right,59,overflow,historical,38,0
Tokachi,right,59,overflow,historical,38.2,0
Tokachi,right,59,overflow,historical,38.4,0
Tokachi,right,59,overflow,historical,38.6,0
Tokachi,right,59,overflow,historical,38.8,0
Tokachi,right,59,overflow,historical,39,0
Tokachi,right,59,overflow,historical,39.2,0
Tokachi,right,59,overflow,historical,39.4,0
Tokachi,right,59,overflow,historical,39.6,0
Tokachi,right,59,overflow,historical,39.8,0
Tokachi,right,59,overflow,historical,40,0
Tokachi,right,59,overflow,historical,40.2,0
Tokachi,right,59,overflow,historical,40.4,0
Tokachi,right,59,overflow,historical,40.6,0
Tokachi,right,59,overflow,historical,40.8,0
Tokachi,right,59,overflow,historical,41,0
Tokachi,right,59,overflow,historical,41.2,0
Tokachi,right,59,overflow,historical,41.4,0
Tokachi,right,59,overflow,historical,41.6,0.0003
Tokachi,right,59,overflow,historical,41.8,0.0003
Tokachi,right,59,overflow,historical,42,0.0014
Tokachi,right,59,overflow,historical,42.2,0.0027
Tokachi,right,59,overflow,historical,42.4,0.0084
Tokachi,right,59,overflow,historical,42.6,0.021
Tokachi,right,59,overflow,historical,42.8,0.0445
Tokachi,right,59,overflow,historical,43,0.0849
Tokachi,right,59,overflow,historical,43.2,0.1457
Tokachi,right,59,overflow,historical,43.4,0.2384
Tokachi,right,59,overflow,historical,43.6,0.3633
Tokachi,right,59,overflow,historical,43.8,0.4919
Tokachi,right,59,overflow,historical,44,0.6264
Tokachi,right,59,overflow,historical,44.2,0.7494
Tokachi,right,59,overflow,historical,44.4,0.8438
Tokachi,right,59,overflow,historical,44.6,0.9117
Tokachi,right,59,overflow,historical,44.8,0.9556
Tokachi,right,59,overflow,historical,45,0.9802
Tokachi,right,59,overflow,historical,45.2,0.9915
Tokachi,right,59,overflow,historical,45.4,0.9971
Tokachi,right,59,overflow,historical,45.6,0.9993
Tokachi,right,59,overflow,historical,45.8,0.9998
Tokachi,right,59,overflow,historical,46,1
Tokachi,right,59,overflow,historical,46.2,1
Tokachi,right,59,overflow,historical,46.4,1
Tokachi,right,59,overflow,historical,46.6,1
Tokachi,right,59,overflow,historical,46.8,1
Tokachi,right,59,overflow,historical,47,1
Tokachi,right,59,overflow,plus4K,37.8,0
Tokachi,right,59,overflow,plus4K,38,0
Tokachi,right,59,overflow,plus4K,38.2,0
Tokachi,right,59,overflow,plus4K,38.4,0
Tokachi,right,59,overflow,plus4K,38.6,0
Tokachi,right,59,overflow,plus4K,38.8,0
Tokachi,right,59,overflow,plus4K,39,0
Tokachi,right,59,overflow,plus4K,39.2,0
Tokachi,right,59,overflow,plus4K,39.4,0
Tokachi,right,59,overflow,plus4K,39.6,0
Tokachi,right,59,overflow,plus4K,39.8,0
Tokachi,right,59,overflow,plus4K,40,0
Tokachi,right,59,overflow,plus4K,40.2,0
Tokachi,right,59,overflow,plus4K,40.4,0
Tokachi,right,59,overflow,plus4K,40.6,0
Tokachi,right,59,overflow,plus4K,40.8,0
Tokachi,right,59,overflow,plus4K,41,0
Tokachi,right,59,overflow,plus4K,41.2,0
Tokachi,right,59,overflow,plus4K,41.4,0
Tokachi,right,59,overflow,plus4K,41.6,0.0003
Tokachi,right,59,overflow,plus4K,41.8,0.0003
Tokachi,right,59,overflow,plus4K,42,0.0014
Tokachi,right,59,overflow,plus4K,42.2,0.0027
Tokachi,right,59,overflow,plus4K,42.4,0.0084
Tokachi,right,59,overflow,plus4K,42.6,0.021
Tokachi,right,59,overflow,plus4K,42.8,0.0445
Tokachi,right,59,overflow,plus4K,43,0.0849
Tokachi,right,59,overflow,plus4K,43.2,0.1457
Tokachi,right,59,overflow,plus4K,43.4,0.2384
Tokachi,right,59,overflow,plus4K,43.6,0.3633
Tokachi,right,59,overflow,plus4K,43.8,0.4919
Tokachi,right,59,overflow,plus4K,44,0.6264
Tokachi,right,59,overflow,plus4K,44.2,0.7494
Tokachi,right,59,overflow,plus4K,44.4,0.8438
Tokachi,right,59,overflow,plus4K,44.6,0.9117
Tokachi,right,59,overflow,plus4K,44.8,0.9556
Tokachi,right,59,overflow,plus4K,45,0.9802
Tokachi,right,59,overflow,plus4K,45.2,0.9915
Tokachi,right,59,overflow,plus4K,45.4,0.9971
Tokachi,right,59,overflow,plus4K,45.6,0.9993
Tokachi,right,59,overflow,plus4K,45.8,0.9998
Tokachi,right,59,overflow,plus4K,46,1
Tokachi,right,59,overflow,plus4K,46.2,1
Tokachi,right,59,overflow,plus4K,46.4,1
Tokachi,right,59,overflow,plus4K,46.6,1
Tokachi,right,59,overflow,plus4K,46.8,1
Tokachi,right,59,overflow,plus4K,47,1
Tokachi,right,59.2,overflow,historical,38.2,0
Tokachi,right,59.2,overflow,historical,38.4,0
Tokachi,right,59.2,overflow,historical,38.6,0
Tokachi,right,59.2,overflow,historical,38.8,0
Tokachi,right,59.2,overflow,historical,39,0
Tokachi,right,59.2,overflow,historical,39.2,0
Tokachi,right,59.2,overflow,historical,39.4,0
Tokachi,right,59.2,overflow,historical,39.6,0
Tokachi,right,59.2,overflow,historical,39.8,0
Tokachi,right,59.2,overflow,historical,40,0
Tokachi,right,59.2,overflow,historical,40.2,0
Tokachi,right,59.2,overflow,historical,40.4,0
Tokachi,right,59.2,overflow,historical,40.6,0
Tokachi,right,59.2,overflow,historical,40.8,0
Tokachi,right,59.2,overflow,historical,41,0
Tokachi,right,59.2,overflow,historical,41.2,0
Tokachi,right,59.2,overflow,historical,41.4,0
Tokachi,right,59.2,overflow,historical,41.6,0
Tokachi,right,59.2,overflow,historical,41.8,0
Tokachi,right,59.2,overflow,historical,42,0.0001
Tokachi,right,59.2,overflow,historical,42.2,0.0001
Tokachi,right,59.2,overflow,historical,42.4,0.0001
Tokachi,right,59.2,overflow,historical,42.6,0.0007
Tokachi,right,59.2,overflow,historical,42.8,0.0073
Tokachi,right,59.2,overflow,historical,43,0.0262
Tokachi,right,59.2,overflow,historical,43.2,0.0817
Tokachi,right,59.2,overflow,historical,43.4,0.1967
Tokachi,right,59.2,overflow,historical,43.6,0.3691
Tokachi,right,59.2,overflow,historical,43.8,0.5768
Tokachi,right,59.2,overflow,historical,44,0.7624
Tokachi,right,59.2,overflow,historical,44.2,0.8868
Tokachi,right,59.2,overflow,historical,44.4,0.9623
Tokachi,right,59.2,overflow,historical,44.6,0.991
Tokachi,right,59.2,overflow,historical,44.8,0.9977
Tokachi,right,59.2,overflow,historical,45,0.9996
Tokachi,right,59.2,overflow,historical,45.2,0.9998
Tokachi,right,59.2,overflow,historical,45.4,1
Tokachi,right,59.2,overflow,historical,45.6,1
Tokachi,right,59.2,overflow,historical,45.8,1
Tokachi,right,59.2,overflow,historical,46,1
Tokachi,right,59.2,overflow,historical,46.2,1
Tokachi,right,59.2,overflow,historical,46.4,1
Tokachi,right,59.2,overflow,historical,46.6,1
Tokachi,right,59.2,overflow,historical,46.8,1
Tokachi,right,59.2,overflow,historical,47,1
Tokachi,right,59.2,overflow,plus4K,38.2,0
Tokachi,right,59.2,overflow,plus4K,38.4,0
Tokachi,right,59.2,overflow,plus4K,38.6,0
Tokachi,right,59.2,overflow,plus4K,38.8,0
Tokachi,right,59.2,overflow,plus4K,39,0
Tokachi,right,59.2,overflow,plus4K,39.2,0
Tokachi,right,59.2,overflow,plus4K,39.4,0
Tokachi,right,59.2,overflow,plus4K,39.6,0
Tokachi,right,59.2,overflow,plus4K,39.8,0
Tokachi,right,59.2,overflow,plus4K,40,0
Tokachi,right,59.2,overflow,plus4K,40.2,0
Tokachi,right,59.2,overflow,plus4K,40.4,0
Tokachi,right,59.2,overflow,plus4K,40.6,0
Tokachi,right,59.2,overflow,plus4K,40.8,0
Tokachi,right,59.2,overflow,plus4K,41,0
Tokachi,right,59.2,overflow,plus4K,41.2,0
Tokachi,right,59.2,overflow,plus4K,41.4,0
Tokachi,right,59.2,overflow,plus4K,41.6,0
Tokachi,right,59.2,overflow,plus4K,41.8,0
Tokachi,right,59.2,overflow,plus4K,42,0.0001
Tokachi,right,59.2,overflow,plus4K,42.2,0.0001
Tokachi,right,59.2,overflow,plus4K,42.4,0.0001
Tokachi,right,59.2,overflow,plus4K,42.6,0.0007
Tokachi,right,59.2,overflow,plus4K,42.8,0.0073
Tokachi,right,59.2,overflow,plus4K,43,0.0262
Tokachi,right,59.2,overflow,plus4K,43.2,0.0817
Tokachi,right,59.2,overflow,plus4K,43.4,0.1967
Tokachi,right,59.2,overflow,plus4K,43.6,0.3691
Tokachi,right,59.2,overflow,plus4K,43.8,0.5768
Tokachi,right,59.2,overflow,plus4K,44,0.7624
Tokachi,right,59.2,overflow,plus4K,44.2,0.8868
Tokachi,right,59.2,overflow,plus4K,44.4,0.9623
Tokachi,right,59.2,overflow,plus4K,44.6,0.991
Tokachi,right,59.2,overflow,plus4K,44.8,0.9977
Tokachi,right,59.2,overflow,plus4K,45,0.9996
Tokachi,right,59.2,overflow,plus4K,45.2,0.9998
Tokachi,right,59.2,overflow,plus4K,45.4,1
Tokachi,right,59.2,overflow,plus4K,45.6,1
Tokachi,right,59.2,overflow,plus4K,45.8,1
Tokachi,right,59.2,overflow,plus4K,46,1
Tokachi,right,59.2,overflow,plus4K,46.2,1
Tokachi,right,59.2,overflow,plus4K,46.4,1
Tokachi,right,59.2,overflow,plus4K,46.6,1
Tokachi,right,59.2,overflow,plus4K,46.8,1
Tokachi,right,59.2,overflow,plus4K,47,1
Tokachi,right,59.4,overflow,historical,38.4,0
Tokachi,right,59.4,overflow,historical,38.6,0
Tokachi,right,59.4,overflow,historical,38.8,0
Tokachi,right,59.4,overflow,historical,39,0
Tokachi,right,59.4,overflow,historical,39.2,0
Tokachi,right,59.4,overflow,historical,39.4,0
Tokachi,right,59.4,overflow,historical,39.6,0
Tokachi,right,59.4,overflow,historical,39.8,0
Tokachi,right,59.4,overflow,historical,40,0
Tokachi,right,59.4,overflow,historical,40.2,0
Tokachi,right,59.4,overflow,historical,40.4,0
Tokachi,right,59.4,overflow,historical,40.6,0
Tokachi,right,59.4,overflow,historical,40.8,0
Tokachi,right,59.4,overflow,historical,41,0
Tokachi,right,59.4,overflow,historical,41.2,0
Tokachi,right,59.4,overflow,historical,41.4,0
Tokachi,right,59.4,overflow,historical,41.6,0
Tokachi,right,59.4,overflow,historical,41.8,0
Tokachi,right,59.4,overflow,historical,42,0
Tokachi,right,59.4,overflow,historical,42.2,0
Tokachi,right,59.4,overflow,historical,42.4,0.0002
Tokachi,right,59.4,overflow,historical,42.6,0.0008
Tokachi,right,59.4,overflow,historical,42.8,0.0037
Tokachi,right,59.4,overflow,historical,43,0.0139
Tokachi,right,59.4,overflow,historical,43.2,0.0522
Tokachi,right,59.4,overflow,historical,43.4,0.1307
Tokachi,right,59.4,overflow,historical,43.6,0.2779
Tokachi,right,59.4,overflow,historical,43.8,0.4764
Tokachi,right,59.4,overflow,historical,44,0.6777
Tokachi,right,59.4,overflow,historical,44.2,0.8361
Tokachi,right,59.4,overflow,historical,44.4,0.9329
Tokachi,right,59.4,overflow,historical,44.6,0.9793
Tokachi,right,59.4,overflow,historical,44.8,0.9941
Tokachi,right,59.4,overflow,historical,45,0.9986
Tokachi,right,59.4,overflow,historical,45.2,0.9997
Tokachi,right,59.4,overflow,historical,45.4,1
Tokachi,right,59.4,overflow,historical,45.6,1
Tokachi,right,59.4,overflow,historical,45.8,1
Tokachi,right,59.4,overflow,historical,46,1
Tokachi,right,59.4,overflow,historical,46.2,1
Tokachi,right,59.4,overflow,historical,46.4,1
Tokachi,right,59.4,overflow,historical,46.6,1
Tokachi,right,59.4,overflow,historical,46.8,1
Tokachi,right,59.4,overflow,historical,47,1
Tokachi,right,59.4,overflow,plus4K,38.4,0
Tokachi,right,59.4,overflow,plus4K,38.6,0
Tokachi,right,59.4,overflow,plus4K,38.8,0
Tokachi,right,59.4,overflow,plus4K,39,0
Tokachi,right,59.4,overflow,plus4K,39.2,0
Tokachi,right,59.4,overflow,plus4K,39.4,0
Tokachi,right,59.4,overflow,plus4K,39.6,0
Tokachi,right,59.4,overflow,plus4K,39.8,0
Tokachi,right,59.4,overflow,plus4K,40,0
Tokachi,right,59.4,overflow,plus4K,40.2,0
Tokachi,right,59.4,overflow,plus4K,40.4,0
Tokachi,right,59.4,overflow,plus4K,40.6,0
Tokachi,right,59.4,overflow,plus4K,40.8,0
Tokachi,right,59.4,overflow,plus4K,41,0
Tokachi,right,59.4,overflow,plus4K,41.2,0
Tokachi,right,59.4,overflow,plus4K,41.4,0
Tokachi,right,59.4,overflow,plus4K,41.6,0
Tokachi,right,59.4,overflow,plus4K,41.8,0
Tokachi,right,59.4,overflow,plus4K,42,0
Tokachi,right,59.4,overflow,plus4K,42.2,0
Tokachi,right,59.4,overflow,plus4K,42.4,0.0002
Tokachi,right,59.4,overflow,plus4K,42.6,0.0008
Tokachi,right,59.4,overflow,plus4K,42.8,0.0037
Tokachi,right,59.4,overflow,plus4K,43,0.0139
Tokachi,right,59.4,overflow,plus4K,43.2,0.0522
Tokachi,right,59.4,overflow,plus4K,43.4,0.1307
Tokachi,right,59.4,overflow,plus4K,43.6,0.2779
Tokachi,right,59.4,overflow,plus4K,43.8,0.4764
Tokachi,right,59.4,overflow,plus4K,44,0.6777
Tokachi,right,59.4,overflow,plus4K,44.2,0.8361
Tokachi,right,59.4,overflow,plus4K,44.4,0.9329
Tokachi,right,59.4,overflow,plus4K,44.6,0.9793
Tokachi,right,59.4,overflow,plus4K,44.8,0.9941
Tokachi,right,59.4,overflow,plus4K,45,0.9986
Tokachi,right,59.4,overflow,plus4K,45.2,0.9997
Tokachi,right,59.4,overflow,plus4K,45.4,1
Tokachi,right,59.4,overflow,plus4K,45.6,1
Tokachi,right,59.4,overflow,plus4K,45.8,1
Tokachi,right,59.4,overflow,plus4K,46,1
Tokachi,right,59.4,overflow,plus4K,46.2,1
Tokachi,right,59.4,overflow,plus4K,46.4,1
Tokachi,right,59.4,overflow,plus4K,46.6,1
Tokachi,right,59.4,overflow,plus4K,46.8,1
Tokachi,right,59.4,overflow,plus4K,47,1
Tokachi,right,59.6,overflow,historical,39,0
Tokachi,right,59.6,overflow,historical,39.2,0
Tokachi,right,59.6,overflow,historical,39.4,0
Tokachi,right,59.6,overflow,historical,39.6,0
Tokachi,right,59.6,overflow,historical,39.8,0
Tokachi,right,59.6,overflow,historical,40,0
Tokachi,right,59.6,overflow,historical,40.2,0
Tokachi,right,59.6,overflow,historical,40.4,0
Tokachi,right,59.6,overflow,historical,40.6,0
Tokachi,right,59.6,overflow,historical,40.8,0
Tokachi,right,59.6,overflow,historical,41,0
Tokachi,right,59.6,overflow,historical,41.2,0
Tokachi,right,59.6,overflow,historical,41.4,0
Tokachi,right,59.6,overflow,historical,41.6,0
Tokachi,right,59.6,overflow,historical,41.8,0
Tokachi,right,59.6,overflow,historical,42,0
Tokachi,right,59.6,overflow,historical,42.2,0
Tokachi,right,59.6,overflow,historical,42.4,0
Tokachi,right,59.6,overflow,historical,42.6,0
Tokachi,right,59.6,overflow,historical,42.8,0.0005
Tokachi,right,59.6,overflow,historical,43,0.0021
Tokachi,right,59.6,overflow,historical,43.2,0.0086
Tokachi,right,59.6,overflow,historical,43.4,0.0325
Tokachi,right,59.6,overflow,historical,43.6,0.0907
Tokachi,right,59.6,overflow,historical,43.8,0.2102
Tokachi,right,59.6,overflow,historical,44,0.3874
Tokachi,right,59.6,overflow,historical,44.2,0.5973
Tokachi,right,59.6,overflow,historical,44.4,0.7843
Tokachi,right,59.6,overflow,historical,44.6,0.8992
Tokachi,right,59.6,overflow,historical,44.8,0.9666
Tokachi,right,59.6,overflow,historical,45,0.9908
Tokachi,right,59.6,overflow,historical,45.2,0.9988
Tokachi,right,59.6,overflow,historical,45.4,1
Tokachi,right,59.6,overflow,historical,45.6,1
Tokachi,right,59.6,overflow,historical,45.8,1
Tokachi,right,59.6,overflow,historical,46,1
Tokachi,right,59.6,overflow,historical,46.2,1
Tokachi,right,59.6,overflow,historical,46.4,1
Tokachi,right,59.6,overflow,historical,46.6,1
Tokachi,right,59.6,overflow,historical,46.8,1
Tokachi,right,59.6,overflow,historical,47,1
Tokachi,right,59.6,overflow,historical,47.2,1
Tokachi,right,59.6,overflow,plus4K,39,0
Tokachi,right,59.6,overflow,plus4K,39.2,0
Tokachi,right,59.6,overflow,plus4K,39.4,0
Tokachi,right,59.6,overflow,plus4K,39.6,0
Tokachi,right,59.6,overflow,plus4K,39.8,0
Tokachi,right,59.6,overflow,plus4K,40,0
Tokachi,right,59.6,overflow,plus4K,40.2,0
Tokachi,right,59.6,overflow,plus4K,40.4,0
Tokachi,right,59.6,overflow,plus4K,40.6,0
Tokachi,right,59.6,overflow,plus4K,40.8,0
Tokachi,right,59.6,overflow,plus4K,41,0
Tokachi,right,59.6,overflow,plus4K,41.2,0
Tokachi,right,59.6,overflow,plus4K,41.4,0
Tokachi,right,59.6,overflow,plus4K,41.6,0
Tokachi,right,59.6,overflow,plus4K,41.8,0
Tokachi,right,59.6,overflow,plus4K,42,0
Tokachi,right,59.6,overflow,plus4K,42.2,0
Tokachi,right,59.6,overflow,plus4K,42.4,0
Tokachi,right,59.6,overflow,plus4K,42.6,0
Tokachi,right,59.6,overflow,plus4K,42.8,0.0005
Tokachi,right,59.6,overflow,plus4K,43,0.0021
Tokachi,right,59.6,overflow,plus4K,43.2,0.0086
Tokachi,right,59.6,overflow,plus4K,43.4,0.0325
Tokachi,right,59.6,overflow,plus4K,43.6,0.0907
Tokachi,right,59.6,overflow,plus4K,43.8,0.2102
Tokachi,right,59.6,overflow,plus4K,44,0.3874
Tokachi,right,59.6,overflow,plus4K,44.2,0.5973
Tokachi,right,59.6,overflow,plus4K,44.4,0.7843
Tokachi,right,59.6,overflow,plus4K,44.6,0.8992
Tokachi,right,59.6,overflow,plus4K,44.8,0.9666
Tokachi,right,59.6,overflow,plus4K,45,0.9908
Tokachi,right,59.6,overflow,plus4K,45.2,0.9988
Tokachi,right,59.6,overflow,plus4K,45.4,1
Tokachi,right,59.6,overflow,plus4K,45.6,1
Tokachi,right,59.6,overflow,plus4K,45.8,1
Tokachi,right,59.6,overflow,plus4K,46,1
Tokachi,right,59.6,overflow,plus4K,46.2,1
Tokachi,right,59.6,overflow,plus4K,46.4,1
Tokachi,right,59.6,overflow,plus4K,46.6,1
Tokachi,right,59.6,overflow,plus4K,46.8,1
Tokachi,right,59.6,overflow,plus4K,47,1
Tokachi,right,59.6,overflow,plus4K,47.2,1
Tokachi,right,59.8,overflow,historical,39.4,0
Tokachi,right,59.8,overflow,historical,39.6,0
Tokachi,right,59.8,overflow,historical,39.8,0
Tokachi,right,59.8,overflow,historical,40,0
Tokachi,right,59.8,overflow,historical,40.2,0
Tokachi,right,59.8,overflow,historical,40.4,0
Tokachi,right,59.8,overflow,historical,40.6,0
Tokachi,right,59.8,overflow,historical,40.8,0
Tokachi,right,59.8,overflow,historical,41,0
Tokachi,right,59.8,overflow,historical,41.2,0
Tokachi,right,59.8,overflow,historical,41.4,0
Tokachi,right,59.8,overflow,historical,41.6,0
Tokachi,right,59.8,overflow,historical,41.8,0
Tokachi,right,59.8,overflow,historical,42,0
Tokachi,right,59.8,overflow,historical,42.2,0
Tokachi,right,59.8,overflow,historical,42.4,0
Tokachi,right,59.8,overflow,historical,42.6,0
Tokachi,right,59.8,overflow,historical,42.8,0
Tokachi,right,59.8,overflow,historical,43,0.0001
Tokachi,right,59.8,overflow,historical,43.2,0.0009
Tokachi,right,59.8,overflow,historical,43.4,0.0045
Tokachi,right,59.8,overflow,historical,43.6,0.016
Tokachi,right,59.8,overflow,historical,43.8,0.0509
Tokachi,right,59.8,overflow,historical,44,0.1306
Tokachi,right,59.8,overflow,historical,44.2,0.2778
Tokachi,right,59.8,overflow,historical,44.4,0.4798
Tokachi,right,59.8,overflow,historical,44.6,0.6782
Tokachi,right,59.8,overflow,historical,44.8,0.8427
Tokachi,right,59.8,overflow,historical,45,0.9381
Tokachi,right,59.8,overflow,historical,45.2,0.9817
Tokachi,right,59.8,overflow,historical,45.4,0.996
Tokachi,right,59.8,overflow,historical,45.6,0.9995
Tokachi,right,59.8,overflow,historical,45.8,1
Tokachi,right,59.8,overflow,historical,46,1
Tokachi,right,59.8,overflow,historical,46.2,1
Tokachi,right,59.8,overflow,historical,46.4,1
Tokachi,right,59.8,overflow,historical,46.6,1
Tokachi,right,59.8,overflow,historical,46.8,1
Tokachi,right,59.8,overflow,historical,47,1
Tokachi,right,59.8,overflow,historical,47.2,1
Tokachi,right,59.8,overflow,historical,47.4,1
Tokachi,right,59.8,overflow,historical,47.6,1
Tokachi,right,59.8,overflow,plus4K,39.4,0
Tokachi,right,59.8,overflow,plus4K,39.6,0
Tokachi,right,59.8,overflow,plus4K,39.8,0
Tokachi,right,59.8,overflow,plus4K,40,0
Tokachi,right,59.8,overflow,plus4K,40.2,0
Tokachi,right,59.8,overflow,plus4K,40.4,0
Tokachi,right,59.8,overflow,plus4K,40.6,0
Tokachi,right,59.8,overflow,plus4K,40.8,0
Tokachi,right,59.8,overflow,plus4K,41,0
Tokachi,right,59.8,overflow,plus4K,41.2,0
Tokachi,right,59.8,overflow,plus4K,41.4,0
Tokachi,right,59.8,overflow,plus4K,41.6,0
Tokachi,right,59.8,overflow,plus4K,41.8,0
Tokachi,right,59.8,overflow,plus4K,42,0
Tokachi,right,59.8,overflow,plus4K,42.2,0
Tokachi,right,59.8,overflow,plus4K,42.4,0
Tokachi,right,59.8,overflow,plus4K,42.6,0
Tokachi,right,59.8,overflow,plus4K,42.8,0
Tokachi,right,59.8,overflow,plus4K,43,0.0001
Tokachi,right,59.8,overflow,plus4K,43.2,0.0009
Tokachi,right,59.8,overflow,plus4K,43.4,0.0045
Tokachi,right,59.8,overflow,plus4K,43.6,0.016
Tokachi,right,59.8,overflow,plus4K,43.8,0.0509
Tokachi,right,59.8,overflow,plus4K,44,0.1306
Tokachi,right,59.8,overflow,plus4K,44.2,0.2778
Tokachi,right,59.8,overflow,plus4K,44.4,0.4798
Tokachi,right,59.8,overflow,plus4K,44.6,0.6782
Tokachi,right,59.8,overflow,plus4K,44.8,0.8427
Tokachi,right,59.8,overflow,plus4K,45,0.9381
Tokachi,right,59.8,overflow,plus4K,45.2,0.9817
Tokachi,right,59.8,overflow,plus4K,45.4,0.996
Tokachi,right,59.8,overflow,plus4K,45.6,0.9995
Tokachi,right,59.8,overflow,plus4K,45.8,1
Tokachi,right,59.8,overflow,plus4K,46,1
Tokachi,right,59.8,overflow,plus4K,46.2,1
Tokachi,right,59.8,overflow,plus4K,46.4,1
Tokachi,right,59.8,overflow,plus4K,46.6,1
Tokachi,right,59.8,overflow,plus4K,46.8,1
Tokachi,right,59.8,overflow,plus4K,47,1
Tokachi,right,59.8,overflow,plus4K,47.2,1
Tokachi,right,59.8,overflow,plus4K,47.4,1
Tokachi,right,59.8,overflow,plus4K,47.6,1
Tokachi,right,60,overflow,historical,40.2,0
Tokachi,right,60,overflow,historical,40.4,0
Tokachi,right,60,overflow,historical,40.6,0
Tokachi,right,60,overflow,historical,40.8,0
Tokachi,right,60,overflow,historical,41,0
Tokachi,right,60,overflow,historical,41.2,0
Tokachi,right,60,overflow,historical,41.4,0
Tokachi,right,60,overflow,historical,41.6,0
Tokachi,right,60,overflow,historical,41.8,0
Tokachi,right,60,overflow,historical,42,0
Tokachi,right,60,overflow,historical,42.2,0
Tokachi,right,60,overflow,historical,42.4,0
Tokachi,right,60,overflow,historical,42.6,0
Tokachi,right,60,overflow,historical,42.8,0
Tokachi,right,60,overflow,historical,43,0
Tokachi,right,60,overflow,historical,43.2,0
Tokachi,right,60,overflow,historical,43.4,0
Tokachi,right,60,overflow,historical,43.6,0
Tokachi,right,60,overflow,historical,43.8,0.001
Tokachi,right,60,overflow,historical,44,0.0066
Tokachi,right,60,overflow,historical,44.2,0.0264
Tokachi,right,60,overflow,historical,44.4,0.0764
Tokachi,right,60,overflow,historical,44.6,0.1878
Tokachi,right,60,overflow,historical,44.8,0.3599
Tokachi,right,60,overflow,historical,45,0.563
Tokachi,right,60,overflow,historical,45.2,0.7524
Tokachi,right,60,overflow,historical,45.4,0.8844
Tokachi,right,60,overflow,historical,45.6,0.9598
Tokachi,right,60,overflow,historical,45.8,0.9871
Tokachi,right,60,overflow,historical,46,0.9971
Tokachi,right,60,overflow,historical,46.2,0.9997
Tokachi,right,60,overflow,historical,46.4,1
Tokachi,right,60,overflow,historical,46.6,1
Tokachi,right,60,overflow,historical,46.8,1
Tokachi,right,60,overflow,historical,47,1
Tokachi,right,60,overflow,historical,47.2,1
Tokachi,right,60,overflow,historical,47.4,1
Tokachi,right,60,overflow,historical,47.6,1
Tokachi,right,60,overflow,historical,47.8,1
Tokachi,right,60,overflow,historical,48,1
Tokachi,right,60,overflow,historical,48.2,1
Tokachi,right,60,overflow,plus4K,40.2,0
Tokachi,right,60,overflow,plus4K,40.4,0
Tokachi,right,60,overflow,plus4K,40.6,0
Tokachi,right,60,overflow,plus4K,40.8,0
Tokachi,right,60,overflow,plus4K,41,0
Tokachi,right,60,overflow,plus4K,41.2,0
Tokachi,right,60,overflow,plus4K,41.4,0
Tokachi,right,60,overflow,plus4K,41.6,0
Tokachi,right,60,overflow,plus4K,41.8,0
Tokachi,right,60,overflow,plus4K,42,0
Tokachi,right,60,overflow,plus4K,42.2,0
Tokachi,right,60,overflow,plus4K,42.4,0
Tokachi,right,60,overflow,plus4K,42.6,0
Tokachi,right,60,overflow,plus4K,42.8,0
Tokachi,right,60,overflow,plus4K,43,0
Tokachi,right,60,overflow,plus4K,43.2,0
Tokachi,right,60,overflow,plus4K,43.4,0
Tokachi,right,60,overflow,plus4K,43.6,0
Tokachi,right,60,overflow,plus4K,43.8,0.001
Tokachi,right,60,overflow,plus4K,44,0.0066
Tokachi,right,60,overflow,plus4K,44.2,0.0264
Tokachi,right,60,overflow,plus4K,44.4,0.0764
Tokachi,right,60,overflow,plus4K,44.6,0.1878
Tokachi,right,60,overflow,plus4K,44.8,0.3599
Tokachi,right,60,overflow,plus4K,45,0.563
Tokachi,right,60,overflow,plus4K,45.2,0.7524
Tokachi,right,60,overflow,plus4K,45.4,0.8844
Tokachi,right,60,overflow,plus4K,45.6,0.9598
Tokachi,right,60,overflow,plus4K,45.8,0.9871
Tokachi,right,60,overflow,plus4K,46,0.9971
Tokachi,right,60,overflow,plus4K,46.2,0.9997
Tokachi,right,60,overflow,plus4K,46.4,1
Tokachi,right,60,overflow,plus4K,46.6,1
Tokachi,right,60,overflow,plus4K,46.8,1
Tokachi,right,60,overflow,plus4K,47,1
Tokachi,right,60,overflow,plus4K,47.2,1
Tokachi,right,60,overflow,plus4K,47.4,1
Tokachi,right,60,overflow,plus4K,47.6,1
Tokachi,right,60,overflow,plus4K,47.8,1
Tokachi,right,60,overflow,plus4K,48,1
Tokachi,right,60,overflow,plus4K,48.2,1
Tokachi,right,60.2,overflow,historical,40.8,0
Tokachi,right,60.2,overflow,historical,41,0
Tokachi,right,60.2,overflow,historical,41.2,0
Tokachi,right,60.2,overflow,historical,41.4,0
Tokachi,right,60.2,overflow,historical,41.6,0
Tokachi,right,60.2,overflow,historical,41.8,0
Tokachi,right,60.2,overflow,historical,42,0
Tokachi,right,60.2,overflow,historical,42.2,0
Tokachi,right,60.2,overflow,historical,42.4,0
Tokachi,right,60.2,overflow,historical,42.6,0
Tokachi,right,60.2,overflow,historical,42.8,0
Tokachi,right,60.2,overflow,historical,43,0
Tokachi,right,60.2,overflow,historical,43.2,0
Tokachi,right,60.2,overflow,historical,43.4,0
Tokachi,right,60.2,overflow,historical,43.6,0
Tokachi,right,60.2,overflow,historical,43.8,0
Tokachi,right,60.2,overflow,historical,44,0.0003
Tokachi,right,60.2,overflow,historical,44.2,0.0023
Tokachi,right,60.2,overflow,historical,44.4,0.0107
Tokachi,right,60.2,overflow,historical,44.6,0.0423
Tokachi,right,60.2,overflow,historical,44.8,0.1172
Tokachi,right,60.2,overflow,historical,45,0.2532
Tokachi,right,60.2,overflow,historical,45.2,0.4421
Tokachi,right,60.2,overflow,historical,45.4,0.6459
Tokachi,right,60.2,overflow,historical,45.6,0.8125
Tokachi,right,60.2,overflow,historical,45.8,0.9171
Tokachi,right,60.2,overflow,historical,46,0.9724
Tokachi,right,60.2,overflow,historical,46.2,0.9924
Tokachi,right,60.2,overflow,historical,46.4,0.9983
Tokachi,right,60.2,overflow,historical,46.6,0.9996
Tokachi,right,60.2,overflow,historical,46.8,0.9998
Tokachi,right,60.2,overflow,historical,47,1
Tokachi,right,60.2,overflow,historical,47.2,1
Tokachi,right,60.2,overflow,historical,47.4,1
Tokachi,right,60.2,overflow,historical,47.6,1
Tokachi,right,60.2,overflow,historical,47.8,1
Tokachi,right,60.2,overflow,historical,48,1
Tokachi,right,60.2,overflow,historical,48.2,1
Tokachi,right,60.2,overflow,historical,48.4,1
Tokachi,right,60.2,overflow,plus4K,40.8,0
Tokachi,right,60.2,overflow,plus4K,41,0
Tokachi,right,60.2,overflow,plus4K,41.2,0
Tokachi,right,60.2,overflow,plus4K,41.4,0
Tokachi,right,60.2,overflow,plus4K,41.6,0
Tokachi,right,60.2,overflow,plus4K,41.8,0
Tokachi,right,60.2,overflow,plus4K,42,0
Tokachi,right,60.2,overflow,plus4K,42.2,0
Tokachi,right,60.2,overflow,plus4K,42.4,0
Tokachi,right,60.2,overflow,plus4K,42.6,0
Tokachi,right,60.2,overflow,plus4K,42.8,0
Tokachi,right,60.2,overflow,plus4K,43,0
Tokachi,right,60.2,overflow,plus4K,43.2,0
Tokachi,right,60.2,overflow,plus4K,43.4,0
Tokachi,right,60.2,overflow,plus4K,43.6,0
Tokachi,right,60.2,overflow,plus4K,43.8,0
Tokachi,right,60.2,overflow,plus4K,44,0.0003
Tokachi,right,60.2,overflow,plus4K,44.2,0.0023
Tokachi,right,60.2,overflow,plus4K,44.4,0.0107
Tokachi,right,60.2,overflow,plus4K,44.6,0.0423
Tokachi,right,60.2,overflow,plus4K,44.8,0.1172
Tokachi,right,60.2,overflow,plus4K,45,0.2532
Tokachi,right,60.2,overflow,plus4K,45.2,0.4421
Tokachi,right,60.2,overflow,plus4K,45.4,0.6459
Tokachi,right,60.2,overflow,plus4K,45.6,0.8125
Tokachi,right,60.2,overflow,plus4K,45.8,0.9171
Tokachi,right,60.2,overflow,plus4K,46,0.9724
Tokachi,right,60.2,overflow,plus4K,46.2,0.9924
Tokachi,right,60.2,overflow,plus4K,46.4,0.9983
Tokachi,right,60.2,overflow,plus4K,46.6,0.9996
Tokachi,right,60.2,overflow,plus4K,46.8,0.9998
Tokachi,right,60.2,overflow,plus4K,47,1
Tokachi,right,60.2,overflow,plus4K,47.2,1
Tokachi,right,60.2,overflow,plus4K,47.4,1
Tokachi,right,60.2,overflow,plus4K,47.6,1
Tokachi,right,60.2,overflow,plus4K,47.8,1
Tokachi,right,60.2,overflow,plus4K,48,1
Tokachi,right,60.2,overflow,plus4K,48.2,1
Tokachi,right,60.2,overflow,plus4K,48.4,1
Tokachi,right,60.4,overflow,historical,40.8,0
Tokachi,right,60.4,overflow,historical,41,0
Tokachi,right,60.4,overflow,historical,41.2,0
Tokachi,right,60.4,overflow,historical,41.4,0
Tokachi,right,60.4,overflow,historical,41.6,0
Tokachi,right,60.4,overflow,historical,41.8,0
Tokachi,right,60.4,overflow,historical,42,0
Tokachi,right,60.4,overflow,historical,42.2,0
Tokachi,right,60.4,overflow,historical,42.4,0
Tokachi,right,60.4,overflow,historical,42.6,0
Tokachi,right,60.4,overflow,historical,42.8,0
Tokachi,right,60.4,overflow,historical,43,0
Tokachi,right,60.4,overflow,historical,43.2,0
Tokachi,right,60.4,overflow,historical,43.4,0
Tokachi,right,60.4,overflow,historical,43.6,0
Tokachi,right,60.4,overflow,historical,43.8,0
Tokachi,right,60.4,overflow,historical,44,0
Tokachi,right,60.4,overflow,historical,44.2,0.0002
Tokachi,right,60.4,overflow,historical,44.4,0.0014
Tokachi,right,60.4,overflow,historical,44.6,0.0068
Tokachi,right,60.4,overflow,historical,44.8,0.0308
Tokachi,right,60.4,overflow,historical,45,0.0863
Tokachi,right,60.4,overflow,historical,45.2,0.2057
Tokachi,right,60.4,overflow,historical,45.4,0.3838
Tokachi,right,60.4,overflow,historical,45.6,0.5889
Tokachi,right,60.4,overflow,historical,45.8,0.7727
Tokachi,right,60.4,overflow,historical,46,0.8995
Tokachi,right,60.4,overflow,historical,46.2,0.9634
Tokachi,right,60.4,overflow,historical,46.4,0.9893
Tokachi,right,60.4,overflow,historical,46.6,0.9975
Tokachi,right,60.4,overflow,historical,46.8,0.9997
Tokachi,right,60.4,overflow,historical,47,1
Tokachi,right,60.4,overflow,historical,47.2,1
Tokachi,right,60.4,overflow,historical,47.4,1
Tokachi,right,60.4,overflow,historical,47.6,1
Tokachi,right,60.4,overflow,historical,47.8,1
Tokachi,right,60.4,overflow,historical,48,1
Tokachi,right,60.4,overflow,historical,48.2,1
Tokachi,right,60.4,overflow,historical,48.4,1
Tokachi,right,60.4,overflow,historical,48.6,1
Tokachi,right,60.4,overflow,plus4K,40.8,0
Tokachi,right,60.4,overflow,plus4K,41,0
Tokachi,right,60.4,overflow,plus4K,41.2,0
Tokachi,right,60.4,overflow,plus4K,41.4,0
Tokachi,right,60.4,overflow,plus4K,41.6,0
Tokachi,right,60.4,overflow,plus4K,41.8,0
Tokachi,right,60.4,overflow,plus4K,42,0
Tokachi,right,60.4,overflow,plus4K,42.2,0
Tokachi,right,60.4,overflow,plus4K,42.4,0
Tokachi,right,60.4,overflow,plus4K,42.6,0
Tokachi,right,60.4,overflow,plus4K,42.8,0
Tokachi,right,60.4,overflow,plus4K,43,0
Tokachi,right,60.4,overflow,plus4K,43.2,0
Tokachi,right,60.4,overflow,plus4K,43.4,0
Tokachi,right,60.4,overflow,plus4K,43.6,0
Tokachi,right,60.4,overflow,plus4K,43.8,0
Tokachi,right,60.4,overflow,plus4K,44,0
Tokachi,right,60.4,overflow,plus4K,44.2,0.0002
Tokachi,right,60.4,overflow,plus4K,44.4,0.0014
Tokachi,right,60.4,overflow,plus4K,44.6,0.0068
Tokachi,right,60.4,overflow,plus4K,44.8,0.0308
Tokachi,right,60.4,overflow,plus4K,45,0.0863
Tokachi,right,60.4,overflow,plus4K,45.2,0.2057
Tokachi,right,60.4,overflow,plus4K,45.4,0.3838
Tokachi,right,60.4,overflow,plus4K,45.6,0.5889
Tokachi,right,60.4,overflow,plus4K,45.8,0.7727
Tokachi,right,60.4,overflow,plus4K,46,0.8995
Tokachi,right,60.4,overflow,plus4K,46.2,0.9634
Tokachi,right,60.4,overflow,plus4K,46.4,0.9893
Tokachi,right,60.4,overflow,plus4K,46.6,0.9975
Tokachi,right,60.4,overflow,plus4K,46.8,0.9997
Tokachi,right,60.4,overflow,plus4K,47,1
Tokachi,right,60.4,overflow,plus4K,47.2,1
Tokachi,right,60.4,overflow,plus4K,47.4,1
Tokachi,right,60.4,overflow,plus4K,47.6,1
Tokachi,right,60.4,overflow,plus4K,47.8,1
Tokachi,right,60.4,overflow,plus4K,48,1
Tokachi,right,60.4,overflow,plus4K,48.2,1
Tokachi,right,60.4,overflow,plus4K,48.4,1
Tokachi,right,60.4,overflow,plus4K,48.6,1
Tokachi,right,60.6,overflow,historical,41.2,0
Tokachi,right,60.6,overflow,historical,41.4,0
Tokachi,right,60.6,overflow,historical,41.6,0
Tokachi,right,60.6,overflow,historical,41.8,0
Tokachi,right,60.6,overflow,historical,42,0
Tokachi,right,60.6,overflow,historical,42.2,0
Tokachi,right,60.6,overflow,historical,42.4,0
Tokachi,right,60.6,overflow,historical,42.6,0
Tokachi,right,60.6,overflow,historical,42.8,0
Tokachi,right,60.6,overflow,historical,43,0
Tokachi,right,60.6,overflow,historical,43.2,0
Tokachi,right,60.6,overflow,historical,43.4,0
Tokachi,right,60.6,overflow,historical,43.6,0
Tokachi,right,60.6,overflow,historical,43.8,0
Tokachi,right,60.6,overflow,historical,44,0
Tokachi,right,60.6,overflow,historical,44.2,0
Tokachi,right,60.6,overflow,historical,44.4,0
Tokachi,right,60.6,overflow,historical,44.6,0.0011
Tokachi,right,60.6,overflow,historical,44.8,0.0055
Tokachi,right,60.6,overflow,historical,45,0.0207
Tokachi,right,60.6,overflow,historical,45.2,0.0661
Tokachi,right,60.6,overflow,historical,45.4,0.1713
Tokachi,right,60.6,overflow,historical,45.6,0.3325
Tokachi,right,60.6,overflow,historical,45.8,0.5324
Tokachi,right,60.6,overflow,historical,46,0.7246
Tokachi,right,60.6,overflow,historical,46.2,0.8656
Tokachi,right,60.6,overflow,historical,46.4,0.9466
Tokachi,right,60.6,overflow,historical,46.6,0.9855
Tokachi,right,60.6,overflow,historical,46.8,0.9964
Tokachi,right,60.6,overflow,historical,47,0.9995
Tokachi,right,60.6,overflow,historical,47.2,0.9999
Tokachi,right,60.6,overflow,historical,47.4,1
Tokachi,right,60.6,overflow,historical,47.6,1
Tokachi,right,60.6,overflow,historical,47.8,1
Tokachi,right,60.6,overflow,historical,48,1
Tokachi,right,60.6,overflow,historical,48.2,1
Tokachi,right,60.6,overflow,historical,48.4,1
Tokachi,right,60.6,overflow,historical,48.6,1
Tokachi,right,60.6,overflow,historical,48.8,1
Tokachi,right,60.6,overflow,historical,49,1
Tokachi,right,60.6,overflow,plus4K,41.2,0
Tokachi,right,60.6,overflow,plus4K,41.4,0
Tokachi,right,60.6,overflow,plus4K,41.6,0
Tokachi,right,60.6,overflow,plus4K,41.8,0
Tokachi,right,60.6,overflow,plus4K,42,0
Tokachi,right,60.6,overflow,plus4K,42.2,0
Tokachi,right,60.6,overflow,plus4K,42.4,0
Tokachi,right,60.6,overflow,plus4K,42.6,0
Tokachi,right,60.6,overflow,plus4K,42.8,0
Tokachi,right,60.6,overflow,plus4K,43,0
Tokachi,right,60.6,overflow,plus4K,43.2,0
Tokachi,right,60.6,overflow,plus4K,43.4,0
Tokachi,right,60.6,overflow,plus4K,43.6,0
Tokachi,right,60.6,overflow,plus4K,43.8,0
Tokachi,right,60.6,overflow,plus4K,44,0
Tokachi,right,60.6,overflow,plus4K,44.2,0
Tokachi,right,60.6,overflow,plus4K,44.4,0
Tokachi,right,60.6,overflow,plus4K,44.6,0.0011
Tokachi,right,60.6,overflow,plus4K,44.8,0.0055
Tokachi,right,60.6,overflow,plus4K,45,0.0207
Tokachi,right,60.6,overflow,plus4K,45.2,0.0661
Tokachi,right,60.6,overflow,plus4K,45.4,0.1713
Tokachi,right,60.6,overflow,plus4K,45.6,0.3325
Tokachi,right,60.6,overflow,plus4K,45.8,0.5324
Tokachi,right,60.6,overflow,plus4K,46,0.7246
Tokachi,right,60.6,overflow,plus4K,46.2,0.8656
Tokachi,right,60.6,overflow,plus4K,46.4,0.9466
Tokachi,right,60.6,overflow,plus4K,46.6,0.9855
Tokachi,right,60.6,overflow,plus4K,46.8,0.9964
Tokachi,right,60.6,overflow,plus4K,47,0.9995
Tokachi,right,60.6,overflow,plus4K,47.2,0.9999
Tokachi,right,60.6,overflow,plus4K,47.4,1
Tokachi,right,60.6,overflow,plus4K,47.6,1
Tokachi,right,60.6,overflow,plus4K,47.8,1
Tokachi,right,60.6,overflow,plus4K,48,1
Tokachi,right,60.6,overflow,plus4K,48.2,1
Tokachi,right,60.6,overflow,plus4K,48.4,1
Tokachi,right,60.6,overflow,plus4K,48.6,1
Tokachi,right,60.6,overflow,plus4K,48.8,1
Tokachi,right,60.6,overflow,plus4K,49,1
Tokachi,right,60.8,overflow,historical,41.8,0
Tokachi,right,60.8,overflow,historical,42,0
Tokachi,right,60.8,overflow,historical,42.2,0
Tokachi,right,60.8,overflow,historical,42.4,0
Tokachi,right,60.8,overflow,historical,42.6,0
Tokachi,right,60.8,overflow,historical,42.8,0
Tokachi,right,60.8,overflow,historical,43,0
Tokachi,right,60.8,overflow,historical,43.2,0
Tokachi,right,60.8,overflow,historical,43.4,0
Tokachi,right,60.8,overflow,historical,43.6,0
Tokachi,right,60.8,overflow,historical,43.8,0
Tokachi,right,60.8,overflow,historical,44,0
Tokachi,right,60.8,overflow,historical,44.2,0
Tokachi,right,60.8,overflow,historical,44.4,0
Tokachi,right,60.8,overflow,historical,44.6,0
Tokachi,right,60.8,overflow,historical,44.8,0.0001
Tokachi,right,60.8,overflow,historical,45,0.0007
Tokachi,right,60.8,overflow,historical,45.2,0.002
Tokachi,right,60.8,overflow,historical,45.4,0.005
Tokachi,right,60.8,overflow,historical,45.6,0.0117
Tokachi,right,60.8,overflow,historical,45.8,0.0226
Tokachi,right,60.8,overflow,historical,46,0.0438
Tokachi,right,60.8,overflow,historical,46.2,0.0786
Tokachi,right,60.8,overflow,historical,46.4,0.1293
Tokachi,right,60.8,overflow,historical,46.6,0.1944
Tokachi,right,60.8,overflow,historical,46.8,0.281
Tokachi,right,60.8,overflow,historical,47,0.3826
Tokachi,right,60.8,overflow,historical,47.2,0.4877
Tokachi,right,60.8,overflow,historical,47.4,0.6036
Tokachi,right,60.8,overflow,historical,47.6,0.7049
Tokachi,right,60.8,overflow,historical,47.8,0.7947
Tokachi,right,60.8,overflow,historical,48,0.8674
Tokachi,right,60.8,overflow,historical,48.2,0.9204
Tokachi,right,60.8,overflow,historical,48.4,0.9518
Tokachi,right,60.8,overflow,historical,48.6,0.9724
Tokachi,right,60.8,overflow,historical,48.8,0.9852
Tokachi,right,60.8,overflow,historical,49,0.9926
Tokachi,right,60.8,overflow,historical,49.2,0.9973
Tokachi,right,60.8,overflow,historical,49.4,0.9993
Tokachi,right,60.8,overflow,historical,49.6,0.9997
Tokachi,right,60.8,overflow,historical,49.8,0.9999
Tokachi,right,60.8,overflow,historical,50,1
Tokachi,right,60.8,overflow,historical,50.2,1
Tokachi,right,60.8,overflow,historical,50.4,1
Tokachi,right,60.8,overflow,plus4K,41.8,0
Tokachi,right,60.8,overflow,plus4K,42,0
Tokachi,right,60.8,overflow,plus4K,42.2,0
Tokachi,right,60.8,overflow,plus4K,42.4,0
Tokachi,right,60.8,overflow,plus4K,42.6,0
Tokachi,right,60.8,overflow,plus4K,42.8,0
Tokachi,right,60.8,overflow,plus4K,43,0
Tokachi,right,60.8,overflow,plus4K,43.2,0
Tokachi,right,60.8,overflow,plus4K,43.4,0
Tokachi,right,60.8,overflow,plus4K,43.6,0
Tokachi,right,60.8,overflow,plus4K,43.8,0
Tokachi,right,60.8,overflow,plus4K,44,0
Tokachi,right,60.8,overflow,plus4K,44.2,0
Tokachi,right,60.8,overflow,plus4K,44.4,0
Tokachi,right,60.8,overflow,plus4K,44.6,0
Tokachi,right,60.8,overflow,plus4K,44.8,0.0001
Tokachi,right,60.8,overflow,plus4K,45,0.0007
Tokachi,right,60.8,overflow,plus4K,45.2,0.002
Tokachi,right,60.8,overflow,plus4K,45.4,0.005
Tokachi,right,60.8,overflow,plus4K,45.6,0.0117
Tokachi,right,60.8,overflow,plus4K,45.8,0.0226
Tokachi,right,60.8,overflow,plus4K,46,0.0438
Tokachi,right,60.8,overflow,plus4K,46.2,0.0786
Tokachi,right,60.8,overflow,plus4K,46.4,0.1293
Tokachi,right,60.8,overflow,plus4K,46.6,0.1944
Tokachi,right,60.8,overflow,plus4K,46.8,0.281
Tokachi,right,60.8,overflow,plus4K,47,0.3826
Tokachi,right,60.8,overflow,plus4K,47.2,0.4877
Tokachi,right,60.8,overflow,plus4K,47.4,0.6036
Tokachi,right,60.8,overflow,plus4K,47.6,0.7049
Tokachi,right,60.8,overflow,plus4K,47.8,0.7947
Tokachi,right,60.8,overflow,plus4K,48,0.8674
Tokachi,right,60.8,overflow,plus4K,48.2,0.9204
Tokachi,right,60.8,overflow,plus4K,48.4,0.9518
Tokachi,right,60.8,overflow,plus4K,48.6,0.9724
Tokachi,right,60.8,overflow,plus4K,48.8,0.9852
Tokachi,right,60.8,overflow,plus4K,49,0.9926
Tokachi,right,60.8,overflow,plus4K,49.2,0.9973
Tokachi,right,60.8,overflow,plus4K,49.4,0.9993
Tokachi,right,60.8,overflow,plus4K,49.6,0.9997
Tokachi,right,60.8,overflow,plus4K,49.8,0.9999
Tokachi,right,60.8,overflow,plus4K,50,1
Tokachi,right,60.8,overflow,plus4K,50.2,1
Tokachi,right,60.8,overflow,plus4K,50.4,1
Tokachi,right,61,overflow,historical,42.2,0
Tokachi,right,61,overflow,historical,42.4,0
Tokachi,right,61,overflow,historical,42.6,0
Tokachi,right,61,overflow,historical,42.8,0
Tokachi,right,61,overflow,historical,43,0
Tokachi,right,61,overflow,historical,43.2,0
Tokachi,right,61,overflow,historical,43.4,0
Tokachi,right,61,overflow,historical,43.6,0
Tokachi,right,61,overflow,historical,43.8,0
Tokachi,right,61,overflow,historical,44,0
Tokachi,right,61,overflow,historical,44.2,0
Tokachi,right,61,overflow,historical,44.4,0
Tokachi,right,61,overflow,historical,44.6,0
Tokachi,right,61,overflow,historical,44.8,0
Tokachi,right,61,overflow,historical,45,0.0002
Tokachi,right,61,overflow,historical,45.2,0.0013
Tokachi,right,61,overflow,historical,45.4,0.0051
Tokachi,right,61,overflow,historical,45.6,0.0211
Tokachi,right,61,overflow,historical,45.8,0.0631
Tokachi,right,61,overflow,historical,46,0.1567
Tokachi,right,61,overflow,historical,46.2,0.3075
Tokachi,right,61,overflow,historical,46.4,0.5132
Tokachi,right,61,overflow,historical,46.6,0.7118
Tokachi,right,61,overflow,historical,46.8,0.8611
Tokachi,right,61,overflow,historical,47,0.9458
Tokachi,right,61,overflow,historical,47.2,0.9827
Tokachi,right,61,overflow,historical,47.4,0.9963
Tokachi,right,61,overflow,historical,47.6,0.9997
Tokachi,right,61,overflow,historical,47.8,1
Tokachi,right,61,overflow,historical,48,1
Tokachi,right,61,overflow,historical,48.2,1
Tokachi,right,61,overflow,historical,48.4,1
Tokachi,right,61,overflow,historical,48.6,1
Tokachi,right,61,overflow,historical,48.8,1
Tokachi,right,61,overflow,historical,49,1
Tokachi,right,61,overflow,historical,49.2,1
Tokachi,right,61,overflow,historical,49.4,1
Tokachi,right,61,overflow,historical,49.6,1
Tokachi,right,61,overflow,plus4K,42.2,0
Tokachi,right,61,overflow,plus4K,42.4,0
Tokachi,right,61,overflow,plus4K,42.6,0
Tokachi,right,61,overflow,plus4K,42.8,0
Tokachi,right,61,overflow,plus4K,43,0
Tokachi,right,61,overflow,plus4K,43.2,0
Tokachi,right,61,overflow,plus4K,43.4,0
Tokachi,right,61,overflow,plus4K,43.6,0
Tokachi,right,61,overflow,plus4K,43.8,0
Tokachi,right,61,overflow,plus4K,44,0
Tokachi,right,61,overflow,plus4K,44.2,0
Tokachi,right,61,overflow,plus4K,44.4,0
Tokachi,right,61,overflow,plus4K,44.6,0
Tokachi,right,61,overflow,plus4K,44.8,0
Tokachi,right,61,overflow,plus4K,45,0.0002
Tokachi,right,61,overflow,plus4K,45.2,0.0013
Tokachi,right,61,overflow,plus4K,45.4,0.0051
Tokachi,right,61,overflow,plus4K,45.6,0.0211
Tokachi,right,61,overflow,plus4K,45.8,0.0631
Tokachi,right,61,overflow,plus4K,46,0.1567
Tokachi,right,61,overflow,plus4K,46.2,0.3075
Tokachi,right,61,overflow,plus4K,46.4,0.5132
Tokachi,right,61,overflow,plus4K,46.6,0.7118
Tokachi,right,61,overflow,plus4K,46.8,0.8611
Tokachi,right,61,overflow,plus4K,47,0.9458
Tokachi,right,61,overflow,plus4K,47.2,0.9827
Tokachi,right,61,overflow,plus4K,47.4,0.9963
Tokachi,right,61,overflow,plus4K,47.6,0.9997
Tokachi,right,61,overflow,plus4K,47.8,1
Tokachi,right,61,overflow,plus4K,48,1
Tokachi,right,61,overflow,plus4K,48.2,1
Tokachi,right,61,overflow,plus4K,48.4,1
Tokachi,right,61,overflow,plus4K,48.6,1
Tokachi,right,61,overflow,plus4K,48.8,1
Tokachi,right,61,overflow,plus4K,49,1
Tokachi,right,61,overflow,plus4K,49.2,1
Tokachi,right,61,overflow,plus4K,49.4,1
Tokachi,right,61,overflow,plus4K,49.6,1
Tokachi,right,61.2,overflow,historical,42,0
Tokachi,right,61.2,overflow,historical,42.2,0
Tokachi,right,61.2,overflow,historical,42.4,0
Tokachi,right,61.2,overflow,historical,42.6,0
Tokachi,right,61.2,overflow,historical,42.8,0
Tokachi,right,61.2,overflow,historical,43,0
Tokachi,right,61.2,overflow,historical,43.2,0
Tokachi,right,61.2,overflow,historical,43.4,0
Tokachi,right,61.2,overflow,historical,43.6,0
Tokachi,right,61.2,overflow,historical,43.8,0
Tokachi,right,61.2,overflow,historical,44,0
Tokachi,right,61.2,overflow,historical,44.2,0
Tokachi,right,61.2,overflow,historical,44.4,0
Tokachi,right,61.2,overflow,historical,44.6,0
Tokachi,right,61.2,overflow,historical,44.8,0
Tokachi,right,61.2,overflow,historical,45,0
Tokachi,right,61.2,overflow,historical,45.2,0.0001
Tokachi,right,61.2,overflow,historical,45.4,0.0005
Tokachi,right,61.2,overflow,historical,45.6,0.0034
Tokachi,right,61.2,overflow,historical,45.8,0.0127
Tokachi,right,61.2,overflow,historical,46,0.046
Tokachi,right,61.2,overflow,historical,46.2,0.1205
Tokachi,right,61.2,overflow,historical,46.4,0.2518
Tokachi,right,61.2,overflow,historical,46.6,0.4389
Tokachi,right,61.2,overflow,historical,46.8,0.6458
Tokachi,right,61.2,overflow,historical,47,0.8135
Tokachi,right,61.2,overflow,historical,47.2,0.9268
Tokachi,right,61.2,overflow,historical,47.4,0.9751
Tokachi,right,61.2,overflow,historical,47.6,0.9929
Tokachi,right,61.2,overflow,historical,47.8,0.9986
Tokachi,right,61.2,overflow,historical,48,0.9996
Tokachi,right,61.2,overflow,historical,48.2,1
Tokachi,right,61.2,overflow,historical,48.4,1
Tokachi,right,61.2,overflow,historical,48.6,1
Tokachi,right,61.2,overflow,historical,48.8,1
Tokachi,right,61.2,overflow,historical,49,1
Tokachi,right,61.2,overflow,historical,49.2,1
Tokachi,right,61.2,overflow,historical,49.4,1
Tokachi,right,61.2,overflow,historical,49.6,1
Tokachi,right,61.2,overflow,historical,49.8,1
Tokachi,right,61.2,overflow,plus4K,42,0
Tokachi,right,61.2,overflow,plus4K,42.2,0
Tokachi,right,61.2,overflow,plus4K,42.4,0
Tokachi,right,61.2,overflow,plus4K,42.6,0
Tokachi,right,61.2,overflow,plus4K,42.8,0
Tokachi,right,61.2,overflow,plus4K,43,0
Tokachi,right,61.2,overflow,plus4K,43.2,0
Tokachi,right,61.2,overflow,plus4K,43.4,0
Tokachi,right,61.2,overflow,plus4K,43.6,0
Tokachi,right,61.2,overflow,plus4K,43.8,0
Tokachi,right,61.2,overflow,plus4K,44,0
Tokachi,right,61.2,overflow,plus4K,44.2,0
Tokachi,right,61.2,overflow,plus4K,44.4,0
Tokachi,right,61.2,overflow,plus4K,44.6,0
Tokachi,right,61.2,overflow,plus4K,44.8,0
Tokachi,right,61.2,overflow,plus4K,45,0
Tokachi,right,61.2,overflow,plus4K,45.2,0.0001
Tokachi,right,61.2,overflow,plus4K,45.4,0.0005
Tokachi,right,61.2,overflow,plus4K,45.6,0.0034
Tokachi,right,61.2,overflow,plus4K,45.8,0.0127
Tokachi,right,61.2,overflow,plus4K,46,0.046
Tokachi,right,61.2,overflow,plus4K,46.2,0.1205
Tokachi,right,61.2,overflow,plus4K,46.4,0.2518
Tokachi,right,61.2,overflow,plus4K,46.6,0.4389
Tokachi,right,61.2,overflow,plus4K,46.8,0.6458
Tokachi,right,61.2,overflow,plus4K,47,0.8135
Tokachi,right,61.2,overflow,plus4K,47.2,0.9268
Tokachi,right,61.2,overflow,plus4K,47.4,0.9751
Tokachi,right,61.2,overflow,plus4K,47.6,0.9929
Tokachi,right,61.2,overflow,plus4K,47.8,0.9986
Tokachi,right,61.2,overflow,plus4K,48,0.9996
Tokachi,right,61.2,overflow,plus4K,48.2,1
Tokachi,right,61.2,overflow,plus4K,48.4,1
Tokachi,right,61.2,overflow,plus4K,48.6,1
Tokachi,right,61.2,overflow,plus4K,48.8,1
Tokachi,right,61.2,overflow,plus4K,49,1
Tokachi,right,61.2,overflow,plus4K,49.2,1
Tokachi,right,61.2,overflow,plus4K,49.4,1
Tokachi,right,61.2,overflow,plus4K,49.6,1
Tokachi,right,61.2,overflow,plus4K,49.8,1
Tokachi,right,61.4,overflow,historical,42.6,0
Tokachi,right,61.4,overflow,historical,42.8,0
Tokachi,right,61.4,overflow,historical,43,0
Tokachi,right,61.4,overflow,historical,43.2,0
Tokachi,right,61.4,overflow,historical,43.4,0
Tokachi,right,61.4,overflow,historical,43.6,0
Tokachi,right,61.4,overflow,historical,43.8,0
Tokachi,right,61.4,overflow,historical,44,0
Tokachi,right,61.4,overflow,historical,44.2,0
Tokachi,right,61.4,overflow,historical,44.4,0
Tokachi,right,61.4,overflow,historical,44.6,0
Tokachi,right,61.4,overflow,historical,44.8,0
Tokachi,right,61.4,overflow,historical,45,0
Tokachi,right,61.4,overflow,historical,45.2,0
Tokachi,right,61.4,overflow,historical,45.4,0
Tokachi,right,61.4,overflow,historical,45.6,0
Tokachi,right,61.4,overflow,historical,45.8,0.0001
Tokachi,right,61.4,overflow,historical,46,0.0025
Tokachi,right,61.4,overflow,historical,46.2,0.0117
Tokachi,right,61.4,overflow,historical,46.4,0.0439
Tokachi,right,61.4,overflow,historical,46.6,0.123
Tokachi,right,61.4,overflow,historical,46.8,0.2709
Tokachi,right,61.4,overflow,historical,47,0.4634
Tokachi,right,61.4,overflow,historical,47.2,0.6619
Tokachi,right,61.4,overflow,historical,47.4,0.8208
Tokachi,right,61.4,overflow,historical,47.6,0.9246
Tokachi,right,61.4,overflow,historical,47.8,0.9755
Tokachi,right,61.4,overflow,historical,48,0.993
Tokachi,right,61.4,overflow,historical,48.2,0.9978
Tokachi,right,61.4,overflow,historical,48.4,0.9997
Tokachi,right,61.4,overflow,historical,48.6,1
Tokachi,right,61.4,overflow,historical,48.8,1
Tokachi,right,61.4,overflow,historical,49,1
Tokachi,right,61.4,overflow,historical,49.2,1
Tokachi,right,61.4,overflow,historical,49.4,1
Tokachi,right,61.4,overflow,historical,49.6,1
Tokachi,right,61.4,overflow,historical,49.8,1
Tokachi,right,61.4,overflow,historical,50,1
Tokachi,right,61.4,overflow,historical,50.2,1
Tokachi,right,61.4,overflow,plus4K,42.6,0
Tokachi,right,61.4,overflow,plus4K,42.8,0
Tokachi,right,61.4,overflow,plus4K,43,0
Tokachi,right,61.4,overflow,plus4K,43.2,0
Tokachi,right,61.4,overflow,plus4K,43.4,0
Tokachi,right,61.4,overflow,plus4K,43.6,0
Tokachi,right,61.4,overflow,plus4K,43.8,0
Tokachi,right,61.4,overflow,plus4K,44,0
Tokachi,right,61.4,overflow,plus4K,44.2,0
Tokachi,right,61.4,overflow,plus4K,44.4,0
Tokachi,right,61.4,overflow,plus4K,44.6,0
Tokachi,right,61.4,overflow,plus4K,44.8,0
Tokachi,right,61.4,overflow,plus4K,45,0
Tokachi,right,61.4,overflow,plus4K,45.2,0
Tokachi,right,61.4,overflow,plus4K,45.4,0
Tokachi,right,61.4,overflow,plus4K,45.6,0
Tokachi,right,61.4,overflow,plus4K,45.8,0.0001
Tokachi,right,61.4,overflow,plus4K,46,0.0025
Tokachi,right,61.4,overflow,plus4K,46.2,0.0117
Tokachi,right,61.4,overflow,plus4K,46.4,0.0439
Tokachi,right,61.4,overflow,plus4K,46.6,0.123
Tokachi,right,61.4,overflow,plus4K,46.8,0.2709
Tokachi,right,61.4,overflow,plus4K,47,0.4634
Tokachi,right,61.4,overflow,plus4K,47.2,0.6619
Tokachi,right,61.4,overflow,plus4K,47.4,0.8208
Tokachi,right,61.4,overflow,plus4K,47.6,0.9246
Tokachi,right,61.4,overflow,plus4K,47.8,0.9755
Tokachi,right,61.4,overflow,plus4K,48,0.993
Tokachi,right,61.4,overflow,plus4K,48.2,0.9978
Tokachi,right,61.4,overflow,plus4K,48.4,0.9997
Tokachi,right,61.4,overflow,plus4K,48.6,1
Tokachi,right,61.4,overflow,plus4K,48.8,1
Tokachi,right,61.4,overflow,plus4K,49,1
Tokachi,right,61.4,overflow,plus4K,49.2,1
Tokachi,right,61.4,overflow,plus4K,49.4,1
Tokachi,right,61.4,overflow,plus4K,49.6,1
Tokachi,right,61.4,overflow,plus4K,49.8,1
Tokachi,right,61.4,overflow,plus4K,50,1
Tokachi,right,61.4,overflow,plus4K,50.2,1
Tokachi,right,61.6,overflow,historical,42.6,0
Tokachi,right,61.6,overflow,historical,42.8,0
Tokachi,right,61.6,overflow,historical,43,0
Tokachi,right,61.6,overflow,historical,43.2,0
Tokachi,right,61.6,overflow,historical,43.4,0
Tokachi,right,61.6,overflow,historical,43.6,0
Tokachi,right,61.6,overflow,historical,43.8,0
Tokachi,right,61.6,overflow,historical,44,0
Tokachi,right,61.6,overflow,historical,44.2,0
Tokachi,right,61.6,overflow,historical,44.4,0
Tokachi,right,61.6,overflow,historical,44.6,0
Tokachi,right,61.6,overflow,historical,44.8,0
Tokachi,right,61.6,overflow,historical,45,0
Tokachi,right,61.6,overflow,historical,45.2,0
Tokachi,right,61.6,overflow,historical,45.4,0
Tokachi,right,61.6,overflow,historical,45.6,0
Tokachi,right,61.6,overflow,historical,45.8,0
Tokachi,right,61.6,overflow,historical,46,0
Tokachi,right,61.6,overflow,historical,46.2,0
Tokachi,right,61.6,overflow,historical,46.4,0.0002
Tokachi,right,61.6,overflow,historical,46.6,0.0046
Tokachi,right,61.6,overflow,historical,46.8,0.0143
Tokachi,right,61.6,overflow,historical,47,0.0527
Tokachi,right,61.6,overflow,historical,47.2,0.1397
Tokachi,right,61.6,overflow,historical,47.4,0.2892
Tokachi,right,61.6,overflow,historical,47.6,0.4863
Tokachi,right,61.6,overflow,historical,47.8,0.687
Tokachi,right,61.6,overflow,historical,48,0.8466
Tokachi,right,61.6,overflow,historical,48.2,0.9372
Tokachi,right,61.6,overflow,historical,48.4,0.9801
Tokachi,right,61.6,overflow,historical,48.6,0.996
Tokachi,right,61.6,overflow,historical,48.8,0.9991
Tokachi,right,61.6,overflow,historical,49,0.9998
Tokachi,right,61.6,overflow,historical,49.2,1
Tokachi,right,61.6,overflow,historical,49.4,1
Tokachi,right,61.6,overflow,historical,49.6,1
Tokachi,right,61.6,overflow,historical,49.8,1
Tokachi,right,61.6,overflow,historical,50,1
Tokachi,right,61.6,overflow,historical,50.2,1
Tokachi,right,61.6,overflow,historical,50.4,1
Tokachi,right,61.6,overflow,historical,50.6,1
Tokachi,right,61.6,overflow,historical,50.8,1
Tokachi,right,61.6,overflow,plus4K,42.6,0
Tokachi,right,61.6,overflow,plus4K,42.8,0
Tokachi,right,61.6,overflow,plus4K,43,0
Tokachi,right,61.6,overflow,plus4K,43.2,0
Tokachi,right,61.6,overflow,plus4K,43.4,0
Tokachi,right,61.6,overflow,plus4K,43.6,0
Tokachi,right,61.6,overflow,plus4K,43.8,0
Tokachi,right,61.6,overflow,plus4K,44,0
Tokachi,right,61.6,overflow,plus4K,44.2,0
Tokachi,right,61.6,overflow,plus4K,44.4,0
Tokachi,right,61.6,overflow,plus4K,44.6,0
Tokachi,right,61.6,overflow,plus4K,44.8,0
Tokachi,right,61.6,overflow,plus4K,45,0
Tokachi,right,61.6,overflow,plus4K,45.2,0
Tokachi,right,61.6,overflow,plus4K,45.4,0
Tokachi,right,61.6,overflow,plus4K,45.6,0
Tokachi,right,61.6,overflow,plus4K,45.8,0
Tokachi,right,61.6,overflow,plus4K,46,0
Tokachi,right,61.6,overflow,plus4K,46.2,0
Tokachi,right,61.6,overflow,plus4K,46.4,0.0002
Tokachi,right,61.6,overflow,plus4K,46.6,0.0046
Tokachi,right,61.6,overflow,plus4K,46.8,0.0143
Tokachi,right,61.6,overflow,plus4K,47,0.0527
Tokachi,right,61.6,overflow,plus4K,47.2,0.1397
Tokachi,right,61.6,overflow,plus4K,47.4,0.2892
Tokachi,right,61.6,overflow,plus4K,47.6,0.4863
Tokachi,right,61.6,overflow,plus4K,47.8,0.687
Tokachi,right,61.6,overflow,plus4K,48,0.8466
Tokachi,right,61.6,overflow,plus4K,48.2,0.9372
Tokachi,right,61.6,overflow,plus4K,48.4,0.9801
Tokachi,right,61.6,overflow,plus4K,48.6,0.996
Tokachi,right,61.6,overflow,plus4K,48.8,0.9991
Tokachi,right,61.6,overflow,plus4K,49,0.9998
Tokachi,right,61.6,overflow,plus4K,49.2,1
Tokachi,right,61.6,overflow,plus4K,49.4,1
Tokachi,right,61.6,overflow,plus4K,49.6,1
Tokachi,right,61.6,overflow,plus4K,49.8,1
Tokachi,right,61.6,overflow,plus4K,50,1
Tokachi,right,61.6,overflow,plus4K,50.2,1
Tokachi,right,61.6,overflow,plus4K,50.4,1
Tokachi,right,61.6,overflow,plus4K,50.6,1
Tokachi,right,61.6,overflow,plus4K,50.8,1
Tokachi,right,61.8,overflow,historical,43.4,0
Tokachi,right,61.8,overflow,historical,43.6,0
Tokachi,right,61.8,overflow,historical,43.8,0
Tokachi,right,61.8,overflow,historical,44,0
Tokachi,right,61.8,overflow,historical,44.2,0
Tokachi,right,61.8,overflow,historical,44.4,0
Tokachi,right,61.8,overflow,historical,44.6,0
Tokachi,right,61.8,overflow,historical,44.8,0
Tokachi,right,61.8,overflow,historical,45,0
Tokachi,right,61.8,overflow,historical,45.2,0
Tokachi,right,61.8,overflow,historical,45.4,0
Tokachi,right,61.8,overflow,historical,45.6,0
Tokachi,right,61.8,overflow,historical,45.8,0
Tokachi,right,61.8,overflow,historical,46,0
Tokachi,right,61.8,overflow,historical,46.2,0
Tokachi,right,61.8,overflow,historical,46.4,0
Tokachi,right,61.8,overflow,historical,46.6,0.0003
Tokachi,right,61.8,overflow,historical,46.8,0.0016
Tokachi,right,61.8,overflow,historical,47,0.006
Tokachi,right,61.8,overflow,historical,47.2,0.0221
Tokachi,right,61.8,overflow,historical,47.4,0.0687
Tokachi,right,61.8,overflow,historical,47.6,0.1668
Tokachi,right,61.8,overflow,historical,47.8,0.3323
Tokachi,right,61.8,overflow,historical,48,0.5367
Tokachi,right,61.8,overflow,historical,48.2,0.7345
Tokachi,right,61.8,overflow,historical,48.4,0.8717
Tokachi,right,61.8,overflow,historical,48.6,0.9541
Tokachi,right,61.8,overflow,historical,48.8,0.9858
Tokachi,right,61.8,overflow,historical,49,0.9973
Tokachi,right,61.8,overflow,historical,49.2,0.9995
Tokachi,right,61.8,overflow,historical,49.4,0.9999
Tokachi,right,61.8,overflow,historical,49.6,1
Tokachi,right,61.8,overflow,historical,49.8,1
Tokachi,right,61.8,overflow,historical,50,1
Tokachi,right,61.8,overflow,historical,50.2,1
Tokachi,right,61.8,overflow,historical,50.4,1
Tokachi,right,61.8,overflow,historical,50.6,1
Tokachi,right,61.8,overflow,historical,50.8,1
Tokachi,right,61.8,overflow,historical,51,1
Tokachi,right,61.8,overflow,historical,51.2,1
Tokachi,right,61.8,overflow,plus4K,43.4,0
Tokachi,right,61.8,overflow,plus4K,43.6,0
Tokachi,right,61.8,overflow,plus4K,43.8,0
Tokachi,right,61.8,overflow,plus4K,44,0
Tokachi,right,61.8,overflow,plus4K,44.2,0
Tokachi,right,61.8,overflow,plus4K,44.4,0
Tokachi,right,61.8,overflow,plus4K,44.6,0
Tokachi,right,61.8,overflow,plus4K,44.8,0
Tokachi,right,61.8,overflow,plus4K,45,0
Tokachi,right,61.8,overflow,plus4K,45.2,0
Tokachi,right,61.8,overflow,plus4K,45.4,0
Tokachi,right,61.8,overflow,plus4K,45.6,0
Tokachi,right,61.8,overflow,plus4K,45.8,0
Tokachi,right,61.8,overflow,plus4K,46,0
Tokachi,right,61.8,overflow,plus4K,46.2,0
Tokachi,right,61.8,overflow,plus4K,46.4,0
Tokachi,right,61.8,overflow,plus4K,46.6,0.0003
Tokachi,right,61.8,overflow,plus4K,46.8,0.0016
Tokachi,right,61.8,overflow,plus4K,47,0.006
Tokachi,right,61.8,overflow,plus4K,47.2,0.0221
Tokachi,right,61.8,overflow,plus4K,47.4,0.0687
Tokachi,right,61.8,overflow,plus4K,47.6,0.1668
Tokachi,right,61.8,overflow,plus4K,47.8,0.3323
Tokachi,right,61.8,overflow,plus4K,48,0.5367
Tokachi,right,61.8,overflow,plus4K,48.2,0.7345
Tokachi,right,61.8,overflow,plus4K,48.4,0.8717
Tokachi,right,61.8,overflow,plus4K,48.6,0.9541
Tokachi,right,61.8,overflow,plus4K,48.8,0.9858
Tokachi,right,61.8,overflow,plus4K,49,0.9973
Tokachi,right,61.8,overflow,plus4K,49.2,0.9995
Tokachi,right,61.8,overflow,plus4K,49.4,0.9999
Tokachi,right,61.8,overflow,plus4K,49.6,1
Tokachi,right,61.8,overflow,plus4K,49.8,1
Tokachi,right,61.8,overflow,plus4K,50,1
Tokachi,right,61.8,overflow,plus4K,50.2,1
Tokachi,right,61.8,overflow,plus4K,50.4,1
Tokachi,right,61.8,overflow,plus4K,50.6,1
Tokachi,right,61.8,overflow,plus4K,50.8,1
Tokachi,right,61.8,overflow,plus4K,51,1
Tokachi,right,61.8,overflow,plus4K,51.2,1
Tokachi,right,62,overflow,historical,43.8,0
Tokachi,right,62,overflow,historical,44,0
Tokachi,right,62,overflow,historical,44.2,0
Tokachi,right,62,overflow,historical,44.4,0
Tokachi,right,62,overflow,historical,44.6,0
Tokachi,right,62,overflow,historical,44.8,0
Tokachi,right,62,overflow,historical,45,0
Tokachi,right,62,overflow,historical,45.2,0
Tokachi,right,62,overflow,historical,45.4,0
Tokachi,right,62,overflow,historical,45.6,0
Tokachi,right,62,overflow,historical,45.8,0
Tokachi,right,62,overflow,historical,46,0
Tokachi,right,62,overflow,historical,46.2,0
Tokachi,right,62,overflow,historical,46.4,0
Tokachi,right,62,overflow,historical,46.6,0
Tokachi,right,62,overflow,historical,46.8,0
Tokachi,right,62,overflow,historical,47,0
Tokachi,right,62,overflow,historical,47.2,0.0005
Tokachi,right,62,overflow,historical,47.4,0.0024
Tokachi,right,62,overflow,historical,47.6,0.0104
Tokachi,right,62,overflow,historical,47.8,0.0344
Tokachi,right,62,overflow,historical,48,0.1
Tokachi,right,62,overflow,historical,48.2,0.2258
Tokachi,right,62,overflow,historical,48.4,0.4104
Tokachi,right,62,overflow,historical,48.6,0.6092
Tokachi,right,62,overflow,historical,48.8,0.7877
Tokachi,right,62,overflow,historical,49,0.9098
Tokachi,right,62,overflow,historical,49.2,0.9672
Tokachi,right,62,overflow,historical,49.4,0.9912
Tokachi,right,62,overflow,historical,49.6,0.9979
Tokachi,right,62,overflow,historical,49.8,0.9996
Tokachi,right,62,overflow,historical,50,1
Tokachi,right,62,overflow,historical,50.2,1
Tokachi,right,62,overflow,historical,50.4,1
Tokachi,right,62,overflow,historical,50.6,1
Tokachi,right,62,overflow,historical,50.8,1
Tokachi,right,62,overflow,historical,51,1
Tokachi,right,62,overflow,historical,51.2,1
Tokachi,right,62,overflow,historical,51.4,1
Tokachi,right,62,overflow,historical,51.6,1
Tokachi,right,62,overflow,plus4K,43.8,0
Tokachi,right,62,overflow,plus4K,44,0
Tokachi,right,62,overflow,plus4K,44.2,0
Tokachi,right,62,overflow,plus4K,44.4,0
Tokachi,right,62,overflow,plus4K,44.6,0
Tokachi,right,62,overflow,plus4K,44.8,0
Tokachi,right,62,overflow,plus4K,45,0
Tokachi,right,62,overflow,plus4K,45.2,0
Tokachi,right,62,overflow,plus4K,45.4,0
Tokachi,right,62,overflow,plus4K,45.6,0
Tokachi,right,62,overflow,plus4K,45.8,0
Tokachi,right,62,overflow,plus4K,46,0
Tokachi,right,62,overflow,plus4K,46.2,0
Tokachi,right,62,overflow,plus4K,46.4,0
Tokachi,right,62,overflow,plus4K,46.6,0
Tokachi,right,62,overflow,plus4K,46.8,0
Tokachi,right,62,overflow,plus4K,47,0
Tokachi,right,62,overflow,plus4K,47.2,0.0005
Tokachi,right,62,overflow,plus4K,47.4,0.0024
Tokachi,right,62,overflow,plus4K,47.6,0.0104
Tokachi,right,62,overflow,plus4K,47.8,0.0344
Tokachi,right,62,overflow,plus4K,48,0.1
Tokachi,right,62,overflow,plus4K,48.2,0.2258
Tokachi,right,62,overflow,plus4K,48.4,0.4104
Tokachi,right,62,overflow,plus4K,48.6,0.6092
Tokachi,right,62,overflow,plus4K,48.8,0.7877
Tokachi,right,62,overflow,plus4K,49,0.9098
Tokachi,right,62,overflow,plus4K,49.2,0.9672
Tokachi,right,62,overflow,plus4K,49.4,0.9912
Tokachi,right,62,overflow,plus4K,49.6,0.9979
Tokachi,right,62,overflow,plus4K,49.8,0.9996
Tokachi,right,62,overflow,plus4K,50,1
Tokachi,right,62,overflow,plus4K,50.2,1
Tokachi,right,62,overflow,plus4K,50.4,1
Tokachi,right,62,overflow,plus4K,50.6,1
Tokachi,right,62,overflow,plus4K,50.8,1
Tokachi,right,62,overflow,plus4K,51,1
Tokachi,right,62,overflow,plus4K,51.2,1
Tokachi,right,62,overflow,plus4K,51.4,1
Tokachi,right,62,overflow,plus4K,51.6,1
Tokachi,right,62.2,overflow,historical,44.4,0
Tokachi,right,62.2,overflow,historical,44.6,0
Tokachi,right,62.2,overflow,historical,44.8,0
Tokachi,right,62.2,overflow,historical,45,0
Tokachi,right,62.2,overflow,historical,45.2,0
Tokachi,right,62.2,overflow,historical,45.4,0
Tokachi,right,62.2,overflow,historical,45.6,0
Tokachi,right,62.2,overflow,historical,45.8,0
Tokachi,right,62.2,overflow,historical,46,0
Tokachi,right,62.2,overflow,historical,46.2,0
Tokachi,right,62.2,overflow,historical,46.4,0
Tokachi,right,62.2,overflow,historical,46.6,0
Tokachi,right,62.2,overflow,historical,46.8,0
Tokachi,right,62.2,overflow,historical,47,0
Tokachi,right,62.2,overflow,historical,47.2,0.0001
Tokachi,right,62.2,overflow,historical,47.4,0.0006
Tokachi,right,62.2,overflow,historical,47.6,0.004
Tokachi,right,62.2,overflow,historical,47.8,0.0151
Tokachi,right,62.2,overflow,historical,48,0.0512
Tokachi,right,62.2,overflow,historical,48.2,0.1311
Tokachi,right,62.2,overflow,historical,48.4,0.2761
Tokachi,right,62.2,overflow,historical,48.6,0.4762
Tokachi,right,62.2,overflow,historical,48.8,0.6734
Tokachi,right,62.2,overflow,historical,49,0.8326
Tokachi,right,62.2,overflow,historical,49.2,0.9328
Tokachi,right,62.2,overflow,historical,49.4,0.9791
Tokachi,right,62.2,overflow,historical,49.6,0.9946
Tokachi,right,62.2,overflow,historical,49.8,0.9991
Tokachi,right,62.2,overflow,historical,50,0.9999
Tokachi,right,62.2,overflow,historical,50.2,1
Tokachi,right,62.2,overflow,historical,50.4,1
Tokachi,right,62.2,overflow,historical,50.6,1
Tokachi,right,62.2,overflow,historical,50.8,1
Tokachi,right,62.2,overflow,historical,51,1
Tokachi,right,62.2,overflow,historical,51.2,1
Tokachi,right,62.2,overflow,historical,51.4,1
Tokachi,right,62.2,overflow,historical,51.6,1
Tokachi,right,62.2,overflow,historical,51.8,1
Tokachi,right,62.2,overflow,plus4K,44.4,0
Tokachi,right,62.2,overflow,plus4K,44.6,0
Tokachi,right,62.2,overflow,plus4K,44.8,0
Tokachi,right,62.2,overflow,plus4K,45,0
Tokachi,right,62.2,overflow,plus4K,45.2,0
Tokachi,right,62.2,overflow,plus4K,45.4,0
Tokachi,right,62.2,overflow,plus4K,45.6,0
Tokachi,right,62.2,overflow,plus4K,45.8,0
Tokachi,right,62.2,overflow,plus4K,46,0
Tokachi,right,62.2,overflow,plus4K,46.2,0
Tokachi,right,62.2,overflow,plus4K,46.4,0
Tokachi,right,62.2,overflow,plus4K,46.6,0
Tokachi,right,62.2,overflow,plus4K,46.8,0
Tokachi,right,62.2,overflow,plus4K,47,0
Tokachi,right,62.2,overflow,plus4K,47.2,0.0001
Tokachi,right,62.2,overflow,plus4K,47.4,0.0006
Tokachi,right,62.2,overflow,plus4K,47.6,0.004
Tokachi,right,62.2,overflow,plus4K,47.8,0.0151
Tokachi,right,62.2,overflow,plus4K,48,0.0512
Tokachi,right,62.2,overflow,plus4K,48.2,0.1311
Tokachi,right,62.2,overflow,plus4K,48.4,0.2761
Tokachi,right,62.2,overflow,plus4K,48.6,0.4762
Tokachi,right,62.2,overflow,plus4K,48.8,0.6734
Tokachi,right,62.2,overflow,plus4K,49,0.8326
Tokachi,right,62.2,overflow,plus4K,49.2,0.9328
Tokachi,right,62.2,overflow,plus4K,49.4,0.9791
Tokachi,right,62.2,overflow,plus4K,49.6,0.9946
Tokachi,right,62.2,overflow,plus4K,49.8,0.9991
Tokachi,right,62.2,overflow,plus4K,50,0.9999
Tokachi,right,62.2,overflow,plus4K,50.2,1
Tokachi,right,62.2,overflow,plus4K,50.4,1
Tokachi,right,62.2,overflow,plus4K,50.6,1
Tokachi,right,62.2,overflow,plus4K,50.8,1
Tokachi,right,62.2,overflow,plus4K,51,1
Tokachi,right,62.2,overflow,plus4K,51.2,1
Tokachi,right,62.2,overflow,plus4K,51.4,1
Tokachi,right,62.2,overflow,plus4K,51.6,1
Tokachi,right,62.2,overflow,plus4K,51.8,1
Tokachi,right,62.4,overflow,historical,45,0
Tokachi,right,62.4,overflow,historical,45.2,0
Tokachi,right,62.4,overflow,historical,45.4,0
Tokachi,right,62.4,overflow,historical,45.6,0
Tokachi,right,62.4,overflow,historical,45.8,0
Tokachi,right,62.4,overflow,historical,46,0
Tokachi,right,62.4,overflow,historical,46.2,0
Tokachi,right,62.4,overflow,historical,46.4,0
Tokachi,right,62.4,overflow,historical,46.6,0
Tokachi,right,62.4,overflow,historical,46.8,0
Tokachi,right,62.4,overflow,historical,47,0
Tokachi,right,62.4,overflow,historical,47.2,0
Tokachi,right,62.4,overflow,historical,47.4,0.0001
Tokachi,right,62.4,overflow,historical,47.6,0.0002
Tokachi,right,62.4,overflow,historical,47.8,0.0029
Tokachi,right,62.4,overflow,historical,48,0.0129
Tokachi,right,62.4,overflow,historical,48.2,0.0491
Tokachi,right,62.4,overflow,historical,48.4,0.1313
Tokachi,right,62.4,overflow,historical,48.6,0.2743
Tokachi,right,62.4,overflow,historical,48.8,0.4691
Tokachi,right,62.4,overflow,historical,49,0.6768
Tokachi,right,62.4,overflow,historical,49.2,0.834
Tokachi,right,62.4,overflow,historical,49.4,0.9341
Tokachi,right,62.4,overflow,historical,49.6,0.9768
Tokachi,right,62.4,overflow,historical,49.8,0.9941
Tokachi,right,62.4,overflow,historical,50,0.9991
Tokachi,right,62.4,overflow,historical,50.2,0.9999
Tokachi,right,62.4,overflow,historical,50.4,1
Tokachi,right,62.4,overflow,historical,50.6,1
Tokachi,right,62.4,overflow,historical,50.8,1
Tokachi,right,62.4,overflow,historical,51,1
Tokachi,right,62.4,overflow,historical,51.2,1
Tokachi,right,62.4,overflow,historical,51.4,1
Tokachi,right,62.4,overflow,historical,51.6,1
Tokachi,right,62.4,overflow,historical,51.8,1
Tokachi,right,62.4,overflow,historical,52,1
Tokachi,right,62.4,overflow,plus4K,45,0
Tokachi,right,62.4,overflow,plus4K,45.2,0
Tokachi,right,62.4,overflow,plus4K,45.4,0
Tokachi,right,62.4,overflow,plus4K,45.6,0
Tokachi,right,62.4,overflow,plus4K,45.8,0
Tokachi,right,62.4,overflow,plus4K,46,0
Tokachi,right,62.4,overflow,plus4K,46.2,0
Tokachi,right,62.4,overflow,plus4K,46.4,0
Tokachi,right,62.4,overflow,plus4K,46.6,0
Tokachi,right,62.4,overflow,plus4K,46.8,0
Tokachi,right,62.4,overflow,plus4K,47,0
Tokachi,right,62.4,overflow,plus4K,47.2,0
Tokachi,right,62.4,overflow,plus4K,47.4,0.0001
Tokachi,right,62.4,overflow,plus4K,47.6,0.0002
Tokachi,right,62.4,overflow,plus4K,47.8,0.0029
Tokachi,right,62.4,overflow,plus4K,48,0.0129
Tokachi,right,62.4,overflow,plus4K,48.2,0.0491
Tokachi,right,62.4,overflow,plus4K,48.4,0.1313
Tokachi,right,62.4,overflow,plus4K,48.6,0.2743
Tokachi,right,62.4,overflow,plus4K,48.8,0.4691
Tokachi,right,62.4,overflow,plus4K,49,0.6768
Tokachi,right,62.4,overflow,plus4K,49.2,0.834
Tokachi,right,62.4,overflow,plus4K,49.4,0.9341
Tokachi,right,62.4,overflow,plus4K,49.6,0.9768
Tokachi,right,62.4,overflow,plus4K,49.8,0.9941
Tokachi,right,62.4,overflow,plus4K,50,0.9991
Tokachi,right,62.4,overflow,plus4K,50.2,0.9999
Tokachi,right,62.4,overflow,plus4K,50.4,1
Tokachi,right,62.4,overflow,plus4K,50.6,1
Tokachi,right,62.4,overflow,plus4K,50.8,1
Tokachi,right,62.4,overflow,plus4K,51,1
Tokachi,right,62.4,overflow,plus4K,51.2,1
Tokachi,right,62.4,overflow,plus4K,51.4,1
Tokachi,right,62.4,overflow,plus4K,51.6,1
Tokachi,right,62.4,overflow,plus4K,51.8,1
Tokachi,right,62.4,overflow,plus4K,52,1
Tokachi,right,62.6,overflow,historical,44.6,0
Tokachi,right,62.6,overflow,historical,44.8,0
Tokachi,right,62.6,overflow,historical,45,0
Tokachi,right,62.6,overflow,historical,45.2,0
Tokachi,right,62.6,overflow,historical,45.4,0
Tokachi,right,62.6,overflow,historical,45.6,0
Tokachi,right,62.6,overflow,historical,45.8,0
Tokachi,right,62.6,overflow,historical,46,0
Tokachi,right,62.6,overflow,historical,46.2,0
Tokachi,right,62.6,overflow,historical,46.4,0
Tokachi,right,62.6,overflow,historical,46.6,0
Tokachi,right,62.6,overflow,historical,46.8,0
Tokachi,right,62.6,overflow,historical,47,0
Tokachi,right,62.6,overflow,historical,47.2,0
Tokachi,right,62.6,overflow,historical,47.4,0
Tokachi,right,62.6,overflow,historical,47.6,0
Tokachi,right,62.6,overflow,historical,47.8,0
Tokachi,right,62.6,overflow,historical,48,0.0006
Tokachi,right,62.6,overflow,historical,48.2,0.0052
Tokachi,right,62.6,overflow,historical,48.4,0.0185
Tokachi,right,62.6,overflow,historical,48.6,0.0634
Tokachi,right,62.6,overflow,historical,48.8,0.1607
Tokachi,right,62.6,overflow,historical,49,0.3198
Tokachi,right,62.6,overflow,historical,49.2,0.5279
Tokachi,right,62.6,overflow,historical,49.4,0.7262
Tokachi,right,62.6,overflow,historical,49.6,0.8711
Tokachi,right,62.6,overflow,historical,49.8,0.9515
Tokachi,right,62.6,overflow,historical,50,0.9872
Tokachi,right,62.6,overflow,historical,50.2,0.9967
Tokachi,right,62.6,overflow,historical,50.4,0.9991
Tokachi,right,62.6,overflow,historical,50.6,1
Tokachi,right,62.6,overflow,historical,50.8,1
Tokachi,right,62.6,overflow,historical,51,1
Tokachi,right,62.6,overflow,historical,51.2,1
Tokachi,right,62.6,overflow,historical,51.4,1
Tokachi,right,62.6,overflow,historical,51.6,1
Tokachi,right,62.6,overflow,historical,51.8,1
Tokachi,right,62.6,overflow,historical,52,1
Tokachi,right,62.6,overflow,historical,52.2,1
Tokachi,right,62.6,overflow,historical,52.4,1
Tokachi,right,62.6,overflow,plus4K,44.6,0
Tokachi,right,62.6,overflow,plus4K,44.8,0
Tokachi,right,62.6,overflow,plus4K,45,0
Tokachi,right,62.6,overflow,plus4K,45.2,0
Tokachi,right,62.6,overflow,plus4K,45.4,0
Tokachi,right,62.6,overflow,plus4K,45.6,0
Tokachi,right,62.6,overflow,plus4K,45.8,0
Tokachi,right,62.6,overflow,plus4K,46,0
Tokachi,right,62.6,overflow,plus4K,46.2,0
Tokachi,right,62.6,overflow,plus4K,46.4,0
Tokachi,right,62.6,overflow,plus4K,46.6,0
Tokachi,right,62.6,overflow,plus4K,46.8,0
Tokachi,right,62.6,overflow,plus4K,47,0
Tokachi,right,62.6,overflow,plus4K,47.2,0
Tokachi,right,62.6,overflow,plus4K,47.4,0
Tokachi,right,62.6,overflow,plus4K,47.6,0
Tokachi,right,62.6,overflow,plus4K,47.8,0
Tokachi,right,62.6,overflow,plus4K,48,0.0006
Tokachi,right,62.6,overflow,plus4K,48.2,0.0052
Tokachi,right,62.6,overflow,plus4K,48.4,0.0185
Tokachi,right,62.6,overflow,plus4K,48.6,0.0634
Tokachi,right,62.6,overflow,plus4K,48.8,0.1607
Tokachi,right,62.6,overflow,plus4K,49,0.3198
Tokachi,right,62.6,overflow,plus4K,49.2,0.5279
Tokachi,right,62.6,overflow,plus4K,49.4,0.7262
Tokachi,right,62.6,overflow,plus4K,49.6,0.8711
Tokachi,right,62.6,overflow,plus4K,49.8,0.9515
Tokachi,right,62.6,overflow,plus4K,50,0.9872
Tokachi,right,62.6,overflow,plus4K,50.2,0.9967
Tokachi,right,62.6,overflow,plus4K,50.4,0.9991
Tokachi,right,62.6,overflow,plus4K,50.6,1
Tokachi,right,62.6,overflow,plus4K,50.8,1
Tokachi,right,62.6,overflow,plus4K,51,1
Tokachi,right,62.6,overflow,plus4K,51.2,1
Tokachi,right,62.6,overflow,plus4K,51.4,1
Tokachi,right,62.6,overflow,plus4K,51.6,1
Tokachi,right,62.6,overflow,plus4K,51.8,1
Tokachi,right,62.6,overflow,plus4K,52,1
Tokachi,right,62.6,overflow,plus4K,52.2,1
Tokachi,right,62.6,overflow,plus4K,52.4,1
Tokachi,right,62.8,overflow,historical,45,0
Tokachi,right,62.8,overflow,historical,45.2,0
Tokachi,right,62.8,overflow,historical,45.4,0
Tokachi,right,62.8,overflow,historical,45.6,0
Tokachi,right,62.8,overflow,historical,45.8,0
Tokachi,right,62.8,overflow,historical,46,0
Tokachi,right,62.8,overflow,historical,46.2,0
Tokachi,right,62.8,overflow,historical,46.4,0
Tokachi,right,62.8,overflow,historical,46.6,0
Tokachi,right,62.8,overflow,historical,46.8,0
Tokachi,right,62.8,overflow,historical,47,0
Tokachi,right,62.8,overflow,historical,47.2,0
Tokachi,right,62.8,overflow,historical,47.4,0
Tokachi,right,62.8,overflow,historical,47.6,0
Tokachi,right,62.8,overflow,historical,47.8,0
Tokachi,right,62.8,overflow,historical,48,0.0001
Tokachi,right,62.8,overflow,historical,48.2,0.0003
Tokachi,right,62.8,overflow,historical,48.4,0.0027
Tokachi,right,62.8,overflow,historical,48.6,0.011
Tokachi,right,62.8,overflow,historical,48.8,0.0396
Tokachi,right,62.8,overflow,historical,49,0.1071
Tokachi,right,62.8,overflow,historical,49.2,0.2309
Tokachi,right,62.8,overflow,historical,49.4,0.4231
Tokachi,right,62.8,overflow,historical,49.6,0.6278
Tokachi,right,62.8,overflow,historical,49.8,0.8016
Tokachi,right,62.8,overflow,historical,50,0.9163
Tokachi,right,62.8,overflow,historical,50.2,0.9701
Tokachi,right,62.8,overflow,historical,50.4,0.9914
Tokachi,right,62.8,overflow,historical,50.6,0.9982
Tokachi,right,62.8,overflow,historical,50.8,0.9998
Tokachi,right,62.8,overflow,historical,51,1
Tokachi,right,62.8,overflow,historical,51.2,1
Tokachi,right,62.8,overflow,historical,51.4,1
Tokachi,right,62.8,overflow,historical,51.6,1
Tokachi,right,62.8,overflow,historical,51.8,1
Tokachi,right,62.8,overflow,historical,52,1
Tokachi,right,62.8,overflow,historical,52.2,1
Tokachi,right,62.8,overflow,historical,52.4,1
Tokachi,right,62.8,overflow,historical,52.6,1
Tokachi,right,62.8,overflow,plus4K,45,0
Tokachi,right,62.8,overflow,plus4K,45.2,0
Tokachi,right,62.8,overflow,plus4K,45.4,0
Tokachi,right,62.8,overflow,plus4K,45.6,0
Tokachi,right,62.8,overflow,plus4K,45.8,0
Tokachi,right,62.8,overflow,plus4K,46,0
Tokachi,right,62.8,overflow,plus4K,46.2,0
Tokachi,right,62.8,overflow,plus4K,46.4,0
Tokachi,right,62.8,overflow,plus4K,46.6,0
Tokachi,right,62.8,overflow,plus4K,46.8,0
Tokachi,right,62.8,overflow,plus4K,47,0
Tokachi,right,62.8,overflow,plus4K,47.2,0
Tokachi,right,62.8,overflow,plus4K,47.4,0
Tokachi,right,62.8,overflow,plus4K,47.6,0
Tokachi,right,62.8,overflow,plus4K,47.8,0
Tokachi,right,62.8,overflow,plus4K,48,0.0001
Tokachi,right,62.8,overflow,plus4K,48.2,0.0003
Tokachi,right,62.8,overflow,plus4K,48.4,0.0027
Tokachi,right,62.8,overflow,plus4K,48.6,0.011
Tokachi,right,62.8,overflow,plus4K,48.8,0.0396
Tokachi,right,62.8,overflow,plus4K,49,0.1071
Tokachi,right,62.8,overflow,plus4K,49.2,0.2309
Tokachi,right,62.8,overflow,plus4K,49.4,0.4231
Tokachi,right,62.8,overflow,plus4K,49.6,0.6278
Tokachi,right,62.8,overflow,plus4K,49.8,0.8016
Tokachi,right,62.8,overflow,plus4K,50,0.9163
Tokachi,right,62.8,overflow,plus4K,50.2,0.9701
Tokachi,right,62.8,overflow,plus4K,50.4,0.9914
Tokachi,right,62.8,overflow,plus4K,50.6,0.9982
Tokachi,right,62.8,overflow,plus4K,50.8,0.9998
Tokachi,right,62.8,overflow,plus4K,51,1
Tokachi,right,62.8,overflow,plus4K,51.2,1
Tokachi,right,62.8,overflow,plus4K,51.4,1
Tokachi,right,62.8,overflow,plus4K,51.6,1
Tokachi,right,62.8,overflow,plus4K,51.8,1
Tokachi,right,62.8,overflow,plus4K,52,1
Tokachi,right,62.8,overflow,plus4K,52.2,1
Tokachi,right,62.8,overflow,plus4K,52.4,1
Tokachi,right,62.8,overflow,plus4K,52.6,1
