river,bank,kp,mechanism,scenario,stage_m_msl,p_f
Satsunai,left,3.2,overflow,historical,32.6,0
Satsunai,left,3.2,overflow,historical,32.8,0
Satsunai,left,3.2,overflow,historical,33,0
Satsunai,left,3.2,overflow,historical,33.2,0
Satsunai,left,3.2,overflow,historical,33.4,0
Satsunai,left,3.2,overflow,historical,33.6,0
Satsunai,left,3.2,overflow,historical,33.8,0
Satsunai,left,3.2,overflow,historical,34,0
Satsunai,left,3.2,overflow,historical,34.2,0
Satsunai,left,3.2,overflow,historical,34.4,0
Satsunai,left,3.2,overflow,historical,34.6,0
Satsunai,left,3.2,overflow,historical,34.8,0
Satsunai,left,3.2,overflow,historical,35,0
Satsunai,left,3.2,overflow,historical,35.2,0
Satsunai,left,3.2,overflow,historical,35.4,0
Satsunai,left,3.2,overflow,historical,35.6,0
Satsunai,left,3.2,overflow,historical,35.8,0
Satsunai,left,3.2,overflow,historical,36,0
Satsunai,left,3.2,overflow,historical,36.2,0
Satsunai,left,3.2,overflow,historical,36.4,0
Satsunai,left,3.2,overflow,historical,36.6,0
Satsunai,left,3.2,overflow,historical,36.8,0
Satsunai,left,3.2,overflow,historical,37,0
Satsunai,left,3.2,overflow,historical,37.2,0
Satsunai,left,3.2,overflow,historical,37.4,0.8716
Satsunai,left,3.2,overflow,historical,37.6,1
Satsunai,left,3.2,overflow,historical,37.8,1
Satsunai,left,3.2,overflow,historical,38,1
Satsunai,left,3.2,overflow,historical,38.2,1
Satsunai,left,3.2,overflow,historical,38.4,1
Satsunai,left,3.2,overflow,historical,38.6,1
Satsunai,left,3.2,overflow,historical,38.8,1
Satsunai,left,3.2,overflow,historical,39,1
Satsunai,left,3.2,overflow,historical,39.2,1
Satsunai,left,3.2,overflow,historical,39.4,1
Satsunai,left,3.2,overflow,historical,39.6,1
Satsunai,left,3.2,overflow,historical,39.8,1
Satsunai,left,3.2,overflow,historical,40,1
Satsunai,left,3.2,overflow,historical,40.2,1
Satsunai,left,3.2,overflow,plus4K,32.6,0
Satsunai,left,3.2,overflow,plus4K,32.8,0
Satsunai,left,3.2,overflow,plus4K,33,0
Satsunai,left,3.2,overflow,plus4K,33.2,0
Satsunai,left,3.2,overflow,plus4K,33.4,0
Satsunai,left,3.2,overflow,plus4K,33.6,0
Satsunai,left,3.2,overflow,plus4K,33.8,0
Satsunai,left,3.2,overflow,plus4K,34,0
Satsunai,left,3.2,overflow,plus4K,34.2,0
Satsunai,left,3.2,overflow,plus4K,34.4,0
Satsunai,left,3.2,overflow,plus4K,34.6,0
Satsunai,left,3.2,overflow,plus4K,34.8,0
Satsunai,left,3.2,overflow,plus4K,35,0
Satsunai,left,3.2,overflow,plus4K,35.2,0
Satsunai,left,3.2,overflow,plus4K,35.4,0
Satsunai,left,3.2,overflow,plus4K,35.6,0
Satsunai,left,3.2,overflow,plus4K,35.8,0
Satsunai,left,3.2,overflow,plus4K,36,0
Satsunai,left,3.2,overflow,plus4K,36.2,0
Satsunai,left,3.2,overflow,plus4K,36.4,0
Satsunai,left,3.2,overflow,plus4K,36.6,0
Satsunai,left,3.2,overflow,plus4K,36.8,0
Satsunai,left,3.2,overflow,plus4K,37,0
Satsunai,left,3.2,overflow,plus4K,37.2,0
Satsunai,left,3.2,overflow,plus4K,37.4,0.8716
Satsunai,left,3.2,overflow,plus4K,37.6,1
Satsunai,left,3.2,overflow,plus4K,37.8,1
Satsunai,left,3.2,overflow,plus4K,38,1
Satsunai,left,3.2,overflow,plus4K,38.2,1
Satsunai,left,3.2,overflow,plus4K,38.4,1
Satsunai,left,3.2,overflow,plus4K,38.6,1
Satsunai,left,3.2,overflow,plus4K,38.8,1
Satsunai,left,3.2,overflow,plus4K,39,1
Satsunai,left,3.2,overflow,plus4K,39.2,1
Satsunai,left,3.2,overflow,plus4K,39.4,1
Satsunai,left,3.2,overflow,plus4K,39.6,1
Satsunai,left,3.2,overflow,plus4K,39.8,1
Satsunai,left,3.2,overflow,plus4K,40,1
Satsunai,left,3.2,overflow,plus4K,40.2,1
Satsunai,left,3.4,overflow,historical,33.4,0
Satsunai,left,3.4,overflow,historical,33.6,0
Satsunai,left,3.4,overflow,historical,33.8,0
Satsunai,left,3.4,overflow,historical,34,0
Satsunai,left,3.4,overflow,historical,34.2,0
Satsunai,left,3.4,overflow,historical,34.4,0
Satsunai,left,3.4,overflow,historical,34.6,0
Satsunai,left,3.4,overflow,historical,34.8,0
Satsunai,left,3.4,overflow,historical,35,0
Satsunai,left,3.4,overflow,historical,35.2,0
Satsunai,left,3.4,overflow,historical,35.4,0
Satsunai,left,3.4,overflow,historical,35.6,0
Satsunai,left,3.4,overflow,historical,35.8,0
Satsunai,left,3.4,overflow,historical,36,0
Satsunai,left,3.4,overflow,historical,36.2,0
Satsunai,left,3.4,overflow,historical,36.4,0
Satsunai,left,3.4,overflow,historical,36.6,0
Satsunai,left,3.4,overflow,historical,36.8,0
Satsunai,left,3.4,overflow,historical,37,0
Satsunai,left,3.4,overflow,historical,37.2,0
Satsunai,left,3.4,overflow,historical,37.4,0
Satsunai,left,3.4,overflow,historical,37.6,0.0312
Satsunai,left,3.4,overflow,historical,37.8,1
Satsunai,left,3.4,overflow,historical,38,1
Satsunai,left,3.4,overflow,historical,38.2,1
Satsunai,left,3.4,overflow,historical,38.4,1
Satsunai,left,3.4,overflow,historical,38.6,1
Satsunai,left,3.4,overflow,historical,38.8,1
Satsunai,left,3.4,overflow,historical,39,1
Satsunai,left,3.4,overflow,historical,39.2,1
Satsunai,left,3.4,overflow,historical,39.4,1
Satsunai,left,3.4,overflow,historical,39.6,1
Satsunai,left,3.4,overflow,historical,39.8,1
Satsunai,left,3.4,overflow,historical,40,1
Satsunai,left,3.4,overflow,historical,40.2,1
Satsunai,left,3.4,overflow,historical,40.4,1
Satsunai,left,3.4,overflow,plus4K,33.4,0
Satsunai,left,3.4,overflow,plus4K,33.6,0
Satsunai,left,3.4,overflow,plus4K,33.8,0
Satsunai,left,3.4,overflow,plus4K,34,0
Satsunai,left,3.4,overflow,plus4K,34.2,0
Satsunai,left,3.4,overflow,plus4K,34.4,0
Satsunai,left,3.4,overflow,plus4K,34.6,0
Satsunai,left,3.4,overflow,plus4K,34.8,0
Satsunai,left,3.4,overflow,plus4K,35,0
Satsunai,left,3.4,overflow,plus4K,35.2,0
Satsunai,left,3.4,overflow,plus4K,35.4,0
Satsunai,left,3.4,overflow,plus4K,35.6,0
Satsunai,left,3.4,overflow,plus4K,35.8,0
Satsunai,left,3.4,overflow,plus4K,36,0
Satsunai,left,3.4,overflow,plus4K,36.2,0
Satsunai,left,3.4,overflow,plus4K,36.4,0
Satsunai,left,3.4,overflow,plus4K,36.6,0
Satsunai,left,3.4,overflow,plus4K,36.8,0
Satsunai,left,3.4,overflow,plus4K,37,0
Satsunai,left,3.4,overflow,plus4K,37.2,0
Satsunai,left,3.4,overflow,plus4K,37.4,0
Satsunai,left,3.4,overflow,plus4K,37.6,0.0312
Satsunai,left,3.4,overflow,plus4K,37.8,1
Satsunai,left,3.4,overflow,plus4K,38,1
Satsunai,left,3.4,overflow,plus4K,38.2,1
Satsunai,left,3.4,overflow,plus4K,38.4,1
Satsunai,left,3.4,overflow,plus4K,38.6,1
Satsunai,left,3.4,overflow,plus4K,38.8,1
Satsunai,left,3.4,overflow,plus4K,39,1
Satsunai,left,3.4,overflow,plus4K,39.2,1
Satsunai,left,3.4,overflow,plus4K,39.4,1
Satsunai,left,3.4,overflow,plus4K,39.6,1
Satsunai,left,3.4,overflow,plus4K,39.8,1
Satsunai,left,3.4,overflow,plus4K,40,1
Satsunai,left,3.4,overflow,plus4K,40.2,1
Satsunai,left,3.4,overflow,plus4K,40.4,1
Satsunai,left,3.6,overflow,historical,34,0
Satsunai,left,3.6,overflow,historical,34.2,0
Satsunai,left,3.6,overflow,historical,34.4,0
Satsunai,left,3.6,overflow,historical,34.6,0
Satsunai,left,3.6,overflow,historical,34.8,0
Satsunai,left,3.6,overflow,historical,35,0
Satsunai,left,3.6,overflow,historical,35.2,0
Satsunai,left,3.6,overflow,historical,35.4,0
Satsunai,left,3.6,overflow,historical,35.6,0
Satsunai,left,3.6,overflow,historical,35.8,0
Satsunai,left,3.6,overflow,historical,36,0
Satsunai,left,3.6,overflow,historical,36.2,0
Satsunai,left,3.6,overflow,historical,36.4,0
Satsunai,left,3.6,overflow,historical,36.6,0
Satsunai,left,3.6,overflow,historical,36.8,0
Satsunai,left,3.6,overflow,historical,37,0
Satsunai,left,3.6,overflow,historical,37.2,0
Satsunai,left,3.6,overflow,historical,37.4,0
Satsunai,left,3.6,overflow,historical,37.6,0
Satsunai,left,3.6,overflow,historical,37.8,0
Satsunai,left,3.6,overflow,historical,38,0
Satsunai,left,3.6,overflow,historical,38.2,0.8159
Satsunai,left,3.6,overflow,historical,38.4,1
Satsunai,left,3.6,overflow,historical,38.6,1
Satsunai,left,3.6,overflow,historical,38.8,1
Satsunai,left,3.6,overflow,historical,39,1
Satsunai,left,3.6,overflow,historical,39.2,1
Satsunai,left,3.6,overflow,historical,39.4,1
Satsunai,left,3.6,overflow,historical,39.6,1
Satsunai,left,3.6,overflow,historical,39.8,1
Satsunai,left,3.6,overflow,historical,40,1
Satsunai,left,3.6,overflow,historical,40.2,1
Satsunai,left,3.6,overflow,historical,40.4,1
Satsunai,left,3.6,overflow,historical,40.6,1
Satsunai,left,3.6,overflow,historical,40.8,1
Satsunai,left,3.6,overflow,historical,41,1
Satsunai,left,3.6,overflow,plus4K,34,0
Satsunai,left,3.6,overflow,plus4K,34.2,0
Satsunai,left,3.6,overflow,plus4K,34.4,0
Satsunai,left,3.6,overflow,plus4K,34.6,0
Satsunai,left,3.6,overflow,plus4K,34.8,0
Satsunai,left,3.6,overflow,plus4K,35,0
Satsunai,left,3.6,overflow,plus4K,35.2,0
Satsunai,left,3.6,overflow,plus4K,35.4,0
Satsunai,left,3.6,overflow,plus4K,35.6,0
Satsunai,left,3.6,overflow,plus4K,35.8,0
Satsunai,left,3.6,overflow,plus4K,36,0
Satsunai,left,3.6,overflow,plus4K,36.2,0
Satsunai,left,3.6,overflow,plus4K,36.4,0
Satsunai,left,3.6,overflow,plus4K,36.6,0
Satsunai,left,3.6,overflow,plus4K,36.8,0
Satsunai,left,3.6,overflow,plus4K,37,0
Satsunai,left,3.6,overflow,plus4K,37.2,0
Satsunai,left,3.6,overflow,plus4K,37.4,0
Satsunai,left,3.6,overflow,plus4K,37.6,0
Satsunai,left,3.6,overflow,plus4K,37.8,0
Satsunai,left,3.6,overflow,plus4K,38,0
Satsunai,left,3.6,overflow,plus4K,38.2,0.8159
Satsunai,left,3.6,overflow,plus4K,38.4,1
Satsunai,left,3.6,overflow,plus4K,38.6,1
Satsunai,left,3.6,overflow,plus4K,38.8,1
Satsunai,left,3.6,overflow,plus4K,39,1
Satsunai,left,3.6,overflow,plus4K,39.2,1
Satsunai,left,3.6,overflow,plus4K,39.4,1
Satsunai,left,3.6,overflow,plus4K,39.6,1
Satsunai,left,3.6,overflow,plus4K,39.8,1
Satsunai,left,3.6,overflow,plus4K,40,1
Satsunai,left,3.6,overflow,plus4K,40.2,1
Satsunai,left,3.6,overflow,plus4K,40.4,1
Satsunai,left,3.6,overflow,plus4K,40.6,1
Satsunai,left,3.6,overflow,plus4K,40.8,1
Satsunai,left,3.6,overflow,plus4K,41,1
Satsunai,left,3.8,overflow,historical,34.4,0
Satsunai,left,3.8,overflow,historical,34.6,0
Satsunai,left,3.8,overflow,historical,34.8,0
Satsunai,left,3.8,overflow,historical,35,0
Satsunai,left,3.8,overflow,historical,35.2,0
Satsunai,left,3.8,overflow,historical,35.4,0
Satsunai,left,3.8,overflow,historical,35.6,0
Satsunai,left,3.8,overflow,historical,35.8,0
Satsunai,left,3.8,overflow,historical,36,0
Satsunai,left,3.8,overflow,historical,36.2,0
Satsunai,left,3.8,overflow,historical,36.4,0
Satsunai,left,3.8,overflow,historical,36.6,0
Satsunai,left,3.8,overflow,historical,36.8,0
Satsunai,left,3.8,overflow,historical,37,0
Satsunai,left,3.8,overflow,historical,37.2,0
Satsunai,left,3.8,overflow,historical,37.4,0
Satsunai,left,3.8,overflow,historical,37.6,0
Satsunai,left,3.8,overflow,historical,37.8,0
Satsunai,left,3.8,overflow,historical,38,0
Satsunai,left,3.8,overflow,historical,38.2,0
Satsunai,left,3.8,overflow,historical,38.4,0
Satsunai,left,3.8,overflow,historical,38.6,0
Satsunai,left,3.8,overflow,historical,38.8,0
Satsunai,left,3.8,overflow,historical,39,1
Satsunai,left,3.8,overflow,historical,39.2,1
Satsunai,left,3.8,overflow,historical,39.4,1
Satsunai,left,3.8,overflow,historical,39.6,1
Satsunai,left,3.8,overflow,historical,39.8,1
Satsunai,left,3.8,overflow,historical,40,1
Satsunai,left,3.8,overflow,historical,40.2,1
Satsunai,left,3.8,overflow,historical,40.4,1
Satsunai,left,3.8,overflow,historical,40.6,1
Satsunai,left,3.8,overflow,historical,40.8,1
Satsunai,left,3.8,overflow,historical,41,1
Satsunai,left,3.8,overflow,historical,41.2,1
Satsunai,left,3.8,overflow,historical,41.4,1
Satsunai,left,3.8,overflow,historical,41.6,1
Satsunai,left,3.8,overflow,historical,41.8,1
Satsunai,left,3.8,overflow,plus4K,34.4,0
Satsunai,left,3.8,overflow,plus4K,34.6,0
Satsunai,left,3.8,overflow,plus4K,34.8,0
Satsunai,left,3.8,overflow,plus4K,35,0
Satsunai,left,3.8,overflow,plus4K,35.2,0
Satsunai,left,3.8,overflow,plus4K,35.4,0
Satsunai,left,3.8,overflow,plus4K,35.6,0
Satsunai,left,3.8,overflow,plus4K,35.8,0
Satsunai,left,3.8,overflow,plus4K,36,0
Satsunai,left,3.8,overflow,plus4K,36.2,0
Satsunai,left,3.8,overflow,plus4K,36.4,0
Satsunai,left,3.8,overflow,plus4K,36.6,0
Satsunai,left,3.8,overflow,plus4K,36.8,0
Satsunai,left,3.8,overflow,plus4K,37,0
Satsunai,left,3.8,overflow,plus4K,37.2,0
Satsunai,left,3.8,overflow,plus4K,37.4,0
Satsunai,left,3.8,overflow,plus4K,37.6,0
Satsunai,left,3.8,overflow,plus4K,37.8,0
Satsunai,left,3.8,overflow,plus4K,38,0
Satsunai,left,3.8,overflow,plus4K,38.2,0
Satsunai,left,3.8,overflow,plus4K,38.4,0
Satsunai,left,3.8,overflow,plus4K,38.6,0
Satsunai,left,3.8,overflow,plus4K,38.8,0
Satsunai,left,3.8,overflow,plus4K,39,1
Satsunai,left,3.8,overflow,plus4K,39.2,1
Satsunai,left,3.8,overflow,plus4K,39.4,1
Satsunai,left,3.8,overflow,plus4K,39.6,1
Satsunai,left,3.8,overflow,plus4K,39.8,1
Satsunai,left,3.8,overflow,plus4K,40,1
Satsunai,left,3.8,overflow,plus4K,40.2,1
Satsunai,left,3.8,overflow,plus4K,40.4,1
Satsunai,left,3.8,overflow,plus4K,40.6,1
Satsunai,left,3.8,overflow,plus4K,40.8,1
Satsunai,left,3.8,overflow,plus4K,41,1
Satsunai,left,3.8,overflow,plus4K,41.2,1
Satsunai,left,3.8,overflow,plus4K,41.4,1
Satsunai,left,3.8,overflow,plus4K,41.6,1
Satsunai,left,3.8,overflow,plus4K,41.8,1
Satsunai,left,4,overflow,historical,35,0
Satsunai,left,4,overflow,historical,35.2,0
Satsunai,left,4,overflow,historical,35.4,0
Satsunai,left,4,overflow,historical,35.6,0
Satsunai,left,4,overflow,historical,35.8,0
Satsunai,left,4,overflow,historical,36,0
Satsunai,left,4,overflow,historical,36.2,0
Satsunai,left,4,overflow,historical,36.4,0
Satsunai,left,4,overflow,historical,36.6,0
Satsunai,left,4,overflow,historical,36.8,0
Satsunai,left,4,overflow,historical,37,0
Satsunai,left,4,overflow,historical,37.2,0
Satsunai,left,4,overflow,historical,37.4,0
Satsunai,left,4,overflow,historical,37.6,0
Satsunai,left,4,overflow,historical,37.8,0
Satsunai,left,4,overflow,historical,38,0
Satsunai,left,4,overflow,historical,38.2,0
Satsunai,left,4,overflow,historical,38.4,0
Satsunai,left,4,overflow,historical,38.6,0
Satsunai,left,4,overflow,historical,38.8,0
Satsunai,left,4,overflow,historical,39,0
Satsunai,left,4,overflow,historical,39.2,0.0013
Satsunai,left,4,overflow,historical,39.4,0.0209
Satsunai,left,4,overflow,historical,39.6,0.1409
Satsunai,left,4,overflow,historical,39.8,0.4616
Satsunai,left,4,overflow,historical,40,0.8254
Satsunai,left,4,overflow,historical,40.2,0.9754
Satsunai,left,4,overflow,historical,40.4,0.9988
Satsunai,left,4,overflow,historical,40.6,1
Satsunai,left,4,overflow,historical,40.8,1
Satsunai,left,4,overflow,historical,41,1
Satsunai,left,4,overflow,historical,41.2,1
Satsunai,left,4,overflow,historical,41.4,1
Satsunai,left,4,overflow,historical,41.6,1
Satsunai,left,4,overflow,historical,41.8,1
Satsunai,left,4,overflow,historical,42,1
Satsunai,left,4,overflow,historical,42.2,1
Satsunai,left,4,overflow,historical,42.4,1
Satsunai,left,4,overflow,historical,42.6,1
Satsunai,left,4,overflow,plus4K,35,0
Satsunai,left,4,overflow,plus4K,35.2,0
Satsunai,left,4,overflow,plus4K,35.4,0
Satsunai,left,4,overflow,plus4K,35.6,0
Satsunai,left,4,overflow,plus4K,35.8,0
Satsunai,left,4,overflow,plus4K,36,0
Satsunai,left,4,overflow,plus4K,36.2,0
Satsunai,left,4,overflow,plus4K,36.4,0
Satsunai,left,4,overflow,plus4K,36.6,0
Satsunai,left,4,overflow,plus4K,36.8,0
Satsunai,left,4,overflow,plus4K,37,0
Satsunai,left,4,overflow,plus4K,37.2,0
Satsunai,left,4,overflow,plus4K,37.4,0
Satsunai,left,4,overflow,plus4K,37.6,0
Satsunai,left,4,overflow,plus4K,37.8,0
Satsunai,left,4,overflow,plus4K,38,0
Satsunai,left,4,overflow,plus4K,38.2,0
Satsunai,left,4,overflow,plus4K,38.4,0
Satsunai,left,4,overflow,plus4K,38.6,0
Satsunai,left,4,overflow,plus4K,38.8,0
Satsunai,left,4,overflow,plus4K,39,0
Satsunai,left,4,overflow,plus4K,39.2,0.0013
Satsunai,left,4,overflow,plus4K,39.4,0.0209
Satsunai,left,4,overflow,plus4K,39.6,0.1409
Satsunai,left,4,overflow,plus4K,39.8,0.4616
Satsunai,left,4,overflow,plus4K,40,0.8254
Satsunai,left,4,overflow,plus4K,40.2,0.9754
Satsunai,left,4,overflow,plus4K,40.4,0.9988
Satsunai,left,4,overflow,plus4K,40.6,1
Satsunai,left,4,overflow,plus4K,40.8,1
Satsunai,left,4,overflow,plus4K,41,1
Satsunai,left,4,overflow,plus4K,41.2,1
Satsunai,left,4,overflow,plus4K,41.4,1
Satsunai,left,4,overflow,plus4K,41.6,1
Satsunai,left,4,overflow,plus4K,41.8,1
Satsunai,left,4,overflow,plus4K,42,1
Satsunai,left,4,overflow,plus4K,42.2,1
Satsunai,left,4,overflow,plus4K,42.4,1
Satsunai,left,4,overflow,plus4K,42.6,1
Satsunai,left,4.2,overflow,historical,35.4,0
Satsunai,left,4.2,overflow,historical,35.6,0
Satsunai,left,4.2,overflow,historical,35.8,0
Satsunai,left,4.2,overflow,historical,36,0
Satsunai,left,4.2,overflow,historical,36.2,0
Satsunai,left,4.2,overflow,historical,36.4,0
Satsunai,left,4.2,overflow,historical,36.6,0
Satsunai,left,4.2,overflow,historical,36.8,0
Satsunai,left,4.2,overflow,historical,37,0
Satsunai,left,4.2,overflow,historical,37.2,0
Satsunai,left,4.2,overflow,historical,37.4,0
Satsunai,left,4.2,overflow,historical,37.6,0
Satsunai,left,4.2,overflow,historical,37.8,0
Satsunai,left,4.2,overflow,historical,38,0
Satsunai,left,4.2,overflow,historical,38.2,0
Satsunai,left,4.2,overflow,historical,38.4,0
Satsunai,left,4.2,overflow,historical,38.6,0
Satsunai,left,4.2,overflow,historical,38.8,0
Satsunai,left,4.2,overflow,historical,39,0
Satsunai,left,4.2,overflow,historical,39.2,0
Satsunai,left,4.2,overflow,historical,39.4,0
Satsunai,left,4.2,overflow,historical,39.6,0
Satsunai,left,4.2,overflow,historical,39.8,1
Satsunai,left,4.2,overflow,historical,40,1
Satsunai,left,4.2,overflow,historical,40.2,1
Satsunai,left,4.2,overflow,historical,40.4,1
Satsunai,left,4.2,overflow,historical,40.6,1
Satsunai,left,4.2,overflow,historical,40.8,1
Satsunai,left,4.2,overflow,historical,41,1
Satsunai,left,4.2,overflow,historical,41.2,1
Satsunai,left,4.2,overflow,historical,41.4,1
Satsunai,left,4.2,overflow,historical,41.6,1
Satsunai,left,4.2,overflow,historical,41.8,1
Satsunai,left,4.2,overflow,historical,42,1
Satsunai,left,4.2,overflow,historical,42.2,1
Satsunai,left,4.2,overflow,historical,42.4,1
Satsunai,left,4.2,overflow,historical,42.6,1
Satsunai,left,4.2,overflow,plus4K,35.4,0
Satsunai,left,4.2,overflow,plus4K,35.6,0
Satsunai,left,4.2,overflow,plus4K,35.8,0
Satsunai,left,4.2,overflow,plus4K,36,0
Satsunai,left,4.2,overflow,plus4K,36.2,0
Satsunai,left,4.2,overflow,plus4K,36.4,0
Satsunai,left,4.2,overflow,plus4K,36.6,0
Satsunai,left,4.2,overflow,plus4K,36.8,0
Satsunai,left,4.2,overflow,plus4K,37,0
Satsunai,left,4.2,overflow,plus4K,37.2,0
Satsunai,left,4.2,overflow,plus4K,37.4,0
Satsunai,left,4.2,overflow,plus4K,37.6,0
Satsunai,left,4.2,overflow,plus4K,37.8,0
Satsunai,left,4.2,overflow,plus4K,38,0
Satsunai,left,4.2,overflow,plus4K,38.2,0
Satsunai,left,4.2,overflow,plus4K,38.4,0
Satsunai,left,4.2,overflow,plus4K,38.6,0
Satsunai,left,4.2,overflow,plus4K,38.8,0
Satsunai,left,4.2,overflow,plus4K,39,0
Satsunai,left,4.2,overflow,plus4K,39.2,0
Satsunai,left,4.2,overflow,plus4K,39.4,0
Satsunai,left,4.2,overflow,plus4K,39.6,0
Satsunai,left,4.2,overflow,plus4K,39.8,1
Satsunai,left,4.2,overflow,plus4K,40,1
Satsunai,left,4.2,overflow,plus4K,40.2,1
Satsunai,left,4.2,overflow,plus4K,40.4,1
Satsunai,left,4.2,overflow,plus4K,40.6,1
Satsunai,left,4.2,overflow,plus4K,40.8,1
Satsunai,left,4.2,overflow,plus4K,41,1
Satsunai,left,4.2,overflow,plus4K,41.2,1
Satsunai,left,4.2,overflow,plus4K,41.4,1
Satsunai,left,4.2,overflow,plus4K,41.6,1
Satsunai,left,4.2,overflow,plus4K,41.8,1
Satsunai,left,4.2,overflow,plus4K,42,1
Satsunai,left,4.2,overflow,plus4K,42.2,1
Satsunai,left,4.2,overflow,plus4K,42.4,1
Satsunai,left,4.2,overflow,plus4K,42.6,1
Satsunai,left,4.4,overflow,historical,36.2,0
Satsunai,left,4.4,overflow,historical,36.4,0
Satsunai,left,4.4,overflow,historical,36.6,0
Satsunai,left,4.4,overflow,historical,36.8,0
Satsunai,left,4.4,overflow,historical,37,0
Satsunai,left,4.4,overflow,historical,37.2,0
Satsunai,left,4.4,overflow,historical,37.4,0
Satsunai,left,4.4,overflow,historical,37.6,0
Satsunai,left,4.4,overflow,historical,37.8,0
Satsunai,left,4.4,overflow,historical,38,0
Satsunai,left,4.4,overflow,historical,38.2,0
Satsunai,left,4.4,overflow,historical,38.4,0
Satsunai,left,4.4,overflow,historical,38.6,0
Satsunai,left,4.4,overflow,historical,38.8,0
Satsunai,left,4.4,overflow,historical,39,0
Satsunai,left,4.4,overflow,historical,39.2,0
Satsunai,left,4.4,overflow,historical,39.4,0
Satsunai,left,4.4,overflow,historical,39.6,0
Satsunai,left,4.4,overflow,historical,39.8,0
Satsunai,left,4.4,overflow,historical,40,0
Satsunai,left,4.4,overflow,historical,40.2,0
Satsunai,left,4.4,overflow,historical,40.4,1
Satsunai,left,4.4,overflow,historical,40.6,1
Satsunai,left,4.4,overflow,historical,40.8,1
Satsunai,left,4.4,overflow,historical,41,1
Satsunai,left,4.4,overflow,historical,41.2,1
Satsunai,left,4.4,overflow,historical,41.4,1
Satsunai,left,4.4,overflow,historical,41.6,1
Satsunai,left,4.4,overflow,historical,41.8,1
Satsunai,left,4.4,overflow,historical,42,1
Satsunai,left,4.4,overflow,historical,42.2,1
Satsunai,left,4.4,overflow,historical,42.4,1
Satsunai,left,4.4,overflow,historical,42.6,1
Satsunai,left,4.4,overflow,historical,42.8,1
Satsunai,left,4.4,overflow,historical,43,1
Satsunai,left,4.4,overflow,historical,43.2,1
Satsunai,left,4.4,overflow,plus4K,36.2,0
Satsunai,left,4.4,overflow,plus4K,36.4,0
Satsunai,left,4.4,overflow,plus4K,36.6,0
Satsunai,left,4.4,overflow,plus4K,36.8,0
Satsunai,left,4.4,overflow,plus4K,37,0
Satsunai,left,4.4,overflow,plus4K,37.2,0
Satsunai,left,4.4,overflow,plus4K,37.4,0
Satsunai,left,4.4,overflow,plus4K,37.6,0
Satsunai,left,4.4,overflow,plus4K,37.8,0
Satsunai,left,4.4,overflow,plus4K,38,0
Satsunai,left,4.4,overflow,plus4K,38.2,0
Satsunai,left,4.4,overflow,plus4K,38.4,0
Satsunai,left,4.4,overflow,plus4K,38.6,0
Satsunai,left,4.4,overflow,plus4K,38.8,0
Satsunai,left,4.4,overflow,plus4K,39,0
Satsunai,left,4.4,overflow,plus4K,39.2,0
Satsunai,left,4.4,overflow,plus4K,39.4,0
Satsunai,left,4.4,overflow,plus4K,39.6,0
Satsunai,left,4.4,overflow,plus4K,39.8,0
Satsunai,left,4.4,overflow,plus4K,40,0
Satsunai,left,4.4,overflow,plus4K,40.2,0
Satsunai,left,4.4,overflow,plus4K,40.4,1
Satsunai,left,4.4,overflow,plus4K,40.6,1
Satsunai,left,4.4,overflow,plus4K,40.8,1
Satsunai,left,4.4,overflow,plus4K,41,1
Satsunai,left,4.4,overflow,plus4K,41.2,1
Satsunai,left,4.4,overflow,plus4K,41.4,1
Satsunai,left,4.4,overflow,plus4K,41.6,1
Satsunai,left,4.4,overflow,plus4K,41.8,1
Satsunai,left,4.4,overflow,plus4K,42,1
Satsunai,left,4.4,overflow,plus4K,42.2,1
Satsunai,left,4.4,overflow,plus4K,42.4,1
Satsunai,left,4.4,overflow,plus4K,42.6,1
Satsunai,left,4.4,overflow,plus4K,42.8,1
Satsunai,left,4.4,overflow,plus4K,43,1
Satsunai,left,4.4,overflow,plus4K,43.2,1
Satsunai,left,4.6,overflow,historical,37.2,0
Satsunai,left,4.6,overflow,historical,37.4,0
Satsunai,left,4.6,overflow,historical,37.6,0
Satsunai,left,4.6,overflow,historical,37.8,0
Satsunai,left,4.6,overflow,historical,38,0
Satsunai,left,4.6,overflow,historical,38.2,0
Satsunai,left,4.6,overflow,historical,38.4,0
Satsunai,left,4.6,overflow,historical,38.6,0
Satsunai,left,4.6,overflow,historical,38.8,0
Satsunai,left,4.6,overflow,historical,39,0
Satsunai,left,4.6,overflow,historical,39.2,0
Satsunai,left,4.6,overflow,historical,39.4,0
Satsunai,left,4.6,overflow,historical,39.6,0
Satsunai,left,4.6,overflow,historical,39.8,0
Satsunai,left,4.6,overflow,historical,40,0
Satsunai,left,4.6,overflow,historical,40.2,0
Satsunai,left,4.6,overflow,historical,40.4,0
Satsunai,left,4.6,overflow,historical,40.6,0
Satsunai,left,4.6,overflow,historical,40.8,0
Satsunai,left,4.6,overflow,historical,41,0.9999
Satsunai,left,4.6,overflow,historical,41.2,1
Satsunai,left,4.6,overflow,historical,41.4,1
Satsunai,left,4.6,overflow,historical,41.6,1
Satsunai,left,4.6,overflow,historical,41.8,1
Satsunai,left,4.6,overflow,historical,42,1
Satsunai,left,4.6,overflow,historical,42.2,1
Satsunai,left,4.6,overflow,historical,42.4,1
Satsunai,left,4.6,overflow,historical,42.6,1
Satsunai,left,4.6,overflow,historical,42.8,1
Satsunai,left,4.6,overflow,historical,43,1
Satsunai,left,4.6,overflow,historical,43.2,1
Satsunai,left,4.6,overflow,historical,43.4,1
Satsunai,left,4.6,overflow,historical,43.6,1
Satsunai,left,4.6,overflow,historical,43.8,1
Satsunai,left,4.6,overflow,plus4K,37.2,0
Satsunai,left,4.6,overflow,plus4K,37.4,0
Satsunai,left,4.6,overflow,plus4K,37.6,0
Satsunai,left,4.6,overflow,plus4K,37.8,0
Satsunai,left,4.6,overflow,plus4K,38,0
Satsunai,left,4.6,overflow,plus4K,38.2,0
Satsunai,left,4.6,overflow,plus4K,38.4,0
Satsunai,left,4.6,overflow,plus4K,38.6,0
Satsunai,left,4.6,overflow,plus4K,38.8,0
Satsunai,left,4.6,overflow,plus4K,39,0
Satsunai,left,4.6,overflow,plus4K,39.2,0
Satsunai,left,4.6,overflow,plus4K,39.4,0
Satsunai,left,4.6,overflow,plus4K,39.6,0
Satsunai,left,4.6,overflow,plus4K,39.8,0
Satsunai,left,4.6,overflow,plus4K,40,0
Satsunai,left,4.6,overflow,plus4K,40.2,0
Satsunai,left,4.6,overflow,plus4K,40.4,0
Satsunai,left,4.6,overflow,plus4K,40.6,0
Satsunai,left,4.6,overflow,plus4K,40.8,0
Satsunai,left,4.6,overflow,plus4K,41,0.9999
Satsunai,left,4.6,overflow,plus4K,41.2,1
Satsunai,left,4.6,overflow,plus4K,41.4,1
Satsunai,left,4.6,overflow,plus4K,41.6,1
Satsunai,left,4.6,overflow,plus4K,41.8,1
Satsunai,left,4.6,overflow,plus4K,42,1
Satsunai,left,4.6,overflow,plus4K,42.2,1
Satsunai,left,4.6,overflow,plus4K,42.4,1
Satsunai,left,4.6,overflow,plus4K,42.6,1
Satsunai,left,4.6,overflow,plus4K,42.8,1
Satsunai,left,4.6,overflow,plus4K,43,1
Satsunai,left,4.6,overflow,plus4K,43.2,1
Satsunai,left,4.6,overflow,plus4K,43.4,1
Satsunai,left,4.6,overflow,plus4K,43.6,1
Satsunai,left,4.6,overflow,plus4K,43.8,1
Satsunai,left,4.8,overflow,historical,37.6,0
Satsunai,left,4.8,overflow,historical,37.8,0
Satsunai,left,4.8,overflow,historical,38,0
Satsunai,left,4.8,overflow,historical,38.2,0
Satsunai,left,4.8,overflow,historical,38.4,0
Satsunai,left,4.8,overflow,historical,38.6,0
Satsunai,left,4.8,overflow,historical,38.8,0
Satsunai,left,4.8,overflow,historical,39,0
Satsunai,left,4.8,overflow,historical,39.2,0
Satsunai,left,4.8,overflow,historical,39.4,0
Satsunai,left,4.8,overflow,historical,39.6,0
Satsunai,left,4.8,overflow,historical,39.8,0
Satsunai,left,4.8,overflow,historical,40,0
Satsunai,left,4.8,overflow,historical,40.2,0
Satsunai,left,4.8,overflow,historical,40.4,0
Satsunai,left,4.8,overflow,historical,40.6,0
Satsunai,left,4.8,overflow,historical,40.8,0
Satsunai,left,4.8,overflow,historical,41,0
Satsunai,left,4.8,overflow,historical,41.2,0
Satsunai,left,4.8,overflow,historical,41.4,0.9298
Satsunai,left,4.8,overflow,historical,41.6,1
Satsunai,left,4.8,overflow,historical,41.8,1
Satsunai,left,4.8,overflow,historical,42,1
Satsunai,left,4.8,overflow,historical,42.2,1
Satsunai,left,4.8,overflow,historical,42.4,1
Satsunai,left,4.8,overflow,historical,42.6,1
Satsunai,left,4.8,overflow,historical,42.8,1
Satsunai,left,4.8,overflow,historical,43,1
Satsunai,left,4.8,overflow,historical,43.2,1
Satsunai,left,4.8,overflow,historical,43.4,1
Satsunai,left,4.8,overflow,historical,43.6,1
Satsunai,left,4.8,overflow,historical,43.8,1
Satsunai,left,4.8,overflow,historical,44,1
Satsunai,left,4.8,overflow,historical,44.2,1
Satsunai,left,4.8,overflow,plus4K,37.6,0
Satsunai,left,4.8,overflow,plus4K,37.8,0
Satsunai,left,4.8,overflow,plus4K,38,0
Satsunai,left,4.8,overflow,plus4K,38.2,0
Satsunai,left,4.8,overflow,plus4K,38.4,0
Satsunai,left,4.8,overflow,plus4K,38.6,0
Satsunai,left,4.8,overflow,plus4K,38.8,0
Satsunai,left,4.8,overflow,plus4K,39,0
Satsunai,left,4.8,overflow,plus4K,39.2,0
Satsunai,left,4.8,overflow,plus4K,39.4,0
Satsunai,left,4.8,overflow,plus4K,39.6,0
Satsunai,left,4.8,overflow,plus4K,39.8,0
Satsunai,left,4.8,overflow,plus4K,40,0
Satsunai,left,4.8,overflow,plus4K,40.2,0
Satsunai,left,4.8,overflow,plus4K,40.4,0
Satsunai,left,4.8,overflow,plus4K,40.6,0
Satsunai,left,4.8,overflow,plus4K,40.8,0
Satsunai,left,4.8,overflow,plus4K,41,0
Satsunai,left,4.8,overflow,plus4K,41.2,0
Satsunai,left,4.8,overflow,plus4K,41.4,0.9298
Satsunai,left,4.8,overflow,plus4K,41.6,1
Satsunai,left,4.8,overflow,plus4K,41.8,1
Satsunai,left,4.8,overflow,plus4K,42,1
Satsunai,left,4.8,overflow,plus4K,42.2,1
Satsunai,left,4.8,overflow,plus4K,42.4,1
Satsunai,left,4.8,overflow,plus4K,42.6,1
Satsunai,left,4.8,overflow,plus4K,42.8,1
Satsunai,left,4.8,overflow,plus4K,43,1
Satsunai,left,4.8,overflow,plus4K,43.2,1
Satsunai,left,4.8,overflow,plus4K,43.4,1
Satsunai,left,4.8,overflow,plus4K,43.6,1
Satsunai,left,4.8,overflow,plus4K,43.8,1
Satsunai,left,4.8,overflow,plus4K,44,1
Satsunai,left,4.8,overflow,plus4K,44.2,1
Satsunai,left,5,overflow,historical,38.4,0
Satsunai,left,5,overflow,historical,38.6,0
Satsunai,left,5,overflow,historical,38.8,0
Satsunai,left,5,overflow,historical,39,0
Satsunai,left,5,overflow,historical,39.2,0
Satsunai,left,5,overflow,historical,39.4,0
Satsunai,left,5,overflow,historical,39.6,0
Satsunai,left,5,overflow,historical,39.8,0
Satsunai,left,5,overflow,historical,40,0
Satsunai,left,5,overflow,historical,40.2,0
Satsunai,left,5,overflow,historical,40.4,0
Satsunai,left,5,overflow,historical,40.6,0
Satsunai,left,5,overflow,historical,40.8,0
Satsunai,left,5,overflow,historical,41,0
Satsunai,left,5,overflow,historical,41.2,0
Satsunai,left,5,overflow,historical,41.4,0
Satsunai,left,5,overflow,historical,41.6,0
Satsunai,left,5,overflow,historical,41.8,0
Satsunai,left,5,overflow,historical,42,0
Satsunai,left,5,overflow,historical,42.2,0.9906
Satsunai,left,5,overflow,historical,42.4,1
Satsunai,left,5,overflow,historical,42.6,1
Satsunai,left,5,overflow,historical,42.8,1
Satsunai,left,5,overflow,historical,43,1
Satsunai,left,5,overflow,historical,43.2,1
Satsunai,left,5,overflow,historical,43.4,1
Satsunai,left,5,overflow,historical,43.6,1
Satsunai,left,5,overflow,historical,43.8,1
Satsunai,left,5,overflow,historical,44,1
Satsunai,left,5,overflow,historical,44.2,1
Satsunai,left,5,overflow,historical,44.4,1
Satsunai,left,5,overflow,historical,44.6,1
Satsunai,left,5,overflow,historical,44.8,1
Satsunai,left,5,overflow,historical,45,1
Satsunai,left,5,overflow,plus4K,38.4,0
Satsunai,left,5,overflow,plus4K,38.6,0
Satsunai,left,5,overflow,plus4K,38.8,0
Satsunai,left,5,overflow,plus4K,39,0
Satsunai,left,5,overflow,plus4K,39.2,0
Satsunai,left,5,overflow,plus4K,39.4,0
Satsunai,left,5,overflow,plus4K,39.6,0
Satsunai,left,5,overflow,plus4K,39.8,0
Satsunai,left,5,overflow,plus4K,40,0
Satsunai,left,5,overflow,plus4K,40.2,0
Satsunai,left,5,overflow,plus4K,40.4,0
Satsunai,left,5,overflow,plus4K,40.6,0
Satsunai,left,5,overflow,plus4K,40.8,0
Satsunai,left,5,overflow,plus4K,41,0
Satsunai,left,5,overflow,plus4K,41.2,0
Satsunai,left,5,overflow,plus4K,41.4,0
Satsunai,left,5,overflow,plus4K,41.6,0
Satsunai,left,5,overflow,plus4K,41.8,0
Satsunai,left,5,overflow,plus4K,42,0
Satsunai,left,5,overflow,plus4K,42.2,0.9906
Satsunai,left,5,overflow,plus4K,42.4,1
Satsunai,left,5,overflow,plus4K,42.6,1
Satsunai,left,5,overflow,plus4K,42.8,1
Satsunai,left,5,overflow,plus4K,43,1
Satsunai,left,5,overflow,plus4K,43.2,1
Satsunai,left,5,overflow,plus4K,43.4,1
Satsunai,left,5,overflow,plus4K,43.6,1
Satsunai,left,5,overflow,plus4K,43.8,1
Satsunai,left,5,overflow,plus4K,44,1
Satsunai,left,5,overflow,plus4K,44.2,1
Satsunai,left,5,overflow,plus4K,44.4,1
Satsunai,left,5,overflow,plus4K,44.6,1
Satsunai,left,5,overflow,plus4K,44.8,1
Satsunai,left,5,overflow,plus4K,45,1
Satsunai,left,5.2,overflow,historical,39.2,0
Satsunai,left,5.2,overflow,historical,39.4,0
Satsunai,left,5.2,overflow,historical,39.6,0
Satsunai,left,5.2,overflow,historical,39.8,0
Satsunai,left,5.2,overflow,historical,40,0
Satsunai,left,5.2,overflow,historical,40.2,0
Satsunai,left,5.2,overflow,historical,40.4,0
Satsunai,left,5.2,overflow,historical,40.6,0
Satsunai,left,5.2,overflow,historical,40.8,0
Satsunai,left,5.2,overflow,historical,41,0
Satsunai,left,5.2,overflow,historical,41.2,0
Satsunai,left,5.2,overflow,historical,41.4,0
Satsunai,left,5.2,overflow,historical,41.6,0
Satsunai,left,5.2,overflow,historical,41.8,0
Satsunai,left,5.2,overflow,historical,42,0
Satsunai,left,5.2,overflow,historical,42.2,0
Satsunai,left,5.2,overflow,historical,42.4,0
Satsunai,left,5.2,overflow,historical,42.6,0
Satsunai,left,5.2,overflow,historical,42.8,0
Satsunai,left,5.2,overflow,historical,43,0
Satsunai,left,5.2,overflow,historical,43.2,1
Satsunai,left,5.2,overflow,historical,43.4,1
Satsunai,left,5.2,overflow,historical,43.6,1
Satsunai,left,5.2,overflow,historical,43.8,1
Satsunai,left,5.2,overflow,historical,44,1
Satsunai,left,5.2,overflow,historical,44.2,1
Satsunai,left,5.2,overflow,historical,44.4,1
Satsunai,left,5.2,overflow,historical,44.6,1
Satsunai,left,5.2,overflow,historical,44.8,1
Satsunai,left,5.2,overflow,historical,45,1
Satsunai,left,5.2,overflow,historical,45.2,1
Satsunai,left,5.2,overflow,historical,45.4,1
Satsunai,left,5.2,overflow,historical,45.6,1
Satsunai,left,5.2,overflow,historical,45.8,1
Satsunai,left,5.2,overflow,plus4K,39.2,0
Satsunai,left,5.2,overflow,plus4K,39.4,0
Satsunai,left,5.2,overflow,plus4K,39.6,0
Satsunai,left,5.2,overflow,plus4K,39.8,0
Satsunai,left,5.2,overflow,plus4K,40,0
Satsunai,left,5.2,overflow,plus4K,40.2,0
Satsunai,left,5.2,overflow,plus4K,40.4,0
Satsunai,left,5.2,overflow,plus4K,40.6,0
Satsunai,left,5.2,overflow,plus4K,40.8,0
Satsunai,left,5.2,overflow,plus4K,41,0
Satsunai,left,5.2,overflow,plus4K,41.2,0
Satsunai,left,5.2,overflow,plus4K,41.4,0
Satsunai,left,5.2,overflow,plus4K,41.6,0
Satsunai,left,5.2,overflow,plus4K,41.8,0
Satsunai,left,5.2,overflow,plus4K,42,0
Satsunai,left,5.2,overflow,plus4K,42.2,0
Satsunai,left,5.2,overflow,plus4K,42.4,0
Satsunai,left,5.2,overflow,plus4K,42.6,0
Satsunai,left,5.2,overflow,plus4K,42.8,0
Satsunai,left,5.2,overflow,plus4K,43,0
Satsunai,left,5.2,overflow,plus4K,43.2,1
Satsunai,left,5.2,overflow,plus4K,43.4,1
Satsunai,left,5.2,overflow,plus4K,43.6,1
Satsunai,left,5.2,overflow,plus4K,43.8,1
Satsunai,left,5.2,overflow,plus4K,44,1
Satsunai,left,5.2,overflow,plus4K,44.2,1
Satsunai,left,5.2,overflow,plus4K,44.4,1
Satsunai,left,5.2,overflow,plus4K,44.6,1
Satsunai,left,5.2,overflow,plus4K,44.8,1
Satsunai,left,5.2,overflow,plus4K,45,1
Satsunai,left,5.2,overflow,plus4K,45.2,1
Satsunai,left,5.2,overflow,plus4K,45.4,1
Satsunai,left,5.2,overflow,plus4K,45.6,1
Satsunai,left,5.2,overflow,plus4K,45.8,1
Satsunai,left,5.4,overflow,historical,39.8,0
Satsunai,left,5.4,overflow,historical,40,0
Satsunai,left,5.4,overflow,historical,40.2,0
Satsunai,left,5.4,overflow,historical,40.4,0
Satsunai,left,5.4,overflow,historical,40.6,0
Satsunai,left,5.4,overflow,historical,40.8,0
Satsunai,left,5.4,overflow,historical,41,0
Satsunai,left,5.4,overflow,historical,41.2,0
Satsunai,left,5.4,overflow,historical,41.4,0
Satsunai,left,5.4,overflow,historical,41.6,0
Satsunai,left,5.4,overflow,historical,41.8,0
Satsunai,left,5.4,overflow,historical,42,0
Satsunai,left,5.4,overflow,historical,42.2,0
Satsunai,left,5.4,overflow,historical,42.4,0
Satsunai,left,5.4,overflow,historical,42.6,0
Satsunai,left,5.4,overflow,historical,42.8,0
Satsunai,left,5.4,overflow,historical,43,0
Satsunai,left,5.4,overflow,historical,43.2,0
Satsunai,left,5.4,overflow,historical,43.4,0
Satsunai,left,5.4,overflow,historical,43.6,0
Satsunai,left,5.4,overflow,historical,43.8,0
Satsunai,left,5.4,overflow,historical,44,1
Satsunai,left,5.4,overflow,historical,44.2,1
Satsunai,left,5.4,overflow,historical,44.4,1
Satsunai,left,5.4,overflow,historical,44.6,1
Satsunai,left,5.4,overflow,historical,44.8,1
Satsunai,left,5.4,overflow,historical,45,1
Satsunai,left,5.4,overflow,historical,45.2,1
Satsunai,left,5.4,overflow,historical,45.4,1
Satsunai,left,5.4,overflow,historical,45.6,1
Satsunai,left,5.4,overflow,historical,45.8,1
Satsunai,left,5.4,overflow,historical,46,1
Satsunai,left,5.4,overflow,historical,46.2,1
Satsunai,left,5.4,overflow,historical,46.4,1
Satsunai,left,5.4,overflow,historical,46.6,1
Satsunai,left,5.4,overflow,plus4K,39.8,0
Satsunai,left,5.4,overflow,plus4K,40,0
Satsunai,left,5.4,overflow,plus4K,40.2,0
Satsunai,left,5.4,overflow,plus4K,40.4,0
Satsunai,left,5.4,overflow,plus4K,40.6,0
Satsunai,left,5.4,overflow,plus4K,40.8,0
Satsunai,left,5.4,overflow,plus4K,41,0
Satsunai,left,5.4,overflow,plus4K,41.2,0
Satsunai,left,5.4,overflow,plus4K,41.4,0
Satsunai,left,5.4,overflow,plus4K,41.6,0
Satsunai,left,5.4,overflow,plus4K,41.8,0
Satsunai,left,5.4,overflow,plus4K,42,0
Satsunai,left,5.4,overflow,plus4K,42.2,0
Satsunai,left,5.4,overflow,plus4K,42.4,0
Satsunai,left,5.4,overflow,plus4K,42.6,0
Satsunai,left,5.4,overflow,plus4K,42.8,0
Satsunai,left,5.4,overflow,plus4K,43,0
Satsunai,left,5.4,overflow,plus4K,43.2,0
Satsunai,left,5.4,overflow,plus4K,43.4,0
Satsunai,left,5.4,overflow,plus4K,43.6,0
Satsunai,left,5.4,overflow,plus4K,43.8,0
Satsunai,left,5.4,overflow,plus4K,44,1
Satsunai,left,5.4,overflow,plus4K,44.2,1
Satsunai,left,5.4,overflow,plus4K,44.4,1
Satsunai,left,5.4,overflow,plus4K,44.6,1
Satsunai,left,5.4,overflow,plus4K,44.8,1
Satsunai,left,5.4,overflow,plus4K,45,1
Satsunai,left,5.4,overflow,plus4K,45.2,1
Satsunai,left,5.4,overflow,plus4K,45.4,1
Satsunai,left,5.4,overflow,plus4K,45.6,1
Satsunai,left,5.4,overflow,plus4K,45.8,1
Satsunai,left,5.4,overflow,plus4K,46,1
Satsunai,left,5.4,overflow,plus4K,46.2,1
Satsunai,left,5.4,overflow,plus4K,46.4,1
Satsunai,left,5.4,overflow,plus4K,46.6,1
Satsunai,left,5.6,overflow,historical,40.4,0
Satsunai,left,5.6,overflow,historical,40.6,0
Satsunai,left,5.6,overflow,historical,40.8,0
Satsunai,left,5.6,overflow,historical,41,0
Satsunai,left,5.6,overflow,historical,41.2,0
Satsunai,left,5.6,overflow,historical,41.4,0
Satsunai,left,5.6,overflow,historical,41.6,0
Satsunai,left,5.6,overflow,historical,41.8,0
Satsunai,left,5.6,overflow,historical,42,0
Satsunai,left,5.6,overflow,historical,42.2,0
Satsunai,left,5.6,overflow,historical,42.4,0
Satsunai,left,5.6,overflow,historical,42.6,0
Satsunai,left,5.6,overflow,historical,42.8,0
Satsunai,left,5.6,overflow,historical,43,0
Satsunai,left,5.6,overflow,historical,43.2,0
Satsunai,left,5.6,overflow,historical,43.4,0
Satsunai,left,5.6,overflow,historical,43.6,0
Satsunai,left,5.6,overflow,historical,43.8,0
Satsunai,left,5.6,overflow,historical,44,0
Satsunai,left,5.6,overflow,historical,44.2,0
Satsunai,left,5.6,overflow,historical,44.4,0.9966
Satsunai,left,5.6,overflow,historical,44.6,1
Satsunai,left,5.6,overflow,historical,44.8,1
Satsunai,left,5.6,overflow,historical,45,1
Satsunai,left,5.6,overflow,historical,45.2,1
Satsunai,left,5.6,overflow,historical,45.4,1
Satsunai,left,5.6,overflow,historical,45.6,1
Satsunai,left,5.6,overflow,historical,45.8,1
Satsunai,left,5.6,overflow,historical,46,1
Satsunai,left,5.6,overflow,historical,46.2,1
Satsunai,left,5.6,overflow,historical,46.4,1
Satsunai,left,5.6,overflow,historical,46.6,1
Satsunai,left,5.6,overflow,historical,46.8,1
Satsunai,left,5.6,overflow,historical,47,1
Satsunai,left,5.6,overflow,historical,47.2,1
Satsunai,left,5.6,overflow,plus4K,40.4,0
Satsunai,left,5.6,overflow,plus4K,40.6,0
Satsunai,left,5.6,overflow,plus4K,40.8,0
Satsunai,left,5.6,overflow,plus4K,41,0
Satsunai,left,5.6,overflow,plus4K,41.2,0
Satsunai,left,5.6,overflow,plus4K,41.4,0
Satsunai,left,5.6,overflow,plus4K,41.6,0
Satsunai,left,5.6,overflow,plus4K,41.8,0
Satsunai,left,5.6,overflow,plus4K,42,0
Satsunai,left,5.6,overflow,plus4K,42.2,0
Satsunai,left,5.6,overflow,plus4K,42.4,0
Satsunai,left,5.6,overflow,plus4K,42.6,0
Satsunai,left,5.6,overflow,plus4K,42.8,0
Satsunai,left,5.6,overflow,plus4K,43,0
Satsunai,left,5.6,overflow,plus4K,43.2,0
Satsunai,left,5.6,overflow,plus4K,43.4,0
Satsunai,left,5.6,overflow,plus4K,43.6,0
Satsunai,left,5.6,overflow,plus4K,43.8,0
Satsunai,left,5.6,overflow,plus4K,44,0
Satsunai,left,5.6,overflow,plus4K,44.2,0
Satsunai,left,5.6,overflow,plus4K,44.4,0.9966
Satsunai,left,5.6,overflow,plus4K,44.6,1
Satsunai,left,5.6,overflow,plus4K,44.8,1
Satsunai,left,5.6,overflow,plus4K,45,1
Satsunai,left,5.6,overflow,plus4K,45.2,1
Satsunai,left,5.6,overflow,plus4K,45.4,1
Satsunai,left,5.6,overflow,plus4K,45.6,1
Satsunai,left,5.6,overflow,plus4K,45.8,1
Satsunai,left,5.6,overflow,plus4K,46,1
Satsunai,left,5.6,overflow,plus4K,46.2,1
Satsunai,left,5.6,overflow,plus4K,46.4,1
Satsunai,left,5.6,overflow,plus4K,46.6,1
Satsunai,left,5.6,overflow,plus4K,46.8,1
Satsunai,left,5.6,overflow,plus4K,47,1
Satsunai,left,5.6,overflow,plus4K,47.2,1
Satsunai,left,5.8,overflow,historical,41,0
Satsunai,left,5.8,overflow,historical,41.2,0
Satsunai,left,5.8,overflow,historical,41.4,0
Satsunai,left,5.8,overflow,historical,41.6,0
Satsunai,left,5.8,overflow,historical,41.8,0
Satsunai,left,5.8,overflow,historical,42,0
Satsunai,left,5.8,overflow,historical,42.2,0
Satsunai,left,5.8,overflow,historical,42.4,0
Satsunai,left,5.8,overflow,historical,42.6,0
Satsunai,left,5.8,overflow,historical,42.8,0
Satsunai,left,5.8,overflow,historical,43,0
Satsunai,left,5.8,overflow,historical,43.2,0
Satsunai,left,5.8,overflow,historical,43.4,0
Satsunai,left,5.8,overflow,historical,43.6,0
Satsunai,left,5.8,overflow,historical,43.8,0
Satsunai,left,5.8,overflow,historical,44,0
Satsunai,left,5.8,overflow,historical,44.2,0
Satsunai,left,5.8,overflow,historical,44.4,0
Satsunai,left,5.8,overflow,historical,44.6,0
Satsunai,left,5.8,overflow,historical,44.8,0
Satsunai,left,5.8,overflow,historical,45,0.1906
Satsunai,left,5.8,overflow,historical,45.2,1
Satsunai,left,5.8,overflow,historical,45.4,1
Satsunai,left,5.8,overflow,historical,45.6,1
Satsunai,left,5.8,overflow,historical,45.8,1
Satsunai,left,5.8,overflow,historical,46,1
Satsunai,left,5.8,overflow,historical,46.2,1
Satsunai,left,5.8,overflow,historical,46.4,1
Satsunai,left,5.8,overflow,historical,46.6,1
Satsunai,left,5.8,overflow,historical,46.8,1
Satsunai,left,5.8,overflow,historical,47,1
Satsunai,left,5.8,overflow,historical,47.2,1
Satsunai,left,5.8,overflow,historical,47.4,1
Satsunai,left,5.8,overflow,historical,47.6,1
Satsunai,left,5.8,overflow,historical,47.8,1
Satsunai,left,5.8,overflow,plus4K,41,0
Satsunai,left,5.8,overflow,plus4K,41.2,0
Satsunai,left,5.8,overflow,plus4K,41.4,0
Satsunai,left,5.8,overflow,plus4K,41.6,0
Satsunai,left,5.8,overflow,plus4K,41.8,0
Satsunai,left,5.8,overflow,plus4K,42,0
Satsunai,left,5.8,overflow,plus4K,42.2,0
Satsunai,left,5.8,overflow,plus4K,42.4,0
Satsunai,left,5.8,overflow,plus4K,42.6,0
Satsunai,left,5.8,overflow,plus4K,42.8,0
Satsunai,left,5.8,overflow,plus4K,43,0
Satsunai,left,5.8,overflow,plus4K,43.2,0
Satsunai,left,5.8,overflow,plus4K,43.4,0
Satsunai,left,5.8,overflow,plus4K,43.6,0
Satsunai,left,5.8,overflow,plus4K,43.8,0
Satsunai,left,5.8,overflow,plus4K,44,0
Satsunai,left,5.8,overflow,plus4K,44.2,0
Satsunai,left,5.8,overflow,plus4K,44.4,0
Satsunai,left,5.8,overflow,plus4K,44.6,0
Satsunai,left,5.8,overflow,plus4K,44.8,0
Satsunai,left,5.8,overflow,plus4K,45,0.1906
Satsunai,left,5.8,overflow,plus4K,45.2,1
Satsunai,left,5.8,overflow,plus4K,45.4,1
Satsunai,left,5.8,overflow,plus4K,45.6,1
Satsunai,left,5.8,overflow,plus4K,45.8,1
Satsunai,left,5.8,overflow,plus4K,46,1
Satsunai,left,5.8,overflow,plus4K,46.2,1
Satsunai,left,5.8,overflow,plus4K,46.4,1
Satsunai,left,5.8,overflow,plus4K,46.6,1
Satsunai,left,5.8,overflow,plus4K,46.8,1
Satsunai,left,5.8,overflow,plus4K,47,1
Satsunai,left,5.8,overflow,plus4K,47.2,1
Satsunai,left,5.8,overflow,plus4K,47.4,1
Satsunai,left,5.8,overflow,plus4K,47.6,1
Satsunai,left,5.8,overflow,plus4K,47.8,1
Satsunai,left,6,overflow,historical,41.8,0
Satsunai,left,6,overflow,historical,42,0
Satsunai,left,6,overflow,historical,42.2,0
Satsunai,left,6,overflow,historical,42.4,0
Satsunai,left,6,overflow,historical,42.6,0
Satsunai,left,6,overflow,historical,42.8,0
Satsunai,left,6,overflow,historical,43,0
Satsunai,left,6,overflow,historical,43.2,0
Satsunai,left,6,overflow,historical,43.4,0
Satsunai,left,6,overflow,historical,43.6,0
Satsunai,left,6,overflow,historical,43.8,0
Satsunai,left,6,overflow,historical,44,0
Satsunai,left,6,overflow,historical,44.2,0
Satsunai,left,6,overflow,historical,44.4,0
Satsunai,left,6,overflow,historical,44.6,0
Satsunai,left,6,overflow,historical,44.8,0
Satsunai,left,6,overflow,historical,45,0
Satsunai,left,6,overflow,historical,45.2,0
Satsunai,left,6,overflow,historical,45.4,0
Satsunai,left,6,overflow,historical,45.6,0
Satsunai,left,6,overflow,historical,45.8,0.4976
Satsunai,left,6,overflow,historical,46,1
Satsunai,left,6,overflow,historical,46.2,1
Satsunai,left,6,overflow,historical,46.4,1
Satsunai,left,6,overflow,historical,46.6,1
Satsunai,left,6,overflow,historical,46.8,1
Satsunai,left,6,overflow,historical,47,1
Satsunai,left,6,overflow,historical,47.2,1
Satsunai,left,6,overflow,historical,47.4,1
Satsunai,left,6,overflow,historical,47.6,1
Satsunai,left,6,overflow,historical,47.8,1
Satsunai,left,6,overflow,historical,48,1
Satsunai,left,6,overflow,historical,48.2,1
Satsunai,left,6,overflow,historical,48.4,1
Satsunai,left,6,overflow,historical,48.6,1
Satsunai,left,6,overflow,plus4K,41.8,0
Satsunai,left,6,overflow,plus4K,42,0
Satsunai,left,6,overflow,plus4K,42.2,0
Satsunai,left,6,overflow,plus4K,42.4,0
Satsunai,left,6,overflow,plus4K,42.6,0
Satsunai,left,6,overflow,plus4K,42.8,0
Satsunai,left,6,overflow,plus4K,43,0
Satsunai,left,6,overflow,plus4K,43.2,0
Satsunai,left,6,overflow,plus4K,43.4,0
Satsunai,left,6,overflow,plus4K,43.6,0
Satsunai,left,6,overflow,plus4K,43.8,0
Satsunai,left,6,overflow,plus4K,44,0
Satsunai,left,6,overflow,plus4K,44.2,0
Satsunai,left,6,overflow,plus4K,44.4,0
Satsunai,left,6,overflow,plus4K,44.6,0
Satsunai,left,6,overflow,plus4K,44.8,0
Satsunai,left,6,overflow,plus4K,45,0
Satsunai,left,6,overflow,plus4K,45.2,0
Satsunai,left,6,overflow,plus4K,45.4,0
Satsunai,left,6,overflow,plus4K,45.6,0
Satsunai,left,6,overflow,plus4K,45.8,0.4976
Satsunai,left,6,overflow,plus4K,46,1
Satsunai,left,6,overflow,plus4K,46.2,1
Satsunai,left,6,overflow,plus4K,46.4,1
Satsunai,left,6,overflow,plus4K,46.6,1
Satsunai,left,6,overflow,plus4K,46.8,1
Satsunai,left,6,overflow,plus4K,47,1
Satsunai,left,6,overflow,plus4K,47.2,1
Satsunai,left,6,overflow,plus4K,47.4,1
Satsunai,left,6,overflow,plus4K,47.6,1
Satsunai,left,6,overflow,plus4K,47.8,1
Satsunai,left,6,overflow,plus4K,48,1
Satsunai,left,6,overflow,plus4K,48.2,1
Satsunai,left,6,overflow,plus4K,48.4,1
Satsunai,left,6,overflow,plus4K,48.6,1
Satsunai,left,6.2,overflow,historical,42.6,0
Satsunai,left,6.2,overflow,historical,42.8,0
Satsunai,left,6.2,overflow,historical,43,0
Satsunai,left,6.2,overflow,historical,43.2,0
Satsunai,left,6.2,overflow,historical,43.4,0
Satsunai,left,6.2,overflow,historical,43.6,0
Satsunai,left,6.2,overflow,historical,43.8,0
Satsunai,left,6.2,overflow,historical,44,0
Satsunai,left,6.2,overflow,historical,44.2,0
Satsunai,left,6.2,overflow,historical,44.4,0
Satsunai,left,6.2,overflow,historical,44.6,0
Satsunai,left,6.2,overflow,historical,44.8,0
Satsunai,left,6.2,overflow,historical,45,0
Satsunai,left,6.2,overflow,historical,45.2,0
Satsunai,left,6.2,overflow,historical,45.4,0
Satsunai,left,6.2,overflow,historical,45.6,0
Satsunai,left,6.2,overflow,historical,45.8,0
Satsunai,left,6.2,overflow,historical,46,0
Satsunai,left,6.2,overflow,historical,46.2,0
Satsunai,left,6.2,overflow,historical,46.4,0
Satsunai,left,6.2,overflow,historical,46.6,0
Satsunai,left,6.2,overflow,historical,46.8,1
Satsunai,left,6.2,overflow,historical,47,1
Satsunai,left,6.2,overflow,historical,47.2,1
Satsunai,left,6.2,overflow,historical,47.4,1
Satsunai,left,6.2,overflow,historical,47.6,1
Satsunai,left,6.2,overflow,historical,47.8,1
Satsunai,left,6.2,overflow,historical,48,1
Satsunai,left,6.2,overflow,historical,48.2,1
Satsunai,left,6.2,overflow,historical,48.4,1
Satsunai,left,6.2,overflow,historical,48.6,1
Satsunai,left,6.2,overflow,historical,48.8,1
Satsunai,left,6.2,overflow,historical,49,1
Satsunai,left,6.2,overflow,historical,49.2,1
Satsunai,left,6.2,overflow,historical,49.4,1
Satsunai,left,6.2,overflow,plus4K,42.6,0
Satsunai,left,6.2,overflow,plus4K,42.8,0
Satsunai,left,6.2,overflow,plus4K,43,0
Satsunai,left,6.2,overflow,plus4K,43.2,0
Satsunai,left,6.2,overflow,plus4K,43.4,0
Satsunai,left,6.2,overflow,plus4K,43.6,0
Satsunai,left,6.2,overflow,plus4K,43.8,0
Satsunai,left,6.2,overflow,plus4K,44,0
Satsunai,left,6.2,overflow,plus4K,44.2,0
Satsunai,left,6.2,overflow,plus4K,44.4,0
Satsunai,left,6.2,overflow,plus4K,44.6,0
Satsunai,left,6.2,overflow,plus4K,44.8,0
Satsunai,left,6.2,overflow,plus4K,45,0
Satsunai,left,6.2,overflow,plus4K,45.2,0
Satsunai,left,6.2,overflow,plus4K,45.4,0
Satsunai,left,6.2,overflow,plus4K,45.6,0
Satsunai,left,6.2,overflow,plus4K,45.8,0
Satsunai,left,6.2,overflow,plus4K,46,0
Satsunai,left,6.2,overflow,plus4K,46.2,0
Satsunai,left,6.2,overflow,plus4K,46.4,0
Satsunai,left,6.2,overflow,plus4K,46.6,0
Satsunai,left,6.2,overflow,plus4K,46.8,1
Satsunai,left,6.2,overflow,plus4K,47,1
Satsunai,left,6.2,overflow,plus4K,47.2,1
Satsunai,left,6.2,overflow,plus4K,47.4,1
Satsunai,left,6.2,overflow,plus4K,47.6,1
Satsunai,left,6.2,overflow,plus4K,47.8,1
Satsunai,left,6.2,overflow,plus4K,48,1
Satsunai,left,6.2,overflow,plus4K,48.2,1
Satsunai,left,6.2,overflow,plus4K,48.4,1
Satsunai,left,6.2,overflow,plus4K,48.6,1
Satsunai,left,6.2,overflow,plus4K,48.8,1
Satsunai,left,6.2,overflow,plus4K,49,1
Satsunai,left,6.2,overflow,plus4K,49.2,1
Satsunai,left,6.2,overflow,plus4K,49.4,1
Satsunai,left,6.4,overflow,historical,43.4,0
Satsunai,left,6.4,overflow,historical,43.6,0
Satsunai,left,6.4,overflow,historical,43.8,0
Satsunai,left,6.4,overflow,historical,44,0
Satsunai,left,6.4,overflow,historical,44.2,0
Satsunai,left,6.4,overflow,historical,44.4,0
Satsunai,left,6.4,overflow,historical,44.6,0
Satsunai,left,6.4,overflow,historical,44.8,0
Satsunai,left,6.4,overflow,historical,45,0
Satsunai,left,6.4,overflow,historical,45.2,0
Satsunai,left,6.4,overflow,historical,45.4,0
Satsunai,left,6.4,overflow,historical,45.6,0
Satsunai,left,6.4,overflow,historical,45.8,0
Satsunai,left,6.4,overflow,historical,46,0
Satsunai,left,6.4,overflow,historical,46.2,0
Satsunai,left,6.4,overflow,historical,46.4,0
Satsunai,left,6.4,overflow,historical,46.6,0
Satsunai,left,6.4,overflow,historical,46.8,0
Satsunai,left,6.4,overflow,historical,47,0
Satsunai,left,6.4,overflow,historical,47.2,0.1926
Satsunai,left,6.4,overflow,historical,47.4,1
Satsunai,left,6.4,overflow,historical,47.6,1
Satsunai,left,6.4,overflow,historical,47.8,1
Satsunai,left,6.4,overflow,historical,48,1
Satsunai,left,6.4,overflow,historical,48.2,1
Satsunai,left,6.4,overflow,historical,48.4,1
Satsunai,left,6.4,overflow,historical,48.6,1
Satsunai,left,6.4,overflow,historical,48.8,1
Satsunai,left,6.4,overflow,historical,49,1
Satsunai,left,6.4,overflow,historical,49.2,1
Satsunai,left,6.4,overflow,historical,49.4,1
Satsunai,left,6.4,overflow,historical,49.6,1
Satsunai,left,6.4,overflow,historical,49.8,1
Satsunai,left,6.4,overflow,historical,50,1
Satsunai,left,6.4,overflow,plus4K,43.4,0
Satsunai,left,6.4,overflow,plus4K,43.6,0
Satsunai,left,6.4,overflow,plus4K,43.8,0
Satsunai,left,6.4,overflow,plus4K,44,0
Satsunai,left,6.4,overflow,plus4K,44.2,0
Satsunai,left,6.4,overflow,plus4K,44.4,0
Satsunai,left,6.4,overflow,plus4K,44.6,0
Satsunai,left,6.4,overflow,plus4K,44.8,0
Satsunai,left,6.4,overflow,plus4K,45,0
Satsunai,left,6.4,overflow,plus4K,45.2,0
Satsunai,left,6.4,overflow,plus4K,45.4,0
Satsunai,left,6.4,overflow,plus4K,45.6,0
Satsunai,left,6.4,overflow,plus4K,45.8,0
Satsunai,left,6.4,overflow,plus4K,46,0
Satsunai,left,6.4,overflow,plus4K,46.2,0
Satsunai,left,6.4,overflow,plus4K,46.4,0
Satsunai,left,6.4,overflow,plus4K,46.6,0
Satsunai,left,6.4,overflow,plus4K,46.8,0
Satsunai,left,6.4,overflow,plus4K,47,0
Satsunai,left,6.4,overflow,plus4K,47.2,0.1926
Satsunai,left,6.4,overflow,plus4K,47.4,1
Satsunai,left,6.4,overflow,plus4K,47.6,1
Satsunai,left,6.4,overflow,plus4K,47.8,1
Satsunai,left,6.4,overflow,plus4K,48,1
Satsunai,left,6.4,overflow,plus4K,48.2,1
Satsunai,left,6.4,overflow,plus4K,48.4,1
Satsunai,left,6.4,overflow,plus4K,48.6,1
Satsunai,left,6.4,overflow,plus4K,48.8,1
Satsunai,left,6.4,overflow,plus4K,49,1
Satsunai,left,6.4,overflow,plus4K,49.2,1
Satsunai,left,6.4,overflow,plus4K,49.4,1
Satsunai,left,6.4,overflow,plus4K,49.6,1
Satsunai,left,6.4,overflow,plus4K,49.8,1
Satsunai,left,6.4,overflow,plus4K,50,1
Satsunai,left,6.6,overflow,historical,44,0
Satsunai,left,6.6,overflow,historical,44.2,0
Satsunai,left,6.6,overflow,historical,44.4,0
Satsunai,left,6.6,overflow,historical,44.6,0
Satsunai,left,6.6,overflow,historical,44.8,0
Satsunai,left,6.6,overflow,historical,45,0
Satsunai,left,6.6,overflow,historical,45.2,0
Satsunai,left,6.6,overflow,historical,45.4,0
Satsunai,left,6.6,overflow,historical,45.6,0
Satsunai,left,6.6,overflow,historical,45.8,0
Satsunai,left,6.6,overflow,historical,46,0
Satsunai,left,6.6,overflow,historical,46.2,0
Satsunai,left,6.6,overflow,historical,46.4,0
Satsunai,left,6.6,overflow,historical,46.6,0
Satsunai,left,6.6,overflow,historical,46.8,0
Satsunai,left,6.6,overflow,historical,47,0
Satsunai,left,6.6,overflow,historical,47.2,0
Satsunai,left,6.6,overflow,historical,47.4,0
Satsunai,left,6.6,overflow,historical,47.6,0
Satsunai,left,6.6,overflow,historical,47.8,0
Satsunai,left,6.6,overflow,historical,48,1
Satsunai,left,6.6,overflow,historical,48.2,1
Satsunai,left,6.6,overflow,historical,48.4,1
Satsunai,left,6.6,overflow,historical,48.6,1
Satsunai,left,6.6,overflow,historical,48.8,1
Satsunai,left,6.6,overflow,historical,49,1
Satsunai,left,6.6,overflow,historical,49.2,1
Satsunai,left,6.6,overflow,historical,49.4,1
Satsunai,left,6.6,overflow,historical,49.6,1
Satsunai,left,6.6,overflow,historical,49.8,1
Satsunai,left,6.6,overflow,historical,50,1
Satsunai,left,6.6,overflow,historical,50.2,1
Satsunai,left,6.6,overflow,historical,50.4,1
Satsunai,left,6.6,overflow,historical,50.6,1
Satsunai,left,6.6,overflow,historical,50.8,1
Satsunai,left,6.6,overflow,plus4K,44,0
Satsunai,left,6.6,overflow,plus4K,44.2,0
Satsunai,left,6.6,overflow,plus4K,44.4,0
Satsunai,left,6.6,overflow,plus4K,44.6,0
Satsunai,left,6.6,overflow,plus4K,44.8,0
Satsunai,left,6.6,overflow,plus4K,45,0
Satsunai,left,6.6,overflow,plus4K,45.2,0
Satsunai,left,6.6,overflow,plus4K,45.4,0
Satsunai,left,6.6,overflow,plus4K,45.6,0
Satsunai,left,6.6,overflow,plus4K,45.8,0
Satsunai,left,6.6,overflow,plus4K,46,0
Satsunai,left,6.6,overflow,plus4K,46.2,0
Satsunai,left,6.6,overflow,plus4K,46.4,0
Satsunai,left,6.6,overflow,plus4K,46.6,0
Satsunai,left,6.6,overflow,plus4K,46.8,0
Satsunai,left,6.6,overflow,plus4K,47,0
Satsunai,left,6.6,overflow,plus4K,47.2,0
Satsunai,left,6.6,overflow,plus4K,47.4,0
Satsunai,left,6.6,overflow,plus4K,47.6,0
Satsunai,left,6.6,overflow,plus4K,47.8,0
Satsunai,left,6.6,overflow,plus4K,48,1
Satsunai,left,6.6,overflow,plus4K,48.2,1
Satsunai,left,6.6,overflow,plus4K,48.4,1
Satsunai,left,6.6,overflow,plus4K,48.6,1
Satsunai,left,6.6,overflow,plus4K,48.8,1
Satsunai,left,6.6,overflow,plus4K,49,1
Satsunai,left,6.6,overflow,plus4K,49.2,1
Satsunai,left,6.6,overflow,plus4K,49.4,1
Satsunai,left,6.6,overflow,plus4K,49.6,1
Satsunai,left,6.6,overflow,plus4K,49.8,1
Satsunai,left,6.6,overflow,plus4K,50,1
Satsunai,left,6.6,overflow,plus4K,50.2,1
Satsunai,left,6.6,overflow,plus4K,50.4,1
Satsunai,left,6.6,overflow,plus4K,50.6,1
Satsunai,left,6.6,overflow,plus4K,50.8,1
Satsunai,left,6.8,overflow,historical,44.6,0
Satsunai,left,6.8,overflow,historical,44.8,0
Satsunai,left,6.8,overflow,historical,45,0
Satsunai,left,6.8,overflow,historical,45.2,0
Satsunai,left,6.8,overflow,historical,45.4,0
Satsunai,left,6.8,overflow,historical,45.6,0
Satsunai,left,6.8,overflow,historical,45.8,0
Satsunai,left,6.8,overflow,historical,46,0
Satsunai,left,6.8,overflow,historical,46.2,0
Satsunai,left,6.8,overflow,historical,46.4,0
Satsunai,left,6.8,overflow,historical,46.6,0
Satsunai,left,6.8,overflow,historical,46.8,0
Satsunai,left,6.8,overflow,historical,47,0
Satsunai,left,6.8,overflow,historical,47.2,0
Satsunai,left,6.8,overflow,historical,47.4,0
Satsunai,left,6.8,overflow,historical,47.6,0
Satsunai,left,6.8,overflow,historical,47.8,0
Satsunai,left,6.8,overflow,historical,48,0
Satsunai,left,6.8,overflow,historical,48.2,0
Satsunai,left,6.8,overflow,historical,48.4,0
Satsunai,left,6.8,overflow,historical,48.6,0
Satsunai,left,6.8,overflow,historical,48.8,0
Satsunai,left,6.8,overflow,historical,49,1
Satsunai,left,6.8,overflow,historical,49.2,1
Satsunai,left,6.8,overflow,historical,49.4,1
Satsunai,left,6.8,overflow,historical,49.6,1
Satsunai,left,6.8,overflow,historical,49.8,1
Satsunai,left,6.8,overflow,historical,50,1
Satsunai,left,6.8,overflow,historical,50.2,1
Satsunai,left,6.8,overflow,historical,50.4,1
Satsunai,left,6.8,overflow,historical,50.6,1
Satsunai,left,6.8,overflow,historical,50.8,1
Satsunai,left,6.8,overflow,historical,51,1
Satsunai,left,6.8,overflow,historical,51.2,1
Satsunai,left,6.8,overflow,historical,51.4,1
Satsunai,left,6.8,overflow,historical,51.6,1
Satsunai,left,6.8,overflow,historical,51.8,1
Satsunai,left,6.8,overflow,plus4K,44.6,0
Satsunai,left,6.8,overflow,plus4K,44.8,0
Satsunai,left,6.8,overflow,plus4K,45,0
Satsunai,left,6.8,overflow,plus4K,45.2,0
Satsunai,left,6.8,overflow,plus4K,45.4,0
Satsunai,left,6.8,overflow,plus4K,45.6,0
Satsunai,left,6.8,overflow,plus4K,45.8,0
Satsunai,left,6.8,overflow,plus4K,46,0
Satsunai,left,6.8,overflow,plus4K,46.2,0
Satsunai,left,6.8,overflow,plus4K,46.4,0
Satsunai,left,6.8,overflow,plus4K,46.6,0
Satsunai,left,6.8,overflow,plus4K,46.8,0
Satsunai,left,6.8,overflow,plus4K,47,0
Satsunai,left,6.8,overflow,plus4K,47.2,0
Satsunai,left,6.8,overflow,plus4K,47.4,0
Satsunai,left,6.8,overflow,plus4K,47.6,0
Satsunai,left,6.8,overflow,plus4K,47.8,0
Satsunai,left,6.8,overflow,plus4K,48,0
Satsunai,left,6.8,overflow,plus4K,48.2,0
Satsunai,left,6.8,overflow,plus4K,48.4,0
Satsunai,left,6.8,overflow,plus4K,48.6,0
Satsunai,left,6.8,overflow,plus4K,48.8,0
Satsunai,left,6.8,overflow,plus4K,49,1
Satsunai,left,6.8,overflow,plus4K,49.2,1
Satsunai,left,6.8,overflow,plus4K,49.4,1
Satsunai,left,6.8,overflow,plus4K,49.6,1
Satsunai,left,6.8,overflow,plus4K,49.8,1
Satsunai,left,6.8,overflow,plus4K,50,1
Satsunai,left,6.8,overflow,plus4K,50.2,1
Satsunai,left,6.8,overflow,plus4K,50.4,1
Satsunai,left,6.8,overflow,plus4K,50.6,1
Satsunai,left,6.8,overflow,plus4K,50.8,1
Satsunai,left,6.8,overflow,plus4K,51,1
Satsunai,left,6.8,overflow,plus4K,51.2,1
Satsunai,left,6.8,overflow,plus4K,51.4,1
Satsunai,left,6.8,overflow,plus4K,51.6,1
Satsunai,left,6.8,overflow,plus4K,51.8,1
Satsunai,left,7,overflow,historical,45,0
Satsunai,left,7,overflow,historical,45.2,0
Satsunai,left,7,overflow,historical,45.4,0
Satsunai,left,7,overflow,historical,45.6,0
Satsunai,left,7,overflow,historical,45.8,0
Satsunai,left,7,overflow,historical,46,0
Satsunai,left,7,overflow,historical,46.2,0
Satsunai,left,7,overflow,historical,46.4,0
Satsunai,left,7,overflow,historical,46.6,0
Satsunai,left,7,overflow,historical,46.8,0
Satsunai,left,7,overflow,historical,47,0
Satsunai,left,7,overflow,historical,47.2,0
Satsunai,left,7,overflow,historical,47.4,0
Satsunai,left,7,overflow,historical,47.6,0
Satsunai,left,7,overflow,historical,47.8,0
Satsunai,left,7,overflow,historical,48,0
Satsunai,left,7,overflow,historical,48.2,0.0001
Satsunai,left,7,overflow,historical,48.4,0.0006
Satsunai,left,7,overflow,historical,48.6,0.0039
Satsunai,left,7,overflow,historical,48.8,0.0113
Satsunai,left,7,overflow,historical,49,0.0251
Satsunai,left,7,overflow,historical,49.2,0.0511
Satsunai,left,7,overflow,historical,49.4,0.0863
Satsunai,left,7,overflow,historical,49.6,0.1497
Satsunai,left,7,overflow,historical,49.8,0.2361
Satsunai,left,7,overflow,historical,50,0.3461
Satsunai,left,7,overflow,historical,50.2,0.4685
Satsunai,left,7,overflow,historical,50.4,0.5862
Satsunai,left,7,overflow,historical,50.6,0.6973
Satsunai,left,7,overflow,historical,50.8,0.7961
Satsunai,left,7,overflow,historical,51,0.8777
Satsunai,left,7,overflow,historical,51.2,0.9298
Satsunai,left,7,overflow,historical,51.4,0.964
Satsunai,left,7,overflow,historical,51.6,0.9817
Satsunai,left,7,overflow,historical,51.8,0.9925
Satsunai,left,7,overflow,historical,52,0.9972
Satsunai,left,7,overflow,historical,52.2,0.9985
Satsunai,left,7,overflow,historical,52.4,0.9996
Satsunai,left,7,overflow,historical,52.6,0.9999
Satsunai,left,7,overflow,historical,52.8,1
Satsunai,left,7,overflow,historical,53,1
Satsunai,left,7,overflow,plus4K,45,0
Satsunai,left,7,overflow,plus4K,45.2,0
Satsunai,left,7,overflow,plus4K,45.4,0
Satsunai,left,7,overflow,plus4K,45.6,0
Satsunai,left,7,overflow,plus4K,45.8,0
Satsunai,left,7,overflow,plus4K,46,0
Satsunai,left,7,overflow,plus4K,46.2,0
Satsunai,left,7,overflow,plus4K,46.4,0
Satsunai,left,7,overflow,plus4K,46.6,0
Satsunai,left,7,overflow,plus4K,46.8,0
Satsunai,left,7,overflow,plus4K,47,0
Satsunai,left,7,overflow,plus4K,47.2,0
Satsunai,left,7,overflow,plus4K,47.4,0
Satsunai,left,7,overflow,plus4K,47.6,0
Satsunai,left,7,overflow,plus4K,47.8,0
Satsunai,left,7,overflow,plus4K,48,0
Satsunai,left,7,overflow,plus4K,48.2,0.0001
Satsunai,left,7,overflow,plus4K,48.4,0.0006
Satsunai,left,7,overflow,plus4K,48.6,0.0039
Satsunai,left,7,overflow,plus4K,48.8,0.0113
Satsunai,left,7,overflow,plus4K,49,0.0251
Satsunai,left,7,overflow,plus4K,49.2,0.0511
Satsunai,left,7,overflow,plus4K,49.4,0.0863
Satsunai,left,7,overflow,plus4K,49.6,0.1497
Satsunai,left,7,overflow,plus4K,49.8,0.2361
Satsunai,left,7,overflow,plus4K,50,0.3461
Satsunai,left,7,overflow,plus4K,50.2,0.4685
Satsunai,left,7,overflow,plus4K,50.4,0.5862
Satsunai,left,7,overflow,plus4K,50.6,0.6973
Satsunai,left,7,overflow,plus4K,50.8,0.7961
Satsunai,left,7,overflow,plus4K,51,0.8777
Satsunai,left,7,overflow,plus4K,51.2,0.9298
Satsunai,left,7,overflow,plus4K,51.4,0.964
Satsunai,left,7,overflow,plus4K,51.6,0.9817
Satsunai,left,7,overflow,plus4K,51.8,0.9925
Satsunai,left,7,overflow,plus4K,52,0.9972
Satsunai,left,7,overflow,plus4K,52.2,0.9985
Satsunai,left,7,overflow,plus4K,52.4,0.9996
Satsunai,left,7,overflow,plus4K,52.6,0.9999
Satsunai,left,7,overflow,plus4K,52.8,1
Satsunai,left,7,overflow,plus4K,53,1
Satsunai,left,7.2,overflow,historical,46,0
Satsunai,left,7.2,overflow,historical,46.2,0
Satsunai,left,7.2,overflow,historical,46.4,0
Satsunai,left,7.2,overflow,historical,46.6,0
Satsunai,left,7.2,overflow,historical,46.8,0
Satsunai,left,7.2,overflow,historical,47,0
Satsunai,left,7.2,overflow,historical,47.2,0
Satsunai,left,7.2,overflow,historical,47.4,0
Satsunai,left,7.2,overflow,historical,47.6,0
Satsunai,left,7.2,overflow,historical,47.8,0
Satsunai,left,7.2,overflow,historical,48,0
Satsunai,left,7.2,overflow,historical,48.2,0
Satsunai,left,7.2,overflow,historical,48.4,0
Satsunai,left,7.2,overflow,historical,48.6,0
Satsunai,left,7.2,overflow,historical,48.8,0
Satsunai,left,7.2,overflow,historical,49,0
Satsunai,left,7.2,overflow,historical,49.2,0
Satsunai,left,7.2,overflow,historical,49.4,0
Satsunai,left,7.2,overflow,historical,49.6,0
Satsunai,left,7.2,overflow,historical,49.8,0
Satsunai,left,7.2,overflow,historical,50,0.9963
Satsunai,left,7.2,overflow,historical,50.2,1
Satsunai,left,7.2,overflow,historical,50.4,1
Satsunai,left,7.2,overflow,historical,50.6,1
Satsunai,left,7.2,overflow,historical,50.8,1
Satsunai,left,7.2,overflow,historical,51,1
Satsunai,left,7.2,overflow,historical,51.2,1
Satsunai,left,7.2,overflow,historical,51.4,1
Satsunai,left,7.2,overflow,historical,51.6,1
Satsunai,left,7.2,overflow,historical,51.8,1
Satsunai,left,7.2,overflow,historical,52,1
Satsunai,left,7.2,overflow,historical,52.2,1
Satsunai,left,7.2,overflow,historical,52.4,1
Satsunai,left,7.2,overflow,historical,52.6,1
Satsunai,left,7.2,overflow,historical,52.8,1
Satsunai,left,7.2,overflow,plus4K,46,0
Satsunai,left,7.2,overflow,plus4K,46.2,0
Satsunai,left,7.2,overflow,plus4K,46.4,0
Satsunai,left,7.2,overflow,plus4K,46.6,0
Satsunai,left,7.2,overflow,plus4K,46.8,0
Satsunai,left,7.2,overflow,plus4K,47,0
Satsunai,left,7.2,overflow,plus4K,47.2,0
Satsunai,left,7.2,overflow,plus4K,47.4,0
Satsunai,left,7.2,overflow,plus4K,47.6,0
Satsunai,left,7.2,overflow,plus4K,47.8,0
Satsunai,left,7.2,overflow,plus4K,48,0
Satsunai,left,7.2,overflow,plus4K,48.2,0
Satsunai,left,7.2,overflow,plus4K,48.4,0
Satsunai,left,7.2,overflow,plus4K,48.6,0
Satsunai,left,7.2,overflow,plus4K,48.8,0
Satsunai,left,7.2,overflow,plus4K,49,0
Satsunai,left,7.2,overflow,plus4K,49.2,0
Satsunai,left,7.2,overflow,plus4K,49.4,0
Satsunai,left,7.2,overflow,plus4K,49.6,0
Satsunai,left,7.2,overflow,plus4K,49.8,0
Satsunai,left,7.2,overflow,plus4K,50,0.9963
Satsunai,left,7.2,overflow,plus4K,50.2,1
Satsunai,left,7.2,overflow,plus4K,50.4,1
Satsunai,left,7.2,overflow,plus4K,50.6,1
Satsunai,left,7.2,overflow,plus4K,50.8,1
Satsunai,left,7.2,overflow,plus4K,51,1
Satsunai,left,7.2,overflow,plus4K,51.2,1
Satsunai,left,7.2,overflow,plus4K,51.4,1
Satsunai,left,7.2,overflow,plus4K,51.6,1
Satsunai,left,7.2,overflow,plus4K,51.8,1
Satsunai,left,7.2,overflow,plus4K,52,1
Satsunai,left,7.2,overflow,plus4K,52.2,1
Satsunai,left,7.2,overflow,plus4K,52.4,1
Satsunai,left,7.2,overflow,plus4K,52.6,1
Satsunai,left,7.2,overflow,plus4K,52.8,1
Satsunai,left,7.4,overflow,historical,46.8,0
Satsunai,left,7.4,overflow,historical,47,0
Satsunai,left,7.4,overflow,historical,47.2,0
Satsunai,left,7.4,overflow,historical,47.4,0
Satsunai,left,7.4,overflow,historical,47.6,0
Satsunai,left,7.4,overflow,historical,47.8,0
Satsunai,left,7.4,overflow,historical,48,0
Satsunai,left,7.4,overflow,historical,48.2,0
Satsunai,left,7.4,overflow,historical,48.4,0
Satsunai,left,7.4,overflow,historical,48.6,0
Satsunai,left,7.4,overflow,historical,48.8,0
Satsunai,left,7.4,overflow,historical,49,0
Satsunai,left,7.4,overflow,historical,49.2,0
Satsunai,left,7.4,overflow,historical,49.4,0
Satsunai,left,7.4,overflow,historical,49.6,0
Satsunai,left,7.4,overflow,historical,49.8,0
Satsunai,left,7.4,overflow,historical,50,0
Satsunai,left,7.4,overflow,historical,50.2,0
Satsunai,left,7.4,overflow,historical,50.4,0
Satsunai,left,7.4,overflow,historical,50.6,0
Satsunai,left,7.4,overflow,historical,50.8,0.1299
Satsunai,left,7.4,overflow,historical,51,1
Satsunai,left,7.4,overflow,historical,51.2,1
Satsunai,left,7.4,overflow,historical,51.4,1
Satsunai,left,7.4,overflow,historical,51.6,1
Satsunai,left,7.4,overflow,historical,51.8,1
Satsunai,left,7.4,overflow,historical,52,1
Satsunai,left,7.4,overflow,historical,52.2,1
Satsunai,left,7.4,overflow,historical,52.4,1
Satsunai,left,7.4,overflow,historical,52.6,1
Satsunai,left,7.4,overflow,historical,52.8,1
Satsunai,left,7.4,overflow,historical,53,1
Satsunai,left,7.4,overflow,historical,53.2,1
Satsunai,left,7.4,overflow,historical,53.4,1
Satsunai,left,7.4,overflow,historical,53.6,1
Satsunai,left,7.4,overflow,plus4K,46.8,0
Satsunai,left,7.4,overflow,plus4K,47,0
Satsunai,left,7.4,overflow,plus4K,47.2,0
Satsunai,left,7.4,overflow,plus4K,47.4,0
Satsunai,left,7.4,overflow,plus4K,47.6,0
Satsunai,left,7.4,overflow,plus4K,47.8,0
Satsunai,left,7.4,overflow,plus4K,48,0
Satsunai,left,7.4,overflow,plus4K,48.2,0
Satsunai,left,7.4,overflow,plus4K,48.4,0
Satsunai,left,7.4,overflow,plus4K,48.6,0
Satsunai,left,7.4,overflow,plus4K,48.8,0
Satsunai,left,7.4,overflow,plus4K,49,0
Satsunai,left,7.4,overflow,plus4K,49.2,0
Satsunai,left,7.4,overflow,plus4K,49.4,0
Satsunai,left,7.4,overflow,plus4K,49.6,0
Satsunai,left,7.4,overflow,plus4K,49.8,0
Satsunai,left,7.4,overflow,plus4K,50,0
Satsunai,left,7.4,overflow,plus4K,50.2,0
Satsunai,left,7.4,overflow,plus4K,50.4,0
Satsunai,left,7.4,overflow,plus4K,50.6,0
Satsunai,left,7.4,overflow,plus4K,50.8,0.1299
Satsunai,left,7.4,overflow,plus4K,51,1
Satsunai,left,7.4,overflow,plus4K,51.2,1
Satsunai,left,7.4,overflow,plus4K,51.4,1
Satsunai,left,7.4,overflow,plus4K,51.6,1
Satsunai,left,7.4,overflow,plus4K,51.8,1
Satsunai,left,7.4,overflow,plus4K,52,1
Satsunai,left,7.4,overflow,plus4K,52.2,1
Satsunai,left,7.4,overflow,plus4K,52.4,1
Satsunai,left,7.4,overflow,plus4K,52.6,1
Satsunai,left,7.4,overflow,plus4K,52.8,1
Satsunai,left,7.4,overflow,plus4K,53,1
Satsunai,left,7.4,overflow,plus4K,53.2,1
Satsunai,left,7.4,overflow,plus4K,53.4,1
Satsunai,left,7.4,overflow,plus4K,53.6,1
Satsunai,left,7.6,overflow,historical,47.6,0
Satsunai,left,7.6,overflow,historical,47.8,0
Satsunai,left,7.6,overflow,historical,48,0
Satsunai,left,7.6,overflow,historical,48.2,0
Satsunai,left,7.6,overflow,historical,48.4,0
Satsunai,left,7.6,overflow,historical,48.6,0
Satsunai,left,7.6,overflow,historical,48.8,0
Satsunai,left,7.6,overflow,historical,49,0
Satsunai,left,7.6,overflow,historical,49.2,0
Satsunai,left,7.6,overflow,historical,49.4,0
Satsunai,left,7.6,overflow,historical,49.6,0
Satsunai,left,7.6,overflow,historical,49.8,0
Satsunai,left,7.6,overflow,historical,50,0
Satsunai,left,7.6,overflow,historical,50.2,0
Satsunai,left,7.6,overflow,historical,50.4,0
Satsunai,left,7.6,overflow,historical,50.6,0
Satsunai,left,7.6,overflow,historical,50.8,0
Satsunai,left,7.6,overflow,historical,51,0
Satsunai,left,7.6,overflow,historical,51.2,0
Satsunai,left,7.6,overflow,historical,51.4,0
Satsunai,left,7.6,overflow,historical,51.6,0
Satsunai,left,7.6,overflow,historical,51.8,0.9996
Satsunai,left,7.6,overflow,historical,52,1
Satsunai,left,7.6,overflow,historical,52.2,1
Satsunai,left,7.6,overflow,historical,52.4,1
Satsunai,left,7.6,overflow,historical,52.6,1
Satsunai,left,7.6,overflow,historical,52.8,1
Satsunai,left,7.6,overflow,historical,53,1
Satsunai,left,7.6,overflow,historical,53.2,1
Satsunai,left,7.6,overflow,historical,53.4,1
Satsunai,left,7.6,overflow,historical,53.6,1
Satsunai,left,7.6,overflow,historical,53.8,1
Satsunai,left,7.6,overflow,historical,54,1
Satsunai,left,7.6,overflow,historical,54.2,1
Satsunai,left,7.6,overflow,historical,54.4,1
Satsunai,left,7.6,overflow,historical,54.6,1
Satsunai,left,7.6,overflow,plus4K,47.6,0
Satsunai,left,7.6,overflow,plus4K,47.8,0
Satsunai,left,7.6,overflow,plus4K,48,0
Satsunai,left,7.6,overflow,plus4K,48.2,0
Satsunai,left,7.6,overflow,plus4K,48.4,0
Satsunai,left,7.6,overflow,plus4K,48.6,0
Satsunai,left,7.6,overflow,plus4K,48.8,0
Satsunai,left,7.6,overflow,plus4K,49,0
Satsunai,left,7.6,overflow,plus4K,49.2,0
Satsunai,left,7.6,overflow,plus4K,49.4,0
Satsunai,left,7.6,overflow,plus4K,49.6,0
Satsunai,left,7.6,overflow,plus4K,49.8,0
Satsunai,left,7.6,overflow,plus4K,50,0
Satsunai,left,7.6,overflow,plus4K,50.2,0
Satsunai,left,7.6,overflow,plus4K,50.4,0
Satsunai,left,7.6,overflow,plus4K,50.6,0
Satsunai,left,7.6,overflow,plus4K,50.8,0
Satsunai,left,7.6,overflow,plus4K,51,0
Satsunai,left,7.6,overflow,plus4K,51.2,0
Satsunai,left,7.6,overflow,plus4K,51.4,0
Satsunai,left,7.6,overflow,plus4K,51.6,0
Satsunai,left,7.6,overflow,plus4K,51.8,0.9996
Satsunai,left,7.6,overflow,plus4K,52,1
Satsunai,left,7.6,overflow,plus4K,52.2,1
Satsunai,left,7.6,overflow,plus4K,52.4,1
Satsunai,left,7.6,overflow,plus4K,52.6,1
Satsunai,left,7.6,overflow,plus4K,52.8,1
Satsunai,left,7.6,overflow,plus4K,53,1
Satsunai,left,7.6,overflow,plus4K,53.2,1
Satsunai,left,7.6,overflow,plus4K,53.4,1
Satsunai,left,7.6,overflow,plus4K,53.6,1
Satsunai,left,7.6,overflow,plus4K,53.8,1
Satsunai,left,7.6,overflow,plus4K,54,1
Satsunai,left,7.6,overflow,plus4K,54.2,1
Satsunai,left,7.6,overflow,plus4K,54.4,1
Satsunai,left,7.6,overflow,plus4K,54.6,1
Satsunai,left,7.8,overflow,historical,48.4,0
Satsunai,left,7.8,overflow,historical,48.6,0
Satsunai,left,7.8,overflow,historical,48.8,0
Satsunai,left,7.8,overflow,historical,49,0
Satsunai,left,7.8,overflow,historical,49.2,0
Satsunai,left,7.8,overflow,historical,49.4,0
Satsunai,left,7.8,overflow,historical,49.6,0
Satsunai,left,7.8,overflow,historical,49.8,0
Satsunai,left,7.8,overflow,historical,50,0
Satsunai,left,7.8,overflow,historical,50.2,0
Satsunai,left,7.8,overflow,historical,50.4,0
Satsunai,left,7.8,overflow,historical,50.6,0
Satsunai,left,7.8,overflow,historical,50.8,0
Satsunai,left,7.8,overflow,historical,51,0
Satsunai,left,7.8,overflow,historical,51.2,0
Satsunai,left,7.8,overflow,historical,51.4,0
Satsunai,left,7.8,overflow,historical,51.6,0
Satsunai,left,7.8,overflow,historical,51.8,0
Satsunai,left,7.8,overflow,historical,52,0
Satsunai,left,7.8,overflow,historical,52.2,0
Satsunai,left,7.8,overflow,historical,52.4,0
Satsunai,left,7.8,overflow,historical,52.6,0.9899
Satsunai,left,7.8,overflow,historical,52.8,1
Satsunai,left,7.8,overflow,historical,53,1
Satsunai,left,7.8,overflow,historical,53.2,1
Satsunai,left,7.8,overflow,historical,53.4,1
Satsunai,left,7.8,overflow,historical,53.6,1
Satsunai,left,7.8,overflow,historical,53.8,1
Satsunai,left,7.8,overflow,historical,54,1
Satsunai,left,7.8,overflow,historical,54.2,1
Satsunai,left,7.8,overflow,historical,54.4,1
Satsunai,left,7.8,overflow,historical,54.6,1
Satsunai,left,7.8,overflow,historical,54.8,1
Satsunai,left,7.8,overflow,historical,55,1
Satsunai,left,7.8,overflow,historical,55.2,1
Satsunai,left,7.8,overflow,historical,55.4,1
Satsunai,left,7.8,overflow,plus4K,48.4,0
Satsunai,left,7.8,overflow,plus4K,48.6,0
Satsunai,left,7.8,overflow,plus4K,48.8,0
Satsunai,left,7.8,overflow,plus4K,49,0
Satsunai,left,7.8,overflow,plus4K,49.2,0
Satsunai,left,7.8,overflow,plus4K,49.4,0
Satsunai,left,7.8,overflow,plus4K,49.6,0
Satsunai,left,7.8,overflow,plus4K,49.8,0
Satsunai,left,7.8,overflow,plus4K,50,0
Satsunai,left,7.8,overflow,plus4K,50.2,0
Satsunai,left,7.8,overflow,plus4K,50.4,0
Satsunai,left,7.8,overflow,plus4K,50.6,0
Satsunai,left,7.8,overflow,plus4K,50.8,0
Satsunai,left,7.8,overflow,plus4K,51,0
Satsunai,left,7.8,overflow,plus4K,51.2,0
Satsunai,left,7.8,overflow,plus4K,51.4,0
Satsunai,left,7.8,overflow,plus4K,51.6,0
Satsunai,left,7.8,overflow,plus4K,51.8,0
Satsunai,left,7.8,overflow,plus4K,52,0
Satsunai,left,7.8,overflow,plus4K,52.2,0
Satsunai,left,7.8,overflow,plus4K,52.4,0
Satsunai,left,7.8,overflow,plus4K,52.6,0.9899
Satsunai,left,7.8,overflow,plus4K,52.8,1
Satsunai,left,7.8,overflow,plus4K,53,1
Satsunai,left,7.8,overflow,plus4K,53.2,1
Satsunai,left,7.8,overflow,plus4K,53.4,1
Satsunai,left,7.8,overflow,plus4K,53.6,1
Satsunai,left,7.8,overflow,plus4K,53.8,1
Satsunai,left,7.8,overflow,plus4K,54,1
Satsunai,left,7.8,overflow,plus4K,54.2,1
Satsunai,left,7.8,overflow,plus4K,54.4,1
Satsunai,left,7.8,overflow,plus4K,54.6,1
Satsunai,left,7.8,overflow,plus4K,54.8,1
Satsunai,left,7.8,overflow,plus4K,55,1
Satsunai,left,7.8,overflow,plus4K,55.2,1
Satsunai,left,7.8,overflow,plus4K,55.4,1
Satsunai,left,8,overflow,historical,48.8,0
Satsunai,left,8,overflow,historical,49,0
Satsunai,left,8,overflow,historical,49.2,0
Satsunai,left,8,overflow,historical,49.4,0
Satsunai,left,8,overflow,historical,49.6,0
Satsunai,left,8,overflow,historical,49.8,0
Satsunai,left,8,overflow,historical,50,0
Satsunai,left,8,overflow,historical,50.2,0
Satsunai,left,8,overflow,historical,50.4,0
Satsunai,left,8,overflow,historical,50.6,0
Satsunai,left,8,overflow,historical,50.8,0
Satsunai,left,8,overflow,historical,51,0
Satsunai,left,8,overflow,historical,51.2,0
Satsunai,left,8,overflow,historical,51.4,0
Satsunai,left,8,overflow,historical,51.6,0
Satsunai,left,8,overflow,historical,51.8,0
Satsunai,left,8,overflow,historical,52,0
Satsunai,left,8,overflow,historical,52.2,0
Satsunai,left,8,overflow,historical,52.4,0
Satsunai,left,8,overflow,historical,52.6,0
Satsunai,left,8,overflow,historical,52.8,0
Satsunai,left,8,overflow,historical,53,0
Satsunai,left,8,overflow,historical,53.2,1
Satsunai,left,8,overflow,historical,53.4,1
Satsunai,left,8,overflow,historical,53.6,1
Satsunai,left,8,overflow,historical,53.8,1
Satsunai,left,8,overflow,historical,54,1
Satsunai,left,8,overflow,historical,54.2,1
Satsunai,left,8,overflow,historical,54.4,1
Satsunai,left,8,overflow,historical,54.6,1
Satsunai,left,8,overflow,historical,54.8,1
Satsunai,left,8,overflow,historical,55,1
Satsunai,left,8,overflow,historical,55.2,1
Satsunai,left,8,overflow,historical,55.4,1
Satsunai,left,8,overflow,historical,55.6,1
Satsunai,left,8,overflow,historical,55.8,1
Satsunai,left,8,overflow,historical,56,1
Satsunai,left,8,overflow,plus4K,48.8,0
Satsunai,left,8,overflow,plus4K,49,0
Satsunai,left,8,overflow,plus4K,49.2,0
Satsunai,left,8,overflow,plus4K,49.4,0
Satsunai,left,8,overflow,plus4K,49.6,0
Satsunai,left,8,overflow,plus4K,49.8,0
Satsunai,left,8,overflow,plus4K,50,0
Satsunai,left,8,overflow,plus4K,50.2,0
Satsunai,left,8,overflow,plus4K,50.4,0
Satsunai,left,8,overflow,plus4K,50.6,0
Satsunai,left,8,overflow,plus4K,50.8,0
Satsunai,left,8,overflow,plus4K,51,0
Satsunai,left,8,overflow,plus4K,51.2,0
Satsunai,left,8,overflow,plus4K,51.4,0
Satsunai,left,8,overflow,plus4K,51.6,0
Satsunai,left,8,overflow,plus4K,51.8,0
Satsunai,left,8,overflow,plus4K,52,0
Satsunai,left,8,overflow,plus4K,52.2,0
Satsunai,left,8,overflow,plus4K,52.4,0
Satsunai,left,8,overflow,plus4K,52.6,0
Satsunai,left,8,overflow,plus4K,52.8,0
Satsunai,left,8,overflow,plus4K,53,0
Satsunai,left,8,overflow,plus4K,53.2,1
Satsunai,left,8,overflow,plus4K,53.4,1
Satsunai,left,8,overflow,plus4K,53.6,1
Satsunai,left,8,overflow,plus4K,53.8,1
Satsunai,left,8,overflow,plus4K,54,1
Satsunai,left,8,overflow,plus4K,54.2,1
Satsunai,left,8,overflow,plus4K,54.4,1
Satsunai,left,8,overflow,plus4K,54.6,1
Satsunai,left,8,overflow,plus4K,54.8,1
Satsunai,left,8,overflow,plus4K,55,1
Satsunai,left,8,overflow,plus4K,55.2,1
Satsunai,left,8,overflow,plus4K,55.4,1
Satsunai,left,8,overflow,plus4K,55.6,1
Satsunai,left,8,overflow,plus4K,55.8,1
Satsunai,left,8,overflow,plus4K,56,1
Satsunai,left,8.2,overflow,historical,49.6,0
Satsunai,left,8.2,overflow,historical,49.8,0
Satsunai,left,8.2,overflow,historical,50,0
Satsunai,left,8.2,overflow,historical,50.2,0
Satsunai,left,8.2,overflow,historical,50.4,0
Satsunai,left,8.2,overflow,historical,50.6,0
Satsunai,left,8.2,overflow,historical,50.8,0
Satsunai,left,8.2,overflow,historical,51,0
Satsunai,left,8.2,overflow,historical,51.2,0
Satsunai,left,8.2,overflow,historical,51.4,0
Satsunai,left,8.2,overflow,historical,51.6,0
Satsunai,left,8.2,overflow,historical,51.8,0
Satsunai,left,8.2,overflow,historical,52,0
Satsunai,left,8.2,overflow,historical,52.2,0
Satsunai,left,8.2,overflow,historical,52.4,0
Satsunai,left,8.2,overflow,historical,52.6,0
Satsunai,left,8.2,overflow,historical,52.8,0
Satsunai,left,8.2,overflow,historical,53,0
Satsunai,left,8.2,overflow,historical,53.2,0
Satsunai,left,8.2,overflow,historical,53.4,0
Satsunai,left,8.2,overflow,historical,53.6,0
Satsunai,left,8.2,overflow,historical,53.8,0
Satsunai,left,8.2,overflow,historical,54,1
Satsunai,left,8.2,overflow,historical,54.2,1
Satsunai,left,8.2,overflow,historical,54.4,1
Satsunai,left,8.2,overflow,historical,54.6,1
Satsunai,left,8.2,overflow,historical,54.8,1
Satsunai,left,8.2,overflow,historical,55,1
Satsunai,left,8.2,overflow,historical,55.2,1
Satsunai,left,8.2,overflow,historical,55.4,1
Satsunai,left,8.2,overflow,historical,55.6,1
Satsunai,left,8.2,overflow,historical,55.8,1
Satsunai,left,8.2,overflow,historical,56,1
Satsunai,left,8.2,overflow,historical,56.2,1
Satsunai,left,8.2,overflow,historical,56.4,1
Satsunai,left,8.2,overflow,historical,56.6,1
Satsunai,left,8.2,overflow,plus4K,49.6,0
Satsunai,left,8.2,overflow,plus4K,49.8,0
Satsunai,left,8.2,overflow,plus4K,50,0
Satsunai,left,8.2,overflow,plus4K,50.2,0
Satsunai,left,8.2,overflow,plus4K,50.4,0
Satsunai,left,8.2,overflow,plus4K,50.6,0
Satsunai,left,8.2,overflow,plus4K,50.8,0
Satsunai,left,8.2,overflow,plus4K,51,0
Satsunai,left,8.2,overflow,plus4K,51.2,0
Satsunai,left,8.2,overflow,plus4K,51.4,0
Satsunai,left,8.2,overflow,plus4K,51.6,0
Satsunai,left,8.2,overflow,plus4K,51.8,0
Satsunai,left,8.2,overflow,plus4K,52,0
Satsunai,left,8.2,overflow,plus4K,52.2,0
Satsunai,left,8.2,overflow,plus4K,52.4,0
Satsunai,left,8.2,overflow,plus4K,52.6,0
Satsunai,left,8.2,overflow,plus4K,52.8,0
Satsunai,left,8.2,overflow,plus4K,53,0
Satsunai,left,8.2,overflow,plus4K,53.2,0
Satsunai,left,8.2,overflow,plus4K,53.4,0
Satsunai,left,8.2,overflow,plus4K,53.6,0
Satsunai,left,8.2,overflow,plus4K,53.8,0
Satsunai,left,8.2,overflow,plus4K,54,1
Satsunai,left,8.2,overflow,plus4K,54.2,1
Satsunai,left,8.2,overflow,plus4K,54.4,1
Satsunai,left,8.2,overflow,plus4K,54.6,1
Satsunai,left,8.2,overflow,plus4K,54.8,1
Satsunai,left,8.2,overflow,plus4K,55,1
Satsunai,left,8.2,overflow,plus4K,55.2,1
Satsunai,left,8.2,overflow,plus4K,55.4,1
Satsunai,left,8.2,overflow,plus4K,55.6,1
Satsunai,left,8.2,overflow,plus4K,55.8,1
Satsunai,left,8.2,overflow,plus4K,56,1
Satsunai,left,8.2,overflow,plus4K,56.2,1
Satsunai,left,8.2,overflow,plus4K,56.4,1
Satsunai,left,8.2,overflow,plus4K,56.6,1
Satsunai,left,8.4,overflow,historical,50.6,0
Satsunai,left,8.4,overflow,historical,50.8,0
Satsunai,left,8.4,overflow,historical,51,0
Satsunai,left,8.4,overflow,historical,51.2,0
Satsunai,left,8.4,overflow,historical,51.4,0
Satsunai,left,8.4,overflow,historical,51.6,0
Satsunai,left,8.4,overflow,historical,51.8,0
Satsunai,left,8.4,overflow,historical,52,0
Satsunai,left,8.4,overflow,historical,52.2,0
Satsunai,left,8.4,overflow,historical,52.4,0
Satsunai,left,8.4,overflow,historical,52.6,0
Satsunai,left,8.4,overflow,historical,52.8,0
Satsunai,left,8.4,overflow,historical,53,0
Satsunai,left,8.4,overflow,historical,53.2,0
Satsunai,left,8.4,overflow,historical,53.4,0
Satsunai,left,8.4,overflow,historical,53.6,0
Satsunai,left,8.4,overflow,historical,53.8,0
Satsunai,left,8.4,overflow,historical,54,0
Satsunai,left,8.4,overflow,historical,54.2,0
Satsunai,left,8.4,overflow,historical,54.4,0
Satsunai,left,8.4,overflow,historical,54.6,0.9199
Satsunai,left,8.4,overflow,historical,54.8,1
Satsunai,left,8.4,overflow,historical,55,1
Satsunai,left,8.4,overflow,historical,55.2,1
Satsunai,left,8.4,overflow,historical,55.4,1
Satsunai,left,8.4,overflow,historical,55.6,1
Satsunai,left,8.4,overflow,historical,55.8,1
Satsunai,left,8.4,overflow,historical,56,1
Satsunai,left,8.4,overflow,historical,56.2,1
Satsunai,left,8.4,overflow,historical,56.4,1
Satsunai,left,8.4,overflow,historical,56.6,1
Satsunai,left,8.4,overflow,historical,56.8,1
Satsunai,left,8.4,overflow,historical,57,1
Satsunai,left,8.4,overflow,historical,57.2,1
Satsunai,left,8.4,overflow,historical,57.4,1
Satsunai,left,8.4,overflow,plus4K,50.6,0
Satsunai,left,8.4,overflow,plus4K,50.8,0
Satsunai,left,8.4,overflow,plus4K,51,0
Satsunai,left,8.4,overflow,plus4K,51.2,0
Satsunai,left,8.4,overflow,plus4K,51.4,0
Satsunai,left,8.4,overflow,plus4K,51.6,0
Satsunai,left,8.4,overflow,plus4K,51.8,0
Satsunai,left,8.4,overflow,plus4K,52,0
Satsunai,left,8.4,overflow,plus4K,52.2,0
Satsunai,left,8.4,overflow,plus4K,52.4,0
Satsunai,left,8.4,overflow,plus4K,52.6,0
Satsunai,left,8.4,overflow,plus4K,52.8,0
Satsunai,left,8.4,overflow,plus4K,53,0
Satsunai,left,8.4,overflow,plus4K,53.2,0
Satsunai,left,8.4,overflow,plus4K,53.4,0
Satsunai,left,8.4,overflow,plus4K,53.6,0
Satsunai,left,8.4,overflow,plus4K,53.8,0
Satsunai,left,8.4,overflow,plus4K,54,0
Satsunai,left,8.4,overflow,plus4K,54.2,0
Satsunai,left,8.4,overflow,plus4K,54.4,0
Satsunai,left,8.4,overflow,plus4K,54.6,0.9199
Satsunai,left,8.4,overflow,plus4K,54.8,1
Satsunai,left,8.4,overflow,plus4K,55,1
Satsunai,left,8.4,overflow,plus4K,55.2,1
Satsunai,left,8.4,overflow,plus4K,55.4,1
Satsunai,left,8.4,overflow,plus4K,55.6,1
Satsunai,left,8.4,overflow,plus4K,55.8,1
Satsunai,left,8.4,overflow,plus4K,56,1
Satsunai,left,8.4,overflow,plus4K,56.2,1
Satsunai,left,8.4,overflow,plus4K,56.4,1
Satsunai,left,8.4,overflow,plus4K,56.6,1
Satsunai,left,8.4,overflow,plus4K,56.8,1
Satsunai,left,8.4,overflow,plus4K,57,1
Satsunai,left,8.4,overflow,plus4K,57.2,1
Satsunai,left,8.4,overflow,plus4K,57.4,1
Satsunai,left,8.6,overflow,historical,51.2,0
Satsunai,left,8.6,overflow,historical,51.4,0
Satsunai,left,8.6,overflow,historical,51.6,0
Satsunai,left,8.6,overflow,historical,51.8,0
Satsunai,left,8.6,overflow,historical,52,0
Satsunai,left,8.6,overflow,historical,52.2,0
Satsunai,left,8.6,overflow,historical,52.4,0
Satsunai,left,8.6,overflow,historical,52.6,0
Satsunai,left,8.6,overflow,historical,52.8,0
Satsunai,left,8.6,overflow,historical,53,0
Satsunai,left,8.6,overflow,historical,53.2,0
Satsunai,left,8.6,overflow,historical,53.4,0
Satsunai,left,8.6,overflow,historical,53.6,0
Satsunai,left,8.6,overflow,historical,53.8,0
Satsunai,left,8.6,overflow,historical,54,0
Satsunai,left,8.6,overflow,historical,54.2,0
Satsunai,left,8.6,overflow,historical,54.4,0
Satsunai,left,8.6,overflow,historical,54.6,0
Satsunai,left,8.6,overflow,historical,54.8,0
Satsunai,left,8.6,overflow,historical,55,0
Satsunai,left,8.6,overflow,historical,55.2,0
Satsunai,left,8.6,overflow,historical,55.4,1
Satsunai,left,8.6,overflow,historical,55.6,1
Satsunai,left,8.6,overflow,historical,55.8,1
Satsunai,left,8.6,overflow,historical,56,1
Satsunai,left,8.6,overflow,historical,56.2,1
Satsunai,left,8.6,overflow,historical,56.4,1
Satsunai,left,8.6,overflow,historical,56.6,1
Satsunai,left,8.6,overflow,historical,56.8,1
Satsunai,left,8.6,overflow,historical,57,1
Satsunai,left,8.6,overflow,historical,57.2,1
Satsunai,left,8.6,overflow,historical,57.4,1
Satsunai,left,8.6,overflow,historical,57.6,1
Satsunai,left,8.6,overflow,historical,57.8,1
Satsunai,left,8.6,overflow,historical,58,1
Satsunai,left,8.6,overflow,plus4K,51.2,0
Satsunai,left,8.6,overflow,plus4K,51.4,0
Satsunai,left,8.6,overflow,plus4K,51.6,0
Satsunai,left,8.6,overflow,plus4K,51.8,0
Satsunai,left,8.6,overflow,plus4K,52,0
Satsunai,left,8.6,overflow,plus4K,52.2,0
Satsunai,left,8.6,overflow,plus4K,52.4,0
Satsunai,left,8.6,overflow,plus4K,52.6,0
Satsunai,left,8.6,overflow,plus4K,52.8,0
Satsunai,left,8.6,overflow,plus4K,53,0
Satsunai,left,8.6,overflow,plus4K,53.2,0
Satsunai,left,8.6,overflow,plus4K,53.4,0
Satsunai,left,8.6,overflow,plus4K,53.6,0
Satsunai,left,8.6,overflow,plus4K,53.8,0
Satsunai,left,8.6,overflow,plus4K,54,0
Satsunai,left,8.6,overflow,plus4K,54.2,0
Satsunai,left,8.6,overflow,plus4K,54.4,0
Satsunai,left,8.6,overflow,plus4K,54.6,0
Satsunai,left,8.6,overflow,plus4K,54.8,0
Satsunai,left,8.6,overflow,plus4K,55,0
Satsunai,left,8.6,overflow,plus4K,55.2,0
Satsunai,left,8.6,overflow,plus4K,55.4,1
Satsunai,left,8.6,overflow,plus4K,55.6,1
Satsunai,left,8.6,overflow,plus4K,55.8,1
Satsunai,left,8.6,overflow,plus4K,56,1
Satsunai,left,8.6,overflow,plus4K,56.2,1
Satsunai,left,8.6,overflow,plus4K,56.4,1
Satsunai,left,8.6,overflow,plus4K,56.6,1
Satsunai,left,8.6,overflow,plus4K,56.8,1
Satsunai,left,8.6,overflow,plus4K,57,1
Satsunai,left,8.6,overflow,plus4K,57.2,1
Satsunai,left,8.6,overflow,plus4K,57.4,1
Satsunai,left,8.6,overflow,plus4K,57.6,1
Satsunai,left,8.6,overflow,plus4K,57.8,1
Satsunai,left,8.6,overflow,plus4K,58,1
Satsunai,left,8.8,overflow,historical,51.6,0
Satsunai,left,8.8,overflow,historical,51.8,0
Satsunai,left,8.8,overflow,historical,52,0
Satsunai,left,8.8,overflow,historical,52.2,0
Satsunai,left,8.8,overflow,historical,52.4,0
Satsunai,left,8.8,overflow,historical,52.6,0
Satsunai,left,8.8,overflow,historical,52.8,0
Satsunai,left,8.8,overflow,historical,53,0
Satsunai,left,8.8,overflow,historical,53.2,0
Satsunai,left,8.8,overflow,historical,53.4,0
Satsunai,left,8.8,overflow,historical,53.6,0
Satsunai,left,8.8,overflow,historical,53.8,0
Satsunai,left,8.8,overflow,historical,54,0
Satsunai,left,8.8,overflow,historical,54.2,0
Satsunai,left,8.8,overflow,historical,54.4,0
Satsunai,left,8.8,overflow,historical,54.6,0
Satsunai,left,8.8,overflow,historical,54.8,0
Satsunai,left,8.8,overflow,historical,55,0
Satsunai,left,8.8,overflow,historical,55.2,0
Satsunai,left,8.8,overflow,historical,55.4,0
Satsunai,left,8.8,overflow,historical,55.6,0
Satsunai,left,8.8,overflow,historical,55.8,1
Satsunai,left,8.8,overflow,historical,56,1
Satsunai,left,8.8,overflow,historical,56.2,1
Satsunai,left,8.8,overflow,historical,56.4,1
Satsunai,left,8.8,overflow,historical,56.6,1
Satsunai,left,8.8,overflow,historical,56.8,1
Satsunai,left,8.8,overflow,historical,57,1
Satsunai,left,8.8,overflow,historical,57.2,1
Satsunai,left,8.8,overflow,historical,57.4,1
Satsunai,left,8.8,overflow,historical,57.6,1
Satsunai,left,8.8,overflow,historical,57.8,1
Satsunai,left,8.8,overflow,historical,58,1
Satsunai,left,8.8,overflow,historical,58.2,1
Satsunai,left,8.8,overflow,historical,58.4,1
Satsunai,left,8.8,overflow,historical,58.6,1
Satsunai,left,8.8,overflow,plus4K,51.6,0
Satsunai,left,8.8,overflow,plus4K,51.8,0
Satsunai,left,8.8,overflow,plus4K,52,0
Satsunai,left,8.8,overflow,plus4K,52.2,0
Satsunai,left,8.8,overflow,plus4K,52.4,0
Satsunai,left,8.8,overflow,plus4K,52.6,0
Satsunai,left,8.8,overflow,plus4K,52.8,0
Satsunai,left,8.8,overflow,plus4K,53,0
Satsunai,left,8.8,overflow,plus4K,53.2,0
Satsunai,left,8.8,overflow,plus4K,53.4,0
Satsunai,left,8.8,overflow,plus4K,53.6,0
Satsunai,left,8.8,overflow,plus4K,53.8,0
Satsunai,left,8.8,overflow,plus4K,54,0
Satsunai,left,8.8,overflow,plus4K,54.2,0
Satsunai,left,8.8,overflow,plus4K,54.4,0
Satsunai,left,8.8,overflow,plus4K,54.6,0
Satsunai,left,8.8,overflow,plus4K,54.8,0
Satsunai,left,8.8,overflow,plus4K,55,0
Satsunai,left,8.8,overflow,plus4K,55.2,0
Satsunai,left,8.8,overflow,plus4K,55.4,0
Satsunai,left,8.8,overflow,plus4K,55.6,0
Satsunai,left,8.8,overflow,plus4K,55.8,1
Satsunai,left,8.8,overflow,plus4K,56,1
Satsunai,left,8.8,overflow,plus4K,56.2,1
Satsunai,left,8.8,overflow,plus4K,56.4,1
Satsunai,left,8.8,overflow,plus4K,56.6,1
Satsunai,left,8.8,overflow,plus4K,56.8,1
Satsunai,left,8.8,overflow,plus4K,57,1
Satsunai,left,8.8,overflow,plus4K,57.2,1
Satsunai,left,8.8,overflow,plus4K,57.4,1
Satsunai,left,8.8,overflow,plus4K,57.6,1
Satsunai,left,8.8,overflow,plus4K,57.8,1
Satsunai,left,8.8,overflow,plus4K,58,1
Satsunai,left,8.8,overflow,plus4K,58.2,1
Satsunai,left,8.8,overflow,plus4K,58.4,1
Satsunai,left,8.8,overflow,plus4K,58.6,1
Satsunai,left,9,overflow,historical,53.2,0
Satsunai,left,9,overflow,historical,53.4,0
Satsunai,left,9,overflow,historical,53.6,0
Satsunai,left,9,overflow,historical,53.8,0
Satsunai,left,9,overflow,historical,54,0
Satsunai,left,9,overflow,historical,54.2,0
Satsunai,left,9,overflow,historical,54.4,0
Satsunai,left,9,overflow,historical,54.6,0
Satsunai,left,9,overflow,historical,54.8,0
Satsunai,left,9,overflow,historical,55,0
Satsunai,left,9,overflow,historical,55.2,0
Satsunai,left,9,overflow,historical,55.4,0
Satsunai,left,9,overflow,historical,55.6,0
Satsunai,left,9,overflow,historical,55.8,0
Satsunai,left,9,overflow,historical,56,0
Satsunai,left,9,overflow,historical,56.2,0
Satsunai,left,9,overflow,historical,56.4,0
Satsunai,left,9,overflow,historical,56.6,0
Satsunai,left,9,overflow,historical,56.8,0.9979
Satsunai,left,9,overflow,historical,57,1
Satsunai,left,9,overflow,historical,57.2,1
Satsunai,left,9,overflow,historical,57.4,1
Satsunai,left,9,overflow,historical,57.6,1
Satsunai,left,9,overflow,historical,57.8,1
Satsunai,left,9,overflow,historical,58,1
Satsunai,left,9,overflow,historical,58.2,1
Satsunai,left,9,overflow,historical,58.4,1
Satsunai,left,9,overflow,historical,58.6,1
Satsunai,left,9,overflow,historical,58.8,1
Satsunai,left,9,overflow,historical,59,1
Satsunai,left,9,overflow,historical,59.2,1
Satsunai,left,9,overflow,historical,59.4,1
Satsunai,left,9,overflow,historical,59.6,1
Satsunai,left,9,overflow,plus4K,53.2,0
Satsunai,left,9,overflow,plus4K,53.4,0
Satsunai,left,9,overflow,plus4K,53.6,0
Satsunai,left,9,overflow,plus4K,53.8,0
Satsunai,left,9,overflow,plus4K,54,0
Satsunai,left,9,overflow,plus4K,54.2,0
Satsunai,left,9,overflow,plus4K,54.4,0
Satsunai,left,9,overflow,plus4K,54.6,0
Satsunai,left,9,overflow,plus4K,54.8,0
Satsunai,left,9,overflow,plus4K,55,0
Satsunai,left,9,overflow,plus4K,55.2,0
Satsunai,left,9,overflow,plus4K,55.4,0
Satsunai,left,9,overflow,plus4K,55.6,0
Satsunai,left,9,overflow,plus4K,55.8,0
Satsunai,left,9,overflow,plus4K,56,0
Satsunai,left,9,overflow,plus4K,56.2,0
Satsunai,left,9,overflow,plus4K,56.4,0
Satsunai,left,9,overflow,plus4K,56.6,0
Satsunai,left,9,overflow,plus4K,56.8,0.9979
Satsunai,left,9,overflow,plus4K,57,1
Satsunai,left,9,overflow,plus4K,57.2,1
Satsunai,left,9,overflow,plus4K,57.4,1
Satsunai,left,9,overflow,plus4K,57.6,1
Satsunai,left,9,overflow,plus4K,57.8,1
Satsunai,left,9,overflow,plus4K,58,1
Satsunai,left,9,overflow,plus4K,58.2,1
Satsunai,left,9,overflow,plus4K,58.4,1
Satsunai,left,9,overflow,plus4K,58.6,1
Satsunai,left,9,overflow,plus4K,58.8,1
Satsunai,left,9,overflow,plus4K,59,1
Satsunai,left,9,overflow,plus4K,59.2,1
Satsunai,left,9,overflow,plus4K,59.4,1
Satsunai,left,9,overflow,plus4K,59.6,1
Satsunai,left,9.2,overflow,historical,53.6,0
Satsunai,left,9.2,overflow,historical,53.8,0
Satsunai,left,9.2,overflow,historical,54,0
Satsunai,left,9.2,overflow,historical,54.2,0
Satsunai,left,9.2,overflow,historical,54.4,0
Satsunai,left,9.2,overflow,historical,54.6,0
Satsunai,left,9.2,overflow,historical,54.8,0
Satsunai,left,9.2,overflow,historical,55,0
Satsunai,left,9.2,overflow,historical,55.2,0
Satsunai,left,9.2,overflow,historical,55.4,0
Satsunai,left,9.2,overflow,historical,55.6,0
Satsunai,left,9.2,overflow,historical,55.8,0
Satsunai,left,9.2,overflow,historical,56,0
Satsunai,left,9.2,overflow,historical,56.2,0
Satsunai,left,9.2,overflow,historical,56.4,0
Satsunai,left,9.2,overflow,historical,56.6,0
Satsunai,left,9.2,overflow,historical,56.8,0
Satsunai,left,9.2,overflow,historical,57,0
Satsunai,left,9.2,overflow,historical,57.2,0
Satsunai,left,9.2,overflow,historical,57.4,0
Satsunai,left,9.2,overflow,historical,57.6,0
Satsunai,left,9.2,overflow,historical,57.8,1
Satsunai,left,9.2,overflow,historical,58,1
Satsunai,left,9.2,overflow,historical,58.2,1
Satsunai,left,9.2,overflow,historical,58.4,1
Satsunai,left,9.2,overflow,historical,58.6,1
Satsunai,left,9.2,overflow,historical,58.8,1
Satsunai,left,9.2,overflow,historical,59,1
Satsunai,left,9.2,overflow,historical,59.2,1
Satsunai,left,9.2,overflow,historical,59.4,1
Satsunai,left,9.2,overflow,historical,59.6,1
Satsunai,left,9.2,overflow,historical,59.8,1
Satsunai,left,9.2,overflow,historical,60,1
Satsunai,left,9.2,overflow,historical,60.2,1
Satsunai,left,9.2,overflow,historical,60.4,1
Satsunai,left,9.2,overflow,historical,60.6,1
Satsunai,left,9.2,overflow,plus4K,53.6,0
Satsunai,left,9.2,overflow,plus4K,53.8,0
Satsunai,left,9.2,overflow,plus4K,54,0
Satsunai,left,9.2,overflow,plus4K,54.2,0
Satsunai,left,9.2,overflow,plus4K,54.4,0
Satsunai,left,9.2,overflow,plus4K,54.6,0
Satsunai,left,9.2,overflow,plus4K,54.8,0
Satsunai,left,9.2,overflow,plus4K,55,0
Satsunai,left,9.2,overflow,plus4K,55.2,0
Satsunai,left,9.2,overflow,plus4K,55.4,0
Satsunai,left,9.2,overflow,plus4K,55.6,0
Satsunai,left,9.2,overflow,plus4K,55.8,0
Satsunai,left,9.2,overflow,plus4K,56,0
Satsunai,left,9.2,overflow,plus4K,56.2,0
Satsunai,left,9.2,overflow,plus4K,56.4,0
Satsunai,left,9.2,overflow,plus4K,56.6,0
Satsunai,left,9.2,overflow,plus4K,56.8,0
Satsunai,left,9.2,overflow,plus4K,57,0
Satsunai,left,9.2,overflow,plus4K,57.2,0
Satsunai,left,9.2,overflow,plus4K,57.4,0
Satsunai,left,9.2,overflow,plus4K,57.6,0
Satsunai,left,9.2,overflow,plus4K,57.8,1
Satsunai,left,9.2,overflow,plus4K,58,1
Satsunai,left,9.2,overflow,plus4K,58.2,1
Satsunai,left,9.2,overflow,plus4K,58.4,1
Satsunai,left,9.2,overflow,plus4K,58.6,1
Satsunai,left,9.2,overflow,plus4K,58.8,1
Satsunai,left,9.2,overflow,plus4K,59,1
Satsunai,left,9.2,overflow,plus4K,59.2,1
Satsunai,left,9.2,overflow,plus4K,59.4,1
Satsunai,left,9.2,overflow,plus4K,59.6,1
Satsunai,left,9.2,overflow,plus4K,59.8,1
Satsunai,left,9.2,overflow,plus4K,60,1
Satsunai,left,9.2,overflow,plus4K,60.2,1
Satsunai,left,9.2,overflow,plus4K,60.4,1
Satsunai,left,9.2,overflow,plus4K,60.6,1
Satsunai,left,9.4,overflow,historical,54.2,0
Satsunai,left,9.4,overflow,historical,54.4,0
Satsunai,left,9.4,overflow,historical,54.6,0
Satsunai,left,9.4,overflow,historical,54.8,0
Satsunai,left,9.4,overflow,historical,55,0
Satsunai,left,9.4,overflow,historical,55.2,0
Satsunai,left,9.4,overflow,historical,55.4,0
Satsunai,left,9.4,overflow,historical,55.6,0
Satsunai,left,9.4,overflow,historical,55.8,0
Satsunai,left,9.4,overflow,historical,56,0.0001
Satsunai,left,9.4,overflow,historical,56.2,0.0001
Satsunai,left,9.4,overflow,historical,56.4,0.0003
Satsunai,left,9.4,overflow,historical,56.6,0.0009
Satsunai,left,9.4,overflow,historical,56.8,0.0016
Satsunai,left,9.4,overflow,historical,57,0.0034
Satsunai,left,9.4,overflow,historical,57.2,0.0058
Satsunai,left,9.4,overflow,historical,57.4,0.011
Satsunai,left,9.4,overflow,historical,57.6,0.0203
Satsunai,left,9.4,overflow,historical,57.8,0.0357
Satsunai,left,9.4,overflow,historical,58,0.0583
Satsunai,left,9.4,overflow,historical,58.2,0.0966
Satsunai,left,9.4,overflow,historical,58.4,0.1454
Satsunai,left,9.4,overflow,historical,58.6,0.2146
Satsunai,left,9.4,overflow,historical,58.8,0.296
Satsunai,left,9.4,overflow,historical,59,0.3926
Satsunai,left,9.4,overflow,historical,59.2,0.4931
Satsunai,left,9.4,overflow,historical,59.4,0.5923
Satsunai,left,9.4,overflow,historical,59.6,0.6906
Satsunai,left,9.4,overflow,historical,59.8,0.7755
Satsunai,left,9.4,overflow,historical,60,0.8431
Satsunai,left,9.4,overflow,historical,60.2,0.8985
Satsunai,left,9.4,overflow,historical,60.4,0.9382
Satsunai,left,9.4,overflow,historical,60.6,0.9633
Satsunai,left,9.4,overflow,historical,60.8,0.9791
Satsunai,left,9.4,overflow,historical,61,0.9884
Satsunai,left,9.4,overflow,historical,61.2,0.9947
Satsunai,left,9.4,overflow,historical,61.4,0.9974
Satsunai,left,9.4,overflow,historical,61.6,0.9988
Satsunai,left,9.4,overflow,historical,61.8,0.9996
Satsunai,left,9.4,overflow,historical,62,0.9999
Satsunai,left,9.4,overflow,plus4K,54.2,0
Satsunai,left,9.4,overflow,plus4K,54.4,0
Satsunai,left,9.4,overflow,plus4K,54.6,0
Satsunai,left,9.4,overflow,plus4K,54.8,0
Satsunai,left,9.4,overflow,plus4K,55,0
Satsunai,left,9.4,overflow,plus4K,55.2,0
Satsunai,left,9.4,overflow,plus4K,55.4,0
Satsunai,left,9.4,overflow,plus4K,55.6,0
Satsunai,left,9.4,overflow,plus4K,55.8,0
Satsunai,left,9.4,overflow,plus4K,56,0.0001
Satsunai,left,9.4,overflow,plus4K,56.2,0.0001
Satsunai,left,9.4,overflow,plus4K,56.4,0.0003
Satsunai,left,9.4,overflow,plus4K,56.6,0.0009
Satsunai,left,9.4,overflow,plus4K,56.8,0.0016
Satsunai,left,9.4,overflow,plus4K,57,0.0034
Satsunai,left,9.4,overflow,plus4K,57.2,0.0058
Satsunai,left,9.4,overflow,plus4K,57.4,0.011
Satsunai,left,9.4,overflow,plus4K,57.6,0.0203
Satsunai,left,9.4,overflow,plus4K,57.8,0.0357
Satsunai,left,9.4,overflow,plus4K,58,0.0583
Satsunai,left,9.4,overflow,plus4K,58.2,0.0966
Satsunai,left,9.4,overflow,plus4K,58.4,0.1454
Satsunai,left,9.4,overflow,plus4K,58.6,0.2146
Satsunai,left,9.4,overflow,plus4K,58.8,0.296
Satsunai,left,9.4,overflow,plus4K,59,0.3926
Satsunai,left,9.4,overflow,plus4K,59.2,0.4931
Satsunai,left,9.4,overflow,plus4K,59.4,0.5923
Satsunai,left,9.4,overflow,plus4K,59.6,0.6906
Satsunai,left,9.4,overflow,plus4K,59.8,0.7755
Satsunai,left,9.4,overflow,plus4K,60,0.8431
Satsunai,left,9.4,overflow,plus4K,60.2,0.8985
Satsunai,left,9.4,overflow,plus4K,60.4,0.9382
Satsunai,left,9.4,overflow,plus4K,60.6,0.9633
Satsunai,left,9.4,overflow,plus4K,60.8,0.9791
Satsunai,left,9.4,overflow,plus4K,61,0.9884
Satsunai,left,9.4,overflow,plus4K,61.2,0.9947
Satsunai,left,9.4,overflow,plus4K,61.4,0.9974
Satsunai,left,9.4,overflow,plus4K,61.6,0.9988
Satsunai,left,9.4,overflow,plus4K,61.8,0.9996
Satsunai,left,9.4,overflow,plus4K,62,0.9999
Satsunai,left,9.6,overflow,historical,55,0
Satsunai,left,9.6,overflow,historical,55.2,0
Satsunai,left,9.6,overflow,historical,55.4,0
Satsunai,left,9.6,overflow,historical,55.6,0
Satsunai,left,9.6,overflow,historical,55.8,0
Satsunai,left,9.6,overflow,historical,56,0
Satsunai,left,9.6,overflow,historical,56.2,0
Satsunai,left,9.6,overflow,historical,56.4,0
Satsunai,left,9.6,overflow,historical,56.6,0
Satsunai,left,9.6,overflow,historical,56.8,0
Satsunai,left,9.6,overflow,historical,57,0
Satsunai,left,9.6,overflow,historical,57.2,0
Satsunai,left,9.6,overflow,historical,57.4,0
Satsunai,left,9.6,overflow,historical,57.6,0
Satsunai,left,9.6,overflow,historical,57.8,0
Satsunai,left,9.6,overflow,historical,58,0
Satsunai,left,9.6,overflow,historical,58.2,0
Satsunai,left,9.6,overflow,historical,58.4,0
Satsunai,left,9.6,overflow,historical,58.6,0
Satsunai,left,9.6,overflow,historical,58.8,0
Satsunai,left,9.6,overflow,historical,59,0
Satsunai,left,9.6,overflow,historical,59.2,0
Satsunai,left,9.6,overflow,historical,59.4,0
Satsunai,left,9.6,overflow,historical,59.6,0.0008
Satsunai,left,9.6,overflow,historical,59.8,0.0885
Satsunai,left,9.6,overflow,historical,60,0.6234
Satsunai,left,9.6,overflow,historical,60.2,0.9793
Satsunai,left,9.6,overflow,historical,60.4,0.9999
Satsunai,left,9.6,overflow,historical,60.6,1
Satsunai,left,9.6,overflow,historical,60.8,1
Satsunai,left,9.6,overflow,historical,61,1
Satsunai,left,9.6,overflow,historical,61.2,1
Satsunai,left,9.6,overflow,historical,61.4,1
Satsunai,left,9.6,overflow,historical,61.6,1
Satsunai,left,9.6,overflow,historical,61.8,1
Satsunai,left,9.6,overflow,historical,62,1
Satsunai,left,9.6,overflow,historical,62.2,1
Satsunai,left,9.6,overflow,historical,62.4,1
Satsunai,left,9.6,overflow,historical,62.6,1
Satsunai,left,9.6,overflow,historical,62.8,1
Satsunai,left,9.6,overflow,plus4K,55,0
Satsunai,left,9.6,overflow,plus4K,55.2,0
Satsunai,left,9.6,overflow,plus4K,55.4,0
Satsunai,left,9.6,overflow,plus4K,55.6,0
Satsunai,left,9.6,overflow,plus4K,55.8,0
Satsunai,left,9.6,overflow,plus4K,56,0
Satsunai,left,9.6,overflow,plus4K,56.2,0
Satsunai,left,9.6,overflow,plus4K,56.4,0
Satsunai,left,9.6,overflow,plus4K,56.6,0
Satsunai,left,9.6,overflow,plus4K,56.8,0
Satsunai,left,9.6,overflow,plus4K,57,0
Satsunai,left,9.6,overflow,plus4K,57.2,0
Satsunai,left,9.6,overflow,plus4K,57.4,0
Satsunai,left,9.6,overflow,plus4K,57.6,0
Satsunai,left,9.6,overflow,plus4K,57.8,0
Satsunai,left,9.6,overflow,plus4K,58,0
Satsunai,left,9.6,overflow,plus4K,58.2,0
Satsunai,left,9.6,overflow,plus4K,58.4,0
Satsunai,left,9.6,overflow,plus4K,58.6,0
Satsunai,left,9.6,overflow,plus4K,58.8,0
Satsunai,left,9.6,overflow,plus4K,59,0
Satsunai,left,9.6,overflow,plus4K,59.2,0
Satsunai,left,9.6,overflow,plus4K,59.4,0
Satsunai,left,9.6,overflow,plus4K,59.6,0.0008
Satsunai,left,9.6,overflow,plus4K,59.8,0.0885
Satsunai,left,9.6,overflow,plus4K,60,0.6234
Satsunai,left,9.6,overflow,plus4K,60.2,0.9793
Satsunai,left,9.6,overflow,plus4K,60.4,0.9999
Satsunai,left,9.6,overflow,plus4K,60.6,1
Satsunai,left,9.6,overflow,plus4K,60.8,1
Satsunai,left,9.6,overflow,plus4K,61,1
Satsunai,left,9.6,overflow,plus4K,61.2,1
Satsunai,left,9.6,overflow,plus4K,61.4,1
Satsunai,left,9.6,overflow,plus4K,61.6,1
Satsunai,left,9.6,overflow,plus4K,61.8,1
Satsunai,left,9.6,overflow,plus4K,62,1
Satsunai,left,9.6,overflow,plus4K,62.2,1
Satsunai,left,9.6,overflow,plus4K,62.4,1
Satsunai,left,9.6,overflow,plus4K,62.6,1
Satsunai,left,9.6,overflow,plus4K,62.8,1
Satsunai,left,9.8,overflow,historical,56,0
Satsunai,left,9.8,overflow,historical,56.2,0
Satsunai,left,9.8,overflow,historical,56.4,0
Satsunai,left,9.8,overflow,historical,56.6,0
Satsunai,left,9.8,overflow,historical,56.8,0
Satsunai,left,9.8,overflow,historical,57,0
Satsunai,left,9.8,overflow,historical,57.2,0
Satsunai,left,9.8,overflow,historical,57.4,0
Satsunai,left,9.8,overflow,historical,57.6,0
Satsunai,left,9.8,overflow,historical,57.8,0
Satsunai,left,9.8,overflow,historical,58,0
Satsunai,left,9.8,overflow,historical,58.2,0
Satsunai,left,9.8,overflow,historical,58.4,0
Satsunai,left,9.8,overflow,historical,58.6,0
Satsunai,left,9.8,overflow,historical,58.8,0
Satsunai,left,9.8,overflow,historical,59,0
Satsunai,left,9.8,overflow,historical,59.2,0
Satsunai,left,9.8,overflow,historical,59.4,0
Satsunai,left,9.8,overflow,historical,59.6,0
Satsunai,left,9.8,overflow,historical,59.8,0
Satsunai,left,9.8,overflow,historical,60,0
Satsunai,left,9.8,overflow,historical,60.2,0
Satsunai,left,9.8,overflow,historical,60.4,0
Satsunai,left,9.8,overflow,historical,60.6,0
Satsunai,left,9.8,overflow,historical,60.8,1
Satsunai,left,9.8,overflow,historical,61,1
Satsunai,left,9.8,overflow,historical,61.2,1
Satsunai,left,9.8,overflow,historical,61.4,1
Satsunai,left,9.8,overflow,historical,61.6,1
Satsunai,left,9.8,overflow,historical,61.8,1
Satsunai,left,9.8,overflow,historical,62,1
Satsunai,left,9.8,overflow,historical,62.2,1
Satsunai,left,9.8,overflow,historical,62.4,1
Satsunai,left,9.8,overflow,historical,62.6,1
Satsunai,left,9.8,overflow,historical,62.8,1
Satsunai,left,9.8,overflow,historical,63,1
Satsunai,left,9.8,overflow,historical,63.2,1
Satsunai,left,9.8,overflow,historical,63.4,1
Satsunai,left,9.8,overflow,historical,63.6,1
Satsunai,left,9.8,overflow,plus4K,56,0
Satsunai,left,9.8,overflow,plus4K,56.2,0
Satsunai,left,9.8,overflow,plus4K,56.4,0
Satsunai,left,9.8,overflow,plus4K,56.6,0
Satsunai,left,9.8,overflow,plus4K,56.8,0
Satsunai,left,9.8,overflow,plus4K,57,0
Satsunai,left,9.8,overflow,plus4K,57.2,0
Satsunai,left,9.8,overflow,plus4K,57.4,0
Satsunai,left,9.8,overflow,plus4K,57.6,0
Satsunai,left,9.8,overflow,plus4K,57.8,0
Satsunai,left,9.8,overflow,plus4K,58,0
Satsunai,left,9.8,overflow,plus4K,58.2,0
Satsunai,left,9.8,overflow,plus4K,58.4,0
Satsunai,left,9.8,overflow,plus4K,58.6,0
Satsunai,left,9.8,overflow,plus4K,58.8,0
Satsunai,left,9.8,overflow,plus4K,59,0
Satsunai,left,9.8,overflow,plus4K,59.2,0
Satsunai,left,9.8,overflow,plus4K,59.4,0
Satsunai,left,9.8,overflow,plus4K,59.6,0
Satsunai,left,9.8,overflow,plus4K,59.8,0
Satsunai,left,9.8,overflow,plus4K,60,0
Satsunai,left,9.8,overflow,plus4K,60.2,0
Satsunai,left,9.8,overflow,plus4K,60.4,0
Satsunai,left,9.8,overflow,plus4K,60.6,0
Satsunai,left,9.8,overflow,plus4K,60.8,1
Satsunai,left,9.8,overflow,plus4K,61,1
Satsunai,left,9.8,overflow,plus4K,61.2,1
Satsunai,left,9.8,overflow,plus4K,61.4,1
Satsunai,left,9.8,overflow,plus4K,61.6,1
Satsunai,left,9.8,overflow,plus4K,61.8,1
Satsunai,left,9.8,overflow,plus4K,62,1
Satsunai,left,9.8,overflow,plus4K,62.2,1
Satsunai,left,9.8,overflow,plus4K,62.4,1
Satsunai,left,9.8,overflow,plus4K,62.6,1
Satsunai,left,9.8,overflow,plus4K,62.8,1
Satsunai,left,9.8,overflow,plus4K,63,1
Satsunai,left,9.8,overflow,plus4K,63.2,1
Satsunai,left,9.8,overflow,plus4K,63.4,1
Satsunai,left,9.8,overflow,plus4K,63.6,1
Satsunai,left,10,overflow,historical,56.4,0
Satsunai,left,10,overflow,historical,56.6,0
Satsunai,left,10,overflow,historical,56.8,0
Satsunai,left,10,overflow,historical,57,0
Satsunai,left,10,overflow,historical,57.2,0
Satsunai,left,10,overflow,historical,57.4,0
Satsunai,left,10,overflow,historical,57.6,0
Satsunai,left,10,overflow,historical,57.8,0
Satsunai,left,10,overflow,historical,58,0
Satsunai,left,10,overflow,historical,58.2,0
Satsunai,left,10,overflow,historical,58.4,0
Satsunai,left,10,overflow,historical,58.6,0
Satsunai,left,10,overflow,historical,58.8,0
Satsunai,left,10,overflow,historical,59,0
Satsunai,left,10,overflow,historical,59.2,0
Satsunai,left,10,overflow,historical,59.4,0
Satsunai,left,10,overflow,historical,59.6,0
Satsunai,left,10,overflow,historical,59.8,0
Satsunai,left,10,overflow,historical,60,0
Satsunai,left,10,overflow,historical,60.2,0
Satsunai,left,10,overflow,historical,60.4,0
Satsunai,left,10,overflow,historical,60.6,0
Satsunai,left,10,overflow,historical,60.8,0
Satsunai,left,10,overflow,historical,61,0
Satsunai,left,10,overflow,historical,61.2,0
Satsunai,left,10,overflow,historical,61.4,0
Satsunai,left,10,overflow,historical,61.6,1
Satsunai,left,10,overflow,historical,61.8,1
Satsunai,left,10,overflow,historical,62,1
Satsunai,left,10,overflow,historical,62.2,1
Satsunai,left,10,overflow,historical,62.4,1
Satsunai,left,10,overflow,historical,62.6,1
Satsunai,left,10,overflow,historical,62.8,1
Satsunai,left,10,overflow,historical,63,1
Satsunai,left,10,overflow,historical,63.2,1
Satsunai,left,10,overflow,historical,63.4,1
Satsunai,left,10,overflow,historical,63.6,1
Satsunai,left,10,overflow,historical,63.8,1
Satsunai,left,10,overflow,historical,64,1
Satsunai,left,10,overflow,historical,64.2,1
Satsunai,left,10,overflow,plus4K,56.4,0
Satsunai,left,10,overflow,plus4K,56.6,0
Satsunai,left,10,overflow,plus4K,56.8,0
Satsunai,left,10,overflow,plus4K,57,0
Satsunai,left,10,overflow,plus4K,57.2,0
Satsunai,left,10,overflow,plus4K,57.4,0
Satsunai,left,10,overflow,plus4K,57.6,0
Satsunai,left,10,overflow,plus4K,57.8,0
Satsunai,left,10,overflow,plus4K,58,0
Satsunai,left,10,overflow,plus4K,58.2,0
Satsunai,left,10,overflow,plus4K,58.4,0
Satsunai,left,10,overflow,plus4K,58.6,0
Satsunai,left,10,overflow,plus4K,58.8,0
Satsunai,left,10,overflow,plus4K,59,0
Satsunai,left,10,overflow,plus4K,59.2,0
Satsunai,left,10,overflow,plus4K,59.4,0
Satsunai,left,10,overflow,plus4K,59.6,0
Satsunai,left,10,overflow,plus4K,59.8,0
Satsunai,left,10,overflow,plus4K,60,0
Satsunai,left,10,overflow,plus4K,60.2,0
Satsunai,left,10,overflow,plus4K,60.4,0
Satsunai,left,10,overflow,plus4K,60.6,0
Satsunai,left,10,overflow,plus4K,60.8,0
Satsunai,left,10,overflow,plus4K,61,0
Satsunai,left,10,overflow,plus4K,61.2,0
Satsunai,left,10,overflow,plus4K,61.4,0
Satsunai,left,10,overflow,plus4K,61.6,1
Satsunai,left,10,overflow,plus4K,61.8,1
Satsunai,left,10,overflow,plus4K,62,1
Satsunai,left,10,overflow,plus4K,62.2,1
Satsunai,left,10,overflow,plus4K,62.4,1
Satsunai,left,10,overflow,plus4K,62.6,1
Satsunai,left,10,overflow,plus4K,62.8,1
Satsunai,left,10,overflow,plus4K,63,1
Satsunai,left,10,overflow,plus4K,63.2,1
Satsunai,left,10,overflow,plus4K,63.4,1
Satsunai,left,10,overflow,plus4K,63.6,1
Satsunai,left,10,overflow,plus4K,63.8,1
Satsunai,left,10,overflow,plus4K,64,1
Satsunai,left,10,overflow,plus4K,64.2,1
Satsunai,left,10.2,overflow,historical,57.6,0
Satsunai,left,10.2,overflow,historical,57.8,0
Satsunai,left,10.2,overflow,historical,58,0
Satsunai,left,10.2,overflow,historical,58.2,0
Satsunai,left,10.2,overflow,historical,58.4,0
Satsunai,left,10.2,overflow,historical,58.6,0
Satsunai,left,10.2,overflow,historical,58.8,0
Satsunai,left,10.2,overflow,historical,59,0
Satsunai,left,10.2,overflow,historical,59.2,0
Satsunai,left,10.2,overflow,historical,59.4,0
Satsunai,left,10.2,overflow,historical,59.6,0
Satsunai,left,10.2,overflow,historical,59.8,0
Satsunai,left,10.2,overflow,historical,60,0
Satsunai,left,10.2,overflow,historical,60.2,0
Satsunai,left,10.2,overflow,historical,60.4,0
Satsunai,left,10.2,overflow,historical,60.6,0
Satsunai,left,10.2,overflow,historical,60.8,0
Satsunai,left,10.2,overflow,historical,61,0
Satsunai,left,10.2,overflow,historical,61.2,0
Satsunai,left,10.2,overflow,historical,61.4,0
Satsunai,left,10.2,overflow,historical,61.6,0
Satsunai,left,10.2,overflow,historical,61.8,0
Satsunai,left,10.2,overflow,historical,62,0
Satsunai,left,10.2,overflow,historical,62.2,0
Satsunai,left,10.2,overflow,historical,62.4,1
Satsunai,left,10.2,overflow,historical,62.6,1
Satsunai,left,10.2,overflow,historical,62.8,1
Satsunai,left,10.2,overflow,historical,63,1
Satsunai,left,10.2,overflow,historical,63.2,1
Satsunai,left,10.2,overflow,historical,63.4,1
Satsunai,left,10.2,overflow,historical,63.6,1
Satsunai,left,10.2,overflow,historical,63.8,1
Satsunai,left,10.2,overflow,historical,64,1
Satsunai,left,10.2,overflow,historical,64.2,1
Satsunai,left,10.2,overflow,historical,64.4,1
Satsunai,left,10.2,overflow,historical,64.6,1
Satsunai,left,10.2,overflow,historical,64.8,1
Satsunai,left,10.2,overflow,historical,65,1
Satsunai,left,10.2,overflow,plus4K,57.6,0
Satsunai,left,10.2,overflow,plus4K,57.8,0
Satsunai,left,10.2,overflow,plus4K,58,0
Satsunai,left,10.2,overflow,plus4K,58.2,0
Satsunai,left,10.2,overflow,plus4K,58.4,0
Satsunai,left,10.2,overflow,plus4K,58.6,0
Satsunai,left,10.2,overflow,plus4K,58.8,0
Satsunai,left,10.2,overflow,plus4K,59,0
Satsunai,left,10.2,overflow,plus4K,59.2,0
Satsunai,left,10.2,overflow,plus4K,59.4,0
Satsunai,left,10.2,overflow,plus4K,59.6,0
Satsunai,left,10.2,overflow,plus4K,59.8,0
Satsunai,left,10.2,overflow,plus4K,60,0
Satsunai,left,10.2,overflow,plus4K,60.2,0
Satsunai,left,10.2,overflow,plus4K,60.4,0
Satsunai,left,10.2,overflow,plus4K,60.6,0
Satsunai,left,10.2,overflow,plus4K,60.8,0
Satsunai,left,10.2,overflow,plus4K,61,0
Satsunai,left,10.2,overflow,plus4K,61.2,0
Satsunai,left,10.2,overflow,plus4K,61.4,0
Satsunai,left,10.2,overflow,plus4K,61.6,0
Satsunai,left,10.2,overflow,plus4K,61.8,0
Satsunai,left,10.2,overflow,plus4K,62,0
Satsunai,left,10.2,overflow,plus4K,62.2,0
Satsunai,left,10.2,overflow,plus4K,62.4,1
Satsunai,left,10.2,overflow,plus4K,62.6,1
Satsunai,left,10.2,overflow,plus4K,62.8,1
Satsunai,left,10.2,overflow,plus4K,63,1
Satsunai,left,10.2,overflow,plus4K,63.2,1
Satsunai,left,10.2,overflow,plus4K,63.4,1
Satsunai,left,10.2,overflow,plus4K,63.6,1
Satsunai,left,10.2,overflow,plus4K,63.8,1
Satsunai,left,10.2,overflow,plus4K,64,1
Satsunai,left,10.2,overflow,plus4K,64.2,1
Satsunai,left,10.2,overflow,plus4K,64.4,1
Satsunai,left,10.2,overflow,plus4K,64.6,1
Satsunai,left,10.2,overflow,plus4K,64.8,1
Satsunai,left,10.2,overflow,plus4K,65,1
Satsunai,left,10.4,overflow,historical,58.2,0
Satsunai,left,10.4,overflow,historical,58.4,0
Satsunai,left,10.4,overflow,historical,58.6,0
Satsunai,left,10.4,overflow,historical,58.8,0
Satsunai,left,10.4,overflow,historical,59,0
Satsunai,left,10.4,overflow,historical,59.2,0
Satsunai,left,10.4,overflow,historical,59.4,0
Satsunai,left,10.4,overflow,historical,59.6,0
Satsunai,left,10.4,overflow,historical,59.8,0
Satsunai,left,10.4,overflow,historical,60,0
Satsunai,left,10.4,overflow,historical,60.2,0
Satsunai,left,10.4,overflow,historical,60.4,0
Satsunai,left,10.4,overflow,historical,60.6,0
Satsunai,left,10.4,overflow,historical,60.8,0
Satsunai,left,10.4,overflow,historical,61,0
Satsunai,left,10.4,overflow,historical,61.2,0
Satsunai,left,10.4,overflow,historical,61.4,0
Satsunai,left,10.4,overflow,historical,61.6,0
Satsunai,left,10.4,overflow,historical,61.8,0
Satsunai,left,10.4,overflow,historical,62,0
Satsunai,left,10.4,overflow,historical,62.2,0
Satsunai,left,10.4,overflow,historical,62.4,0
Satsunai,left,10.4,overflow,historical,62.6,0
Satsunai,left,10.4,overflow,historical,62.8,0
Satsunai,left,10.4,overflow,historical,63,1
Satsunai,left,10.4,overflow,historical,63.2,1
Satsunai,left,10.4,overflow,historical,63.4,1
Satsunai,left,10.4,overflow,historical,63.6,1
Satsunai,left,10.4,overflow,historical,63.8,1
Satsunai,left,10.4,overflow,historical,64,1
Satsunai,left,10.4,overflow,historical,64.2,1
Satsunai,left,10.4,overflow,historical,64.4,1
Satsunai,left,10.4,overflow,historical,64.6,1
Satsunai,left,10.4,overflow,historical,64.8,1
Satsunai,left,10.4,overflow,historical,65,1
Satsunai,left,10.4,overflow,historical,65.2,1
Satsunai,left,10.4,overflow,historical,65.4,1
Satsunai,left,10.4,overflow,historical,65.6,1
Satsunai,left,10.4,overflow,plus4K,58.2,0
Satsunai,left,10.4,overflow,plus4K,58.4,0
Satsunai,left,10.4,overflow,plus4K,58.6,0
Satsunai,left,10.4,overflow,plus4K,58.8,0
Satsunai,left,10.4,overflow,plus4K,59,0
Satsunai,left,10.4,overflow,plus4K,59.2,0
Satsunai,left,10.4,overflow,plus4K,59.4,0
Satsunai,left,10.4,overflow,plus4K,59.6,0
Satsunai,left,10.4,overflow,plus4K,59.8,0
Satsunai,left,10.4,overflow,plus4K,60,0
Satsunai,left,10.4,overflow,plus4K,60.2,0
Satsunai,left,10.4,overflow,plus4K,60.4,0
Satsunai,left,10.4,overflow,plus4K,60.6,0
Satsunai,left,10.4,overflow,plus4K,60.8,0
Satsunai,left,10.4,overflow,plus4K,61,0
Satsunai,left,10.4,overflow,plus4K,61.2,0
Satsunai,left,10.4,overflow,plus4K,61.4,0
Satsunai,left,10.4,overflow,plus4K,61.6,0
Satsunai,left,10.4,overflow,plus4K,61.8,0
Satsunai,left,10.4,overflow,plus4K,62,0
Satsunai,left,10.4,overflow,plus4K,62.2,0
Satsunai,left,10.4,overflow,plus4K,62.4,0
Satsunai,left,10.4,overflow,plus4K,62.6,0
Satsunai,left,10.4,overflow,plus4K,62.8,0
Satsunai,left,10.4,overflow,plus4K,63,1
Satsunai,left,10.4,overflow,plus4K,63.2,1
Satsunai,left,10.4,overflow,plus4K,63.4,1
Satsunai,left,10.4,overflow,plus4K,63.6,1
Satsunai,left,10.4,overflow,plus4K,63.8,1
Satsunai,left,10.4,overflow,plus4K,64,1
Satsunai,left,10.4,overflow,plus4K,64.2,1
Satsunai,left,10.4,overflow,plus4K,64.4,1
Satsunai,left,10.4,overflow,plus4K,64.6,1
Satsunai,left,10.4,overflow,plus4K,64.8,1
Satsunai,left,10.4,overflow,plus4K,65,1
Satsunai,left,10.4,overflow,plus4K,65.2,1
Satsunai,left,10.4,overflow,plus4K,65.4,1
Satsunai,left,10.4,overflow,plus4K,65.6,1
Satsunai,left,10.6,overflow,historical,58.8,0
Satsunai,left,10.6,overflow,historical,59,0
Satsunai,left,10.6,overflow,historical,59.2,0
Satsunai,left,10.6,overflow,historical,59.4,0
Satsunai,left,10.6,overflow,historical,59.6,0
Satsunai,left,10.6,overflow,historical,59.8,0
Satsunai,left,10.6,overflow,historical,60,0
Satsunai,left,10.6,overflow,historical,60.2,0
Satsunai,left,10.6,overflow,historical,60.4,0
Satsunai,left,10.6,overflow,historical,60.6,0
Satsunai,left,10.6,overflow,historical,60.8,0
Satsunai,left,10.6,overflow,historical,61,0
Satsunai,left,10.6,overflow,historical,61.2,0
Satsunai,left,10.6,overflow,historical,61.4,0
Satsunai,left,10.6,overflow,historical,61.6,0
Satsunai,left,10.6,overflow,historical,61.8,0
Satsunai,left,10.6,overflow,historical,62,0
Satsunai,left,10.6,overflow,historical,62.2,0
Satsunai,left,10.6,overflow,historical,62.4,0
Satsunai,left,10.6,overflow,historical,62.6,0
Satsunai,left,10.6,overflow,historical,62.8,0
Satsunai,left,10.6,overflow,historical,63,0
Satsunai,left,10.6,overflow,historical,63.2,0
Satsunai,left,10.6,overflow,historical,63.4,0
Satsunai,left,10.6,overflow,historical,63.6,1
Satsunai,left,10.6,overflow,historical,63.8,1
Satsunai,left,10.6,overflow,historical,64,1
Satsunai,left,10.6,overflow,historical,64.2,1
Satsunai,left,10.6,overflow,historical,64.4,1
Satsunai,left,10.6,overflow,historical,64.6,1
Satsunai,left,10.6,overflow,historical,64.8,1
Satsunai,left,10.6,overflow,historical,65,1
Satsunai,left,10.6,overflow,historical,65.2,1
Satsunai,left,10.6,overflow,historical,65.4,1
Satsunai,left,10.6,overflow,historical,65.6,1
Satsunai,left,10.6,overflow,historical,65.8,1
Satsunai,left,10.6,overflow,historical,66,1
Satsunai,left,10.6,overflow,historical,66.2,1
Satsunai,left,10.6,overflow,historical,66.4,1
Satsunai,left,10.6,overflow,plus4K,58.8,0
Satsunai,left,10.6,overflow,plus4K,59,0
Satsunai,left,10.6,overflow,plus4K,59.2,0
Satsunai,left,10.6,overflow,plus4K,59.4,0
Satsunai,left,10.6,overflow,plus4K,59.6,0
Satsunai,left,10.6,overflow,plus4K,59.8,0
Satsunai,left,10.6,overflow,plus4K,60,0
Satsunai,left,10.6,overflow,plus4K,60.2,0
Satsunai,left,10.6,overflow,plus4K,60.4,0
Satsunai,left,10.6,overflow,plus4K,60.6,0
Satsunai,left,10.6,overflow,plus4K,60.8,0
Satsunai,left,10.6,overflow,plus4K,61,0
Satsunai,left,10.6,overflow,plus4K,61.2,0
Satsunai,left,10.6,overflow,plus4K,61.4,0
Satsunai,left,10.6,overflow,plus4K,61.6,0
Satsunai,left,10.6,overflow,plus4K,61.8,0
Satsunai,left,10.6,overflow,plus4K,62,0
Satsunai,left,10.6,overflow,plus4K,62.2,0
Satsunai,left,10.6,overflow,plus4K,62.4,0
Satsunai,left,10.6,overflow,plus4K,62.6,0
Satsunai,left,10.6,overflow,plus4K,62.8,0
Satsunai,left,10.6,overflow,plus4K,63,0
Satsunai,left,10.6,overflow,plus4K,63.2,0
Satsunai,left,10.6,overflow,plus4K,63.4,0
Satsunai,left,10.6,overflow,plus4K,63.6,1
Satsunai,left,10.6,overflow,plus4K,63.8,1
Satsunai,left,10.6,overflow,plus4K,64,1
Satsunai,left,10.6,overflow,plus4K,64.2,1
Satsunai,left,10.6,overflow,plus4K,64.4,1
Satsunai,left,10.6,overflow,plus4K,64.6,1
Satsunai,left,10.6,overflow,plus4K,64.8,1
Satsunai,left,10.6,overflow,plus4K,65,1
Satsunai,left,10.6,overflow,plus4K,65.2,1
Satsunai,left,10.6,overflow,plus4K,65.4,1
Satsunai,left,10.6,overflow,plus4K,65.6,1
Satsunai,left,10.6,overflow,plus4K,65.8,1
Satsunai,left,10.6,overflow,plus4K,66,1
Satsunai,left,10.6,overflow,plus4K,66.2,1
Satsunai,left,10.6,overflow,plus4K,66.4,1
Satsunai,left,10.8,overflow,historical,61.4,0
Satsunai,left,10.8,overflow,historical,61.6,0
Satsunai,left,10.8,overflow,historical,61.8,0
Satsunai,left,10.8,overflow,historical,62,0
Satsunai,left,10.8,overflow,historical,62.2,0
Satsunai,left,10.8,overflow,historical,62.4,0
Satsunai,left,10.8,overflow,historical,62.6,0
Satsunai,left,10.8,overflow,historical,62.8,0
Satsunai,left,10.8,overflow,historical,63,0
Satsunai,left,10.8,overflow,historical,63.2,0
Satsunai,left,10.8,overflow,historical,63.4,0
Satsunai,left,10.8,overflow,historical,63.6,0
Satsunai,left,10.8,overflow,historical,63.8,0
Satsunai,left,10.8,overflow,historical,64,0
Satsunai,left,10.8,overflow,historical,64.2,0
Satsunai,left,10.8,overflow,historical,64.4,0
Satsunai,left,10.8,overflow,historical,64.6,0
Satsunai,left,10.8,overflow,historical,64.8,1
Satsunai,left,10.8,overflow,historical,65,1
Satsunai,left,10.8,overflow,historical,65.2,1
Satsunai,left,10.8,overflow,historical,65.4,1
Satsunai,left,10.8,overflow,historical,65.6,1
Satsunai,left,10.8,overflow,historical,65.8,1
Satsunai,left,10.8,overflow,historical,66,1
Satsunai,left,10.8,overflow,historical,66.2,1
Satsunai,left,10.8,overflow,historical,66.4,1
Satsunai,left,10.8,overflow,historical,66.6,1
Satsunai,left,10.8,overflow,historical,66.8,1
Satsunai,left,10.8,overflow,historical,67,1
Satsunai,left,10.8,overflow,historical,67.2,1
Satsunai,left,10.8,overflow,historical,67.4,1
Satsunai,left,10.8,overflow,historical,67.6,1
Satsunai,left,10.8,overflow,plus4K,61.4,0
Satsunai,left,10.8,overflow,plus4K,61.6,0
Satsunai,left,10.8,overflow,plus4K,61.8,0
Satsunai,left,10.8,overflow,plus4K,62,0
Satsunai,left,10.8,overflow,plus4K,62.2,0
Satsunai,left,10.8,overflow,plus4K,62.4,0
Satsunai,left,10.8,overflow,plus4K,62.6,0
Satsunai,left,10.8,overflow,plus4K,62.8,0
Satsunai,left,10.8,overflow,plus4K,63,0
Satsunai,left,10.8,overflow,plus4K,63.2,0
Satsunai,left,10.8,overflow,plus4K,63.4,0
Satsunai,left,10.8,overflow,plus4K,63.6,0
Satsunai,left,10.8,overflow,plus4K,63.8,0
Satsunai,left,10.8,overflow,plus4K,64,0
Satsunai,left,10.8,overflow,plus4K,64.2,0
Satsunai,left,10.8,overflow,plus4K,64.4,0
Satsunai,left,10.8,overflow,plus4K,64.6,0
Satsunai,left,10.8,overflow,plus4K,64.8,1
Satsunai,left,10.8,overflow,plus4K,65,1
Satsunai,left,10.8,overflow,plus4K,65.2,1
Satsunai,left,10.8,overflow,plus4K,65.4,1
Satsunai,left,10.8,overflow,plus4K,65.6,1
Satsunai,left,10.8,overflow,plus4K,65.8,1
Satsunai,left,10.8,overflow,plus4K,66,1
Satsunai,left,10.8,overflow,plus4K,66.2,1
Satsunai,left,10.8,overflow,plus4K,66.4,1
Satsunai,left,10.8,overflow,plus4K,66.6,1
Satsunai,left,10.8,overflow,plus4K,66.8,1
Satsunai,left,10.8,overflow,plus4K,67,1
Satsunai,left,10.8,overflow,plus4K,67.2,1
Satsunai,left,10.8,overflow,plus4K,67.4,1
Satsunai,left,10.8,overflow,plus4K,67.6,1
Satsunai,left,11,overflow,historical,61.6,0
Satsunai,left,11,overflow,historical,61.8,0
Satsunai,left,11,overflow,historical,62,0
Satsunai,left,11,overflow,historical,62.2,0
Satsunai,left,11,overflow,historical,62.4,0
Satsunai,left,11,overflow,historical,62.6,0
Satsunai,left,11,overflow,historical,62.8,0
Satsunai,left,11,overflow,historical,63,0
Satsunai,left,11,overflow,historical,63.2,0
Satsunai,left,11,overflow,historical,63.4,0
Satsunai,left,11,overflow,historical,63.6,0
Satsunai,left,11,overflow,historical,63.8,0
Satsunai,left,11,overflow,historical,64,0
Satsunai,left,11,overflow,historical,64.2,0
Satsunai,left,11,overflow,historical,64.4,0
Satsunai,left,11,overflow,historical,64.6,0
Satsunai,left,11,overflow,historical,64.8,0
Satsunai,left,11,overflow,historical,65,0.8603
Satsunai,left,11,overflow,historical,65.2,1
Satsunai,left,11,overflow,historical,65.4,1
Satsunai,left,11,overflow,historical,65.6,1
Satsunai,left,11,overflow,historical,65.8,1
Satsunai,left,11,overflow,historical,66,1
Satsunai,left,11,overflow,historical,66.2,1
Satsunai,left,11,overflow,historical,66.4,1
Satsunai,left,11,overflow,historical,66.6,1
Satsunai,left,11,overflow,historical,66.8,1
Satsunai,left,11,overflow,historical,67,1
Satsunai,left,11,overflow,historical,67.2,1
Satsunai,left,11,overflow,historical,67.4,1
Satsunai,left,11,overflow,historical,67.6,1
Satsunai,left,11,overflow,historical,67.8,1
Satsunai,left,11,overflow,plus4K,61.6,0
Satsunai,left,11,overflow,plus4K,61.8,0
Satsunai,left,11,overflow,plus4K,62,0
Satsunai,left,11,overflow,plus4K,62.2,0
Satsunai,left,11,overflow,plus4K,62.4,0
Satsunai,left,11,overflow,plus4K,62.6,0
Satsunai,left,11,overflow,plus4K,62.8,0
Satsunai,left,11,overflow,plus4K,63,0
Satsunai,left,11,overflow,plus4K,63.2,0
Satsunai,left,11,overflow,plus4K,63.4,0
Satsunai,left,11,overflow,plus4K,63.6,0
Satsunai,left,11,overflow,plus4K,63.8,0
Satsunai,left,11,overflow,plus4K,64,0
Satsunai,left,11,overflow,plus4K,64.2,0
Satsunai,left,11,overflow,plus4K,64.4,0
Satsunai,left,11,overflow,plus4K,64.6,0
Satsunai,left,11,overflow,plus4K,64.8,0
Satsunai,left,11,overflow,plus4K,65,0.8603
Satsunai,left,11,overflow,plus4K,65.2,1
Satsunai,left,11,overflow,plus4K,65.4,1
Satsunai,left,11,overflow,plus4K,65.6,1
Satsunai,left,11,overflow,plus4K,65.8,1
Satsunai,left,11,overflow,plus4K,66,1
Satsunai,left,11,overflow,plus4K,66.2,1
Satsunai,left,11,overflow,plus4K,66.4,1
Satsunai,left,11,overflow,plus4K,66.6,1
Satsunai,left,11,overflow,plus4K,66.8,1
Satsunai,left,11,overflow,plus4K,67,1
Satsunai,left,11,overflow,plus4K,67.2,1
Satsunai,left,11,overflow,plus4K,67.4,1
Satsunai,left,11,overflow,plus4K,67.6,1
Satsunai,left,11,overflow,plus4K,67.8,1
Satsunai,left,11.2,overflow,historical,61.6,0
Satsunai,left,11.2,overflow,historical,61.8,0
Satsunai,left,11.2,overflow,historical,62,0
Satsunai,left,11.2,overflow,historical,62.2,0
Satsunai,left,11.2,overflow,historical,62.4,0
Satsunai,left,11.2,overflow,historical,62.6,0
Satsunai,left,11.2,overflow,historical,62.8,0
Satsunai,left,11.2,overflow,historical,63,0
Satsunai,left,11.2,overflow,historical,63.2,0
Satsunai,left,11.2,overflow,historical,63.4,0
Satsunai,left,11.2,overflow,historical,63.6,0
Satsunai,left,11.2,overflow,historical,63.8,0
Satsunai,left,11.2,overflow,historical,64,0
Satsunai,left,11.2,overflow,historical,64.2,0
Satsunai,left,11.2,overflow,historical,64.4,0
Satsunai,left,11.2,overflow,historical,64.6,0
Satsunai,left,11.2,overflow,historical,64.8,0
Satsunai,left,11.2,overflow,historical,65,0
Satsunai,left,11.2,overflow,historical,65.2,0
Satsunai,left,11.2,overflow,historical,65.4,0
Satsunai,left,11.2,overflow,historical,65.6,0
Satsunai,left,11.2,overflow,historical,65.8,0
Satsunai,left,11.2,overflow,historical,66,0.9312
Satsunai,left,11.2,overflow,historical,66.2,1
Satsunai,left,11.2,overflow,historical,66.4,1
Satsunai,left,11.2,overflow,historical,66.6,1
Satsunai,left,11.2,overflow,historical,66.8,1
Satsunai,left,11.2,overflow,historical,67,1
Satsunai,left,11.2,overflow,historical,67.2,1
Satsunai,left,11.2,overflow,historical,67.4,1
Satsunai,left,11.2,overflow,historical,67.6,1
Satsunai,left,11.2,overflow,historical,67.8,1
Satsunai,left,11.2,overflow,historical,68,1
Satsunai,left,11.2,overflow,historical,68.2,1
Satsunai,left,11.2,overflow,historical,68.4,1
Satsunai,left,11.2,overflow,historical,68.6,1
Satsunai,left,11.2,overflow,historical,68.8,1
Satsunai,left,11.2,overflow,plus4K,61.6,0
Satsunai,left,11.2,overflow,plus4K,61.8,0
Satsunai,left,11.2,overflow,plus4K,62,0
Satsunai,left,11.2,overflow,plus4K,62.2,0
Satsunai,left,11.2,overflow,plus4K,62.4,0
Satsunai,left,11.2,overflow,plus4K,62.6,0
Satsunai,left,11.2,overflow,plus4K,62.8,0
Satsunai,left,11.2,overflow,plus4K,63,0
Satsunai,left,11.2,overflow,plus4K,63.2,0
Satsunai,left,11.2,overflow,plus4K,63.4,0
Satsunai,left,11.2,overflow,plus4K,63.6,0
Satsunai,left,11.2,overflow,plus4K,63.8,0
Satsunai,left,11.2,overflow,plus4K,64,0
Satsunai,left,11.2,overflow,plus4K,64.2,0
Satsunai,left,11.2,overflow,plus4K,64.4,0
Satsunai,left,11.2,overflow,plus4K,64.6,0
Satsunai,left,11.2,overflow,plus4K,64.8,0
Satsunai,left,11.2,overflow,plus4K,65,0
Satsunai,left,11.2,overflow,plus4K,65.2,0
Satsunai,left,11.2,overflow,plus4K,65.4,0
Satsunai,left,11.2,overflow,plus4K,65.6,0
Satsunai,left,11.2,overflow,plus4K,65.8,0
Satsunai,left,11.2,overflow,plus4K,66,0.9312
Satsunai,left,11.2,overflow,plus4K,66.2,1
Satsunai,left,11.2,overflow,plus4K,66.4,1
Satsunai,left,11.2,overflow,plus4K,66.6,1
Satsunai,left,11.2,overflow,plus4K,66.8,1
Satsunai,left,11.2,overflow,plus4K,67,1
Satsunai,left,11.2,overflow,plus4K,67.2,1
Satsunai,left,11.2,overflow,plus4K,67.4,1
Satsunai,left,11.2,overflow,plus4K,67.6,1
Satsunai,left,11.2,overflow,plus4K,67.8,1
Satsunai,left,11.2,overflow,plus4K,68,1
Satsunai,left,11.2,overflow,plus4K,68.2,1
Satsunai,left,11.2,overflow,plus4K,68.4,1
Satsunai,left,11.2,overflow,plus4K,68.6,1
Satsunai,left,11.2,overflow,plus4K,68.8,1
Satsunai,left,11.4,overflow,historical,62.2,0
Satsunai,left,11.4,overflow,historical,62.4,0
Satsunai,left,11.4,overflow,historical,62.6,0
Satsunai,left,11.4,overflow,historical,62.8,0
Satsunai,left,11.4,overflow,historical,63,0
Satsunai,left,11.4,overflow,historical,63.2,0
Satsunai,left,11.4,overflow,historical,63.4,0
Satsunai,left,11.4,overflow,historical,63.6,0
Satsunai,left,11.4,overflow,historical,63.8,0
Satsunai,left,11.4,overflow,historical,64,0
Satsunai,left,11.4,overflow,historical,64.2,0
Satsunai,left,11.4,overflow,historical,64.4,0
Satsunai,left,11.4,overflow,historical,64.6,0
Satsunai,left,11.4,overflow,historical,64.8,0
Satsunai,left,11.4,overflow,historical,65,0
Satsunai,left,11.4,overflow,historical,65.2,0
Satsunai,left,11.4,overflow,historical,65.4,0
Satsunai,left,11.4,overflow,historical,65.6,0
Satsunai,left,11.4,overflow,historical,65.8,0
Satsunai,left,11.4,overflow,historical,66,0
Satsunai,left,11.4,overflow,historical,66.2,0
Satsunai,left,11.4,overflow,historical,66.4,0
Satsunai,left,11.4,overflow,historical,66.6,0
Satsunai,left,11.4,overflow,historical,66.8,1
Satsunai,left,11.4,overflow,historical,67,1
Satsunai,left,11.4,overflow,historical,67.2,1
Satsunai,left,11.4,overflow,historical,67.4,1
Satsunai,left,11.4,overflow,historical,67.6,1
Satsunai,left,11.4,overflow,historical,67.8,1
Satsunai,left,11.4,overflow,historical,68,1
Satsunai,left,11.4,overflow,historical,68.2,1
Satsunai,left,11.4,overflow,historical,68.4,1
Satsunai,left,11.4,overflow,historical,68.6,1
Satsunai,left,11.4,overflow,historical,68.8,1
Satsunai,left,11.4,overflow,historical,69,1
Satsunai,left,11.4,overflow,historical,69.2,1
Satsunai,left,11.4,overflow,historical,69.4,1
Satsunai,left,11.4,overflow,plus4K,62.2,0
Satsunai,left,11.4,overflow,plus4K,62.4,0
Satsunai,left,11.4,overflow,plus4K,62.6,0
Satsunai,left,11.4,overflow,plus4K,62.8,0
Satsunai,left,11.4,overflow,plus4K,63,0
Satsunai,left,11.4,overflow,plus4K,63.2,0
Satsunai,left,11.4,overflow,plus4K,63.4,0
Satsunai,left,11.4,overflow,plus4K,63.6,0
Satsunai,left,11.4,overflow,plus4K,63.8,0
Satsunai,left,11.4,overflow,plus4K,64,0
Satsunai,left,11.4,overflow,plus4K,64.2,0
Satsunai,left,11.4,overflow,plus4K,64.4,0
Satsunai,left,11.4,overflow,plus4K,64.6,0
Satsunai,left,11.4,overflow,plus4K,64.8,0
Satsunai,left,11.4,overflow,plus4K,65,0
Satsunai,left,11.4,overflow,plus4K,65.2,0
Satsunai,left,11.4,overflow,plus4K,65.4,0
Satsunai,left,11.4,overflow,plus4K,65.6,0
Satsunai,left,11.4,overflow,plus4K,65.8,0
Satsunai,left,11.4,overflow,plus4K,66,0
Satsunai,left,11.4,overflow,plus4K,66.2,0
Satsunai,left,11.4,overflow,plus4K,66.4,0
Satsunai,left,11.4,overflow,plus4K,66.6,0
Satsunai,left,11.4,overflow,plus4K,66.8,1
Satsunai,left,11.4,overflow,plus4K,67,1
Satsunai,left,11.4,overflow,plus4K,67.2,1
Satsunai,left,11.4,overflow,plus4K,67.4,1
Satsunai,left,11.4,overflow,plus4K,67.6,1
Satsunai,left,11.4,overflow,plus4K,67.8,1
Satsunai,left,11.4,overflow,plus4K,68,1
Satsunai,left,11.4,overflow,plus4K,68.2,1
Satsunai,left,11.4,overflow,plus4K,68.4,1
Satsunai,left,11.4,overflow,plus4K,68.6,1
Satsunai,left,11.4,overflow,plus4K,68.8,1
Satsunai,left,11.4,overflow,plus4K,69,1
Satsunai,left,11.4,overflow,plus4K,69.2,1
Satsunai,left,11.4,overflow,plus4K,69.4,1
Satsunai,left,11.6,overflow,historical,62.8,0
Satsunai,left,11.6,overflow,historical,63,0
Satsunai,left,11.6,overflow,historical,63.2,0
Satsunai,left,11.6,overflow,historical,63.4,0
Satsunai,left,11.6,overflow,historical,63.6,0
Satsunai,left,11.6,overflow,historical,63.8,0
Satsunai,left,11.6,overflow,historical,64,0
Satsunai,left,11.6,overflow,historical,64.2,0
Satsunai,left,11.6,overflow,historical,64.4,0
Satsunai,left,11.6,overflow,historical,64.6,0
Satsunai,left,11.6,overflow,historical,64.8,0
Satsunai,left,11.6,overflow,historical,65,0
Satsunai,left,11.6,overflow,historical,65.2,0
Satsunai,left,11.6,overflow,historical,65.4,0
Satsunai,left,11.6,overflow,historical,65.6,0
Satsunai,left,11.6,overflow,historical,65.8,0
Satsunai,left,11.6,overflow,historical,66,0
Satsunai,left,11.6,overflow,historical,66.2,0
Satsunai,left,11.6,overflow,historical,66.4,0
Satsunai,left,11.6,overflow,historical,66.6,0
Satsunai,left,11.6,overflow,historical,66.8,0
Satsunai,left,11.6,overflow,historical,67,0
Satsunai,left,11.6,overflow,historical,67.2,0
Satsunai,left,11.6,overflow,historical,67.4,0
Satsunai,left,11.6,overflow,historical,67.6,1
Satsunai,left,11.6,overflow,historical,67.8,1
Satsunai,left,11.6,overflow,historical,68,1
Satsunai,left,11.6,overflow,historical,68.2,1
Satsunai,left,11.6,overflow,historical,68.4,1
Satsunai,left,11.6,overflow,historical,68.6,1
Satsunai,left,11.6,overflow,historical,68.8,1
Satsunai,left,11.6,overflow,historical,69,1
Satsunai,left,11.6,overflow,historical,69.2,1
Satsunai,left,11.6,overflow,historical,69.4,1
Satsunai,left,11.6,overflow,historical,69.6,1
Satsunai,left,11.6,overflow,historical,69.8,1
Satsunai,left,11.6,overflow,historical,70,1
Satsunai,left,11.6,overflow,historical,70.2,1
Satsunai,left,11.6,overflow,historical,70.4,1
Satsunai,left,11.6,overflow,plus4K,62.8,0
Satsunai,left,11.6,overflow,plus4K,63,0
Satsunai,left,11.6,overflow,plus4K,63.2,0
Satsunai,left,11.6,overflow,plus4K,63.4,0
Satsunai,left,11.6,overflow,plus4K,63.6,0
Satsunai,left,11.6,overflow,plus4K,63.8,0
Satsunai,left,11.6,overflow,plus4K,64,0
Satsunai,left,11.6,overflow,plus4K,64.2,0
Satsunai,left,11.6,overflow,plus4K,64.4,0
Satsunai,left,11.6,overflow,plus4K,64.6,0
Satsunai,left,11.6,overflow,plus4K,64.8,0
Satsunai,left,11.6,overflow,plus4K,65,0
Satsunai,left,11.6,overflow,plus4K,65.2,0
Satsunai,left,11.6,overflow,plus4K,65.4,0
Satsunai,left,11.6,overflow,plus4K,65.6,0
Satsunai,left,11.6,overflow,plus4K,65.8,0
Satsunai,left,11.6,overflow,plus4K,66,0
Satsunai,left,11.6,overflow,plus4K,66.2,0
Satsunai,left,11.6,overflow,plus4K,66.4,0
Satsunai,left,11.6,overflow,plus4K,66.6,0
Satsunai,left,11.6,overflow,plus4K,66.8,0
Satsunai,left,11.6,overflow,plus4K,67,0
Satsunai,left,11.6,overflow,plus4K,67.2,0
Satsunai,left,11.6,overflow,plus4K,67.4,0
Satsunai,left,11.6,overflow,plus4K,67.6,1
Satsunai,left,11.6,overflow,plus4K,67.8,1
Satsunai,left,11.6,overflow,plus4K,68,1
Satsunai,left,11.6,overflow,plus4K,68.2,1
Satsunai,left,11.6,overflow,plus4K,68.4,1
Satsunai,left,11.6,overflow,plus4K,68.6,1
Satsunai,left,11.6,overflow,plus4K,68.8,1
Satsunai,left,11.6,overflow,plus4K,69,1
Satsunai,left,11.6,overflow,plus4K,69.2,1
Satsunai,left,11.6,overflow,plus4K,69.4,1
Satsunai,left,11.6,overflow,plus4K,69.6,1
Satsunai,left,11.6,overflow,plus4K,69.8,1
Satsunai,left,11.6,overflow,plus4K,70,1
Satsunai,left,11.6,overflow,plus4K,70.2,1
Satsunai,left,11.6,overflow,plus4K,70.4,1
Satsunai,left,11.8,overflow,historical,63.6,0
Satsunai,left,11.8,overflow,historical,63.8,0
Satsunai,left,11.8,overflow,historical,64,0
Satsunai,left,11.8,overflow,historical,64.2,0
Satsunai,left,11.8,overflow,historical,64.4,0
Satsunai,left,11.8,overflow,historical,64.6,0
Satsunai,left,11.8,overflow,historical,64.8,0
Satsunai,left,11.8,overflow,historical,65,0
Satsunai,left,11.8,overflow,historical,65.2,0
Satsunai,left,11.8,overflow,historical,65.4,0
Satsunai,left,11.8,overflow,historical,65.6,0
Satsunai,left,11.8,overflow,historical,65.8,0
Satsunai,left,11.8,overflow,historical,66,0
Satsunai,left,11.8,overflow,historical,66.2,0
Satsunai,left,11.8,overflow,historical,66.4,0
Satsunai,left,11.8,overflow,historical,66.6,0
Satsunai,left,11.8,overflow,historical,66.8,0
Satsunai,left,11.8,overflow,historical,67,0
Satsunai,left,11.8,overflow,historical,67.2,0
Satsunai,left,11.8,overflow,historical,67.4,0
Satsunai,left,11.8,overflow,historical,67.6,0
Satsunai,left,11.8,overflow,historical,67.8,0
Satsunai,left,11.8,overflow,historical,68,0.9548
Satsunai,left,11.8,overflow,historical,68.2,1
Satsunai,left,11.8,overflow,historical,68.4,1
Satsunai,left,11.8,overflow,historical,68.6,1
Satsunai,left,11.8,overflow,historical,68.8,1
Satsunai,left,11.8,overflow,historical,69,1
Satsunai,left,11.8,overflow,historical,69.2,1
Satsunai,left,11.8,overflow,historical,69.4,1
Satsunai,left,11.8,overflow,historical,69.6,1
Satsunai,left,11.8,overflow,historical,69.8,1
Satsunai,left,11.8,overflow,historical,70,1
Satsunai,left,11.8,overflow,historical,70.2,1
Satsunai,left,11.8,overflow,historical,70.4,1
Satsunai,left,11.8,overflow,historical,70.6,1
Satsunai,left,11.8,overflow,historical,70.8,1
Satsunai,left,11.8,overflow,plus4K,63.6,0
Satsunai,left,11.8,overflow,plus4K,63.8,0
Satsunai,left,11.8,overflow,plus4K,64,0
Satsunai,left,11.8,overflow,plus4K,64.2,0
Satsunai,left,11.8,overflow,plus4K,64.4,0
Satsunai,left,11.8,overflow,plus4K,64.6,0
Satsunai,left,11.8,overflow,plus4K,64.8,0
Satsunai,left,11.8,overflow,plus4K,65,0
Satsunai,left,11.8,overflow,plus4K,65.2,0
Satsunai,left,11.8,overflow,plus4K,65.4,0
Satsunai,left,11.8,overflow,plus4K,65.6,0
Satsunai,left,11.8,overflow,plus4K,65.8,0
Satsunai,left,11.8,overflow,plus4K,66,0
Satsunai,left,11.8,overflow,plus4K,66.2,0
Satsunai,left,11.8,overflow,plus4K,66.4,0
Satsunai,left,11.8,overflow,plus4K,66.6,0
Satsunai,left,11.8,overflow,plus4K,66.8,0
Satsunai,left,11.8,overflow,plus4K,67,0
Satsunai,left,11.8,overflow,plus4K,67.2,0
Satsunai,left,11.8,overflow,plus4K,67.4,0
Satsunai,left,11.8,overflow,plus4K,67.6,0
Satsunai,left,11.8,overflow,plus4K,67.8,0
Satsunai,left,11.8,overflow,plus4K,68,0.9548
Satsunai,left,11.8,overflow,plus4K,68.2,1
Satsunai,left,11.8,overflow,plus4K,68.4,1
Satsunai,left,11.8,overflow,plus4K,68.6,1
Satsunai,left,11.8,overflow,plus4K,68.8,1
Satsunai,left,11.8,overflow,plus4K,69,1
Satsunai,left,11.8,overflow,plus4K,69.2,1
Satsunai,left,11.8,overflow,plus4K,69.4,1
Satsunai,left,11.8,overflow,plus4K,69.6,1
Satsunai,left,11.8,overflow,plus4K,69.8,1
Satsunai,left,11.8,overflow,plus4K,70,1
Satsunai,left,11.8,overflow,plus4K,70.2,1
Satsunai,left,11.8,overflow,plus4K,70.4,1
Satsunai,left,11.8,overflow,plus4K,70.6,1
Satsunai,left,11.8,overflow,plus4K,70.8,1
Satsunai,left,12,overflow,historical,64.2,0
Satsunai,left,12,overflow,historical,64.4,0
Satsunai,left,12,overflow,historical,64.6,0
Satsunai,left,12,overflow,historical,64.8,0
Satsunai,left,12,overflow,historical,65,0
Satsunai,left,12,overflow,historical,65.2,0
Satsunai,left,12,overflow,historical,65.4,0
Satsunai,left,12,overflow,historical,65.6,0
Satsunai,left,12,overflow,historical,65.8,0
Satsunai,left,12,overflow,historical,66,0
Satsunai,left,12,overflow,historical,66.2,0
Satsunai,left,12,overflow,historical,66.4,0
Satsunai,left,12,overflow,historical,66.6,0
Satsunai,left,12,overflow,historical,66.8,0
Satsunai,left,12,overflow,historical,67,0
Satsunai,left,12,overflow,historical,67.2,0
Satsunai,left,12,overflow,historical,67.4,0
Satsunai,left,12,overflow,historical,67.6,0
Satsunai,left,12,overflow,historical,67.8,0
Satsunai,left,12,overflow,historical,68,0
Satsunai,left,12,overflow,historical,68.2,0
Satsunai,left,12,overflow,historical,68.4,0
Satsunai,left,12,overflow,historical,68.6,0.0444
Satsunai,left,12,overflow,historical,68.8,1
Satsunai,left,12,overflow,historical,69,1
Satsunai,left,12,overflow,historical,69.2,1
Satsunai,left,12,overflow,historical,69.4,1
Satsunai,left,12,overflow,historical,69.6,1
Satsunai,left,12,overflow,historical,69.8,1
Satsunai,left,12,overflow,historical,70,1
Satsunai,left,12,overflow,historical,70.2,1
Satsunai,left,12,overflow,historical,70.4,1
Satsunai,left,12,overflow,historical,70.6,1
Satsunai,left,12,overflow,historical,70.8,1
Satsunai,left,12,overflow,historical,71,1
Satsunai,left,12,overflow,historical,71.2,1
Satsunai,left,12,overflow,historical,71.4,1
Satsunai,left,12,overflow,plus4K,64.2,0
Satsunai,left,12,overflow,plus4K,64.4,0
Satsunai,left,12,overflow,plus4K,64.6,0
Satsunai,left,12,overflow,plus4K,64.8,0
Satsunai,left,12,overflow,plus4K,65,0
Satsunai,left,12,overflow,plus4K,65.2,0
Satsunai,left,12,overflow,plus4K,65.4,0
Satsunai,left,12,overflow,plus4K,65.6,0
Satsunai,left,12,overflow,plus4K,65.8,0
Satsunai,left,12,overflow,plus4K,66,0
Satsunai,left,12,overflow,plus4K,66.2,0
Satsunai,left,12,overflow,plus4K,66.4,0
Satsunai,left,12,overflow,plus4K,66.6,0
Satsunai,left,12,overflow,plus4K,66.8,0
Satsunai,left,12,overflow,plus4K,67,0
Satsunai,left,12,overflow,plus4K,67.2,0
Satsunai,left,12,overflow,plus4K,67.4,0
Satsunai,left,12,overflow,plus4K,67.6,0
Satsunai,left,12,overflow,plus4K,67.8,0
Satsunai,left,12,overflow,plus4K,68,0
Satsunai,left,12,overflow,plus4K,68.2,0
Satsunai,left,12,overflow,plus4K,68.4,0
Satsunai,left,12,overflow,plus4K,68.6,0.0444
Satsunai,left,12,overflow,plus4K,68.8,1
Satsunai,left,12,overflow,plus4K,69,1
Satsunai,left,12,overflow,plus4K,69.2,1
Satsunai,left,12,overflow,plus4K,69.4,1
Satsunai,left,12,overflow,plus4K,69.6,1
Satsunai,left,12,overflow,plus4K,69.8,1
Satsunai,left,12,overflow,plus4K,70,1
Satsunai,left,12,overflow,plus4K,70.2,1
Satsunai,left,12,overflow,plus4K,70.4,1
Satsunai,left,12,overflow,plus4K,70.6,1
Satsunai,left,12,overflow,plus4K,70.8,1
Satsunai,left,12,overflow,plus4K,71,1
Satsunai,left,12,overflow,plus4K,71.2,1
Satsunai,left,12,overflow,plus4K,71.4,1
Satsunai,left,12.2,overflow,historical,66.2,0
Satsunai,left,12.2,overflow,historical,66.4,0
Satsunai,left,12.2,overflow,historical,66.6,0
Satsunai,left,12.2,overflow,historical,66.8,0
Satsunai,left,12.2,overflow,historical,67,0
Satsunai,left,12.2,overflow,historical,67.2,0
Satsunai,left,12.2,overflow,historical,67.4,0
Satsunai,left,12.2,overflow,historical,67.6,0
Satsunai,left,12.2,overflow,historical,67.8,0
Satsunai,left,12.2,overflow,historical,68,0
Satsunai,left,12.2,overflow,historical,68.2,0
Satsunai,left,12.2,overflow,historical,68.4,0
Satsunai,left,12.2,overflow,historical,68.6,0
Satsunai,left,12.2,overflow,historical,68.8,0
Satsunai,left,12.2,overflow,historical,69,0
Satsunai,left,12.2,overflow,historical,69.2,0
Satsunai,left,12.2,overflow,historical,69.4,0
Satsunai,left,12.2,overflow,historical,69.6,0
Satsunai,left,12.2,overflow,historical,69.8,0.0015
Satsunai,left,12.2,overflow,historical,70,0.7604
Satsunai,left,12.2,overflow,historical,70.2,0.9999
Satsunai,left,12.2,overflow,historical,70.4,1
Satsunai,left,12.2,overflow,historical,70.6,1
Satsunai,left,12.2,overflow,historical,70.8,1
Satsunai,left,12.2,overflow,historical,71,1
Satsunai,left,12.2,overflow,historical,71.2,1
Satsunai,left,12.2,overflow,historical,71.4,1
Satsunai,left,12.2,overflow,historical,71.6,1
Satsunai,left,12.2,overflow,historical,71.8,1
Satsunai,left,12.2,overflow,historical,72,1
Satsunai,left,12.2,overflow,historical,72.2,1
Satsunai,left,12.2,overflow,historical,72.4,1
Satsunai,left,12.2,overflow,historical,72.6,1
Satsunai,left,12.2,overflow,historical,72.8,1
Satsunai,left,12.2,overflow,plus4K,66.2,0
Satsunai,left,12.2,overflow,plus4K,66.4,0
Satsunai,left,12.2,overflow,plus4K,66.6,0
Satsunai,left,12.2,overflow,plus4K,66.8,0
Satsunai,left,12.2,overflow,plus4K,67,0
Satsunai,left,12.2,overflow,plus4K,67.2,0
Satsunai,left,12.2,overflow,plus4K,67.4,0
Satsunai,left,12.2,overflow,plus4K,67.6,0
Satsunai,left,12.2,overflow,plus4K,67.8,0
Satsunai,left,12.2,overflow,plus4K,68,0
Satsunai,left,12.2,overflow,plus4K,68.2,0
Satsunai,left,12.2,overflow,plus4K,68.4,0
Satsunai,left,12.2,overflow,plus4K,68.6,0
Satsunai,left,12.2,overflow,plus4K,68.8,0
Satsunai,left,12.2,overflow,plus4K,69,0
Satsunai,left,12.2,overflow,plus4K,69.2,0
Satsunai,left,12.2,overflow,plus4K,69.4,0
Satsunai,left,12.2,overflow,plus4K,69.6,0
Satsunai,left,12.2,overflow,plus4K,69.8,0.0015
Satsunai,left,12.2,overflow,plus4K,70,0.7604
Satsunai,left,12.2,overflow,plus4K,70.2,0.9999
Satsunai,left,12.2,overflow,plus4K,70.4,1
Satsunai,left,12.2,overflow,plus4K,70.6,1
Satsunai,left,12.2,overflow,plus4K,70.8,1
Satsunai,left,12.2,overflow,plus4K,71,1
Satsunai,left,12.2,overflow,plus4K,71.2,1
Satsunai,left,12.2,overflow,plus4K,71.4,1
Satsunai,left,12.2,overflow,plus4K,71.6,1
Satsunai,left,12.2,overflow,plus4K,71.8,1
Satsunai,left,12.2,overflow,plus4K,72,1
Satsunai,left,12.2,overflow,plus4K,72.2,1
Satsunai,left,12.2,overflow,plus4K,72.4,1
Satsunai,left,12.2,overflow,plus4K,72.6,1
Satsunai,left,12.2,overflow,plus4K,72.8,1
Satsunai,left,12.4,overflow,historical,66.8,0
Satsunai,left,12.4,overflow,historical,67,0
Satsunai,left,12.4,overflow,historical,67.2,0
Satsunai,left,12.4,overflow,historical,67.4,0
Satsunai,left,12.4,overflow,historical,67.6,0
Satsunai,left,12.4,overflow,historical,67.8,0
Satsunai,left,12.4,overflow,historical,68,0
Satsunai,left,12.4,overflow,historical,68.2,0
Satsunai,left,12.4,overflow,historical,68.4,0
Satsunai,left,12.4,overflow,historical,68.6,0
Satsunai,left,12.4,overflow,historical,68.8,0
Satsunai,left,12.4,overflow,historical,69,0
Satsunai,left,12.4,overflow,historical,69.2,0
Satsunai,left,12.4,overflow,historical,69.4,0
Satsunai,left,12.4,overflow,historical,69.6,0
Satsunai,left,12.4,overflow,historical,69.8,0
Satsunai,left,12.4,overflow,historical,70,0
Satsunai,left,12.4,overflow,historical,70.2,0
Satsunai,left,12.4,overflow,historical,70.4,0
Satsunai,left,12.4,overflow,historical,70.6,0
Satsunai,left,12.4,overflow,historical,70.8,0
Satsunai,left,12.4,overflow,historical,71,0.9214
Satsunai,left,12.4,overflow,historical,71.2,1
Satsunai,left,12.4,overflow,historical,71.4,1
Satsunai,left,12.4,overflow,historical,71.6,1
Satsunai,left,12.4,overflow,historical,71.8,1
Satsunai,left,12.4,overflow,historical,72,1
Satsunai,left,12.4,overflow,historical,72.2,1
Satsunai,left,12.4,overflow,historical,72.4,1
Satsunai,left,12.4,overflow,historical,72.6,1
Satsunai,left,12.4,overflow,historical,72.8,1
Satsunai,left,12.4,overflow,historical,73,1
Satsunai,left,12.4,overflow,historical,73.2,1
Satsunai,left,12.4,overflow,historical,73.4,1
Satsunai,left,12.4,overflow,historical,73.6,1
Satsunai,left,12.4,overflow,historical,73.8,1
Satsunai,left,12.4,overflow,plus4K,66.8,0
Satsunai,left,12.4,overflow,plus4K,67,0
Satsunai,left,12.4,overflow,plus4K,67.2,0
Satsunai,left,12.4,overflow,plus4K,67.4,0
Satsunai,left,12.4,overflow,plus4K,67.6,0
Satsunai,left,12.4,overflow,plus4K,67.8,0
Satsunai,left,12.4,overflow,plus4K,68,0
Satsunai,left,12.4,overflow,plus4K,68.2,0
Satsunai,left,12.4,overflow,plus4K,68.4,0
Satsunai,left,12.4,overflow,plus4K,68.6,0
Satsunai,left,12.4,overflow,plus4K,68.8,0
Satsunai,left,12.4,overflow,plus4K,69,0
Satsunai,left,12.4,overflow,plus4K,69.2,0
Satsunai,left,12.4,overflow,plus4K,69.4,0
Satsunai,left,12.4,overflow,plus4K,69.6,0
Satsunai,left,12.4,overflow,plus4K,69.8,0
Satsunai,left,12.4,overflow,plus4K,70,0
Satsunai,left,12.4,overflow,plus4K,70.2,0
Satsunai,left,12.4,overflow,plus4K,70.4,0
Satsunai,left,12.4,overflow,plus4K,70.6,0
Satsunai,left,12.4,overflow,plus4K,70.8,0
Satsunai,left,12.4,overflow,plus4K,71,0.9214
Satsunai,left,12.4,overflow,plus4K,71.2,1
Satsunai,left,12.4,overflow,plus4K,71.4,1
Satsunai,left,12.4,overflow,plus4K,71.6,1
Satsunai,left,12.4,overflow,plus4K,71.8,1
Satsunai,left,12.4,overflow,plus4K,72,1
Satsunai,left,12.4,overflow,plus4K,72.2,1
Satsunai,left,12.4,overflow,plus4K,72.4,1
Satsunai,left,12.4,overflow,plus4K,72.6,1
Satsunai,left,12.4,overflow,plus4K,72.8,1
Satsunai,left,12.4,overflow,plus4K,73,1
Satsunai,left,12.4,overflow,plus4K,73.2,1
Satsunai,left,12.4,overflow,plus4K,73.4,1
Satsunai,left,12.4,overflow,plus4K,73.6,1
Satsunai,left,12.4,overflow,plus4K,73.8,1
Satsunai,left,12.6,overflow,historical,67.4,0
Satsunai,left,12.6,overflow,historical,67.6,0
Satsunai,left,12.6,overflow,historical,67.8,0
Satsunai,left,12.6,overflow,historical,68,0
Satsunai,left,12.6,overflow,historical,68.2,0
Satsunai,left,12.6,overflow,historical,68.4,0
Satsunai,left,12.6,overflow,historical,68.6,0
Satsunai,left,12.6,overflow,historical,68.8,0
Satsunai,left,12.6,overflow,historical,69,0
Satsunai,left,12.6,overflow,historical,69.2,0
Satsunai,left,12.6,overflow,historical,69.4,0
Satsunai,left,12.6,overflow,historical,69.6,0
Satsunai,left,12.6,overflow,historical,69.8,0
Satsunai,left,12.6,overflow,historical,70,0
Satsunai,left,12.6,overflow,historical,70.2,0
Satsunai,left,12.6,overflow,historical,70.4,0
Satsunai,left,12.6,overflow,historical,70.6,0
Satsunai,left,12.6,overflow,historical,70.8,0
Satsunai,left,12.6,overflow,historical,71,0
Satsunai,left,12.6,overflow,historical,71.2,0
Satsunai,left,12.6,overflow,historical,71.4,0
Satsunai,left,12.6,overflow,historical,71.6,0
Satsunai,left,12.6,overflow,historical,71.8,0
Satsunai,left,12.6,overflow,historical,72,1
Satsunai,left,12.6,overflow,historical,72.2,1
Satsunai,left,12.6,overflow,historical,72.4,1
Satsunai,left,12.6,overflow,historical,72.6,1
Satsunai,left,12.6,overflow,historical,72.8,1
Satsunai,left,12.6,overflow,historical,73,1
Satsunai,left,12.6,overflow,historical,73.2,1
Satsunai,left,12.6,overflow,historical,73.4,1
Satsunai,left,12.6,overflow,historical,73.6,1
Satsunai,left,12.6,overflow,historical,73.8,1
Satsunai,left,12.6,overflow,historical,74,1
Satsunai,left,12.6,overflow,historical,74.2,1
Satsunai,left,12.6,overflow,historical,74.4,1
Satsunai,left,12.6,overflow,historical,74.6,1
Satsunai,left,12.6,overflow,historical,74.8,1
Satsunai,left,12.6,overflow,plus4K,67.4,0
Satsunai,left,12.6,overflow,plus4K,67.6,0
Satsunai,left,12.6,overflow,plus4K,67.8,0
Satsunai,left,12.6,overflow,plus4K,68,0
Satsunai,left,12.6,overflow,plus4K,68.2,0
Satsunai,left,12.6,overflow,plus4K,68.4,0
Satsunai,left,12.6,overflow,plus4K,68.6,0
Satsunai,left,12.6,overflow,plus4K,68.8,0
Satsunai,left,12.6,overflow,plus4K,69,0
Satsunai,left,12.6,overflow,plus4K,69.2,0
Satsunai,left,12.6,overflow,plus4K,69.4,0
Satsunai,left,12.6,overflow,plus4K,69.6,0
Satsunai,left,12.6,overflow,plus4K,69.8,0
Satsunai,left,12.6,overflow,plus4K,70,0
Satsunai,left,12.6,overflow,plus4K,70.2,0
Satsunai,left,12.6,overflow,plus4K,70.4,0
Satsunai,left,12.6,overflow,plus4K,70.6,0
Satsunai,left,12.6,overflow,plus4K,70.8,0
Satsunai,left,12.6,overflow,plus4K,71,0
Satsunai,left,12.6,overflow,plus4K,71.2,0
Satsunai,left,12.6,overflow,plus4K,71.4,0
Satsunai,left,12.6,overflow,plus4K,71.6,0
Satsunai,left,12.6,overflow,plus4K,71.8,0
Satsunai,left,12.6,overflow,plus4K,72,1
Satsunai,left,12.6,overflow,plus4K,72.2,1
Satsunai,left,12.6,overflow,plus4K,72.4,1
Satsunai,left,12.6,overflow,plus4K,72.6,1
Satsunai,left,12.6,overflow,plus4K,72.8,1
Satsunai,left,12.6,overflow,plus4K,73,1
Satsunai,left,12.6,overflow,plus4K,73.2,1
Satsunai,left,12.6,overflow,plus4K,73.4,1
Satsunai,left,12.6,overflow,plus4K,73.6,1
Satsunai,left,12.6,overflow,plus4K,73.8,1
Satsunai,left,12.6,overflow,plus4K,74,1
Satsunai,left,12.6,overflow,plus4K,74.2,1
Satsunai,left,12.6,overflow,plus4K,74.4,1
Satsunai,left,12.6,overflow,plus4K,74.6,1
Satsunai,left,12.6,overflow,plus4K,74.8,1
Satsunai,left,12.8,overflow,historical,69,0
Satsunai,left,12.8,overflow,historical,69.2,0
Satsunai,left,12.8,overflow,historical,69.4,0
Satsunai,left,12.8,overflow,historical,69.6,0
Satsunai,left,12.8,overflow,historical,69.8,0
Satsunai,left,12.8,overflow,historical,70,0
Satsunai,left,12.8,overflow,historical,70.2,0
Satsunai,left,12.8,overflow,historical,70.4,0
Satsunai,left,12.8,overflow,historical,70.6,0
Satsunai,left,12.8,overflow,historical,70.8,0
Satsunai,left,12.8,overflow,historical,71,0
Satsunai,left,12.8,overflow,historical,71.2,0
Satsunai,left,12.8,overflow,historical,71.4,0
Satsunai,left,12.8,overflow,historical,71.6,0
Satsunai,left,12.8,overflow,historical,71.8,0
Satsunai,left,12.8,overflow,historical,72,0
Satsunai,left,12.8,overflow,historical,72.2,0
Satsunai,left,12.8,overflow,historical,72.4,0
Satsunai,left,12.8,overflow,historical,72.6,1
Satsunai,left,12.8,overflow,historical,72.8,1
Satsunai,left,12.8,overflow,historical,73,1
Satsunai,left,12.8,overflow,historical,73.2,1
Satsunai,left,12.8,overflow,historical,73.4,1
Satsunai,left,12.8,overflow,historical,73.6,1
Satsunai,left,12.8,overflow,historical,73.8,1
Satsunai,left,12.8,overflow,historical,74,1
Satsunai,left,12.8,overflow,historical,74.2,1
Satsunai,left,12.8,overflow,historical,74.4,1
Satsunai,left,12.8,overflow,historical,74.6,1
Satsunai,left,12.8,overflow,historical,74.8,1
Satsunai,left,12.8,overflow,historical,75,1
Satsunai,left,12.8,overflow,historical,75.2,1
Satsunai,left,12.8,overflow,historical,75.4,1
Satsunai,left,12.8,overflow,plus4K,69,0
Satsunai,left,12.8,overflow,plus4K,69.2,0
Satsunai,left,12.8,overflow,plus4K,69.4,0
Satsunai,left,12.8,overflow,plus4K,69.6,0
Satsunai,left,12.8,overflow,plus4K,69.8,0
Satsunai,left,12.8,overflow,plus4K,70,0
Satsunai,left,12.8,overflow,plus4K,70.2,0
Satsunai,left,12.8,overflow,plus4K,70.4,0
Satsunai,left,12.8,overflow,plus4K,70.6,0
Satsunai,left,12.8,overflow,plus4K,70.8,0
Satsunai,left,12.8,overflow,plus4K,71,0
Satsunai,left,12.8,overflow,plus4K,71.2,0
Satsunai,left,12.8,overflow,plus4K,71.4,0
Satsunai,left,12.8,overflow,plus4K,71.6,0
Satsunai,left,12.8,overflow,plus4K,71.8,0
Satsunai,left,12.8,overflow,plus4K,72,0
Satsunai,left,12.8,overflow,plus4K,72.2,0
Satsunai,left,12.8,overflow,plus4K,72.4,0
Satsunai,left,12.8,overflow,plus4K,72.6,1
Satsunai,left,12.8,overflow,plus4K,72.8,1
Satsunai,left,12.8,overflow,plus4K,73,1
Satsunai,left,12.8,overflow,plus4K,73.2,1
Satsunai,left,12.8,overflow,plus4K,73.4,1
Satsunai,left,12.8,overflow,plus4K,73.6,1
Satsunai,left,12.8,overflow,plus4K,73.8,1
Satsunai,left,12.8,overflow,plus4K,74,1
Satsunai,left,12.8,overflow,plus4K,74.2,1
Satsunai,left,12.8,overflow,plus4K,74.4,1
Satsunai,left,12.8,overflow,plus4K,74.6,1
Satsunai,left,12.8,overflow,plus4K,74.8,1
Satsunai,left,12.8,overflow,plus4K,75,1
Satsunai,left,12.8,overflow,plus4K,75.2,1
Satsunai,left,12.8,overflow,plus4K,75.4,1
Satsunai,left,13,overflow,historical,69.6,0
Satsunai,left,13,overflow,historical,69.8,0
Satsunai,left,13,overflow,historical,70,0
Satsunai,left,13,overflow,historical,70.2,0
Satsunai,left,13,overflow,historical,70.4,0
Satsunai,left,13,overflow,historical,70.6,0
Satsunai,left,13,overflow,historical,70.8,0
Satsunai,left,13,overflow,historical,71,0
Satsunai,left,13,overflow,historical,71.2,0
Satsunai,left,13,overflow,historical,71.4,0
Satsunai,left,13,overflow,historical,71.6,0
Satsunai,left,13,overflow,historical,71.8,0
Satsunai,left,13,overflow,historical,72,0
Satsunai,left,13,overflow,historical,72.2,0
Satsunai,left,13,overflow,historical,72.4,0
Satsunai,left,13,overflow,historical,72.6,0
Satsunai,left,13,overflow,historical,72.8,0
Satsunai,left,13,overflow,historical,73,0
Satsunai,left,13,overflow,historical,73.2,1
Satsunai,left,13,overflow,historical,73.4,1
Satsunai,left,13,overflow,historical,73.6,1
Satsunai,left,13,overflow,historical,73.8,1
Satsunai,left,13,overflow,historical,74,1
Satsunai,left,13,overflow,historical,74.2,1
Satsunai,left,13,overflow,historical,74.4,1
Satsunai,left,13,overflow,historical,74.6,1
Satsunai,left,13,overflow,historical,74.8,1
Satsunai,left,13,overflow,historical,75,1
Satsunai,left,13,overflow,historical,75.2,1
Satsunai,left,13,overflow,historical,75.4,1
Satsunai,left,13,overflow,historical,75.6,1
Satsunai,left,13,overflow,historical,75.8,1
Satsunai,left,13,overflow,historical,76,1
Satsunai,left,13,overflow,plus4K,69.6,0
Satsunai,left,13,overflow,plus4K,69.8,0
Satsunai,left,13,overflow,plus4K,70,0
Satsunai,left,13,overflow,plus4K,70.2,0
Satsunai,left,13,overflow,plus4K,70.4,0
Satsunai,left,13,overflow,plus4K,70.6,0
Satsunai,left,13,overflow,plus4K,70.8,0
Satsunai,left,13,overflow,plus4K,71,0
Satsunai,left,13,overflow,plus4K,71.2,0
Satsunai,left,13,overflow,plus4K,71.4,0
Satsunai,left,13,overflow,plus4K,71.6,0
Satsunai,left,13,overflow,plus4K,71.8,0
Satsunai,left,13,overflow,plus4K,72,0
Satsunai,left,13,overflow,plus4K,72.2,0
Satsunai,left,13,overflow,plus4K,72.4,0
Satsunai,left,13,overflow,plus4K,72.6,0
Satsunai,left,13,overflow,plus4K,72.8,0
Satsunai,left,13,overflow,plus4K,73,0
Satsunai,left,13,overflow,plus4K,73.2,1
Satsunai,left,13,overflow,plus4K,73.4,1
Satsunai,left,13,overflow,plus4K,73.6,1
Satsunai,left,13,overflow,plus4K,73.8,1
Satsunai,left,13,overflow,plus4K,74,1
Satsunai,left,13,overflow,plus4K,74.2,1
Satsunai,left,13,overflow,plus4K,74.4,1
Satsunai,left,13,overflow,plus4K,74.6,1
Satsunai,left,13,overflow,plus4K,74.8,1
Satsunai,left,13,overflow,plus4K,75,1
Satsunai,left,13,overflow,plus4K,75.2,1
Satsunai,left,13,overflow,plus4K,75.4,1
Satsunai,left,13,overflow,plus4K,75.6,1
Satsunai,left,13,overflow,plus4K,75.8,1
Satsunai,left,13,overflow,plus4K,76,1
Satsunai,left,13.2,overflow,historical,70,0
Satsunai,left,13.2,overflow,historical,70.2,0
Satsunai,left,13.2,overflow,historical,70.4,0
Satsunai,left,13.2,overflow,historical,70.6,0
Satsunai,left,13.2,overflow,historical,70.8,0
Satsunai,left,13.2,overflow,historical,71,0
Satsunai,left,13.2,overflow,historical,71.2,0
Satsunai,left,13.2,overflow,historical,71.4,0
Satsunai,left,13.2,overflow,historical,71.6,0
Satsunai,left,13.2,overflow,historical,71.8,0
Satsunai,left,13.2,overflow,historical,72,0
Satsunai,left,13.2,overflow,historical,72.2,0
Satsunai,left,13.2,overflow,historical,72.4,0
Satsunai,left,13.2,overflow,historical,72.6,0
Satsunai,left,13.2,overflow,historical,72.8,0
Satsunai,left,13.2,overflow,historical,73,0
Satsunai,left,13.2,overflow,historical,73.2,0
Satsunai,left,13.2,overflow,historical,73.4,0
Satsunai,left,13.2,overflow,historical,73.6,0
Satsunai,left,13.2,overflow,historical,73.8,1
Satsunai,left,13.2,overflow,historical,74,1
Satsunai,left,13.2,overflow,historical,74.2,1
Satsunai,left,13.2,overflow,historical,74.4,1
Satsunai,left,13.2,overflow,historical,74.6,1
Satsunai,left,13.2,overflow,historical,74.8,1
Satsunai,left,13.2,overflow,historical,75,1
Satsunai,left,13.2,overflow,historical,75.2,1
Satsunai,left,13.2,overflow,historical,75.4,1
Satsunai,left,13.2,overflow,historical,75.6,1
Satsunai,left,13.2,overflow,historical,75.8,1
Satsunai,left,13.2,overflow,historical,76,1
Satsunai,left,13.2,overflow,historical,76.2,1
Satsunai,left,13.2,overflow,historical,76.4,1
Satsunai,left,13.2,overflow,historical,76.6,1
Satsunai,left,13.2,overflow,plus4K,70,0
Satsunai,left,13.2,overflow,plus4K,70.2,0
Satsunai,left,13.2,overflow,plus4K,70.4,0
Satsunai,left,13.2,overflow,plus4K,70.6,0
Satsunai,left,13.2,overflow,plus4K,70.8,0
Satsunai,left,13.2,overflow,plus4K,71,0
Satsunai,left,13.2,overflow,plus4K,71.2,0
Satsunai,left,13.2,overflow,plus4K,71.4,0
Satsunai,left,13.2,overflow,plus4K,71.6,0
Satsunai,left,13.2,overflow,plus4K,71.8,0
Satsunai,left,13.2,overflow,plus4K,72,0
Satsunai,left,13.2,overflow,plus4K,72.2,0
Satsunai,left,13.2,overflow,plus4K,72.4,0
Satsunai,left,13.2,overflow,plus4K,72.6,0
Satsunai,left,13.2,overflow,plus4K,72.8,0
Satsunai,left,13.2,overflow,plus4K,73,0
Satsunai,left,13.2,overflow,plus4K,73.2,0
Satsunai,left,13.2,overflow,plus4K,73.4,0
Satsunai,left,13.2,overflow,plus4K,73.6,0
Satsunai,left,13.2,overflow,plus4K,73.8,1
Satsunai,left,13.2,overflow,plus4K,74,1
Satsunai,left,13.2,overflow,plus4K,74.2,1
Satsunai,left,13.2,overflow,plus4K,74.4,1
Satsunai,left,13.2,overflow,plus4K,74.6,1
Satsunai,left,13.2,overflow,plus4K,74.8,1
Satsunai,left,13.2,overflow,plus4K,75,1
Satsunai,left,13.2,overflow,plus4K,75.2,1
Satsunai,left,13.2,overflow,plus4K,75.4,1
Satsunai,left,13.2,overflow,plus4K,75.6,1
Satsunai,left,13.2,overflow,plus4K,75.8,1
Satsunai,left,13.2,overflow,plus4K,76,1
Satsunai,left,13.2,overflow,plus4K,76.2,1
Satsunai,left,13.2,overflow,plus4K,76.4,1
Satsunai,left,13.2,overflow,plus4K,76.6,1
Satsunai,left,13.4,overflow,historical,71,0
Satsunai,left,13.4,overflow,historical,71.2,0
Satsunai,left,13.4,overflow,historical,71.4,0
Satsunai,left,13.4,overflow,historical,71.6,0
Satsunai,left,13.4,overflow,historical,71.8,0
Satsunai,left,13.4,overflow,historical,72,0
Satsunai,left,13.4,overflow,historical,72.2,0
Satsunai,left,13.4,overflow,historical,72.4,0
Satsunai,left,13.4,overflow,historical,72.6,0
Satsunai,left,13.4,overflow,historical,72.8,0
Satsunai,left,13.4,overflow,historical,73,0
Satsunai,left,13.4,overflow,historical,73.2,0
Satsunai,left,13.4,overflow,historical,73.4,0
Satsunai,left,13.4,overflow,historical,73.6,0
Satsunai,left,13.4,overflow,historical,73.8,0
Satsunai,left,13.4,overflow,historical,74,0
Satsunai,left,13.4,overflow,historical,74.2,0
Satsunai,left,13.4,overflow,historical,74.4,0
Satsunai,left,13.4,overflow,historical,74.6,0.9878
Satsunai,left,13.4,overflow,historical,74.8,1
Satsunai,left,13.4,overflow,historical,75,1
Satsunai,left,13.4,overflow,historical,75.2,1
Satsunai,left,13.4,overflow,historical,75.4,1
Satsunai,left,13.4,overflow,historical,75.6,1
Satsunai,left,13.4,overflow,historical,75.8,1
Satsunai,left,13.4,overflow,historical,76,1
Satsunai,left,13.4,overflow,historical,76.2,1
Satsunai,left,13.4,overflow,historical,76.4,1
Satsunai,left,13.4,overflow,historical,76.6,1
Satsunai,left,13.4,overflow,historical,76.8,1
Satsunai,left,13.4,overflow,historical,77,1
Satsunai,left,13.4,overflow,historical,77.2,1
Satsunai,left,13.4,overflow,historical,77.4,1
Satsunai,left,13.4,overflow,plus4K,71,0
Satsunai,left,13.4,overflow,plus4K,71.2,0
Satsunai,left,13.4,overflow,plus4K,71.4,0
Satsunai,left,13.4,overflow,plus4K,71.6,0
Satsunai,left,13.4,overflow,plus4K,71.8,0
Satsunai,left,13.4,overflow,plus4K,72,0
Satsunai,left,13.4,overflow,plus4K,72.2,0
Satsunai,left,13.4,overflow,plus4K,72.4,0
Satsunai,left,13.4,overflow,plus4K,72.6,0
Satsunai,left,13.4,overflow,plus4K,72.8,0
Satsunai,left,13.4,overflow,plus4K,73,0
Satsunai,left,13.4,overflow,plus4K,73.2,0
Satsunai,left,13.4,overflow,plus4K,73.4,0
Satsunai,left,13.4,overflow,plus4K,73.6,0
Satsunai,left,13.4,overflow,plus4K,73.8,0
Satsunai,left,13.4,overflow,plus4K,74,0
Satsunai,left,13.4,overflow,plus4K,74.2,0
Satsunai,left,13.4,overflow,plus4K,74.4,0
Satsunai,left,13.4,overflow,plus4K,74.6,0.9878
Satsunai,left,13.4,overflow,plus4K,74.8,1
Satsunai,left,13.4,overflow,plus4K,75,1
Satsunai,left,13.4,overflow,plus4K,75.2,1
Satsunai,left,13.4,overflow,plus4K,75.4,1
Satsunai,left,13.4,overflow,plus4K,75.6,1
Satsunai,left,13.4,overflow,plus4K,75.8,1
Satsunai,left,13.4,overflow,plus4K,76,1
Satsunai,left,13.4,overflow,plus4K,76.2,1
Satsunai,left,13.4,overflow,plus4K,76.4,1
Satsunai,left,13.4,overflow,plus4K,76.6,1
Satsunai,left,13.4,overflow,plus4K,76.8,1
Satsunai,left,13.4,overflow,plus4K,77,1
Satsunai,left,13.4,overflow,plus4K,77.2,1
Satsunai,left,13.4,overflow,plus4K,77.4,1
Satsunai,left,13.6,overflow,historical,71,0
Satsunai,left,13.6,overflow,historical,71.2,0
Satsunai,left,13.6,overflow,historical,71.4,0
Satsunai,left,13.6,overflow,historical,71.6,0
Satsunai,left,13.6,overflow,historical,71.8,0
Satsunai,left,13.6,overflow,historical,72,0
Satsunai,left,13.6,overflow,historical,72.2,0
Satsunai,left,13.6,overflow,historical,72.4,0
Satsunai,left,13.6,overflow,historical,72.6,0
Satsunai,left,13.6,overflow,historical,72.8,0
Satsunai,left,13.6,overflow,historical,73,0
Satsunai,left,13.6,overflow,historical,73.2,0
Satsunai,left,13.6,overflow,historical,73.4,0
Satsunai,left,13.6,overflow,historical,73.6,0
Satsunai,left,13.6,overflow,historical,73.8,0
Satsunai,left,13.6,overflow,historical,74,0
Satsunai,left,13.6,overflow,historical,74.2,0
Satsunai,left,13.6,overflow,historical,74.4,0
Satsunai,left,13.6,overflow,historical,74.6,0
Satsunai,left,13.6,overflow,historical,74.8,0
Satsunai,left,13.6,overflow,historical,75,0.5066
Satsunai,left,13.6,overflow,historical,75.2,1
Satsunai,left,13.6,overflow,historical,75.4,1
Satsunai,left,13.6,overflow,historical,75.6,1
Satsunai,left,13.6,overflow,historical,75.8,1
Satsunai,left,13.6,overflow,historical,76,1
Satsunai,left,13.6,overflow,historical,76.2,1
Satsunai,left,13.6,overflow,historical,76.4,1
Satsunai,left,13.6,overflow,historical,76.6,1
Satsunai,left,13.6,overflow,historical,76.8,1
Satsunai,left,13.6,overflow,historical,77,1
Satsunai,left,13.6,overflow,historical,77.2,1
Satsunai,left,13.6,overflow,historical,77.4,1
Satsunai,left,13.6,overflow,historical,77.6,1
Satsunai,left,13.6,overflow,historical,77.8,1
Satsunai,left,13.6,overflow,plus4K,71,0
Satsunai,left,13.6,overflow,plus4K,71.2,0
Satsunai,left,13.6,overflow,plus4K,71.4,0
Satsunai,left,13.6,overflow,plus4K,71.6,0
Satsunai,left,13.6,overflow,plus4K,71.8,0
Satsunai,left,13.6,overflow,plus4K,72,0
Satsunai,left,13.6,overflow,plus4K,72.2,0
Satsunai,left,13.6,overflow,plus4K,72.4,0
Satsunai,left,13.6,overflow,plus4K,72.6,0
Satsunai,left,13.6,overflow,plus4K,72.8,0
Satsunai,left,13.6,overflow,plus4K,73,0
Satsunai,left,13.6,overflow,plus4K,73.2,0
Satsunai,left,13.6,overflow,plus4K,73.4,0
Satsunai,left,13.6,overflow,plus4K,73.6,0
Satsunai,left,13.6,overflow,plus4K,73.8,0
Satsunai,left,13.6,overflow,plus4K,74,0
Satsunai,left,13.6,overflow,plus4K,74.2,0
Satsunai,left,13.6,overflow,plus4K,74.4,0
Satsunai,left,13.6,overflow,plus4K,74.6,0
Satsunai,left,13.6,overflow,plus4K,74.8,0
Satsunai,left,13.6,overflow,plus4K,75,0.5066
Satsunai,left,13.6,overflow,plus4K,75.2,1
Satsunai,left,13.6,overflow,plus4K,75.4,1
Satsunai,left,13.6,overflow,plus4K,75.6,1
Satsunai,left,13.6,overflow,plus4K,75.8,1
Satsunai,left,13.6,overflow,plus4K,76,1
Satsunai,left,13.6,overflow,plus4K,76.2,1
Satsunai,left,13.6,overflow,plus4K,76.4,1
Satsunai,left,13.6,overflow,plus4K,76.6,1
Satsunai,left,13.6,overflow,plus4K,76.8,1
Satsunai,left,13.6,overflow,plus4K,77,1
Satsunai,left,13.6,overflow,plus4K,77.2,1
Satsunai,left,13.6,overflow,plus4K,77.4,1
Satsunai,left,13.6,overflow,plus4K,77.6,1
Satsunai,left,13.6,overflow,plus4K,77.8,1
Satsunai,left,13.8,overflow,historical,71.6,0
Satsunai,left,13.8,overflow,historical,71.8,0
Satsunai,left,13.8,overflow,historical,72,0
Satsunai,left,13.8,overflow,historical,72.2,0
Satsunai,left,13.8,overflow,historical,72.4,0
Satsunai,left,13.8,overflow,historical,72.6,0
Satsunai,left,13.8,overflow,historical,72.8,0
Satsunai,left,13.8,overflow,historical,73,0
Satsunai,left,13.8,overflow,historical,73.2,0
Satsunai,left,13.8,overflow,historical,73.4,0
Satsunai,left,13.8,overflow,historical,73.6,0
Satsunai,left,13.8,overflow,historical,73.8,0
Satsunai,left,13.8,overflow,historical,74,0
Satsunai,left,13.8,overflow,historical,74.2,0
Satsunai,left,13.8,overflow,historical,74.4,0
Satsunai,left,13.8,overflow,historical,74.6,0
Satsunai,left,13.8,overflow,historical,74.8,0
Satsunai,left,13.8,overflow,historical,75,0
Satsunai,left,13.8,overflow,historical,75.2,0
Satsunai,left,13.8,overflow,historical,75.4,0
Satsunai,left,13.8,overflow,historical,75.6,0
Satsunai,left,13.8,overflow,historical,75.8,1
Satsunai,left,13.8,overflow,historical,76,1
Satsunai,left,13.8,overflow,historical,76.2,1
Satsunai,left,13.8,overflow,historical,76.4,1
Satsunai,left,13.8,overflow,historical,76.6,1
Satsunai,left,13.8,overflow,historical,76.8,1
Satsunai,left,13.8,overflow,historical,77,1
Satsunai,left,13.8,overflow,historical,77.2,1
Satsunai,left,13.8,overflow,historical,77.4,1
Satsunai,left,13.8,overflow,historical,77.6,1
Satsunai,left,13.8,overflow,historical,77.8,1
Satsunai,left,13.8,overflow,historical,78,1
Satsunai,left,13.8,overflow,historical,78.2,1
Satsunai,left,13.8,overflow,historical,78.4,1
Satsunai,left,13.8,overflow,historical,78.6,1
Satsunai,left,13.8,overflow,plus4K,71.6,0
Satsunai,left,13.8,overflow,plus4K,71.8,0
Satsunai,left,13.8,overflow,plus4K,72,0
Satsunai,left,13.8,overflow,plus4K,72.2,0
Satsunai,left,13.8,overflow,plus4K,72.4,0
Satsunai,left,13.8,overflow,plus4K,72.6,0
Satsunai,left,13.8,overflow,plus4K,72.8,0
Satsunai,left,13.8,overflow,plus4K,73,0
Satsunai,left,13.8,overflow,plus4K,73.2,0
Satsunai,left,13.8,overflow,plus4K,73.4,0
Satsunai,left,13.8,overflow,plus4K,73.6,0
Satsunai,left,13.8,overflow,plus4K,73.8,0
Satsunai,left,13.8,overflow,plus4K,74,0
Satsunai,left,13.8,overflow,plus4K,74.2,0
Satsunai,left,13.8,overflow,plus4K,74.4,0
Satsunai,left,13.8,overflow,plus4K,74.6,0
Satsunai,left,13.8,overflow,plus4K,74.8,0
Satsunai,left,13.8,overflow,plus4K,75,0
Satsunai,left,13.8,overflow,plus4K,75.2,0
Satsunai,left,13.8,overflow,plus4K,75.4,0
Satsunai,left,13.8,overflow,plus4K,75.6,0
Satsunai,left,13.8,overflow,plus4K,75.8,1
Satsunai,left,13.8,overflow,plus4K,76,1
Satsunai,left,13.8,overflow,plus4K,76.2,1
Satsunai,left,13.8,overflow,plus4K,76.4,1
Satsunai,left,13.8,overflow,plus4K,76.6,1
Satsunai,left,13.8,overflow,plus4K,76.8,1
Satsunai,left,13.8,overflow,plus4K,77,1
Satsunai,left,13.8,overflow,plus4K,77.2,1
Satsunai,left,13.8,overflow,plus4K,77.4,1
Satsunai,left,13.8,overflow,plus4K,77.6,1
Satsunai,left,13.8,overflow,plus4K,77.8,1
Satsunai,left,13.8,overflow,plus4K,78,1
Satsunai,left,13.8,overflow,plus4K,78.2,1
Satsunai,left,13.8,overflow,plus4K,78.4,1
Satsunai,left,13.8,overflow,plus4K,78.6,1
Satsunai,left,14,overflow,historical,72.2,0
Satsunai,left,14,overflow,historical,72.4,0
Satsunai,left,14,overflow,historical,72.6,0
Satsunai,left,14,overflow,historical,72.8,0
Satsunai,left,14,overflow,historical,73,0
Satsunai,left,14,overflow,historical,73.2,0
Satsunai,left,14,overflow,historical,73.4,0
Satsunai,left,14,overflow,historical,73.6,0
Satsunai,left,14,overflow,historical,73.8,0
Satsunai,left,14,overflow,historical,74,0
Satsunai,left,14,overflow,historical,74.2,0
Satsunai,left,14,overflow,historical,74.4,0
Satsunai,left,14,overflow,historical,74.6,0
Satsunai,left,14,overflow,historical,74.8,0
Satsunai,left,14,overflow,historical,75,0
Satsunai,left,14,overflow,historical,75.2,0
Satsunai,left,14,overflow,historical,75.4,0
Satsunai,left,14,overflow,historical,75.6,0
Satsunai,left,14,overflow,historical,75.8,0
Satsunai,left,14,overflow,historical,76,0
Satsunai,left,14,overflow,historical,76.2,0
Satsunai,left,14,overflow,historical,76.4,0.7237
Satsunai,left,14,overflow,historical,76.6,1
Satsunai,left,14,overflow,historical,76.8,1
Satsunai,left,14,overflow,historical,77,1
Satsunai,left,14,overflow,historical,77.2,1
Satsunai,left,14,overflow,historical,77.4,1
Satsunai,left,14,overflow,historical,77.6,1
Satsunai,left,14,overflow,historical,77.8,1
Satsunai,left,14,overflow,historical,78,1
Satsunai,left,14,overflow,historical,78.2,1
Satsunai,left,14,overflow,historical,78.4,1
Satsunai,left,14,overflow,historical,78.6,1
Satsunai,left,14,overflow,historical,78.8,1
Satsunai,left,14,overflow,historical,79,1
Satsunai,left,14,overflow,historical,79.2,1
Satsunai,left,14,overflow,plus4K,72.2,0
Satsunai,left,14,overflow,plus4K,72.4,0
Satsunai,left,14,overflow,plus4K,72.6,0
Satsunai,left,14,overflow,plus4K,72.8,0
Satsunai,left,14,overflow,plus4K,73,0
Satsunai,left,14,overflow,plus4K,73.2,0
Satsunai,left,14,overflow,plus4K,73.4,0
Satsunai,left,14,overflow,plus4K,73.6,0
Satsunai,left,14,overflow,plus4K,73.8,0
Satsunai,left,14,overflow,plus4K,74,0
Satsunai,left,14,overflow,plus4K,74.2,0
Satsunai,left,14,overflow,plus4K,74.4,0
Satsunai,left,14,overflow,plus4K,74.6,0
Satsunai,left,14,overflow,plus4K,74.8,0
Satsunai,left,14,overflow,plus4K,75,0
Satsunai,left,14,overflow,plus4K,75.2,0
Satsunai,left,14,overflow,plus4K,75.4,0
Satsunai,left,14,overflow,plus4K,75.6,0
Satsunai,left,14,overflow,plus4K,75.8,0
Satsunai,left,14,overflow,plus4K,76,0
Satsunai,left,14,overflow,plus4K,76.2,0
Satsunai,left,14,overflow,plus4K,76.4,0.7237
Satsunai,left,14,overflow,plus4K,76.6,1
Satsunai,left,14,overflow,plus4K,76.8,1
Satsunai,left,14,overflow,plus4K,77,1
Satsunai,left,14,overflow,plus4K,77.2,1
Satsunai,left,14,overflow,plus4K,77.4,1
Satsunai,left,14,overflow,plus4K,77.6,1
Satsunai,left,14,overflow,plus4K,77.8,1
Satsunai,left,14,overflow,plus4K,78,1
Satsunai,left,14,overflow,plus4K,78.2,1
Satsunai,left,14,overflow,plus4K,78.4,1
Satsunai,left,14,overflow,plus4K,78.6,1
Satsunai,left,14,overflow,plus4K,78.8,1
Satsunai,left,14,overflow,plus4K,79,1
Satsunai,left,14,overflow,plus4K,79.2,1
Satsunai,left,14.2,overflow,historical,73.4,0
Satsunai,left,14.2,overflow,historical,73.6,0
Satsunai,left,14.2,overflow,historical,73.8,0
Satsunai,left,14.2,overflow,historical,74,0
Satsunai,left,14.2,overflow,historical,74.2,0
Satsunai,left,14.2,overflow,historical,74.4,0
Satsunai,left,14.2,overflow,historical,74.6,0
Satsunai,left,14.2,overflow,historical,74.8,0
Satsunai,left,14.2,overflow,historical,75,0
Satsunai,left,14.2,overflow,historical,75.2,0
Satsunai,left,14.2,overflow,historical,75.4,0
Satsunai,left,14.2,overflow,historical,75.6,0
Satsunai,left,14.2,overflow,historical,75.8,0
Satsunai,left,14.2,overflow,historical,76,0
Satsunai,left,14.2,overflow,historical,76.2,0
Satsunai,left,14.2,overflow,historical,76.4,0
Satsunai,left,14.2,overflow,historical,76.6,0
Satsunai,left,14.2,overflow,historical,76.8,0
Satsunai,left,14.2,overflow,historical,77,0
Satsunai,left,14.2,overflow,historical,77.2,0
Satsunai,left,14.2,overflow,historical,77.4,0
Satsunai,left,14.2,overflow,historical,77.6,0.9854
Satsunai,left,14.2,overflow,historical,77.8,1
Satsunai,left,14.2,overflow,historical,78,1
Satsunai,left,14.2,overflow,historical,78.2,1
Satsunai,left,14.2,overflow,historical,78.4,1
Satsunai,left,14.2,overflow,historical,78.6,1
Satsunai,left,14.2,overflow,historical,78.8,1
Satsunai,left,14.2,overflow,historical,79,1
Satsunai,left,14.2,overflow,historical,79.2,1
Satsunai,left,14.2,overflow,historical,79.4,1
Satsunai,left,14.2,overflow,historical,79.6,1
Satsunai,left,14.2,overflow,historical,79.8,1
Satsunai,left,14.2,overflow,historical,80,1
Satsunai,left,14.2,overflow,historical,80.2,1
Satsunai,left,14.2,overflow,historical,80.4,1
Satsunai,left,14.2,overflow,plus4K,73.4,0
Satsunai,left,14.2,overflow,plus4K,73.6,0
Satsunai,left,14.2,overflow,plus4K,73.8,0
Satsunai,left,14.2,overflow,plus4K,74,0
Satsunai,left,14.2,overflow,plus4K,74.2,0
Satsunai,left,14.2,overflow,plus4K,74.4,0
Satsunai,left,14.2,overflow,plus4K,74.6,0
Satsunai,left,14.2,overflow,plus4K,74.8,0
Satsunai,left,14.2,overflow,plus4K,75,0
Satsunai,left,14.2,overflow,plus4K,75.2,0
Satsunai,left,14.2,overflow,plus4K,75.4,0
Satsunai,left,14.2,overflow,plus4K,75.6,0
Satsunai,left,14.2,overflow,plus4K,75.8,0
Satsunai,left,14.2,overflow,plus4K,76,0
Satsunai,left,14.2,overflow,plus4K,76.2,0
Satsunai,left,14.2,overflow,plus4K,76.4,0
Satsunai,left,14.2,overflow,plus4K,76.6,0
Satsunai,left,14.2,overflow,plus4K,76.8,0
Satsunai,left,14.2,overflow,plus4K,77,0
Satsunai,left,14.2,overflow,plus4K,77.2,0
Satsunai,left,14.2,overflow,plus4K,77.4,0
Satsunai,left,14.2,overflow,plus4K,77.6,0.9854
Satsunai,left,14.2,overflow,plus4K,77.8,1
Satsunai,left,14.2,overflow,plus4K,78,1
Satsunai,left,14.2,overflow,plus4K,78.2,1
Satsunai,left,14.2,overflow,plus4K,78.4,1
Satsunai,left,14.2,overflow,plus4K,78.6,1
Satsunai,left,14.2,overflow,plus4K,78.8,1
Satsunai,left,14.2,overflow,plus4K,79,1
Satsunai,left,14.2,overflow,plus4K,79.2,1
Satsunai,left,14.2,overflow,plus4K,79.4,1
Satsunai,left,14.2,overflow,plus4K,79.6,1
Satsunai,left,14.2,overflow,plus4K,79.8,1
Satsunai,left,14.2,overflow,plus4K,80,1
Satsunai,left,14.2,overflow,plus4K,80.2,1
Satsunai,left,14.2,overflow,plus4K,80.4,1
Satsunai,left,14.4,overflow,historical,74.6,0
Satsunai,left,14.4,overflow,historical,74.8,0
Satsunai,left,14.4,overflow,historical,75,0
Satsunai,left,14.4,overflow,historical,75.2,0
Satsunai,left,14.4,overflow,historical,75.4,0
Satsunai,left,14.4,overflow,historical,75.6,0
Satsunai,left,14.4,overflow,historical,75.8,0
Satsunai,left,14.4,overflow,historical,76,0
Satsunai,left,14.4,overflow,historical,76.2,0
Satsunai,left,14.4,overflow,historical,76.4,0
Satsunai,left,14.4,overflow,historical,76.6,0
Satsunai,left,14.4,overflow,historical,76.8,0
Satsunai,left,14.4,overflow,historical,77,0
Satsunai,left,14.4,overflow,historical,77.2,0
Satsunai,left,14.4,overflow,historical,77.4,0
Satsunai,left,14.4,overflow,historical,77.6,0
Satsunai,left,14.4,overflow,historical,77.8,0
Satsunai,left,14.4,overflow,historical,78,0
Satsunai,left,14.4,overflow,historical,78.2,0
Satsunai,left,14.4,overflow,historical,78.4,0
Satsunai,left,14.4,overflow,historical,78.6,0.9826
Satsunai,left,14.4,overflow,historical,78.8,1
Satsunai,left,14.4,overflow,historical,79,1
Satsunai,left,14.4,overflow,historical,79.2,1
Satsunai,left,14.4,overflow,historical,79.4,1
Satsunai,left,14.4,overflow,historical,79.6,1
Satsunai,left,14.4,overflow,historical,79.8,1
Satsunai,left,14.4,overflow,historical,80,1
Satsunai,left,14.4,overflow,historical,80.2,1
Satsunai,left,14.4,overflow,historical,80.4,1
Satsunai,left,14.4,overflow,historical,80.6,1
Satsunai,left,14.4,overflow,historical,80.8,1
Satsunai,left,14.4,overflow,historical,81,1
Satsunai,left,14.4,overflow,historical,81.2,1
Satsunai,left,14.4,overflow,historical,81.4,1
Satsunai,left,14.4,overflow,plus4K,74.6,0
Satsunai,left,14.4,overflow,plus4K,74.8,0
Satsunai,left,14.4,overflow,plus4K,75,0
Satsunai,left,14.4,overflow,plus4K,75.2,0
Satsunai,left,14.4,overflow,plus4K,75.4,0
Satsunai,left,14.4,overflow,plus4K,75.6,0
Satsunai,left,14.4,overflow,plus4K,75.8,0
Satsunai,left,14.4,overflow,plus4K,76,0
Satsunai,left,14.4,overflow,plus4K,76.2,0
Satsunai,left,14.4,overflow,plus4K,76.4,0
Satsunai,left,14.4,overflow,plus4K,76.6,0
Satsunai,left,14.4,overflow,plus4K,76.8,0
Satsunai,left,14.4,overflow,plus4K,77,0
Satsunai,left,14.4,overflow,plus4K,77.2,0
Satsunai,left,14.4,overflow,plus4K,77.4,0
Satsunai,left,14.4,overflow,plus4K,77.6,0
Satsunai,left,14.4,overflow,plus4K,77.8,0
Satsunai,left,14.4,overflow,plus4K,78,0
Satsunai,left,14.4,overflow,plus4K,78.2,0
Satsunai,left,14.4,overflow,plus4K,78.4,0
Satsunai,left,14.4,overflow,plus4K,78.6,0.9826
Satsunai,left,14.4,overflow,plus4K,78.8,1
Satsunai,left,14.4,overflow,plus4K,79,1
Satsunai,left,14.4,overflow,plus4K,79.2,1
Satsunai,left,14.4,overflow,plus4K,79.4,1
Satsunai,left,14.4,overflow,plus4K,79.6,1
Satsunai,left,14.4,overflow,plus4K,79.8,1
Satsunai,left,14.4,overflow,plus4K,80,1
Satsunai,left,14.4,overflow,plus4K,80.2,1
Satsunai,left,14.4,overflow,plus4K,80.4,1
Satsunai,left,14.4,overflow,plus4K,80.6,1
Satsunai,left,14.4,overflow,plus4K,80.8,1
Satsunai,left,14.4,overflow,plus4K,81,1
Satsunai,left,14.4,overflow,plus4K,81.2,1
Satsunai,left,14.4,overflow,plus4K,81.4,1
Satsunai,left,14.6,overflow,historical,75.4,0
Satsunai,left,14.6,overflow,historical,75.6,0
Satsunai,left,14.6,overflow,historical,75.8,0
Satsunai,left,14.6,overflow,historical,76,0
Satsunai,left,14.6,overflow,historical,76.2,0
Satsunai,left,14.6,overflow,historical,76.4,0
Satsunai,left,14.6,overflow,historical,76.6,0
Satsunai,left,14.6,overflow,historical,76.8,0
Satsunai,left,14.6,overflow,historical,77,0
Satsunai,left,14.6,overflow,historical,77.2,0
Satsunai,left,14.6,overflow,historical,77.4,0
Satsunai,left,14.6,overflow,historical,77.6,0
Satsunai,left,14.6,overflow,historical,77.8,0
Satsunai,left,14.6,overflow,historical,78,0
Satsunai,left,14.6,overflow,historical,78.2,0
Satsunai,left,14.6,overflow,historical,78.4,0
Satsunai,left,14.6,overflow,historical,78.6,0
Satsunai,left,14.6,overflow,historical,78.8,0
Satsunai,left,14.6,overflow,historical,79,0
Satsunai,left,14.6,overflow,historical,79.2,0
Satsunai,left,14.6,overflow,historical,79.4,0
Satsunai,left,14.6,overflow,historical,79.6,0
Satsunai,left,14.6,overflow,historical,79.8,1
Satsunai,left,14.6,overflow,historical,80,1
Satsunai,left,14.6,overflow,historical,80.2,1
Satsunai,left,14.6,overflow,historical,80.4,1
Satsunai,left,14.6,overflow,historical,80.6,1
Satsunai,left,14.6,overflow,historical,80.8,1
Satsunai,left,14.6,overflow,historical,81,1
Satsunai,left,14.6,overflow,historical,81.2,1
Satsunai,left,14.6,overflow,historical,81.4,1
Satsunai,left,14.6,overflow,historical,81.6,1
Satsunai,left,14.6,overflow,historical,81.8,1
Satsunai,left,14.6,overflow,historical,82,1
Satsunai,left,14.6,overflow,historical,82.2,1
Satsunai,left,14.6,overflow,historical,82.4,1
Satsunai,left,14.6,overflow,plus4K,75.4,0
Satsunai,left,14.6,overflow,plus4K,75.6,0
Satsunai,left,14.6,overflow,plus4K,75.8,0
Satsunai,left,14.6,overflow,plus4K,76,0
Satsunai,left,14.6,overflow,plus4K,76.2,0
Satsunai,left,14.6,overflow,plus4K,76.4,0
Satsunai,left,14.6,overflow,plus4K,76.6,0
Satsunai,left,14.6,overflow,plus4K,76.8,0
Satsunai,left,14.6,overflow,plus4K,77,0
Satsunai,left,14.6,overflow,plus4K,77.2,0
Satsunai,left,14.6,overflow,plus4K,77.4,0
Satsunai,left,14.6,overflow,plus4K,77.6,0
Satsunai,left,14.6,overflow,plus4K,77.8,0
Satsunai,left,14.6,overflow,plus4K,78,0
Satsunai,left,14.6,overflow,plus4K,78.2,0
Satsunai,left,14.6,overflow,plus4K,78.4,0
Satsunai,left,14.6,overflow,plus4K,78.6,0
Satsunai,left,14.6,overflow,plus4K,78.8,0
Satsunai,left,14.6,overflow,plus4K,79,0
Satsunai,left,14.6,overflow,plus4K,79.2,0
Satsunai,left,14.6,overflow,plus4K,79.4,0
Satsunai,left,14.6,overflow,plus4K,79.6,0
Satsunai,left,14.6,overflow,plus4K,79.8,1
Satsunai,left,14.6,overflow,plus4K,80,1
Satsunai,left,14.6,overflow,plus4K,80.2,1
Satsunai,left,14.6,overflow,plus4K,80.4,1
Satsunai,left,14.6,overflow,plus4K,80.6,1
Satsunai,left,14.6,overflow,plus4K,80.8,1
Satsunai,left,14.6,overflow,plus4K,81,1
Satsunai,left,14.6,overflow,plus4K,81.2,1
Satsunai,left,14.6,overflow,plus4K,81.4,1
Satsunai,left,14.6,overflow,plus4K,81.6,1
Satsunai,left,14.6,overflow,plus4K,81.8,1
Satsunai,left,14.6,overflow,plus4K,82,1
Satsunai,left,14.6,overflow,plus4K,82.2,1
Satsunai,left,14.6,overflow,plus4K,82.4,1
Satsunai,left,14.8,overflow,historical,76.4,0
Satsunai,left,14.8,overflow,historical,76.6,0
Satsunai,left,14.8,overflow,historical,76.8,0
Satsunai,left,14.8,overflow,historical,77,0
Satsunai,left,14.8,overflow,historical,77.2,0
Satsunai,left,14.8,overflow,historical,77.4,0
Satsunai,left,14.8,overflow,historical,77.6,0
Satsunai,left,14.8,overflow,historical,77.8,0
Satsunai,left,14.8,overflow,historical,78,0
Satsunai,left,14.8,overflow,historical,78.2,0
Satsunai,left,14.8,overflow,historical,78.4,0
Satsunai,left,14.8,overflow,historical,78.6,0
Satsunai,left,14.8,overflow,historical,78.8,0
Satsunai,left,14.8,overflow,historical,79,0
Satsunai,left,14.8,overflow,historical,79.2,0
Satsunai,left,14.8,overflow,historical,79.4,0
Satsunai,left,14.8,overflow,historical,79.6,0
Satsunai,left,14.8,overflow,historical,79.8,0
Satsunai,left,14.8,overflow,historical,80,0
Satsunai,left,14.8,overflow,historical,80.2,0
Satsunai,left,14.8,overflow,historical,80.4,0
Satsunai,left,14.8,overflow,historical,80.6,0
Satsunai,left,14.8,overflow,historical,80.8,0.1296
Satsunai,left,14.8,overflow,historical,81,1
Satsunai,left,14.8,overflow,historical,81.2,1
Satsunai,left,14.8,overflow,historical,81.4,1
Satsunai,left,14.8,overflow,historical,81.6,1
Satsunai,left,14.8,overflow,historical,81.8,1
Satsunai,left,14.8,overflow,historical,82,1
Satsunai,left,14.8,overflow,historical,82.2,1
Satsunai,left,14.8,overflow,historical,82.4,1
Satsunai,left,14.8,overflow,historical,82.6,1
Satsunai,left,14.8,overflow,historical,82.8,1
Satsunai,left,14.8,overflow,historical,83,1
Satsunai,left,14.8,overflow,historical,83.2,1
Satsunai,left,14.8,overflow,historical,83.4,1
Satsunai,left,14.8,overflow,historical,83.6,1
Satsunai,left,14.8,overflow,plus4K,76.4,0
Satsunai,left,14.8,overflow,plus4K,76.6,0
Satsunai,left,14.8,overflow,plus4K,76.8,0
Satsunai,left,14.8,overflow,plus4K,77,0
Satsunai,left,14.8,overflow,plus4K,77.2,0
Satsunai,left,14.8,overflow,plus4K,77.4,0
Satsunai,left,14.8,overflow,plus4K,77.6,0
Satsunai,left,14.8,overflow,plus4K,77.8,0
Satsunai,left,14.8,overflow,plus4K,78,0
Satsunai,left,14.8,overflow,plus4K,78.2,0
Satsunai,left,14.8,overflow,plus4K,78.4,0
Satsunai,left,14.8,overflow,plus4K,78.6,0
Satsunai,left,14.8,overflow,plus4K,78.8,0
Satsunai,left,14.8,overflow,plus4K,79,0
Satsunai,left,14.8,overflow,plus4K,79.2,0
Satsunai,left,14.8,overflow,plus4K,79.4,0
Satsunai,left,14.8,overflow,plus4K,79.6,0
Satsunai,left,14.8,overflow,plus4K,79.8,0
Satsunai,left,14.8,overflow,plus4K,80,0
Satsunai,left,14.8,overflow,plus4K,80.2,0
Satsunai,left,14.8,overflow,plus4K,80.4,0
Satsunai,left,14.8,overflow,plus4K,80.6,0
Satsunai,left,14.8,overflow,plus4K,80.8,0.1296
Satsunai,left,14.8,overflow,plus4K,81,1
Satsunai,left,14.8,overflow,plus4K,81.2,1
Satsunai,left,14.8,overflow,plus4K,81.4,1
Satsunai,left,14.8,overflow,plus4K,81.6,1
Satsunai,left,14.8,overflow,plus4K,81.8,1
Satsunai,left,14.8,overflow,plus4K,82,1
Satsunai,left,14.8,overflow,plus4K,82.2,1
Satsunai,left,14.8,overflow,plus4K,82.4,1
Satsunai,left,14.8,overflow,plus4K,82.6,1
Satsunai,left,14.8,overflow,plus4K,82.8,1
Satsunai,left,14.8,overflow,plus4K,83,1
Satsunai,left,14.8,overflow,plus4K,83.2,1
Satsunai,left,14.8,overflow,plus4K,83.4,1
Satsunai,left,14.8,overflow,plus4K,83.6,1
Satsunai,left,15,overflow,historical,77.8,0
Satsunai,left,15,overflow,historical,78,0
Satsunai,left,15,overflow,historical,78.2,0
Satsunai,left,15,overflow,historical,78.4,0
Satsunai,left,15,overflow,historical,78.6,0
Satsunai,left,15,overflow,historical,78.8,0
Satsunai,left,15,overflow,historical,79,0
Satsunai,left,15,overflow,historical,79.2,0
Satsunai,left,15,overflow,historical,79.4,0
Satsunai,left,15,overflow,historical,79.6,0
Satsunai,left,15,overflow,historical,79.8,0
Satsunai,left,15,overflow,historical,80,0
Satsunai,left,15,overflow,historical,80.2,0.0003
Satsunai,left,15,overflow,historical,80.4,0.0011
Satsunai,left,15,overflow,historical,80.6,0.0026
Satsunai,left,15,overflow,historical,80.8,0.0086
Satsunai,left,15,overflow,historical,81,0.0211
Satsunai,left,15,overflow,historical,81.2,0.044
Satsunai,left,15,overflow,historical,81.4,0.0831
Satsunai,left,15,overflow,historical,81.6,0.148
Satsunai,left,15,overflow,historical,81.8,0.2372
Satsunai,left,15,overflow,historical,82,0.3543
Satsunai,left,15,overflow,historical,82.2,0.4826
Satsunai,left,15,overflow,historical,82.4,0.6132
Satsunai,left,15,overflow,historical,82.6,0.7384
Satsunai,left,15,overflow,historical,82.8,0.8343
Satsunai,left,15,overflow,historical,83,0.9055
Satsunai,left,15,overflow,historical,83.2,0.9511
Satsunai,left,15,overflow,historical,83.4,0.9775
Satsunai,left,15,overflow,historical,83.6,0.9902
Satsunai,left,15,overflow,historical,83.8,0.9959
Satsunai,left,15,overflow,historical,84,0.9988
Satsunai,left,15,overflow,historical,84.2,0.9998
Satsunai,left,15,overflow,historical,84.4,0.9999
Satsunai,left,15,overflow,historical,84.6,0.9999
Satsunai,left,15,overflow,historical,84.8,1
Satsunai,left,15,overflow,historical,85,1
Satsunai,left,15,overflow,plus4K,77.8,0
Satsunai,left,15,overflow,plus4K,78,0
Satsunai,left,15,overflow,plus4K,78.2,0
Satsunai,left,15,overflow,plus4K,78.4,0
Satsunai,left,15,overflow,plus4K,78.6,0
Satsunai,left,15,overflow,plus4K,78.8,0
Satsunai,left,15,overflow,plus4K,79,0
Satsunai,left,15,overflow,plus4K,79.2,0
Satsunai,left,15,overflow,plus4K,79.4,0
Satsunai,left,15,overflow,plus4K,79.6,0
Satsunai,left,15,overflow,plus4K,79.8,0
Satsunai,left,15,overflow,plus4K,80,0
Satsunai,left,15,overflow,plus4K,80.2,0.0003
Satsunai,left,15,overflow,plus4K,80.4,0.0011
Satsunai,left,15,overflow,plus4K,80.6,0.0026
Satsunai,left,15,overflow,plus4K,80.8,0.0086
Satsunai,left,15,overflow,plus4K,81,0.0211
Satsunai,left,15,overflow,plus4K,81.2,0.044
Satsunai,left,15,overflow,plus4K,81.4,0.0831
Satsunai,left,15,overflow,plus4K,81.6,0.148
Satsunai,left,15,overflow,plus4K,81.8,0.2372
Satsunai,left,15,overflow,plus4K,82,0.3543
Satsunai,left,15,overflow,plus4K,82.2,0.4826
Satsunai,left,15,overflow,plus4K,82.4,0.6132
Satsunai,left,15,overflow,plus4K,82.6,0.7384
Satsunai,left,15,overflow,plus4K,82.8,0.8343
Satsunai,left,15,overflow,plus4K,83,0.9055
Satsunai,left,15,overflow,plus4K,83.2,0.9511
Satsunai,left,15,overflow,plus4K,83.4,0.9775
Satsunai,left,15,overflow,plus4K,83.6,0.9902
Satsunai,left,15,overflow,plus4K,83.8,0.9959
Satsunai,left,15,overflow,plus4K,84,0.9988
Satsunai,left,15,overflow,plus4K,84.2,0.9998
Satsunai,left,15,overflow,plus4K,84.4,0.9999
Satsunai,left,15,overflow,plus4K,84.6,0.9999
Satsunai,left,15,overflow,plus4K,84.8,1
Satsunai,left,15,overflow,plus4K,85,1
Satsunai,left,15.2,overflow,historical,78.4,0
Satsunai,left,15.2,overflow,historical,78.6,0
Satsunai,left,15.2,overflow,historical,78.8,0
Satsunai,left,15.2,overflow,historical,79,0
Satsunai,left,15.2,overflow,historical,79.2,0
Satsunai,left,15.2,overflow,historical,79.4,0
Satsunai,left,15.2,overflow,historical,79.6,0
Satsunai,left,15.2,overflow,historical,79.8,0
Satsunai,left,15.2,overflow,historical,80,0
Satsunai,left,15.2,overflow,historical,80.2,0
Satsunai,left,15.2,overflow,historical,80.4,0
Satsunai,left,15.2,overflow,historical,80.6,0
Satsunai,left,15.2,overflow,historical,80.8,0
Satsunai,left,15.2,overflow,historical,81,0
Satsunai,left,15.2,overflow,historical,81.2,0
Satsunai,left,15.2,overflow,historical,81.4,0
Satsunai,left,15.2,overflow,historical,81.6,0
Satsunai,left,15.2,overflow,historical,81.8,0
Satsunai,left,15.2,overflow,historical,82,0
Satsunai,left,15.2,overflow,historical,82.2,0
Satsunai,left,15.2,overflow,historical,82.4,1
Satsunai,left,15.2,overflow,historical,82.6,1
Satsunai,left,15.2,overflow,historical,82.8,1
Satsunai,left,15.2,overflow,historical,83,1
Satsunai,left,15.2,overflow,historical,83.2,1
Satsunai,left,15.2,overflow,historical,83.4,1
Satsunai,left,15.2,overflow,historical,83.6,1
Satsunai,left,15.2,overflow,historical,83.8,1
Satsunai,left,15.2,overflow,historical,84,1
Satsunai,left,15.2,overflow,historical,84.2,1
Satsunai,left,15.2,overflow,historical,84.4,1
Satsunai,left,15.2,overflow,historical,84.6,1
Satsunai,left,15.2,overflow,historical,84.8,1
Satsunai,left,15.2,overflow,historical,85,1
Satsunai,left,15.2,overflow,historical,85.2,1
Satsunai,left,15.2,overflow,plus4K,78.4,0
Satsunai,left,15.2,overflow,plus4K,78.6,0
Satsunai,left,15.2,overflow,plus4K,78.8,0
Satsunai,left,15.2,overflow,plus4K,79,0
Satsunai,left,15.2,overflow,plus4K,79.2,0
Satsunai,left,15.2,overflow,plus4K,79.4,0
Satsunai,left,15.2,overflow,plus4K,79.6,0
Satsunai,left,15.2,overflow,plus4K,79.8,0
Satsunai,left,15.2,overflow,plus4K,80,0
Satsunai,left,15.2,overflow,plus4K,80.2,0
Satsunai,left,15.2,overflow,plus4K,80.4,0
Satsunai,left,15.2,overflow,plus4K,80.6,0
Satsunai,left,15.2,overflow,plus4K,80.8,0
Satsunai,left,15.2,overflow,plus4K,81,0
Satsunai,left,15.2,overflow,plus4K,81.2,0
Satsunai,left,15.2,overflow,plus4K,81.4,0
Satsunai,left,15.2,overflow,plus4K,81.6,0
Satsunai,left,15.2,overflow,plus4K,81.8,0
Satsunai,left,15.2,overflow,plus4K,82,0
Satsunai,left,15.2,overflow,plus4K,82.2,0
Satsunai,left,15.2,overflow,plus4K,82.4,1
Satsunai,left,15.2,overflow,plus4K,82.6,1
Satsunai,left,15.2,overflow,plus4K,82.8,1
Satsunai,left,15.2,overflow,plus4K,83,1
Satsunai,left,15.2,overflow,plus4K,83.2,1
Satsunai,left,15.2,overflow,plus4K,83.4,1
Satsunai,left,15.2,overflow,plus4K,83.6,1
Satsunai,left,15.2,overflow,plus4K,83.8,1
Satsunai,left,15.2,overflow,plus4K,84,1
Satsunai,left,15.2,overflow,plus4K,84.2,1
Satsunai,left,15.2,overflow,plus4K,84.4,1
Satsunai,left,15.2,overflow,plus4K,84.6,1
Satsunai,left,15.2,overflow,plus4K,84.8,1
Satsunai,left,15.2,overflow,plus4K,85,1
Satsunai,left,15.2,overflow,plus4K,85.2,1
Satsunai,left,15.4,overflow,historical,79.2,0
Satsunai,left,15.4,overflow,historical,79.4,0
Satsunai,left,15.4,overflow,historical,79.6,0
Satsunai,left,15.4,overflow,historical,79.8,0
Satsunai,left,15.4,overflow,historical,80,0
Satsunai,left,15.4,overflow,historical,80.2,0
Satsunai,left,15.4,overflow,historical,80.4,0
Satsunai,left,15.4,overflow,historical,80.6,0
Satsunai,left,15.4,overflow,historical,80.8,0
Satsunai,left,15.4,overflow,historical,81,0
Satsunai,left,15.4,overflow,historical,81.2,0
Satsunai,left,15.4,overflow,historical,81.4,0
Satsunai,left,15.4,overflow,historical,81.6,0
Satsunai,left,15.4,overflow,historical,81.8,0
Satsunai,left,15.4,overflow,historical,82,0
Satsunai,left,15.4,overflow,historical,82.2,0
Satsunai,left,15.4,overflow,historical,82.4,0
Satsunai,left,15.4,overflow,historical,82.6,0
Satsunai,left,15.4,overflow,historical,82.8,0
Satsunai,left,15.4,overflow,historical,83,0
Satsunai,left,15.4,overflow,historical,83.2,0.0006
Satsunai,left,15.4,overflow,historical,83.4,1
Satsunai,left,15.4,overflow,historical,83.6,1
Satsunai,left,15.4,overflow,historical,83.8,1
Satsunai,left,15.4,overflow,historical,84,1
Satsunai,left,15.4,overflow,historical,84.2,1
Satsunai,left,15.4,overflow,historical,84.4,1
Satsunai,left,15.4,overflow,historical,84.6,1
Satsunai,left,15.4,overflow,historical,84.8,1
Satsunai,left,15.4,overflow,historical,85,1
Satsunai,left,15.4,overflow,historical,85.2,1
Satsunai,left,15.4,overflow,historical,85.4,1
Satsunai,left,15.4,overflow,historical,85.6,1
Satsunai,left,15.4,overflow,historical,85.8,1
Satsunai,left,15.4,overflow,historical,86,1
Satsunai,left,15.4,overflow,plus4K,79.2,0
Satsunai,left,15.4,overflow,plus4K,79.4,0
Satsunai,left,15.4,overflow,plus4K,79.6,0
Satsunai,left,15.4,overflow,plus4K,79.8,0
Satsunai,left,15.4,overflow,plus4K,80,0
Satsunai,left,15.4,overflow,plus4K,80.2,0
Satsunai,left,15.4,overflow,plus4K,80.4,0
Satsunai,left,15.4,overflow,plus4K,80.6,0
Satsunai,left,15.4,overflow,plus4K,80.8,0
Satsunai,left,15.4,overflow,plus4K,81,0
Satsunai,left,15.4,overflow,plus4K,81.2,0
Satsunai,left,15.4,overflow,plus4K,81.4,0
Satsunai,left,15.4,overflow,plus4K,81.6,0
Satsunai,left,15.4,overflow,plus4K,81.8,0
Satsunai,left,15.4,overflow,plus4K,82,0
Satsunai,left,15.4,overflow,plus4K,82.2,0
Satsunai,left,15.4,overflow,plus4K,82.4,0
Satsunai,left,15.4,overflow,plus4K,82.6,0
Satsunai,left,15.4,overflow,plus4K,82.8,0
Satsunai,left,15.4,overflow,plus4K,83,0
Satsunai,left,15.4,overflow,plus4K,83.2,0.0006
Satsunai,left,15.4,overflow,plus4K,83.4,1
Satsunai,left,15.4,overflow,plus4K,83.6,1
Satsunai,left,15.4,overflow,plus4K,83.8,1
Satsunai,left,15.4,overflow,plus4K,84,1
Satsunai,left,15.4,overflow,plus4K,84.2,1
Satsunai,left,15.4,overflow,plus4K,84.4,1
Satsunai,left,15.4,overflow,plus4K,84.6,1
Satsunai,left,15.4,overflow,plus4K,84.8,1
Satsunai,left,15.4,overflow,plus4K,85,1
Satsunai,left,15.4,overflow,plus4K,85.2,1
Satsunai,left,15.4,overflow,plus4K,85.4,1
Satsunai,left,15.4,overflow,plus4K,85.6,1
Satsunai,left,15.4,overflow,plus4K,85.8,1
Satsunai,left,15.4,overflow,plus4K,86,1
Satsunai,left,15.6,overflow,historical,80,0
Satsunai,left,15.6,overflow,historical,80.2,0
Satsunai,left,15.6,overflow,historical,80.4,0
Satsunai,left,15.6,overflow,historical,80.6,0
Satsunai,left,15.6,overflow,historical,80.8,0
Satsunai,left,15.6,overflow,historical,81,0
Satsunai,left,15.6,overflow,historical,81.2,0
Satsunai,left,15.6,overflow,historical,81.4,0
Satsunai,left,15.6,overflow,historical,81.6,0
Satsunai,left,15.6,overflow,historical,81.8,0
Satsunai,left,15.6,overflow,historical,82,0
Satsunai,left,15.6,overflow,historical,82.2,0
Satsunai,left,15.6,overflow,historical,82.4,0
Satsunai,left,15.6,overflow,historical,82.6,0
Satsunai,left,15.6,overflow,historical,82.8,0
Satsunai,left,15.6,overflow,historical,83,0
Satsunai,left,15.6,overflow,historical,83.2,0
Satsunai,left,15.6,overflow,historical,83.4,0
Satsunai,left,15.6,overflow,historical,83.6,0
Satsunai,left,15.6,overflow,historical,83.8,0
Satsunai,left,15.6,overflow,historical,84,0
Satsunai,left,15.6,overflow,historical,84.2,1
Satsunai,left,15.6,overflow,historical,84.4,1
Satsunai,left,15.6,overflow,historical,84.6,1
Satsunai,left,15.6,overflow,historical,84.8,1
Satsunai,left,15.6,overflow,historical,85,1
Satsunai,left,15.6,overflow,historical,85.2,1
Satsunai,left,15.6,overflow,historical,85.4,1
Satsunai,left,15.6,overflow,historical,85.6,1
Satsunai,left,15.6,overflow,historical,85.8,1
Satsunai,left,15.6,overflow,historical,86,1
Satsunai,left,15.6,overflow,historical,86.2,1
Satsunai,left,15.6,overflow,historical,86.4,1
Satsunai,left,15.6,overflow,historical,86.6,1
Satsunai,left,15.6,overflow,historical,86.8,1
Satsunai,left,15.6,overflow,historical,87,1
Satsunai,left,15.6,overflow,plus4K,80,0
Satsunai,left,15.6,overflow,plus4K,80.2,0
Satsunai,left,15.6,overflow,plus4K,80.4,0
Satsunai,left,15.6,overflow,plus4K,80.6,0
Satsunai,left,15.6,overflow,plus4K,80.8,0
Satsunai,left,15.6,overflow,plus4K,81,0
Satsunai,left,15.6,overflow,plus4K,81.2,0
Satsunai,left,15.6,overflow,plus4K,81.4,0
Satsunai,left,15.6,overflow,plus4K,81.6,0
Satsunai,left,15.6,overflow,plus4K,81.8,0
Satsunai,left,15.6,overflow,plus4K,82,0
Satsunai,left,15.6,overflow,plus4K,82.2,0
Satsunai,left,15.6,overflow,plus4K,82.4,0
Satsunai,left,15.6,overflow,plus4K,82.6,0
Satsunai,left,15.6,overflow,plus4K,82.8,0
Satsunai,left,15.6,overflow,plus4K,83,0
Satsunai,left,15.6,overflow,plus4K,83.2,0
Satsunai,left,15.6,overflow,plus4K,83.4,0
Satsunai,left,15.6,overflow,plus4K,83.6,0
Satsunai,left,15.6,overflow,plus4K,83.8,0
Satsunai,left,15.6,overflow,plus4K,84,0
Satsunai,left,15.6,overflow,plus4K,84.2,1
Satsunai,left,15.6,overflow,plus4K,84.4,1
Satsunai,left,15.6,overflow,plus4K,84.6,1
Satsunai,left,15.6,overflow,plus4K,84.8,1
Satsunai,left,15.6,overflow,plus4K,85,1
Satsunai,left,15.6,overflow,plus4K,85.2,1
Satsunai,left,15.6,overflow,plus4K,85.4,1
Satsunai,left,15.6,overflow,plus4K,85.6,1
Satsunai,left,15.6,overflow,plus4K,85.8,1
Satsunai,left,15.6,overflow,plus4K,86,1
Satsunai,left,15.6,overflow,plus4K,86.2,1
Satsunai,left,15.6,overflow,plus4K,86.4,1
Satsunai,left,15.6,overflow,plus4K,86.6,1
Satsunai,left,15.6,overflow,plus4K,86.8,1
Satsunai,left,15.6,overflow,plus4K,87,1
Satsunai,left,15.8,overflow,historical,81.2,0
Satsunai,left,15.8,overflow,historical,81.4,0
Satsunai,left,15.8,overflow,historical,81.6,0
Satsunai,left,15.8,overflow,historical,81.8,0
Satsunai,left,15.8,overflow,historical,82,0
Satsunai,left,15.8,overflow,historical,82.2,0
Satsunai,left,15.8,overflow,historical,82.4,0
Satsunai,left,15.8,overflow,historical,82.6,0
Satsunai,left,15.8,overflow,historical,82.8,0
Satsunai,left,15.8,overflow,historical,83,0
Satsunai,left,15.8,overflow,historical,83.2,0
Satsunai,left,15.8,overflow,historical,83.4,0
Satsunai,left,15.8,overflow,historical,83.6,0
Satsunai,left,15.8,overflow,historical,83.8,0
Satsunai,left,15.8,overflow,historical,84,0
Satsunai,left,15.8,overflow,historical,84.2,0
Satsunai,left,15.8,overflow,historical,84.4,0
Satsunai,left,15.8,overflow,historical,84.6,0
Satsunai,left,15.8,overflow,historical,84.8,0
Satsunai,left,15.8,overflow,historical,85,0
Satsunai,left,15.8,overflow,historical,85.2,0
Satsunai,left,15.8,overflow,historical,85.4,1
Satsunai,left,15.8,overflow,historical,85.6,1
Satsunai,left,15.8,overflow,historical,85.8,1
Satsunai,left,15.8,overflow,historical,86,1
Satsunai,left,15.8,overflow,historical,86.2,1
Satsunai,left,15.8,overflow,historical,86.4,1
Satsunai,left,15.8,overflow,historical,86.6,1
Satsunai,left,15.8,overflow,historical,86.8,1
Satsunai,left,15.8,overflow,historical,87,1
Satsunai,left,15.8,overflow,historical,87.2,1
Satsunai,left,15.8,overflow,historical,87.4,1
Satsunai,left,15.8,overflow,historical,87.6,1
Satsunai,left,15.8,overflow,historical,87.8,1
Satsunai,left,15.8,overflow,historical,88,1
Satsunai,left,15.8,overflow,historical,88.2,1
Satsunai,left,15.8,overflow,plus4K,81.2,0
Satsunai,left,15.8,overflow,plus4K,81.4,0
Satsunai,left,15.8,overflow,plus4K,81.6,0
Satsunai,left,15.8,overflow,plus4K,81.8,0
Satsunai,left,15.8,overflow,plus4K,82,0
Satsunai,left,15.8,overflow,plus4K,82.2,0
Satsunai,left,15.8,overflow,plus4K,82.4,0
Satsunai,left,15.8,overflow,plus4K,82.6,0
Satsunai,left,15.8,overflow,plus4K,82.8,0
Satsunai,left,15.8,overflow,plus4K,83,0
Satsunai,left,15.8,overflow,plus4K,83.2,0
Satsunai,left,15.8,overflow,plus4K,83.4,0
Satsunai,left,15.8,overflow,plus4K,83.6,0
Satsunai,left,15.8,overflow,plus4K,83.8,0
Satsunai,left,15.8,overflow,plus4K,84,0
Satsunai,left,15.8,overflow,plus4K,84.2,0
Satsunai,left,15.8,overflow,plus4K,84.4,0
Satsunai,left,15.8,overflow,plus4K,84.6,0
Satsunai,left,15.8,overflow,plus4K,84.8,0
Satsunai,left,15.8,overflow,plus4K,85,0
Satsunai,left,15.8,overflow,plus4K,85.2,0
Satsunai,left,15.8,overflow,plus4K,85.4,1
Satsunai,left,15.8,overflow,plus4K,85.6,1
Satsunai,left,15.8,overflow,plus4K,85.8,1
Satsunai,left,15.8,overflow,plus4K,86,1
Satsunai,left,15.8,overflow,plus4K,86.2,1
Satsunai,left,15.8,overflow,plus4K,86.4,1
Satsunai,left,15.8,overflow,plus4K,86.6,1
Satsunai,left,15.8,overflow,plus4K,86.8,1
Satsunai,left,15.8,overflow,plus4K,87,1
Satsunai,left,15.8,overflow,plus4K,87.2,1
Satsunai,left,15.8,overflow,plus4K,87.4,1
Satsunai,left,15.8,overflow,plus4K,87.6,1
Satsunai,left,15.8,overflow,plus4K,87.8,1
Satsunai,left,15.8,overflow,plus4K,88,1
Satsunai,left,15.8,overflow,plus4K,88.2,1
Satsunai,left,16,overflow,historical,81.8,0
Satsunai,left,16,overflow,historical,82,0
Satsunai,left,16,overflow,historical,82.2,0
Satsunai,left,16,overflow,historical,82.4,0
Satsunai,left,16,overflow,historical,82.6,0
Satsunai,left,16,overflow,historical,82.8,0
Satsunai,left,16,overflow,historical,83,0
Satsunai,left,16,overflow,historical,83.2,0
Satsunai,left,16,overflow,historical,83.4,0
Satsunai,left,16,overflow,historical,83.6,0
Satsunai,left,16,overflow,historical,83.8,0
Satsunai,left,16,overflow,historical,84,0
Satsunai,left,16,overflow,historical,84.2,0
Satsunai,left,16,overflow,historical,84.4,0
Satsunai,left,16,overflow,historical,84.6,0
Satsunai,left,16,overflow,historical,84.8,0
Satsunai,left,16,overflow,historical,85,0
Satsunai,left,16,overflow,historical,85.2,0
Satsunai,left,16,overflow,historical,85.4,0
Satsunai,left,16,overflow,historical,85.6,0
Satsunai,left,16,overflow,historical,85.8,0.9911
Satsunai,left,16,overflow,historical,86,1
Satsunai,left,16,overflow,historical,86.2,1
Satsunai,left,16,overflow,historical,86.4,1
Satsunai,left,16,overflow,historical,86.6,1
Satsunai,left,16,overflow,historical,86.8,1
Satsunai,left,16,overflow,historical,87,1
Satsunai,left,16,overflow,historical,87.2,1
Satsunai,left,16,overflow,historical,87.4,1
Satsunai,left,16,overflow,historical,87.6,1
Satsunai,left,16,overflow,historical,87.8,1
Satsunai,left,16,overflow,historical,88,1
Satsunai,left,16,overflow,historical,88.2,1
Satsunai,left,16,overflow,historical,88.4,1
Satsunai,left,16,overflow,historical,88.6,1
Satsunai,left,16,overflow,plus4K,81.8,0
Satsunai,left,16,overflow,plus4K,82,0
Satsunai,left,16,overflow,plus4K,82.2,0
Satsunai,left,16,overflow,plus4K,82.4,0
Satsunai,left,16,overflow,plus4K,82.6,0
Satsunai,left,16,overflow,plus4K,82.8,0
Satsunai,left,16,overflow,plus4K,83,0
Satsunai,left,16,overflow,plus4K,83.2,0
Satsunai,left,16,overflow,plus4K,83.4,0
Satsunai,left,16,overflow,plus4K,83.6,0
Satsunai,left,16,overflow,plus4K,83.8,0
Satsunai,left,16,overflow,plus4K,84,0
Satsunai,left,16,overflow,plus4K,84.2,0
Satsunai,left,16,overflow,plus4K,84.4,0
Satsunai,left,16,overflow,plus4K,84.6,0
Satsunai,left,16,overflow,plus4K,84.8,0
Satsunai,left,16,overflow,plus4K,85,0
Satsunai,left,16,overflow,plus4K,85.2,0
Satsunai,left,16,overflow,plus4K,85.4,0
Satsunai,left,16,overflow,plus4K,85.6,0
Satsunai,left,16,overflow,plus4K,85.8,0.9911
Satsunai,left,16,overflow,plus4K,86,1
Satsunai,left,16,overflow,plus4K,86.2,1
Satsunai,left,16,overflow,plus4K,86.4,1
Satsunai,left,16,overflow,plus4K,86.6,1
Satsunai,left,16,overflow,plus4K,86.8,1
Satsunai,left,16,overflow,plus4K,87,1
Satsunai,left,16,overflow,plus4K,87.2,1
Satsunai,left,16,overflow,plus4K,87.4,1
Satsunai,left,16,overflow,plus4K,87.6,1
Satsunai,left,16,overflow,plus4K,87.8,1
Satsunai,left,16,overflow,plus4K,88,1
Satsunai,left,16,overflow,plus4K,88.2,1
Satsunai,left,16,overflow,plus4K,88.4,1
Satsunai,left,16,overflow,plus4K,88.6,1
Satsunai,left,16.2,overflow,historical,83.2,0
Satsunai,left,16.2,overflow,historical,83.4,0
Satsunai,left,16.2,overflow,historical,83.6,0
Satsunai,left,16.2,overflow,historical,83.8,0
Satsunai,left,16.2,overflow,historical,84,0
Satsunai,left,16.2,overflow,historical,84.2,0
Satsunai,left,16.2,overflow,historical,84.4,0
Satsunai,left,16.2,overflow,historical,84.6,0
Satsunai,left,16.2,overflow,historical,84.8,0
Satsunai,left,16.2,overflow,historical,85,0
Satsunai,left,16.2,overflow,historical,85.2,0
Satsunai,left,16.2,overflow,historical,85.4,0
Satsunai,left,16.2,overflow,historical,85.6,0
Satsunai,left,16.2,overflow,historical,85.8,0
Satsunai,left,16.2,overflow,historical,86,0
Satsunai,left,16.2,overflow,historical,86.2,0
Satsunai,left,16.2,overflow,historical,86.4,0
Satsunai,left,16.2,overflow,historical,86.6,0
Satsunai,left,16.2,overflow,historical,86.8,0
Satsunai,left,16.2,overflow,historical,87,1
Satsunai,left,16.2,overflow,historical,87.2,1
Satsunai,left,16.2,overflow,historical,87.4,1
Satsunai,left,16.2,overflow,historical,87.6,1
Satsunai,left,16.2,overflow,historical,87.8,1
Satsunai,left,16.2,overflow,historical,88,1
Satsunai,left,16.2,overflow,historical,88.2,1
Satsunai,left,16.2,overflow,historical,88.4,1
Satsunai,left,16.2,overflow,historical,88.6,1
Satsunai,left,16.2,overflow,historical,88.8,1
Satsunai,left,16.2,overflow,historical,89,1
Satsunai,left,16.2,overflow,historical,89.2,1
Satsunai,left,16.2,overflow,historical,89.4,1
Satsunai,left,16.2,overflow,historical,89.6,1
Satsunai,left,16.2,overflow,plus4K,83.2,0
Satsunai,left,16.2,overflow,plus4K,83.4,0
Satsunai,left,16.2,overflow,plus4K,83.6,0
Satsunai,left,16.2,overflow,plus4K,83.8,0
Satsunai,left,16.2,overflow,plus4K,84,0
Satsunai,left,16.2,overflow,plus4K,84.2,0
Satsunai,left,16.2,overflow,plus4K,84.4,0
Satsunai,left,16.2,overflow,plus4K,84.6,0
Satsunai,left,16.2,overflow,plus4K,84.8,0
Satsunai,left,16.2,overflow,plus4K,85,0
Satsunai,left,16.2,overflow,plus4K,85.2,0
Satsunai,left,16.2,overflow,plus4K,85.4,0
Satsunai,left,16.2,overflow,plus4K,85.6,0
Satsunai,left,16.2,overflow,plus4K,85.8,0
Satsunai,left,16.2,overflow,plus4K,86,0
Satsunai,left,16.2,overflow,plus4K,86.2,0
Satsunai,left,16.2,overflow,plus4K,86.4,0
Satsunai,left,16.2,overflow,plus4K,86.6,0
Satsunai,left,16.2,overflow,plus4K,86.8,0
Satsunai,left,16.2,overflow,plus4K,87,1
Satsunai,left,16.2,overflow,plus4K,87.2,1
Satsunai,left,16.2,overflow,plus4K,87.4,1
Satsunai,left,16.2,overflow,plus4K,87.6,1
Satsunai,left,16.2,overflow,plus4K,87.8,1
Satsunai,left,16.2,overflow,plus4K,88,1
Satsunai,left,16.2,overflow,plus4K,88.2,1
Satsunai,left,16.2,overflow,plus4K,88.4,1
Satsunai,left,16.2,overflow,plus4K,88.6,1
Satsunai,left,16.2,overflow,plus4K,88.8,1
Satsunai,left,16.2,overflow,plus4K,89,1
Satsunai,left,16.2,overflow,plus4K,89.2,1
Satsunai,left,16.2,overflow,plus4K,89.4,1
Satsunai,left,16.2,overflow,plus4K,89.6,1
Satsunai,left,16.4,overflow,historical,82,0
Satsunai,left,16.4,overflow,historical,82.2,0
Satsunai,left,16.4,overflow,historical,82.4,0
Satsunai,left,16.4,overflow,historical,82.6,0
Satsunai,left,16.4,overflow,historical,82.8,0
Satsunai,left,16.4,overflow,historical,83,0
Satsunai,left,16.4,overflow,historical,83.2,0
Satsunai,left,16.4,overflow,historical,83.4,0
Satsunai,left,16.4,overflow,historical,83.6,0
Satsunai,left,16.4,overflow,historical,83.8,0
Satsunai,left,16.4,overflow,historical,84,0
Satsunai,left,16.4,overflow,historical,84.2,0
Satsunai,left,16.4,overflow,historical,84.4,0
Satsunai,left,16.4,overflow,historical,84.6,0
Satsunai,left,16.4,overflow,historical,84.8,0
Satsunai,left,16.4,overflow,historical,85,0
Satsunai,left,16.4,overflow,historical,85.2,0
Satsunai,left,16.4,overflow,historical,85.4,0
Satsunai,left,16.4,overflow,historical,85.6,0
Satsunai,left,16.4,overflow,historical,85.8,0
Satsunai,left,16.4,overflow,historical,86,0
Satsunai,left,16.4,overflow,historical,86.2,0
Satsunai,left,16.4,overflow,historical,86.4,0
Satsunai,left,16.4,overflow,historical,86.6,0
Satsunai,left,16.4,overflow,historical,86.8,0
Satsunai,left,16.4,overflow,historical,87,0
Satsunai,left,16.4,overflow,historical,87.2,0
Satsunai,left,16.4,overflow,historical,87.4,0
Satsunai,left,16.4,overflow,historical,87.6,0
Satsunai,left,16.4,overflow,historical,87.8,0
Satsunai,left,16.4,overflow,historical,88,0
Satsunai,left,16.4,overflow,historical,88.2,1
Satsunai,left,16.4,overflow,historical,88.4,1
Satsunai,left,16.4,overflow,historical,88.6,1
Satsunai,left,16.4,overflow,historical,88.8,1
Satsunai,left,16.4,overflow,historical,89,1
Satsunai,left,16.4,overflow,historical,89.2,1
Satsunai,left,16.4,overflow,historical,89.4,1
Satsunai,left,16.4,overflow,historical,89.6,1
Satsunai,left,16.4,overflow,historical,89.8,1
Satsunai,left,16.4,overflow,historical,90,1
Satsunai,left,16.4,overflow,historical,90.2,1
Satsunai,left,16.4,overflow,historical,90.4,1
Satsunai,left,16.4,overflow,historical,90.6,1
Satsunai,left,16.4,overflow,historical,90.8,1
Satsunai,left,16.4,overflow,historical,91,1
Satsunai,left,16.4,overflow,plus4K,82,0
Satsunai,left,16.4,overflow,plus4K,82.2,0
Satsunai,left,16.4,overflow,plus4K,82.4,0
Satsunai,left,16.4,overflow,plus4K,82.6,0
Satsunai,left,16.4,overflow,plus4K,82.8,0
Satsunai,left,16.4,overflow,plus4K,83,0
Satsunai,left,16.4,overflow,plus4K,83.2,0
Satsunai,left,16.4,overflow,plus4K,83.4,0
Satsunai,left,16.4,overflow,plus4K,83.6,0
Satsunai,left,16.4,overflow,plus4K,83.8,0
Satsunai,left,16.4,overflow,plus4K,84,0
Satsunai,left,16.4,overflow,plus4K,84.2,0
Satsunai,left,16.4,overflow,plus4K,84.4,0
Satsunai,left,16.4,overflow,plus4K,84.6,0
Satsunai,left,16.4,overflow,plus4K,84.8,0
Satsunai,left,16.4,overflow,plus4K,85,0
Satsunai,left,16.4,overflow,plus4K,85.2,0
Satsunai,left,16.4,overflow,plus4K,85.4,0
Satsunai,left,16.4,overflow,plus4K,85.6,0
Satsunai,left,16.4,overflow,plus4K,85.8,0
Satsunai,left,16.4,overflow,plus4K,86,0
Satsunai,left,16.4,overflow,plus4K,86.2,0
Satsunai,left,16.4,overflow,plus4K,86.4,0
Satsunai,left,16.4,overflow,plus4K,86.6,0
Satsunai,left,16.4,overflow,plus4K,86.8,0
Satsunai,left,16.4,overflow,plus4K,87,0
Satsunai,left,16.4,overflow,plus4K,87.2,0
Satsunai,left,16.4,overflow,plus4K,87.4,0
Satsunai,left,16.4,overflow,plus4K,87.6,0
Satsunai,left,16.4,overflow,plus4K,87.8,0
Satsunai,left,16.4,overflow,plus4K,88,0
Satsunai,left,16.4,overflow,plus4K,88.2,1
Satsunai,left,16.4,overflow,plus4K,88.4,1
Satsunai,left,16.4,overflow,plus4K,88.6,1
Satsunai,left,16.4,overflow,plus4K,88.8,1
Satsunai,left,16.4,overflow,plus4K,89,1
Satsunai,left,16.4,overflow,plus4K,89.2,1
Satsunai,left,16.4,overflow,plus4K,89.4,1
Satsunai,left,16.4,overflow,plus4K,89.6,1
Satsunai,left,16.4,overflow,plus4K,89.8,1
Satsunai,left,16.4,overflow,plus4K,90,1
Satsunai,left,16.4,overflow,plus4K,90.2,1
Satsunai,left,16.4,overflow,plus4K,90.4,1
Satsunai,left,16.4,overflow,plus4K,90.6,1
Satsunai,left,16.4,overflow,plus4K,90.8,1
Satsunai,left,16.4,overflow,plus4K,91,1
Satsunai,left,16.6,overflow,historical,82.6,0
Satsunai,left,16.6,overflow,historical,82.8,0
Satsunai,left,16.6,overflow,historical,83,0
Satsunai,left,16.6,overflow,historical,83.2,0
Satsunai,left,16.6,overflow,historical,83.4,0
Satsunai,left,16.6,overflow,historical,83.6,0
Satsunai,left,16.6,overflow,historical,83.8,0
Satsunai,left,16.6,overflow,historical,84,0
Satsunai,left,16.6,overflow,historical,84.2,0
Satsunai,left,16.6,overflow,historical,84.4,0
Satsunai,left,16.6,overflow,historical,84.6,0
Satsunai,left,16.6,overflow,historical,84.8,0
Satsunai,left,16.6,overflow,historical,85,0
Satsunai,left,16.6,overflow,historical,85.2,0
Satsunai,left,16.6,overflow,historical,85.4,0
Satsunai,left,16.6,overflow,historical,85.6,0
Satsunai,left,16.6,overflow,historical,85.8,0
Satsunai,left,16.6,overflow,historical,86,0
Satsunai,left,16.6,overflow,historical,86.2,0
Satsunai,left,16.6,overflow,historical,86.4,0
Satsunai,left,16.6,overflow,historical,86.6,0
Satsunai,left,16.6,overflow,historical,86.8,0
Satsunai,left,16.6,overflow,historical,87,0
Satsunai,left,16.6,overflow,historical,87.2,0
Satsunai,left,16.6,overflow,historical,87.4,0
Satsunai,left,16.6,overflow,historical,87.6,0
Satsunai,left,16.6,overflow,historical,87.8,0
Satsunai,left,16.6,overflow,historical,88,0
Satsunai,left,16.6,overflow,historical,88.2,0
Satsunai,left,16.6,overflow,historical,88.4,0
Satsunai,left,16.6,overflow,historical,88.6,0
Satsunai,left,16.6,overflow,historical,88.8,1
Satsunai,left,16.6,overflow,historical,89,1
Satsunai,left,16.6,overflow,historical,89.2,1
Satsunai,left,16.6,overflow,historical,89.4,1
Satsunai,left,16.6,overflow,historical,89.6,1
Satsunai,left,16.6,overflow,historical,89.8,1
Satsunai,left,16.6,overflow,historical,90,1
Satsunai,left,16.6,overflow,historical,90.2,1
Satsunai,left,16.6,overflow,historical,90.4,1
Satsunai,left,16.6,overflow,historical,90.6,1
Satsunai,left,16.6,overflow,historical,90.8,1
Satsunai,left,16.6,overflow,historical,91,1
Satsunai,left,16.6,overflow,historical,91.2,1
Satsunai,left,16.6,overflow,historical,91.4,1
Satsunai,left,16.6,overflow,historical,91.6,1
Satsunai,left,16.6,overflow,plus4K,82.6,0
Satsunai,left,16.6,overflow,plus4K,82.8,0
Satsunai,left,16.6,overflow,plus4K,83,0
Satsunai,left,16.6,overflow,plus4K,83.2,0
Satsunai,left,16.6,overflow,plus4K,83.4,0
Satsunai,left,16.6,overflow,plus4K,83.6,0
Satsunai,left,16.6,overflow,plus4K,83.8,0
Satsunai,left,16.6,overflow,plus4K,84,0
Satsunai,left,16.6,overflow,plus4K,84.2,0
Satsunai,left,16.6,overflow,plus4K,84.4,0
Satsunai,left,16.6,overflow,plus4K,84.6,0
Satsunai,left,16.6,overflow,plus4K,84.8,0
Satsunai,left,16.6,overflow,plus4K,85,0
Satsunai,left,16.6,overflow,plus4K,85.2,0
Satsunai,left,16.6,overflow,plus4K,85.4,0
Satsunai,left,16.6,overflow,plus4K,85.6,0
Satsunai,left,16.6,overflow,plus4K,85.8,0
Satsunai,left,16.6,overflow,plus4K,86,0
Satsunai,left,16.6,overflow,plus4K,86.2,0
Satsunai,left,16.6,overflow,plus4K,86.4,0
Satsunai,left,16.6,overflow,plus4K,86.6,0
Satsunai,left,16.6,overflow,plus4K,86.8,0
Satsunai,left,16.6,overflow,plus4K,87,0
Satsunai,left,16.6,overflow,plus4K,87.2,0
Satsunai,left,16.6,overflow,plus4K,87.4,0
Satsunai,left,16.6,overflow,plus4K,87.6,0
Satsunai,left,16.6,overflow,plus4K,87.8,0
Satsunai,left,16.6,overflow,plus4K,88,0
Satsunai,left,16.6,overflow,plus4K,88.2,0
Satsunai,left,16.6,overflow,plus4K,88.4,0
Satsunai,left,16.6,overflow,plus4K,88.6,0
Satsunai,left,16.6,overflow,plus4K,88.8,1
Satsunai,left,16.6,overflow,plus4K,89,1
Satsunai,left,16.6,overflow,plus4K,89.2,1
Satsunai,left,16.6,overflow,plus4K,89.4,1
Satsunai,left,16.6,overflow,plus4K,89.6,1
Satsunai,left,16.6,overflow,plus4K,89.8,1
Satsunai,left,16.6,overflow,plus4K,90,1
Satsunai,left,16.6,overflow,plus4K,90.2,1
Satsunai,left,16.6,overflow,plus4K,90.4,1
Satsunai,left,16.6,overflow,plus4K,90.6,1
Satsunai,left,16.6,overflow,plus4K,90.8,1
Satsunai,left,16.6,overflow,plus4K,91,1
Satsunai,left,16.6,overflow,plus4K,91.2,1
Satsunai,left,16.6,overflow,plus4K,91.4,1
Satsunai,left,16.6,overflow,plus4K,91.6,1
Tokachi,right,53.8,overflow,historical,30.8,0
Tokachi,right,53.8,overflow,historical,31,0
Tokachi,right,53.8,overflow,historical,31.2,0
Tokachi,right,53.8,overflow,historical,31.4,0
Tokachi,right,53.8,overflow,historical,31.6,0
Tokachi,right,53.8,overflow,historical,31.8,0
Tokachi,right,53.8,overflow,historical,32,0
Tokachi,right,53.8,overflow,historical,32.2,0
Tokachi,right,53.8,overflow,historical,32.4,0
Tokachi,right,53.8,overflow,historical,32.6,0
Tokachi,right,53.8,overflow,historical,32.8,0
Tokachi,right,53.8,overflow,historical,33,0
Tokachi,right,53.8,overflow,historical,33.2,0
Tokachi,right,53.8,overflow,historical,33.4,0
Tokachi,right,53.8,overflow,historical,33.6,0
Tokachi,right,53.8,overflow,historical,33.8,0
Tokachi,right,53.8,overflow,historical,34,0
Tokachi,right,53.8,overflow,historical,34.2,0
Tokachi,right,53.8,overflow,historical,34.4,0
Tokachi,right,53.8,overflow,historical,34.6,0
Tokachi,right,53.8,overflow,historical,34.8,0
Tokachi,right,53.8,overflow,historical,35,0
Tokachi,right,53.8,overflow,historical,35.2,0
Tokachi,right,53.8,overflow,historical,35.4,0
Tokachi,right,53.8,overflow,historical,35.6,0
Tokachi,right,53.8,overflow,historical,35.8,0
Tokachi,right,53.8,overflow,historical,36,0
Tokachi,right,53.8,overflow,historical,36.2,0
Tokachi,right,53.8,overflow,historical,36.4,0
Tokachi,right,53.8,overflow,historical,36.6,0.7871
Tokachi,right,53.8,overflow,historical,36.8,1
Tokachi,right,53.8,overflow,historical,37,1
Tokachi,right,53.8,overflow,historical,37.2,1
Tokachi,right,53.8,overflow,historical,37.4,1
Tokachi,right,53.8,overflow,historical,37.6,1
Tokachi,right,53.8,overflow,historical,37.8,1
Tokachi,right,53.8,overflow,historical,38,1
Tokachi,right,53.8,overflow,historical,38.2,1
Tokachi,right,53.8,overflow,historical,38.4,1
Tokachi,right,53.8,overflow,historical,38.6,1
Tokachi,right,53.8,overflow,historical,38.8,1
Tokachi,right,53.8,overflow,historical,39,1
Tokachi,right,53.8,overflow,historical,39.2,1
Tokachi,right,53.8,overflow,historical,39.4,1
Tokachi,right,53.8,overflow,plus4K,30.8,0
Tokachi,right,53.8,overflow,plus4K,31,0
Tokachi,right,53.8,overflow,plus4K,31.2,0
Tokachi,right,53.8,overflow,plus4K,31.4,0
Tokachi,right,53.8,overflow,plus4K,31.6,0
Tokachi,right,53.8,overflow,plus4K,31.8,0
Tokachi,right,53.8,overflow,plus4K,32,0
Tokachi,right,53.8,overflow,plus4K,32.2,0
Tokachi,right,53.8,overflow,plus4K,32.4,0
Tokachi,right,53.8,overflow,plus4K,32.6,0
Tokachi,right,53.8,overflow,plus4K,32.8,0
Tokachi,right,53.8,overflow,plus4K,33,0
Tokachi,right,53.8,overflow,plus4K,33.2,0
Tokachi,right,53.8,overflow,plus4K,33.4,0
Tokachi,right,53.8,overflow,plus4K,33.6,0
Tokachi,right,53.8,overflow,plus4K,33.8,0
Tokachi,right,53.8,overflow,plus4K,34,0
Tokachi,right,53.8,overflow,plus4K,34.2,0
Tokachi,right,53.8,overflow,plus4K,34.4,0
Tokachi,right,53.8,overflow,plus4K,34.6,0
Tokachi,right,53.8,overflow,plus4K,34.8,0
Tokachi,right,53.8,overflow,plus4K,35,0
Tokachi,right,53.8,overflow,plus4K,35.2,0
Tokachi,right,53.8,overflow,plus4K,35.4,0
Tokachi,right,53.8,overflow,plus4K,35.6,0
Tokachi,right,53.8,overflow,plus4K,35.8,0
Tokachi,right,53.8,overflow,plus4K,36,0
Tokachi,right,53.8,overflow,plus4K,36.2,0
Tokachi,right,53.8,overflow,plus4K,36.4,0
Tokachi,right,53.8,overflow,plus4K,36.6,0.7871
Tokachi,right,53.8,overflow,plus4K,36.8,1
Tokachi,right,53.8,overflow,plus4K,37,1
Tokachi,right,53.8,overflow,plus4K,37.2,1
Tokachi,right,53.8,overflow,plus4K,37.4,1
Tokachi,right,53.8,overflow,plus4K,37.6,1
Tokachi,right,53.8,overflow,plus4K,37.8,1
Tokachi,right,53.8,overflow,plus4K,38,1
Tokachi,right,53.8,overflow,plus4K,38.2,1
Tokachi,right,53.8,overflow,plus4K,38.4,1
Tokachi,right,53.8,overflow,plus4K,38.6,1
Tokachi,right,53.8,overflow,plus4K,38.8,1
Tokachi,right,53.8,overflow,plus4K,39,1
Tokachi,right,53.8,overflow,plus4K,39.2,1
Tokachi,right,53.8,overflow,plus4K,39.4,1
Tokachi,right,54,overflow,historical,31.2,0
Tokachi,right,54,overflow,historical,31.4,0
Tokachi,right,54,overflow,historical,31.6,0
Tokachi,right,54,overflow,historical,31.8,0
Tokachi,right,54,overflow,historical,32,0
Tokachi,right,54,overflow,historical,32.2,0
Tokachi,right,54,overflow,historical,32.4,0
Tokachi,right,54,overflow,historical,32.6,0
Tokachi,right,54,overflow,historical,32.8,0
Tokachi,right,54,overflow,historical,33,0
Tokachi,right,54,overflow,historical,33.2,0
Tokachi,right,54,overflow,historical,33.4,0
Tokachi,right,54,overflow,historical,33.6,0
Tokachi,right,54,overflow,historical,33.8,0
Tokachi,right,54,overflow,historical,34,0
Tokachi,right,54,overflow,historical,34.2,0
Tokachi,right,54,overflow,historical,34.4,0
Tokachi,right,54,overflow,historical,34.6,0
Tokachi,right,54,overflow,historical,34.8,0
Tokachi,right,54,overflow,historical,35,0
Tokachi,right,54,overflow,historical,35.2,0
Tokachi,right,54,overflow,historical,35.4,0
Tokachi,right,54,overflow,historical,35.6,0
Tokachi,right,54,overflow,historical,35.8,0
Tokachi,right,54,overflow,historical,36,0
Tokachi,right,54,overflow,historical,36.2,0
Tokachi,right,54,overflow,historical,36.4,0
Tokachi,right,54,overflow,historical,36.6,0.9987
Tokachi,right,54,overflow,historical,36.8,1
Tokachi,right,54,overflow,historical,37,1
Tokachi,right,54,overflow,historical,37.2,1
Tokachi,right,54,overflow,historical,37.4,1
Tokachi,right,54,overflow,historical,37.6,1
Tokachi,right,54,overflow,historical,37.8,1
Tokachi,right,54,overflow,historical,38,1
Tokachi,right,54,overflow,historical,38.2,1
Tokachi,right,54,overflow,historical,38.4,1
Tokachi,right,54,overflow,historical,38.6,1
Tokachi,right,54,overflow,historical,38.8,1
Tokachi,right,54,overflow,historical,39,1
Tokachi,right,54,overflow,historical,39.2,1
Tokachi,right,54,overflow,historical,39.4,1
Tokachi,right,54,overflow,plus4K,31.2,0
Tokachi,right,54,overflow,plus4K,31.4,0
Tokachi,right,54,overflow,plus4K,31.6,0
Tokachi,right,54,overflow,plus4K,31.8,0
Tokachi,right,54,overflow,plus4K,32,0
Tokachi,right,54,overflow,plus4K,32.2,0
Tokachi,right,54,overflow,plus4K,32.4,0
Tokachi,right,54,overflow,plus4K,32.6,0
Tokachi,right,54,overflow,plus4K,32.8,0
Tokachi,right,54,overflow,plus4K,33,0
Tokachi,right,54,overflow,plus4K,33.2,0
Tokachi,right,54,overflow,plus4K,33.4,0
Tokachi,right,54,overflow,plus4K,33.6,0
Tokachi,right,54,overflow,plus4K,33.8,0
Tokachi,right,54,overflow,plus4K,34,0
Tokachi,right,54,overflow,plus4K,34.2,0
Tokachi,right,54,overflow,plus4K,34.4,0
Tokachi,right,54,overflow,plus4K,34.6,0
Tokachi,right,54,overflow,plus4K,34.8,0
Tokachi,right,54,overflow,plus4K,35,0
Tokachi,right,54,overflow,plus4K,35.2,0
Tokachi,right,54,overflow,plus4K,35.4,0
Tokachi,right,54,overflow,plus4K,35.6,0
Tokachi,right,54,overflow,plus4K,35.8,0
Tokachi,right,54,overflow,plus4K,36,0
Tokachi,right,54,overflow,plus4K,36.2,0
Tokachi,right,54,overflow,plus4K,36.4,0
Tokachi,right,54,overflow,plus4K,36.6,0.9987
Tokachi,right,54,overflow,plus4K,36.8,1
Tokachi,right,54,overflow,plus4K,37,1
Tokachi,right,54,overflow,plus4K,37.2,1
Tokachi,right,54,overflow,plus4K,37.4,1
Tokachi,right,54,overflow,plus4K,37.6,1
Tokachi,right,54,overflow,plus4K,37.8,1
Tokachi,right,54,overflow,plus4K,38,1
Tokachi,right,54,overflow,plus4K,38.2,1
Tokachi,right,54,overflow,plus4K,38.4,1
Tokachi,right,54,overflow,plus4K,38.6,1
Tokachi,right,54,overflow,plus4K,38.8,1
Tokachi,right,54,overflow,plus4K,39,1
Tokachi,right,54,overflow,plus4K,39.2,1
Tokachi,right,54,overflow,plus4K,39.4,1
Tokachi,right,54.2,overflow,historical,31.8,0
Tokachi,right,54.2,overflow,historical,32,0
Tokachi,right,54.2,overflow,historical,32.2,0
Tokachi,right,54.2,overflow,historical,32.4,0
Tokachi,right,54.2,overflow,historical,32.6,0
Tokachi,right,54.2,overflow,historical,32.8,0
Tokachi,right,54.2,overflow,historical,33,0
Tokachi,right,54.2,overflow,historical,33.2,0
Tokachi,right,54.2,overflow,historical,33.4,0
Tokachi,right,54.2,overflow,historical,33.6,0
Tokachi,right,54.2,overflow,historical,33.8,0
Tokachi,right,54.2,overflow,historical,34,0
Tokachi,right,54.2,overflow,historical,34.2,0
Tokachi,right,54.2,overflow,historical,34.4,0
Tokachi,right,54.2,overflow,historical,34.6,0
Tokachi,right,54.2,overflow,historical,34.8,0
Tokachi,right,54.2,overflow,historical,35,0
Tokachi,right,54.2,overflow,historical,35.2,0
Tokachi,right,54.2,overflow,historical,35.4,0
Tokachi,right,54.2,overflow,historical,35.6,0
Tokachi,right,54.2,overflow,historical,35.8,0
Tokachi,right,54.2,overflow,historical,36,0
Tokachi,right,54.2,overflow,historical,36.2,0
Tokachi,right,54.2,overflow,historical,36.4,0
Tokachi,right,54.2,overflow,historical,36.6,0
Tokachi,right,54.2,overflow,historical,36.8,0
Tokachi,right,54.2,overflow,historical,37,1
Tokachi,right,54.2,overflow,historical,37.2,1
Tokachi,right,54.2,overflow,historical,37.4,1
Tokachi,right,54.2,overflow,historical,37.6,1
Tokachi,right,54.2,overflow,historical,37.8,1
Tokachi,right,54.2,overflow,historical,38,1
Tokachi,right,54.2,overflow,historical,38.2,1
Tokachi,right,54.2,overflow,historical,38.4,1
Tokachi,right,54.2,overflow,historical,38.6,1
Tokachi,right,54.2,overflow,historical,38.8,1
Tokachi,right,54.2,overflow,historical,39,1
Tokachi,right,54.2,overflow,historical,39.2,1
Tokachi,right,54.2,overflow,historical,39.4,1
Tokachi,right,54.2,overflow,historical,39.6,1
Tokachi,right,54.2,overflow,historical,39.8,1
Tokachi,right,54.2,overflow,plus4K,31.8,0
Tokachi,right,54.2,overflow,plus4K,32,0
Tokachi,right,54.2,overflow,plus4K,32.2,0
Tokachi,right,54.2,overflow,plus4K,32.4,0
Tokachi,right,54.2,overflow,plus4K,32.6,0
Tokachi,right,54.2,overflow,plus4K,32.8,0
Tokachi,right,54.2,overflow,plus4K,33,0
Tokachi,right,54.2,overflow,plus4K,33.2,0
Tokachi,right,54.2,overflow,plus4K,33.4,0
Tokachi,right,54.2,overflow,plus4K,33.6,0
Tokachi,right,54.2,overflow,plus4K,33.8,0
Tokachi,right,54.2,overflow,plus4K,34,0
Tokachi,right,54.2,overflow,plus4K,34.2,0
Tokachi,right,54.2,overflow,plus4K,34.4,0
Tokachi,right,54.2,overflow,plus4K,34.6,0
Tokachi,right,54.2,overflow,plus4K,34.8,0
Tokachi,right,54.2,overflow,plus4K,35,0
Tokachi,right,54.2,overflow,plus4K,35.2,0
Tokachi,right,54.2,overflow,plus4K,35.4,0
Tokachi,right,54.2,overflow,plus4K,35.6,0
Tokachi,right,54.2,overflow,plus4K,35.8,0
Tokachi,right,54.2,overflow,plus4K,36,0
Tokachi,right,54.2,overflow,plus4K,36.2,0
Tokachi,right,54.2,overflow,plus4K,36.4,0
Tokachi,right,54.2,overflow,plus4K,36.6,0
Tokachi,right,54.2,overflow,plus4K,36.8,0
Tokachi,right,54.2,overflow,plus4K,37,1
Tokachi,right,54.2,overflow,plus4K,37.2,1
Tokachi,right,54.2,overflow,plus4K,37.4,1
Tokachi,right,54.2,overflow,plus4K,37.6,1
Tokachi,right,54.2,overflow,plus4K,37.8,1
Tokachi,right,54.2,overflow,plus4K,38,1
Tokachi,right,54.2,overflow,plus4K,38.2,1
Tokachi,right,54.2,overflow,plus4K,38.4,1
Tokachi,right,54.2,overflow,plus4K,38.6,1
Tokachi,right,54.2,overflow,plus4K,38.8,1
Tokachi,right,54.2,overflow,plus4K,39,1
Tokachi,right,54.2,overflow,plus4K,39.2,1
Tokachi,right,54.2,overflow,plus4K,39.4,1
Tokachi,right,54.2,overflow,plus4K,39.6,1
Tokachi,right,54.2,overflow,plus4K,39.8,1
Tokachi,right,54.4,overflow,historical,32.2,0
Tokachi,right,54.4,overflow,historical,32.4,0
Tokachi,right,54.4,overflow,historical,32.6,0
Tokachi,right,54.4,overflow,historical,32.8,0
Tokachi,right,54.4,overflow,historical,33,0
Tokachi,right,54.4,overflow,historical,33.2,0
Tokachi,right,54.4,overflow,historical,33.4,0
Tokachi,right,54.4,overflow,historical,33.6,0
Tokachi,right,54.4,overflow,historical,33.8,0
Tokachi,right,54.4,overflow,historical,34,0
Tokachi,right,54.4,overflow,historical,34.2,0
Tokachi,right,54.4,overflow,historical,34.4,0
Tokachi,right,54.4,overflow,historical,34.6,0
Tokachi,right,54.4,overflow,historical,34.8,0
Tokachi,right,54.4,overflow,historical,35,0
Tokachi,right,54.4,overflow,historical,35.2,0
Tokachi,right,54.4,overflow,historical,35.4,0
Tokachi,right,54.4,overflow,historical,35.6,0
Tokachi,right,54.4,overflow,historical,35.8,0
Tokachi,right,54.4,overflow,historical,36,0
Tokachi,right,54.4,overflow,historical,36.2,0
Tokachi,right,54.4,overflow,historical,36.4,0
Tokachi,right,54.4,overflow,historical,36.6,0
Tokachi,right,54.4,overflow,historical,36.8,0
Tokachi,right,54.4,overflow,historical,37,0
Tokachi,right,54.4,overflow,historical,37.2,1
Tokachi,right,54.4,overflow,historical,37.4,1
Tokachi,right,54.4,overflow,historical,37.6,1
Tokachi,right,54.4,overflow,historical,37.8,1
Tokachi,right,54.4,overflow,historical,38,1
Tokachi,right,54.4,overflow,historical,38.2,1
Tokachi,right,54.4,overflow,historical,38.4,1
Tokachi,right,54.4,overflow,historical,38.6,1
Tokachi,right,54.4,overflow,historical,38.8,1
Tokachi,right,54.4,overflow,historical,39,1
Tokachi,right,54.4,overflow,historical,39.2,1
Tokachi,right,54.4,overflow,historical,39.4,1
Tokachi,right,54.4,overflow,historical,39.6,1
Tokachi,right,54.4,overflow,historical,39.8,1
Tokachi,right,54.4,overflow,historical,40,1
Tokachi,right,54.4,overflow,plus4K,32.2,0
Tokachi,right,54.4,overflow,plus4K,32.4,0
Tokachi,right,54.4,overflow,plus4K,32.6,0
Tokachi,right,54.4,overflow,plus4K,32.8,0
Tokachi,right,54.4,overflow,plus4K,33,0
Tokachi,right,54.4,overflow,plus4K,33.2,0
Tokachi,right,54.4,overflow,plus4K,33.4,0
Tokachi,right,54.4,overflow,plus4K,33.6,0
Tokachi,right,54.4,overflow,plus4K,33.8,0
Tokachi,right,54.4,overflow,plus4K,34,0
Tokachi,right,54.4,overflow,plus4K,34.2,0
Tokachi,right,54.4,overflow,plus4K,34.4,0
Tokachi,right,54.4,overflow,plus4K,34.6,0
Tokachi,right,54.4,overflow,plus4K,34.8,0
Tokachi,right,54.4,overflow,plus4K,35,0
Tokachi,right,54.4,overflow,plus4K,35.2,0
Tokachi,right,54.4,overflow,plus4K,35.4,0
Tokachi,right,54.4,overflow,plus4K,35.6,0
Tokachi,right,54.4,overflow,plus4K,35.8,0
Tokachi,right,54.4,overflow,plus4K,36,0
Tokachi,right,54.4,overflow,plus4K,36.2,0
Tokachi,right,54.4,overflow,plus4K,36.4,0
Tokachi,right,54.4,overflow,plus4K,36.6,0
Tokachi,right,54.4,overflow,plus4K,36.8,0
Tokachi,right,54.4,overflow,plus4K,37,0
Tokachi,right,54.4,overflow,plus4K,37.2,1
Tokachi,right,54.4,overflow,plus4K,37.4,1
Tokachi,right,54.4,overflow,plus4K,37.6,1
Tokachi,right,54.4,overflow,plus4K,37.8,1
Tokachi,right,54.4,overflow,plus4K,38,1
Tokachi,right,54.4,overflow,plus4K,38.2,1
Tokachi,right,54.4,overflow,plus4K,38.4,1
Tokachi,right,54.4,overflow,plus4K,38.6,1
Tokachi,right,54.4,overflow,plus4K,38.8,1
Tokachi,right,54.4,overflow,plus4K,39,1
Tokachi,right,54.4,overflow,plus4K,39.2,1
Tokachi,right,54.4,overflow,plus4K,39.4,1
Tokachi,right,54.4,overflow,plus4K,39.6,1
Tokachi,right,54.4,overflow,plus4K,39.8,1
Tokachi,right,54.4,overflow,plus4K,40,1
Tokachi,right,54.6,overflow,historical,32.4,0
Tokachi,right,54.6,overflow,historical,32.6,0
Tokachi,right,54.6,overflow,historical,32.8,0
Tokachi,right,54.6,overflow,historical,33,0
Tokachi,right,54.6,overflow,historical,33.2,0
Tokachi,right,54.6,overflow,historical,33.4,0
Tokachi,right,54.6,overflow,historical,33.6,0
Tokachi,right,54.6,overflow,historical,33.8,0
Tokachi,right,54.6,overflow,historical,34,0
Tokachi,right,54.6,overflow,historical,34.2,0
Tokachi,right,54.6,overflow,historical,34.4,0
Tokachi,right,54.6,overflow,historical,34.6,0
Tokachi,right,54.6,overflow,historical,34.8,0
Tokachi,right,54.6,overflow,historical,35,0
Tokachi,right,54.6,overflow,historical,35.2,0
Tokachi,right,54.6,overflow,historical,35.4,0
Tokachi,right,54.6,overflow,historical,35.6,0
Tokachi,right,54.6,overflow,historical,35.8,0
Tokachi,right,54.6,overflow,historical,36,0
Tokachi,right,54.6,overflow,historical,36.2,0
Tokachi,right,54.6,overflow,historical,36.4,0
Tokachi,right,54.6,overflow,historical,36.6,0
Tokachi,right,54.6,overflow,historical,36.8,0
Tokachi,right,54.6,overflow,historical,37,0
Tokachi,right,54.6,overflow,historical,37.2,0
Tokachi,right,54.6,overflow,historical,37.4,0
Tokachi,right,54.6,overflow,historical,37.6,1
Tokachi,right,54.6,overflow,historical,37.8,1
Tokachi,right,54.6,overflow,historical,38,1
Tokachi,right,54.6,overflow,historical,38.2,1
Tokachi,right,54.6,overflow,historical,38.4,1
Tokachi,right,54.6,overflow,historical,38.6,1
Tokachi,right,54.6,overflow,historical,38.8,1
Tokachi,right,54.6,overflow,historical,39,1
Tokachi,right,54.6,overflow,historical,39.2,1
Tokachi,right,54.6,overflow,historical,39.4,1
Tokachi,right,54.6,overflow,historical,39.6,1
Tokachi,right,54.6,overflow,historical,39.8,1
Tokachi,right,54.6,overflow,historical,40,1
Tokachi,right,54.6,overflow,historical,40.2,1
Tokachi,right,54.6,overflow,historical,40.4,1
Tokachi,right,54.6,overflow,plus4K,32.4,0
Tokachi,right,54.6,overflow,plus4K,32.6,0
Tokachi,right,54.6,overflow,plus4K,32.8,0
Tokachi,right,54.6,overflow,plus4K,33,0
Tokachi,right,54.6,overflow,plus4K,33.2,0
Tokachi,right,54.6,overflow,plus4K,33.4,0
Tokachi,right,54.6,overflow,plus4K,33.6,0
Tokachi,right,54.6,overflow,plus4K,33.8,0
Tokachi,right,54.6,overflow,plus4K,34,0
Tokachi,right,54.6,overflow,plus4K,34.2,0
Tokachi,right,54.6,overflow,plus4K,34.4,0
Tokachi,right,54.6,overflow,plus4K,34.6,0
Tokachi,right,54.6,overflow,plus4K,34.8,0
Tokachi,right,54.6,overflow,plus4K,35,0
Tokachi,right,54.6,overflow,plus4K,35.2,0
Tokachi,right,54.6,overflow,plus4K,35.4,0
Tokachi,right,54.6,overflow,plus4K,35.6,0
Tokachi,right,54.6,overflow,plus4K,35.8,0
Tokachi,right,54.6,overflow,plus4K,36,0
Tokachi,right,54.6,overflow,plus4K,36.2,0
Tokachi,right,54.6,overflow,plus4K,36.4,0
Tokachi,right,54.6,overflow,plus4K,36.6,0
Tokachi,right,54.6,overflow,plus4K,36.8,0
Tokachi,right,54.6,overflow,plus4K,37,0
Tokachi,right,54.6,overflow,plus4K,37.2,0
Tokachi,right,54.6,overflow,plus4K,37.4,0
Tokachi,right,54.6,overflow,plus4K,37.6,1
Tokachi,right,54.6,overflow,plus4K,37.8,1
Tokachi,right,54.6,overflow,plus4K,38,1
Tokachi,right,54.6,overflow,plus4K,38.2,1
Tokachi,right,54.6,overflow,plus4K,38.4,1
Tokachi,right,54.6,overflow,plus4K,38.6,1
Tokachi,right,54.6,overflow,plus4K,38.8,1
Tokachi,right,54.6,overflow,plus4K,39,1
Tokachi,right,54.6,overflow,plus4K,39.2,1
Tokachi,right,54.6,overflow,plus4K,39.4,1
Tokachi,right,54.6,overflow,plus4K,39.6,1
Tokachi,right,54.6,overflow,plus4K,39.8,1
Tokachi,right,54.6,overflow,plus4K,40,1
Tokachi,right,54.6,overflow,plus4K,40.2,1
Tokachi,right,54.6,overflow,plus4K,40.4,1
Tokachi,right,54.8,overflow,historical,32.6,0
Tokachi,right,54.8,overflow,historical,32.8,0
Tokachi,right,54.8,overflow,historical,33,0
Tokachi,right,54.8,overflow,historical,33.2,0
Tokachi,right,54.8,overflow,historical,33.4,0
Tokachi,right,54.8,overflow,historical,33.6,0
Tokachi,right,54.8,overflow,historical,33.8,0
Tokachi,right,54.8,overflow,historical,34,0
Tokachi,right,54.8,overflow,historical,34.2,0
Tokachi,right,54.8,overflow,historical,34.4,0
Tokachi,right,54.8,overflow,historical,34.6,0
Tokachi,right,54.8,overflow,historical,34.8,0
Tokachi,right,54.8,overflow,historical,35,0
Tokachi,right,54.8,overflow,historical,35.2,0
Tokachi,right,54.8,overflow,historical,35.4,0
Tokachi,right,54.8,overflow,historical,35.6,0
Tokachi,right,54.8,overflow,historical,35.8,0
Tokachi,right,54.8,overflow,historical,36,0
Tokachi,right,54.8,overflow,historical,36.2,0
Tokachi,right,54.8,overflow,historical,36.4,0
Tokachi,right,54.8,overflow,historical,36.6,0
Tokachi,right,54.8,overflow,historical,36.8,0
Tokachi,right,54.8,overflow,historical,37,0
Tokachi,right,54.8,overflow,historical,37.2,0
Tokachi,right,54.8,overflow,historical,37.4,0
Tokachi,right,54.8,overflow,historical,37.6,0
Tokachi,right,54.8,overflow,historical,37.8,0
Tokachi,right,54.8,overflow,historical,38,1
Tokachi,right,54.8,overflow,historical,38.2,1
Tokachi,right,54.8,overflow,historical,38.4,1
Tokachi,right,54.8,overflow,historical,38.6,1
Tokachi,right,54.8,overflow,historical,38.8,1
Tokachi,right,54.8,overflow,historical,39,1
Tokachi,right,54.8,overflow,historical,39.2,1
Tokachi,right,54.8,overflow,historical,39.4,1
Tokachi,right,54.8,overflow,historical,39.6,1
Tokachi,right,54.8,overflow,historical,39.8,1
Tokachi,right,54.8,overflow,historical,40,1
Tokachi,right,54.8,overflow,historical,40.2,1
Tokachi,right,54.8,overflow,historical,40.4,1
Tokachi,right,54.8,overflow,historical,40.6,1
Tokachi,right,54.8,overflow,plus4K,32.6,0
Tokachi,right,54.8,overflow,plus4K,32.8,0
Tokachi,right,54.8,overflow,plus4K,33,0
Tokachi,right,54.8,overflow,plus4K,33.2,0
Tokachi,right,54.8,overflow,plus4K,33.4,0
Tokachi,right,54.8,overflow,plus4K,33.6,0
Tokachi,right,54.8,overflow,plus4K,33.8,0
Tokachi,right,54.8,overflow,plus4K,34,0
Tokachi,right,54.8,overflow,plus4K,34.2,0
Tokachi,right,54.8,overflow,plus4K,34.4,0
Tokachi,right,54.8,overflow,plus4K,34.6,0
Tokachi,right,54.8,overflow,plus4K,34.8,0
Tokachi,right,54.8,overflow,plus4K,35,0
Tokachi,right,54.8,overflow,plus4K,35.2,0
Tokachi,right,54.8,overflow,plus4K,35.4,0
Tokachi,right,54.8,overflow,plus4K,35.6,0
Tokachi,right,54.8,overflow,plus4K,35.8,0
Tokachi,right,54.8,overflow,plus4K,36,0
Tokachi,right,54.8,overflow,plus4K,36.2,0
Tokachi,right,54.8,overflow,plus4K,36.4,0
Tokachi,right,54.8,overflow,plus4K,36.6,0
Tokachi,right,54.8,overflow,plus4K,36.8,0
Tokachi,right,54.8,overflow,plus4K,37,0
Tokachi,right,54.8,overflow,plus4K,37.2,0
Tokachi,right,54.8,overflow,plus4K,37.4,0
Tokachi,right,54.8,overflow,plus4K,37.6,0
Tokachi,right,54.8,overflow,plus4K,37.8,0
Tokachi,right,54.8,overflow,plus4K,38,1
Tokachi,right,54.8,overflow,plus4K,38.2,1
Tokachi,right,54.8,overflow,plus4K,38.4,1
Tokachi,right,54.8,overflow,plus4K,38.6,1
Tokachi,right,54.8,overflow,plus4K,38.8,1
Tokachi,right,54.8,overflow,plus4K,39,1
Tokachi,right,54.8,overflow,plus4K,39.2,1
Tokachi,right,54.8,overflow,plus4K,39.4,1
Tokachi,right,54.8,overflow,plus4K,39.6,1
Tokachi,right,54.8,overflow,plus4K,39.8,1
Tokachi,right,54.8,overflow,plus4K,40,1
Tokachi,right,54.8,overflow,plus4K,40.2,1
Tokachi,right,54.8,overflow,plus4K,40.4,1
Tokachi,right,54.8,overflow,plus4K,40.6,1
Tokachi,right,55,overflow,historical,33,0
Tokachi,right,55,overflow,historical,33.2,0
Tokachi,right,55,overflow,historical,33.4,0
Tokachi,right,55,overflow,historical,33.6,0
Tokachi,right,55,overflow,historical,33.8,0
Tokachi,right,55,overflow,historical,34,0
Tokachi,right,55,overflow,historical,34.2,0
Tokachi,right,55,overflow,historical,34.4,0
Tokachi,right,55,overflow,historical,34.6,0
Tokachi,right,55,overflow,historical,34.8,0
Tokachi,right,55,overflow,historical,35,0
Tokachi,right,55,overflow,historical,35.2,0
Tokachi,right,55,overflow,historical,35.4,0
Tokachi,right,55,overflow,historical,35.6,0
Tokachi,right,55,overflow,historical,35.8,0
Tokachi,right,55,overflow,historical,36,0
Tokachi,right,55,overflow,historical,36.2,0
Tokachi,right,55,overflow,historical,36.4,0
Tokachi,right,55,overflow,historical,36.6,0
Tokachi,right,55,overflow,historical,36.8,0
Tokachi,right,55,overflow,historical,37,0
Tokachi,right,55,overflow,historical,37.2,0
Tokachi,right,55,overflow,historical,37.4,0
Tokachi,right,55,overflow,historical,37.6,0
Tokachi,right,55,overflow,historical,37.8,0
Tokachi,right,55,overflow,historical,38,0
Tokachi,right,55,overflow,historical,38.2,1
Tokachi,right,55,overflow,historical,38.4,1
Tokachi,right,55,overflow,historical,38.6,1
Tokachi,right,55,overflow,historical,38.8,1
Tokachi,right,55,overflow,historical,39,1
Tokachi,right,55,overflow,historical,39.2,1
Tokachi,right,55,overflow,historical,39.4,1
Tokachi,right,55,overflow,historical,39.6,1
Tokachi,right,55,overflow,historical,39.8,1
Tokachi,right,55,overflow,historical,40,1
Tokachi,right,55,overflow,historical,40.2,1
Tokachi,right,55,overflow,historical,40.4,1
Tokachi,right,55,overflow,historical,40.6,1
Tokachi,right,55,overflow,historical,40.8,1
Tokachi,right,55,overflow,historical,41,1
Tokachi,right,55,overflow,plus4K,33,0
Tokachi,right,55,overflow,plus4K,33.2,0
Tokachi,right,55,overflow,plus4K,33.4,0
Tokachi,right,55,overflow,plus4K,33.6,0
Tokachi,right,55,overflow,plus4K,33.8,0
Tokachi,right,55,overflow,plus4K,34,0
Tokachi,right,55,overflow,plus4K,34.2,0
Tokachi,right,55,overflow,plus4K,34.4,0
Tokachi,right,55,overflow,plus4K,34.6,0
Tokachi,right,55,overflow,plus4K,34.8,0
Tokachi,right,55,overflow,plus4K,35,0
Tokachi,right,55,overflow,plus4K,35.2,0
Tokachi,right,55,overflow,plus4K,35.4,0
Tokachi,right,55,overflow,plus4K,35.6,0
Tokachi,right,55,overflow,plus4K,35.8,0
Tokachi,right,55,overflow,plus4K,36,0
Tokachi,right,55,overflow,plus4K,36.2,0
Tokachi,right,55,overflow,plus4K,36.4,0
Tokachi,right,55,overflow,plus4K,36.6,0
Tokachi,right,55,overflow,plus4K,36.8,0
Tokachi,right,55,overflow,plus4K,37,0
Tokachi,right,55,overflow,plus4K,37.2,0
Tokachi,right,55,overflow,plus4K,37.4,0
Tokachi,right,55,overflow,plus4K,37.6,0
Tokachi,right,55,overflow,plus4K,37.8,0
Tokachi,right,55,overflow,plus4K,38,0
Tokachi,right,55,overflow,plus4K,38.2,1
Tokachi,right,55,overflow,plus4K,38.4,1
Tokachi,right,55,overflow,plus4K,38.6,1
Tokachi,right,55,overflow,plus4K,38.8,1
Tokachi,right,55,overflow,plus4K,39,1
Tokachi,right,55,overflow,plus4K,39.2,1
Tokachi,right,55,overflow,plus4K,39.4,1
Tokachi,right,55,overflow,plus4K,39.6,1
Tokachi,right,55,overflow,plus4K,39.8,1
Tokachi,right,55,overflow,plus4K,40,1
Tokachi,right,55,overflow,plus4K,40.2,1
Tokachi,right,55,overflow,plus4K,40.4,1
Tokachi,right,55,overflow,plus4K,40.6,1
Tokachi,right,55,overflow,plus4K,40.8,1
Tokachi,right,55,overflow,plus4K,41,1
Tokachi,right,55.2,overflow,historical,33.4,0
Tokachi,right,55.2,overflow,historical,33.6,0
Tokachi,right,55.2,overflow,historical,33.8,0
Tokachi,right,55.2,overflow,historical,34,0
Tokachi,right,55.2,overflow,historical,34.2,0
Tokachi,right,55.2,overflow,historical,34.4,0
Tokachi,right,55.2,overflow,historical,34.6,0
Tokachi,right,55.2,overflow,historical,34.8,0
Tokachi,right,55.2,overflow,historical,35,0
Tokachi,right,55.2,overflow,historical,35.2,0
Tokachi,right,55.2,overflow,historical,35.4,0
Tokachi,right,55.2,overflow,historical,35.6,0
Tokachi,right,55.2,overflow,historical,35.8,0
Tokachi,right,55.2,overflow,historical,36,0
Tokachi,right,55.2,overflow,historical,36.2,0
Tokachi,right,55.2,overflow,historical,36.4,0
Tokachi,right,55.2,overflow,historical,36.6,0
Tokachi,right,55.2,overflow,historical,36.8,0
Tokachi,right,55.2,overflow,historical,37,0
Tokachi,right,55.2,overflow,historical,37.2,0
Tokachi,right,55.2,overflow,historical,37.4,0
Tokachi,right,55.2,overflow,historical,37.6,0
Tokachi,right,55.2,overflow,historical,37.8,0
Tokachi,right,55.2,overflow,historical,38,0
Tokachi,right,55.2,overflow,historical,38.2,0
Tokachi,right,55.2,overflow,historical,38.4,0.8003
Tokachi,right,55.2,overflow,historical,38.6,1
Tokachi,right,55.2,overflow,historical,38.8,1
Tokachi,right,55.2,overflow,historical,39,1
Tokachi,right,55.2,overflow,historical,39.2,1
Tokachi,right,55.2,overflow,historical,39.4,1
Tokachi,right,55.2,overflow,historical,39.6,1
Tokachi,right,55.2,overflow,historical,39.8,1
Tokachi,right,55.2,overflow,historical,40,1
Tokachi,right,55.2,overflow,historical,40.2,1
Tokachi,right,55.2,overflow,historical,40.4,1
Tokachi,right,55.2,overflow,historical,40.6,1
Tokachi,right,55.2,overflow,historical,40.8,1
Tokachi,right,55.2,overflow,historical,41,1
Tokachi,right,55.2,overflow,historical,41.2,1
Tokachi,right,55.2,overflow,plus4K,33.4,0
Tokachi,right,55.2,overflow,plus4K,33.6,0
Tokachi,right,55.2,overflow,plus4K,33.8,0
Tokachi,right,55.2,overflow,plus4K,34,0
Tokachi,right,55.2,overflow,plus4K,34.2,0
Tokachi,right,55.2,overflow,plus4K,34.4,0
Tokachi,right,55.2,overflow,plus4K,34.6,0
Tokachi,right,55.2,overflow,plus4K,34.8,0
Tokachi,right,55.2,overflow,plus4K,35,0
Tokachi,right,55.2,overflow,plus4K,35.2,0
Tokachi,right,55.2,overflow,plus4K,35.4,0
Tokachi,right,55.2,overflow,plus4K,35.6,0
Tokachi,right,55.2,overflow,plus4K,35.8,0
Tokachi,right,55.2,overflow,plus4K,36,0
Tokachi,right,55.2,overflow,plus4K,36.2,0
Tokachi,right,55.2,overflow,plus4K,36.4,0
Tokachi,right,55.2,overflow,plus4K,36.6,0
Tokachi,right,55.2,overflow,plus4K,36.8,0
Tokachi,right,55.2,overflow,plus4K,37,0
Tokachi,right,55.2,overflow,plus4K,37.2,0
Tokachi,right,55.2,overflow,plus4K,37.4,0
Tokachi,right,55.2,overflow,plus4K,37.6,0
Tokachi,right,55.2,overflow,plus4K,37.8,0
Tokachi,right,55.2,overflow,plus4K,38,0
Tokachi,right,55.2,overflow,plus4K,38.2,0
Tokachi,right,55.2,overflow,plus4K,38.4,0.8003
Tokachi,right,55.2,overflow,plus4K,38.6,1
Tokachi,right,55.2,overflow,plus4K,38.8,1
Tokachi,right,55.2,overflow,plus4K,39,1
Tokachi,right,55.2,overflow,plus4K,39.2,1
Tokachi,right,55.2,overflow,plus4K,39.4,1
Tokachi,right,55.2,overflow,plus4K,39.6,1
Tokachi,right,55.2,overflow,plus4K,39.8,1
Tokachi,right,55.2,overflow,plus4K,40,1
Tokachi,right,55.2,overflow,plus4K,40.2,1
Tokachi,right,55.2,overflow,plus4K,40.4,1
Tokachi,right,55.2,overflow,plus4K,40.6,1
Tokachi,right,55.2,overflow,plus4K,40.8,1
Tokachi,right,55.2,overflow,plus4K,41,1
Tokachi,right,55.2,overflow,plus4K,41.2,1
Tokachi,right,55.4,overflow,historical,33.8,0
Tokachi,right,55.4,overflow,historical,34,0
Tokachi,right,55.4,overflow,historical,34.2,0
Tokachi,right,55.4,overflow,historical,34.4,0
Tokachi,right,55.4,overflow,historical,34.6,0
Tokachi,right,55.4,overflow,historical,34.8,0
Tokachi,right,55.4,overflow,historical,35,0
Tokachi,right,55.4,overflow,historical,35.2,0
Tokachi,right,55.4,overflow,historical,35.4,0
Tokachi,right,55.4,overflow,historical,35.6,0
Tokachi,right,55.4,overflow,historical,35.8,0
Tokachi,right,55.4,overflow,historical,36,0
Tokachi,right,55.4,overflow,historical,36.2,0
Tokachi,right,55.4,overflow,historical,36.4,0
Tokachi,right,55.4,overflow,historical,36.6,0
Tokachi,right,55.4,overflow,historical,36.8,0
Tokachi,right,55.4,overflow,historical,37,0
Tokachi,right,55.4,overflow,historical,37.2,0
Tokachi,right,55.4,overflow,historical,37.4,0
Tokachi,right,55.4,overflow,historical,37.6,0
Tokachi,right,55.4,overflow,historical,37.8,0
Tokachi,right,55.4,overflow,historical,38,0
Tokachi,right,55.4,overflow,historical,38.2,0
Tokachi,right,55.4,overflow,historical,38.4,0
Tokachi,right,55.4,overflow,historical,38.6,0
Tokachi,right,55.4,overflow,historical,38.8,1
Tokachi,right,55.4,overflow,historical,39,1
Tokachi,right,55.4,overflow,historical,39.2,1
Tokachi,right,55.4,overflow,historical,39.4,1
Tokachi,right,55.4,overflow,historical,39.6,1
Tokachi,right,55.4,overflow,historical,39.8,1
Tokachi,right,55.4,overflow,historical,40,1
Tokachi,right,55.4,overflow,historical,40.2,1
Tokachi,right,55.4,overflow,historical,40.4,1
Tokachi,right,55.4,overflow,historical,40.6,1
Tokachi,right,55.4,overflow,historical,40.8,1
Tokachi,right,55.4,overflow,historical,41,1
Tokachi,right,55.4,overflow,historical,41.2,1
Tokachi,right,55.4,overflow,historical,41.4,1
Tokachi,right,55.4,overflow,historical,41.6,1
Tokachi,right,55.4,overflow,plus4K,33.8,0
Tokachi,right,55.4,overflow,plus4K,34,0
Tokachi,right,55.4,overflow,plus4K,34.2,0
Tokachi,right,55.4,overflow,plus4K,34.4,0
Tokachi,right,55.4,overflow,plus4K,34.6,0
Tokachi,right,55.4,overflow,plus4K,34.8,0
Tokachi,right,55.4,overflow,plus4K,35,0
Tokachi,right,55.4,overflow,plus4K,35.2,0
Tokachi,right,55.4,overflow,plus4K,35.4,0
Tokachi,right,55.4,overflow,plus4K,35.6,0
Tokachi,right,55.4,overflow,plus4K,35.8,0
Tokachi,right,55.4,overflow,plus4K,36,0
Tokachi,right,55.4,overflow,plus4K,36.2,0
Tokachi,right,55.4,overflow,plus4K,36.4,0
Tokachi,right,55.4,overflow,plus4K,36.6,0
Tokachi,right,55.4,overflow,plus4K,36.8,0
Tokachi,right,55.4,overflow,plus4K,37,0
Tokachi,right,55.4,overflow,plus4K,37.2,0
Tokachi,right,55.4,overflow,plus4K,37.4,0
Tokachi,right,55.4,overflow,plus4K,37.6,0
Tokachi,right,55.4,overflow,plus4K,37.8,0
Tokachi,right,55.4,overflow,plus4K,38,0
Tokachi,right,55.4,overflow,plus4K,38.2,0
Tokachi,right,55.4,overflow,plus4K,38.4,0
Tokachi,right,55.4,overflow,plus4K,38.6,0
Tokachi,right,55.4,overflow,plus4K,38.8,1
Tokachi,right,55.4,overflow,plus4K,39,1
Tokachi,right,55.4,overflow,plus4K,39.2,1
Tokachi,right,55.4,overflow,plus4K,39.4,1
Tokachi,right,55.4,overflow,plus4K,39.6,1
Tokachi,right,55.4,overflow,plus4K,39.8,1
Tokachi,right,55.4,overflow,plus4K,40,1
Tokachi,right,55.4,overflow,plus4K,40.2,1
Tokachi,right,55.4,overflow,plus4K,40.4,1
Tokachi,right,55.4,overflow,plus4K,40.6,1
Tokachi,right,55.4,overflow,plus4K,40.8,1
Tokachi,right,55.4,overflow,plus4K,41,1
Tokachi,right,55.4,overflow,plus4K,41.2,1
Tokachi,right,55.4,overflow,plus4K,41.4,1
Tokachi,right,55.4,overflow,plus4K,41.6,1
Tokachi,right,55.6,overflow,historical,34,0
Tokachi,right,55.6,overflow,historical,34.2,0
Tokachi,right,55.6,overflow,historical,34.4,0
Tokachi,right,55.6,overflow,historical,34.6,0
Tokachi,right,55.6,overflow,historical,34.8,0
Tokachi,right,55.6,overflow,historical,35,0
Tokachi,right,55.6,overflow,historical,35.2,0
Tokachi,right,55.6,overflow,historical,35.4,0
Tokachi,right,55.6,overflow,historical,35.6,0
Tokachi,right,55.6,overflow,historical,35.8,0
Tokachi,right,55.6,overflow,historical,36,0
Tokachi,right,55.6,overflow,historical,36.2,0
Tokachi,right,55.6,overflow,historical,36.4,0
Tokachi,right,55.6,overflow,historical,36.6,0
Tokachi,right,55.6,overflow,historical,36.8,0
Tokachi,right,55.6,overflow,historical,37,0
Tokachi,right,55.6,overflow,historical,37.2,0
Tokachi,right,55.6,overflow,historical,37.4,0
Tokachi,right,55.6,overflow,historical,37.6,0
Tokachi,right,55.6,overflow,historical,37.8,0
Tokachi,right,55.6,overflow,historical,38,0
Tokachi,right,55.6,overflow,historical,38.2,0
Tokachi,right,55.6,overflow,historical,38.4,0
Tokachi,right,55.6,overflow,historical,38.6,0
Tokachi,right,55.6,overflow,historical,38.8,0
Tokachi,right,55.6,overflow,historical,39,0
Tokachi,right,55.6,overflow,historical,39.2,1
Tokachi,right,55.6,overflow,historical,39.4,1
Tokachi,right,55.6,overflow,historical,39.6,1
Tokachi,right,55.6,overflow,historical,39.8,1
Tokachi,right,55.6,overflow,historical,40,1
Tokachi,right,55.6,overflow,historical,40.2,1
Tokachi,right,55.6,overflow,historical,40.4,1
Tokachi,right,55.6,overflow,historical,40.6,1
Tokachi,right,55.6,overflow,historical,40.8,1
Tokachi,right,55.6,overflow,historical,41,1
Tokachi,right,55.6,overflow,historical,41.2,1
Tokachi,right,55.6,overflow,historical,41.4,1
Tokachi,right,55.6,overflow,historical,41.6,1
Tokachi,right,55.6,overflow,historical,41.8,1
Tokachi,right,55.6,overflow,plus4K,34,0
Tokachi,right,55.6,overflow,plus4K,34.2,0
Tokachi,right,55.6,overflow,plus4K,34.4,0
Tokachi,right,55.6,overflow,plus4K,34.6,0
Tokachi,right,55.6,overflow,plus4K,34.8,0
Tokachi,right,55.6,overflow,plus4K,35,0
Tokachi,right,55.6,overflow,plus4K,35.2,0
Tokachi,right,55.6,overflow,plus4K,35.4,0
Tokachi,right,55.6,overflow,plus4K,35.6,0
Tokachi,right,55.6,overflow,plus4K,35.8,0
Tokachi,right,55.6,overflow,plus4K,36,0
Tokachi,right,55.6,overflow,plus4K,36.2,0
Tokachi,right,55.6,overflow,plus4K,36.4,0
Tokachi,right,55.6,overflow,plus4K,36.6,0
Tokachi,right,55.6,overflow,plus4K,36.8,0
Tokachi,right,55.6,overflow,plus4K,37,0
Tokachi,right,55.6,overflow,plus4K,37.2,0
Tokachi,right,55.6,overflow,plus4K,37.4,0
Tokachi,right,55.6,overflow,plus4K,37.6,0
Tokachi,right,55.6,overflow,plus4K,37.8,0
Tokachi,right,55.6,overflow,plus4K,38,0
Tokachi,right,55.6,overflow,plus4K,38.2,0
Tokachi,right,55.6,overflow,plus4K,38.4,0
Tokachi,right,55.6,overflow,plus4K,38.6,0
Tokachi,right,55.6,overflow,plus4K,38.8,0
Tokachi,right,55.6,overflow,plus4K,39,0
Tokachi,right,55.6,overflow,plus4K,39.2,1
Tokachi,right,55.6,overflow,plus4K,39.4,1
Tokachi,right,55.6,overflow,plus4K,39.6,1
Tokachi,right,55.6,overflow,plus4K,39.8,1
Tokachi,right,55.6,overflow,plus4K,40,1
Tokachi,right,55.6,overflow,plus4K,40.2,1
Tokachi,right,55.6,overflow,plus4K,40.4,1
Tokachi,right,55.6,overflow,plus4K,40.6,1
Tokachi,right,55.6,overflow,plus4K,40.8,1
Tokachi,right,55.6,overflow,plus4K,41,1
Tokachi,right,55.6,overflow,plus4K,41.2,1
Tokachi,right,55.6,overflow,plus4K,41.4,1
Tokachi,right,55.6,overflow,plus4K,41.6,1
Tokachi,right,55.6,overflow,plus4K,41.8,1
Tokachi,right,55.8,overflow,historical,34.4,0
Tokachi,right,55.8,overflow,historical,34.6,0
Tokachi,right,55.8,overflow,historical,34.8,0
Tokachi,right,55.8,overflow,historical,35,0
Tokachi,right,55.8,overflow,historical,35.2,0
Tokachi,right,55.8,overflow,historical,35.4,0
Tokachi,right,55.8,overflow,historical,35.6,0
Tokachi,right,55.8,overflow,historical,35.8,0
Tokachi,right,55.8,overflow,historical,36,0
Tokachi,right,55.8,overflow,historical,36.2,0
Tokachi,right,55.8,overflow,historical,36.4,0
Tokachi,right,55.8,overflow,historical,36.6,0
Tokachi,right,55.8,overflow,historical,36.8,0
Tokachi,right,55.8,overflow,historical,37,0
Tokachi,right,55.8,overflow,historical,37.2,0
Tokachi,right,55.8,overflow,historical,37.4,0
Tokachi,right,55.8,overflow,historical,37.6,0
Tokachi,right,55.8,overflow,historical,37.8,0
Tokachi,right,55.8,overflow,historical,38,0
Tokachi,right,55.8,overflow,historical,38.2,0
Tokachi,right,55.8,overflow,historical,38.4,0
Tokachi,right,55.8,overflow,historical,38.6,0
Tokachi,right,55.8,overflow,historical,38.8,0
Tokachi,right,55.8,overflow,historical,39,0
Tokachi,right,55.8,overflow,historical,39.2,0
Tokachi,right,55.8,overflow,historical,39.4,0.9996
Tokachi,right,55.8,overflow,historical,39.6,1
Tokachi,right,55.8,overflow,historical,39.8,1
Tokachi,right,55.8,overflow,historical,40,1
Tokachi,right,55.8,overflow,historical,40.2,1
Tokachi,right,55.8,overflow,historical,40.4,1
Tokachi,right,55.8,overflow,historical,40.6,1
Tokachi,right,55.8,overflow,historical,40.8,1
Tokachi,right,55.8,overflow,historical,41,1
Tokachi,right,55.8,overflow,historical,41.2,1
Tokachi,right,55.8,overflow,historical,41.4,1
Tokachi,right,55.8,overflow,historical,41.6,1
Tokachi,right,55.8,overflow,historical,41.8,1
Tokachi,right,55.8,overflow,historical,42,1
Tokachi,right,55.8,overflow,historical,42.2,1
Tokachi,right,55.8,overflow,plus4K,34.4,0
Tokachi,right,55.8,overflow,plus4K,34.6,0
Tokachi,right,55.8,overflow,plus4K,34.8,0
Tokachi,right,55.8,overflow,plus4K,35,0
Tokachi,right,55.8,overflow,plus4K,35.2,0
Tokachi,right,55.8,overflow,plus4K,35.4,0
Tokachi,right,55.8,overflow,plus4K,35.6,0
Tokachi,right,55.8,overflow,plus4K,35.8,0
Tokachi,right,55.8,overflow,plus4K,36,0
Tokachi,right,55.8,overflow,plus4K,36.2,0
Tokachi,right,55.8,overflow,plus4K,36.4,0
Tokachi,right,55.8,overflow,plus4K,36.6,0
Tokachi,right,55.8,overflow,plus4K,36.8,0
Tokachi,right,55.8,overflow,plus4K,37,0
Tokachi,right,55.8,overflow,plus4K,37.2,0
Tokachi,right,55.8,overflow,plus4K,37.4,0
Tokachi,right,55.8,overflow,plus4K,37.6,0
Tokachi,right,55.8,overflow,plus4K,37.8,0
Tokachi,right,55.8,overflow,plus4K,38,0
Tokachi,right,55.8,overflow,plus4K,38.2,0
Tokachi,right,55.8,overflow,plus4K,38.4,0
Tokachi,right,55.8,overflow,plus4K,38.6,0
Tokachi,right,55.8,overflow,plus4K,38.8,0
Tokachi,right,55.8,overflow,plus4K,39,0
Tokachi,right,55.8,overflow,plus4K,39.2,0
Tokachi,right,55.8,overflow,plus4K,39.4,0.9996
Tokachi,right,55.8,overflow,plus4K,39.6,1
Tokachi,right,55.8,overflow,plus4K,39.8,1
Tokachi,right,55.8,overflow,plus4K,40,1
Tokachi,right,55.8,overflow,plus4K,40.2,1
Tokachi,right,55.8,overflow,plus4K,40.4,1
Tokachi,right,55.8,overflow,plus4K,40.6,1
Tokachi,right,55.8,overflow,plus4K,40.8,1
Tokachi,right,55.8,overflow,plus4K,41,1
Tokachi,right,55.8,overflow,plus4K,41.2,1
Tokachi,right,55.8,overflow,plus4K,41.4,1
Tokachi,right,55.8,overflow,plus4K,41.6,1
Tokachi,right,55.8,overflow,plus4K,41.8,1
Tokachi,right,55.8,overflow,plus4K,42,1
Tokachi,right,55.8,overflow,plus4K,42.2,1
Tokachi,right,56,overflow,historical,34.6,0
Tokachi,right,56,overflow,historical,34.8,0
Tokachi,right,56,overflow,historical,35,0
Tokachi,right,56,overflow,historical,35.2,0
Tokachi,right,56,overflow,historical,35.4,0
Tokachi,right,56,overflow,historical,35.6,0
Tokachi,right,56,overflow,historical,35.8,0
Tokachi,right,56,overflow,historical,36,0
Tokachi,right,56,overflow,historical,36.2,0
Tokachi,right,56,overflow,historical,36.4,0
Tokachi,right,56,overflow,historical,36.6,0
Tokachi,right,56,overflow,historical,36.8,0
Tokachi,right,56,overflow,historical,37,0
Tokachi,right,56,overflow,historical,37.2,0
Tokachi,right,56,overflow,historical,37.4,0
Tokachi,right,56,overflow,historical,37.6,0
Tokachi,right,56,overflow,historical,37.8,0
Tokachi,right,56,overflow,historical,38,0
Tokachi,right,56,overflow,historical,38.2,0
Tokachi,right,56,overflow,historical,38.4,0
Tokachi,right,56,overflow,historical,38.6,0
Tokachi,right,56,overflow,historical,38.8,0
Tokachi,right,56,overflow,historical,39,0
Tokachi,right,56,overflow,historical,39.2,0
Tokachi,right,56,overflow,historical,39.4,0
Tokachi,right,56,overflow,historical,39.6,0.8108
Tokachi,right,56,overflow,historical,39.8,1
Tokachi,right,56,overflow,historical,40,1
Tokachi,right,56,overflow,historical,40.2,1
Tokachi,right,56,overflow,historical,40.4,1
Tokachi,right,56,overflow,historical,40.6,1
Tokachi,right,56,overflow,historical,40.8,1
Tokachi,right,56,overflow,historical,41,1
Tokachi,right,56,overflow,historical,41.2,1
Tokachi,right,56,overflow,historical,41.4,1
Tokachi,right,56,overflow,historical,41.6,1
Tokachi,right,56,overflow,historical,41.8,1
Tokachi,right,56,overflow,historical,42,1
Tokachi,right,56,overflow,historical,42.2,1
Tokachi,right,56,overflow,historical,42.4,1
Tokachi,right,56,overflow,plus4K,34.6,0
Tokachi,right,56,overflow,plus4K,34.8,0
Tokachi,right,56,overflow,plus4K,35,0
Tokachi,right,56,overflow,plus4K,35.2,0
Tokachi,right,56,overflow,plus4K,35.4,0
Tokachi,right,56,overflow,plus4K,35.6,0
Tokachi,right,56,overflow,plus4K,35.8,0
Tokachi,right,56,overflow,plus4K,36,0
Tokachi,right,56,overflow,plus4K,36.2,0
Tokachi,right,56,overflow,plus4K,36.4,0
Tokachi,right,56,overflow,plus4K,36.6,0
Tokachi,right,56,overflow,plus4K,36.8,0
Tokachi,right,56,overflow,plus4K,37,0
Tokachi,right,56,overflow,plus4K,37.2,0
Tokachi,right,56,overflow,plus4K,37.4,0
Tokachi,right,56,overflow,plus4K,37.6,0
Tokachi,right,56,overflow,plus4K,37.8,0
Tokachi,right,56,overflow,plus4K,38,0
Tokachi,right,56,overflow,plus4K,38.2,0
Tokachi,right,56,overflow,plus4K,38.4,0
Tokachi,right,56,overflow,plus4K,38.6,0
Tokachi,right,56,overflow,plus4K,38.8,0
Tokachi,right,56,overflow,plus4K,39,0
Tokachi,right,56,overflow,plus4K,39.2,0
Tokachi,right,56,overflow,plus4K,39.4,0
Tokachi,right,56,overflow,plus4K,39.6,0.8108
Tokachi,right,56,overflow,plus4K,39.8,1
Tokachi,right,56,overflow,plus4K,40,1
Tokachi,right,56,overflow,plus4K,40.2,1
Tokachi,right,56,overflow,plus4K,40.4,1
Tokachi,right,56,overflow,plus4K,40.6,1
Tokachi,right,56,overflow,plus4K,40.8,1
Tokachi,right,56,overflow,plus4K,41,1
Tokachi,right,56,overflow,plus4K,41.2,1
Tokachi,right,56,overflow,plus4K,41.4,1
Tokachi,right,56,overflow,plus4K,41.6,1
Tokachi,right,56,overflow,plus4K,41.8,1
Tokachi,right,56,overflow,plus4K,42,1
Tokachi,right,56,overflow,plus4K,42.2,1
Tokachi,right,56,overflow,plus4K,42.4,1
Tokachi,right,56.2,overflow,historical,34.6,0
Tokachi,right,56.2,overflow,historical,34.8,0
Tokachi,right,56.2,overflow,historical,35,0
Tokachi,right,56.2,overflow,historical,35.2,0
Tokachi,right,56.2,overflow,historical,35.4,0
Tokachi,right,56.2,overflow,historical,35.6,0
Tokachi,right,56.2,overflow,historical,35.8,0
Tokachi,right,56.2,overflow,historical,36,0
Tokachi,right,56.2,overflow,historical,36.2,0
Tokachi,right,56.2,overflow,historical,36.4,0
Tokachi,right,56.2,overflow,historical,36.6,0
Tokachi,right,56.2,overflow,historical,36.8,0
Tokachi,right,56.2,overflow,historical,37,0
Tokachi,right,56.2,overflow,historical,37.2,0
Tokachi,right,56.2,overflow,historical,37.4,0
Tokachi,right,56.2,overflow,historical,37.6,0
Tokachi,right,56.2,overflow,historical,37.8,0
Tokachi,right,56.2,overflow,historical,38,0
Tokachi,right,56.2,overflow,historical,38.2,0
Tokachi,right,56.2,overflow,historical,38.4,0
Tokachi,right,56.2,overflow,historical,38.6,0
Tokachi,right,56.2,overflow,historical,38.8,0
Tokachi,right,56.2,overflow,historical,39,0
Tokachi,right,56.2,overflow,historical,39.2,0
Tokachi,right,56.2,overflow,historical,39.4,0
Tokachi,right,56.2,overflow,historical,39.6,0
Tokachi,right,56.2,overflow,historical,39.8,0
Tokachi,right,56.2,overflow,historical,40,0
Tokachi,right,56.2,overflow,historical,40.2,1
Tokachi,right,56.2,overflow,historical,40.4,1
Tokachi,right,56.2,overflow,historical,40.6,1
Tokachi,right,56.2,overflow,historical,40.8,1
Tokachi,right,56.2,overflow,historical,41,1
Tokachi,right,56.2,overflow,historical,41.2,1
Tokachi,right,56.2,overflow,historical,41.4,1
Tokachi,right,56.2,overflow,historical,41.6,1
Tokachi,right,56.2,overflow,historical,41.8,1
Tokachi,right,56.2,overflow,historical,42,1
Tokachi,right,56.2,overflow,historical,42.2,1
Tokachi,right,56.2,overflow,historical,42.4,1
Tokachi,right,56.2,overflow,historical,42.6,1
Tokachi,right,56.2,overflow,historical,42.8,1
Tokachi,right,56.2,overflow,historical,43,1
Tokachi,right,56.2,overflow,plus4K,34.6,0
Tokachi,right,56.2,overflow,plus4K,34.8,0
Tokachi,right,56.2,overflow,plus4K,35,0
Tokachi,right,56.2,overflow,plus4K,35.2,0
Tokachi,right,56.2,overflow,plus4K,35.4,0
Tokachi,right,56.2,overflow,plus4K,35.6,0
Tokachi,right,56.2,overflow,plus4K,35.8,0
Tokachi,right,56.2,overflow,plus4K,36,0
Tokachi,right,56.2,overflow,plus4K,36.2,0
Tokachi,right,56.2,overflow,plus4K,36.4,0
Tokachi,right,56.2,overflow,plus4K,36.6,0
Tokachi,right,56.2,overflow,plus4K,36.8,0
Tokachi,right,56.2,overflow,plus4K,37,0
Tokachi,right,56.2,overflow,plus4K,37.2,0
Tokachi,right,56.2,overflow,plus4K,37.4,0
Tokachi,right,56.2,overflow,plus4K,37.6,0
Tokachi,right,56.2,overflow,plus4K,37.8,0
Tokachi,right,56.2,overflow,plus4K,38,0
Tokachi,right,56.2,overflow,plus4K,38.2,0
Tokachi,right,56.2,overflow,plus4K,38.4,0
Tokachi,right,56.2,overflow,plus4K,38.6,0
Tokachi,right,56.2,overflow,plus4K,38.8,0
Tokachi,right,56.2,overflow,plus4K,39,0
Tokachi,right,56.2,overflow,plus4K,39.2,0
Tokachi,right,56.2,overflow,plus4K,39.4,0
Tokachi,right,56.2,overflow,plus4K,39.6,0
Tokachi,right,56.2,overflow,plus4K,39.8,0
Tokachi,right,56.2,overflow,plus4K,40,0
Tokachi,right,56.2,overflow,plus4K,40.2,1
Tokachi,right,56.2,overflow,plus4K,40.4,1
Tokachi,right,56.2,overflow,plus4K,40.6,1
Tokachi,right,56.2,overflow,plus4K,40.8,1
Tokachi,right,56.2,overflow,plus4K,41,1
Tokachi,right,56.2,overflow,plus4K,41.2,1
Tokachi,right,56.2,overflow,plus4K,41.4,1
Tokachi,right,56.2,overflow,plus4K,41.6,1
Tokachi,right,56.2,overflow,plus4K,41.8,1
Tokachi,right,56.2,overflow,plus4K,42,1
Tokachi,right,56.2,overflow,plus4K,42.2,1
Tokachi,right,56.2,overflow,plus4K,42.4,1
Tokachi,right,56.2,overflow,plus4K,42.6,1
Tokachi,right,56.2,overflow,plus4K,42.8,1
Tokachi,right,56.2,overflow,plus4K,43,1
Tokachi,right,56.4,overflow,historical,35.2,0
Tokachi,right,56.4,overflow,historical,35.4,0
Tokachi,right,56.4,overflow,historical,35.6,0
Tokachi,right,56.4,overflow,historical,35.8,0
Tokachi,right,56.4,overflow,historical,36,0
Tokachi,right,56.4,overflow,historical,36.2,0
Tokachi,right,56.4,overflow,historical,36.4,0
Tokachi,right,56.4,overflow,historical,36.6,0
Tokachi,right,56.4,overflow,historical,36.8,0
Tokachi,right,56.4,overflow,historical,37,0
Tokachi,right,56.4,overflow,historical,37.2,0
Tokachi,right,56.4,overflow,historical,37.4,0
Tokachi,right,56.4,overflow,historical,37.6,0
Tokachi,right,56.4,overflow,historical,37.8,0
Tokachi,right,56.4,overflow,historical,38,0
Tokachi,right,56.4,overflow,historical,38.2,0
Tokachi,right,56.4,overflow,historical,38.4,0
Tokachi,right,56.4,overflow,historical,38.6,0
Tokachi,right,56.4,overflow,historical,38.8,0
Tokachi,right,56.4,overflow,historical,39,0
Tokachi,right,56.4,overflow,historical,39.2,0
Tokachi,right,56.4,overflow,historical,39.4,0
Tokachi,right,56.4,overflow,historical,39.6,0
Tokachi,right,56.4,overflow,historical,39.8,0
Tokachi,right,56.4,overflow,historical,40,0
Tokachi,right,56.4,overflow,historical,40.2,0
Tokachi,right,56.4,overflow,historical,40.4,0
Tokachi,right,56.4,overflow,historical,40.6,1
Tokachi,right,56.4,overflow,historical,40.8,1
Tokachi,right,56.4,overflow,historical,41,1
Tokachi,right,56.4,overflow,historical,41.2,1
Tokachi,right,56.4,overflow,historical,41.4,1
Tokachi,right,56.4,overflow,historical,41.6,1
Tokachi,right,56.4,overflow,historical,41.8,1
Tokachi,right,56.4,overflow,historical,42,1
Tokachi,right,56.4,overflow,historical,42.2,1
Tokachi,right,56.4,overflow,historical,42.4,1
Tokachi,right,56.4,overflow,historical,42.6,1
Tokachi,right,56.4,overflow,historical,42.8,1
Tokachi,right,56.4,overflow,historical,43,1
Tokachi,right,56.4,overflow,historical,43.2,1
Tokachi,right,56.4,overflow,historical,43.4,1
Tokachi,right,56.4,overflow,plus4K,35.2,0
Tokachi,right,56.4,overflow,plus4K,35.4,0
Tokachi,right,56.4,overflow,plus4K,35.6,0
Tokachi,right,56.4,overflow,plus4K,35.8,0
Tokachi,right,56.4,overflow,plus4K,36,0
Tokachi,right,56.4,overflow,plus4K,36.2,0
Tokachi,right,56.4,overflow,plus4K,36.4,0
Tokachi,right,56.4,overflow,plus4K,36.6,0
Tokachi,right,56.4,overflow,plus4K,36.8,0
Tokachi,right,56.4,overflow,plus4K,37,0
Tokachi,right,56.4,overflow,plus4K,37.2,0
Tokachi,right,56.4,overflow,plus4K,37.4,0
Tokachi,right,56.4,overflow,plus4K,37.6,0
Tokachi,right,56.4,overflow,plus4K,37.8,0
Tokachi,right,56.4,overflow,plus4K,38,0
Tokachi,right,56.4,overflow,plus4K,38.2,0
Tokachi,right,56.4,overflow,plus4K,38.4,0
Tokachi,right,56.4,overflow,plus4K,38.6,0
Tokachi,right,56.4,overflow,plus4K,38.8,0
Tokachi,right,56.4,overflow,plus4K,39,0
Tokachi,right,56.4,overflow,plus4K,39.2,0
Tokachi,right,56.4,overflow,plus4K,39.4,0
Tokachi,right,56.4,overflow,plus4K,39.6,0
Tokachi,right,56.4,overflow,plus4K,39.8,0
Tokachi,right,56.4,overflow,plus4K,40,0
Tokachi,right,56.4,overflow,plus4K,40.2,0
Tokachi,right,56.4,overflow,plus4K,40.4,0
Tokachi,right,56.4,overflow,plus4K,40.6,1
Tokachi,right,56.4,overflow,plus4K,40.8,1
Tokachi,right,56.4,overflow,plus4K,41,1
Tokachi,right,56.4,overflow,plus4K,41.2,1
Tokachi,right,56.4,overflow,plus4K,41.4,1
Tokachi,right,56.4,overflow,plus4K,41.6,1
Tokachi,right,56.4,overflow,plus4K,41.8,1
Tokachi,right,56.4,overflow,plus4K,42,1
Tokachi,right,56.4,overflow,plus4K,42.2,1
Tokachi,right,56.4,overflow,plus4K,42.4,1
Tokachi,right,56.4,overflow,plus4K,42.6,1
Tokachi,right,56.4,overflow,plus4K,42.8,1
Tokachi,right,56.4,overflow,plus4K,43,1
Tokachi,right,56.4,overflow,plus4K,43.2,1
Tokachi,right,56.4,overflow,plus4K,43.4,1
Tokachi,right,56.6,overflow,historical,35.2,0
Tokachi,right,56.6,overflow,historical,35.4,0
Tokachi,right,56.6,overflow,historical,35.6,0
Tokachi,right,56.6,overflow,historical,35.8,0
Tokachi,right,56.6,overflow,historical,36,0
Tokachi,right,56.6,overflow,historical,36.2,0
Tokachi,right,56.6,overflow,historical,36.4,0
Tokachi,right,56.6,overflow,historical,36.6,0
Tokachi,right,56.6,overflow,historical,36.8,0
Tokachi,right,56.6,overflow,historical,37,0
Tokachi,right,56.6,overflow,historical,37.2,0
Tokachi,right,56.6,overflow,historical,37.4,0
Tokachi,right,56.6,overflow,historical,37.6,0
Tokachi,right,56.6,overflow,historical,37.8,0
Tokachi,right,56.6,overflow,historical,38,0
Tokachi,right,56.6,overflow,historical,38.2,0
Tokachi,right,56.6,overflow,historical,38.4,0
Tokachi,right,56.6,overflow,historical,38.6,0
Tokachi,right,56.6,overflow,historical,38.8,0.0001
Tokachi,right,56.6,overflow,historical,39,0.0006
Tokachi,right,56.6,overflow,historical,39.2,0.0016
Tokachi,right,56.6,overflow,historical,39.4,0.0037
Tokachi,right,56.6,overflow,historical,39.6,0.0073
Tokachi,right,56.6,overflow,historical,39.8,0.0147
Tokachi,right,56.6,overflow,historical,40,0.0282
Tokachi,right,56.6,overflow,historical,40.2,0.0516
Tokachi,right,56.6,overflow,historical,40.4,0.0871
Tokachi,right,56.6,overflow,historical,40.6,0.1407
Tokachi,right,56.6,overflow,historical,40.8,0.2136
Tokachi,right,56.6,overflow,historical,41,0.304
Tokachi,right,56.6,overflow,historical,41.2,0.4103
Tokachi,right,56.6,overflow,historical,41.4,0.522
Tokachi,right,56.6,overflow,historical,41.6,0.6384
Tokachi,right,56.6,overflow,historical,41.8,0.7394
Tokachi,right,56.6,overflow,historical,42,0.8255
Tokachi,right,56.6,overflow,historical,42.2,0.8908
Tokachi,right,56.6,overflow,historical,42.4,0.9325
Tokachi,right,56.6,overflow,historical,42.6,0.9626
Tokachi,right,56.6,overflow,historical,42.8,0.9791
Tokachi,right,56.6,overflow,historical,43,0.9903
Tokachi,right,56.6,overflow,historical,43.2,0.9958
Tokachi,right,56.6,overflow,historical,43.4,0.9984
Tokachi,right,56.6,overflow,historical,43.6,0.9993
Tokachi,right,56.6,overflow,historical,43.8,0.9998
Tokachi,right,56.6,overflow,historical,44,1
Tokachi,right,56.6,overflow,historical,44.2,1
Tokachi,right,56.6,overflow,plus4K,35.2,0
Tokachi,right,56.6,overflow,plus4K,35.4,0
Tokachi,right,56.6,overflow,plus4K,35.6,0
Tokachi,right,56.6,overflow,plus4K,35.8,0
Tokachi,right,56.6,overflow,plus4K,36,0
Tokachi,right,56.6,overflow,plus4K,36.2,0
Tokachi,right,56.6,overflow,plus4K,36.4,0
Tokachi,right,56.6,overflow,plus4K,36.6,0
Tokachi,right,56.6,overflow,plus4K,36.8,0
Tokachi,right,56.6,overflow,plus4K,37,0
Tokachi,right,56.6,overflow,plus4K,37.2,0
Tokachi,right,56.6,overflow,plus4K,37.4,0
Tokachi,right,56.6,overflow,plus4K,37.6,0
Tokachi,right,56.6,overflow,plus4K,37.8,0
Tokachi,right,56.6,overflow,plus4K,38,0
Tokachi,right,56.6,overflow,plus4K,38.2,0
Tokachi,right,56.6,overflow,plus4K,38.4,0
Tokachi,right,56.6,overflow,plus4K,38.6,0
Tokachi,right,56.6,overflow,plus4K,38.8,0.0001
Tokachi,right,56.6,overflow,plus4K,39,0.0006
Tokachi,right,56.6,overflow,plus4K,39.2,0.0016
Tokachi,right,56.6,overflow,plus4K,39.4,0.0037
Tokachi,right,56.6,overflow,plus4K,39.6,0.0073
Tokachi,right,56.6,overflow,plus4K,39.8,0.0147
Tokachi,right,56.6,overflow,plus4K,40,0.0282
Tokachi,right,56.6,overflow,plus4K,40.2,0.0516
Tokachi,right,56.6,overflow,plus4K,40.4,0.0871
Tokachi,right,56.6,overflow,plus4K,40.6,0.1407
Tokachi,right,56.6,overflow,plus4K,40.8,0.2136
Tokachi,right,56.6,overflow,plus4K,41,0.304
Tokachi,right,56.6,overflow,plus4K,41.2,0.4103
Tokachi,right,56.6,overflow,plus4K,41.4,0.522
Tokachi,right,56.6,overflow,plus4K,41.6,0.6384
Tokachi,right,56.6,overflow,plus4K,41.8,0.7394
Tokachi,right,56.6,overflow,plus4K,42,0.8255
Tokachi,right,56.6,overflow,plus4K,42.2,0.8908
Tokachi,right,56.6,overflow,plus4K,42.4,0.9325
Tokachi,right,56.6,overflow,plus4K,42.6,0.9626
Tokachi,right,56.6,overflow,plus4K,42.8,0.9791
Tokachi,right,56.6,overflow,plus4K,43,0.9903
Tokachi,right,56.6,overflow,plus4K,43.2,0.9958
Tokachi,right,56.6,overflow,plus4K,43.4,0.9984
Tokachi,right,56.6,overflow,plus4K,43.6,0.9993
Tokachi,right,56.6,overflow,plus4K,43.8,0.9998
Tokachi,right,56.6,overflow,plus4K,44,1
Tokachi,right,56.6,overflow,plus4K,44.2,1
Tokachi,right,56.8,overflow,historical,35.6,0
Tokachi,right,56.8,overflow,historical,35.8,0
Tokachi,right,56.8,overflow,historical,36,0
Tokachi,right,56.8,overflow,historical,36.2,0
Tokachi,right,56.8,overflow,historical,36.4,0
Tokachi,right,56.8,overflow,historical,36.6,0
Tokachi,right,56.8,overflow,historical,36.8,0
Tokachi,right,56.8,overflow,historical,37,0
Tokachi,right,56.8,overflow,historical,37.2,0
Tokachi,right,56.8,overflow,historical,37.4,0
Tokachi,right,56.8,overflow,historical,37.6,0
Tokachi,right,56.8,overflow,historical,37.8,0
Tokachi,right,56.8,overflow,historical,38,0
Tokachi,right,56.8,overflow,historical,38.2,0
Tokachi,right,56.8,overflow,historical,38.4,0
Tokachi,right,56.8,overflow,historical,38.6,0
Tokachi,right,56.8,overflow,historical,38.8,0
Tokachi,right,56.8,overflow,historical,39,0
Tokachi,right,56.8,overflow,historical,39.2,0
Tokachi,right,56.8,overflow,historical,39.4,0
Tokachi,right,56.8,overflow,historical,39.6,0
Tokachi,right,56.8,overflow,historical,39.8,0
Tokachi,right,56.8,overflow,historical,40,0
Tokachi,right,56.8,overflow,historical,40.2,0.0002
Tokachi,right,56.8,overflow,historical,40.4,0.0012
Tokachi,right,56.8,overflow,historical,40.6,0.0053
Tokachi,right,56.8,overflow,historical,40.8,0.0184
Tokachi,right,56.8,overflow,historical,41,0.0542
Tokachi,right,56.8,overflow,historical,41.2,0.1308
Tokachi,right,56.8,overflow,historical,41.4,0.271
Tokachi,right,56.8,overflow,historical,41.6,0.4594
Tokachi,right,56.8,overflow,historical,41.8,0.6625
Tokachi,right,56.8,overflow,historical,42,0.8269
Tokachi,right,56.8,overflow,historical,42.2,0.9238
Tokachi,right,56.8,overflow,historical,42.4,0.9727
Tokachi,right,56.8,overflow,historical,42.6,0.9924
Tokachi,right,56.8,overflow,historical,42.8,0.998
Tokachi,right,56.8,overflow,historical,43,0.9995
Tokachi,right,56.8,overflow,historical,43.2,0.9999
Tokachi,right,56.8,overflow,historical,43.4,1
Tokachi,right,56.8,overflow,historical,43.6,1
Tokachi,right,56.8,overflow,historical,43.8,1
Tokachi,right,56.8,overflow,historical,44,1
Tokachi,right,56.8,overflow,historical,44.2,1
Tokachi,right,56.8,overflow,historical,44.4,1
Tokachi,right,56.8,overflow,plus4K,35.6,0
Tokachi,right,56.8,overflow,plus4K,35.8,0
Tokachi,right,56.8,overflow,plus4K,36,0
Tokachi,right,56.8,overflow,plus4K,36.2,0
Tokachi,right,56.8,overflow,plus4K,36.4,0
Tokachi,right,56.8,overflow,plus4K,36.6,0
Tokachi,right,56.8,overflow,plus4K,36.8,0
Tokachi,right,56.8,overflow,plus4K,37,0
Tokachi,right,56.8,overflow,plus4K,37.2,0
Tokachi,right,56.8,overflow,plus4K,37.4,0
Tokachi,right,56.8,overflow,plus4K,37.6,0
Tokachi,right,56.8,overflow,plus4K,37.8,0
Tokachi,right,56.8,overflow,plus4K,38,0
Tokachi,right,56.8,overflow,plus4K,38.2,0
Tokachi,right,56.8,overflow,plus4K,38.4,0
Tokachi,right,56.8,overflow,plus4K,38.6,0
Tokachi,right,56.8,overflow,plus4K,38.8,0
Tokachi,right,56.8,overflow,plus4K,39,0
Tokachi,right,56.8,overflow,plus4K,39.2,0
Tokachi,right,56.8,overflow,plus4K,39.4,0
Tokachi,right,56.8,overflow,plus4K,39.6,0
Tokachi,right,56.8,overflow,plus4K,39.8,0
Tokachi,right,56.8,overflow,plus4K,40,0
Tokachi,right,56.8,overflow,plus4K,40.2,0.0002
Tokachi,right,56.8,overflow,plus4K,40.4,0.0012
Tokachi,right,56.8,overflow,plus4K,40.6,0.0053
Tokachi,right,56.8,overflow,plus4K,40.8,0.0184
Tokachi,right,56.8,overflow,plus4K,41,0.0542
Tokachi,right,56.8,overflow,plus4K,41.2,0.1308
Tokachi,right,56.8,overflow,plus4K,41.4,0.271
Tokachi,right,56.8,overflow,plus4K,41.6,0.4594
Tokachi,right,56.8,overflow,plus4K,41.8,0.6625
Tokachi,right,56.8,overflow,plus4K,42,0.8269
Tokachi,right,56.8,overflow,plus4K,42.2,0.9238
Tokachi,right,56.8,overflow,plus4K,42.4,0.9727
Tokachi,right,56.8,overflow,plus4K,42.6,0.9924
Tokachi,right,56.8,overflow,plus4K,42.8,0.998
Tokachi,right,56.8,overflow,plus4K,43,0.9995
Tokachi,right,56.8,overflow,plus4K,43.2,0.9999
Tokachi,right,56.8,overflow,plus4K,43.4,1
Tokachi,right,56.8,overflow,plus4K,43.6,1
Tokachi,right,56.8,overflow,plus4K,43.8,1
Tokachi,right,56.8,overflow,plus4K,44,1
Tokachi,right,56.8,overflow,plus4K,44.2,1
Tokachi,right,56.8,overflow,plus4K,44.4,1
Tokachi,right,57,overflow,historical,35.6,0
Tokachi,right,57,overflow,historical,35.8,0
Tokachi,right,57,overflow,historical,36,0
Tokachi,right,57,overflow,historical,36.2,0
Tokachi,right,57,overflow,historical,36.4,0
Tokachi,right,57,overflow,historical,36.6,0
Tokachi,right,57,overflow,historical,36.8,0
Tokachi,right,57,overflow,historical,37,0
Tokachi,right,57,overflow,historical,37.2,0
Tokachi,right,57,overflow,historical,37.4,0
Tokachi,right,57,overflow,historical,37.6,0
Tokachi,right,57,overflow,historical,37.8,0
Tokachi,right,57,overflow,historical,38,0
Tokachi,right,57,overflow,historical,38.2,0
Tokachi,right,57,overflow,historical,38.4,0
Tokachi,right,57,overflow,historical,38.6,0
Tokachi,right,57,overflow,historical,38.8,0
Tokachi,right,57,overflow,historical,39,0
Tokachi,right,57,overflow,historical,39.2,0
Tokachi,right,57,overflow,historical,39.4,0
Tokachi,right,57,overflow,historical,39.6,0
Tokachi,right,57,overflow,historical,39.8,0
Tokachi,right,57,overflow,historical,40,0
Tokachi,right,57,overflow,historical,40.2,0
Tokachi,right,57,overflow,historical,40.4,0
Tokachi,right,57,overflow,historical,40.6,0
Tokachi,right,57,overflow,historical,40.8,0
Tokachi,right,57,overflow,historical,41,0
Tokachi,right,57,overflow,historical,41.2,0
Tokachi,right,57,overflow,historical,41.4,0
Tokachi,right,57,overflow,historical,41.6,1
Tokachi,right,57,overflow,historical,41.8,1
Tokachi,right,57,overflow,historical,42,1
Tokachi,right,57,overflow,historical,42.2,1
Tokachi,right,57,overflow,historical,42.4,1
Tokachi,right,57,overflow,historical,42.6,1
Tokachi,right,57,overflow,historical,42.8,1
Tokachi,right,57,overflow,historical,43,1
Tokachi,right,57,overflow,historical,43.2,1
Tokachi,right,57,overflow,historical,43.4,1
Tokachi,right,57,overflow,historical,43.6,1
Tokachi,right,57,overflow,historical,43.8,1
Tokachi,right,57,overflow,historical,44,1
Tokachi,right,57,overflow,historical,44.2,1
Tokachi,right,57,overflow,historical,44.4,1
Tokachi,right,57,overflow,plus4K,35.6,0
Tokachi,right,57,overflow,plus4K,35.8,0
Tokachi,right,57,overflow,plus4K,36,0
Tokachi,right,57,overflow,plus4K,36.2,0
Tokachi,right,57,overflow,plus4K,36.4,0
Tokachi,right,57,overflow,plus4K,36.6,0
Tokachi,right,57,overflow,plus4K,36.8,0
Tokachi,right,57,overflow,plus4K,37,0
Tokachi,right,57,overflow,plus4K,37.2,0
Tokachi,right,57,overflow,plus4K,37.4,0
Tokachi,right,57,overflow,plus4K,37.6,0
Tokachi,right,57,overflow,plus4K,37.8,0
Tokachi,right,57,overflow,plus4K,38,0
Tokachi,right,57,overflow,plus4K,38.2,0
Tokachi,right,57,overflow,plus4K,38.4,0
Tokachi,right,57,overflow,plus4K,38.6,0
Tokachi,right,57,overflow,plus4K,38.8,0
Tokachi,right,57,overflow,plus4K,39,0
Tokachi,right,57,overflow,plus4K,39.2,0
Tokachi,right,57,overflow,plus4K,39.4,0
Tokachi,right,57,overflow,plus4K,39.6,0
Tokachi,right,57,overflow,plus4K,39.8,0
Tokachi,right,57,overflow,plus4K,40,0
Tokachi,right,57,overflow,plus4K,40.2,0
Tokachi,right,57,overflow,plus4K,40.4,0
Tokachi,right,57,overflow,plus4K,40.6,0
Tokachi,right,57,overflow,plus4K,40.8,0
Tokachi,right,57,overflow,plus4K,41,0
Tokachi,right,57,overflow,plus4K,41.2,0
Tokachi,right,57,overflow,plus4K,41.4,0
Tokachi,right,57,overflow,plus4K,41.6,1
Tokachi,right,57,overflow,plus4K,41.8,1
Tokachi,right,57,overflow,plus4K,42,1
Tokachi,right,57,overflow,plus4K,42.2,1
Tokachi,right,57,overflow,plus4K,42.4,1
Tokachi,right,57,overflow,plus4K,42.6,1
Tokachi,right,57,overflow,plus4K,42.8,1
Tokachi,right,57,overflow,plus4K,43,1
Tokachi,right,57,overflow,plus4K,43.2,1
Tokachi,right,57,overflow,plus4K,43.4,1
Tokachi,right,57,overflow,plus4K,43.6,1
Tokachi,right,57,overflow,plus4K,43.8,1
Tokachi,right,57,overflow,plus4K,44,1
Tokachi,right,57,overflow,plus4K,44.2,1
Tokachi,right,57,overflow,plus4K,44.4,1
Tokachi,right,57.2,overflow,historical,36.2,0
Tokachi,right,57.2,overflow,historical,36.4,0
Tokachi,right,57.2,overflow,historical,36.6,0
Tokachi,right,57.2,overflow,historical,36.8,0
Tokachi,right,57.2,overflow,historical,37,0
Tokachi,right,57.2,overflow,historical,37.2,0
Tokachi,right,57.2,overflow,historical,37.4,0
Tokachi,right,57.2,overflow,historical,37.6,0
Tokachi,right,57.2,overflow,historical,37.8,0
Tokachi,right,57.2,overflow,historical,38,0
Tokachi,right,57.2,overflow,historical,38.2,0
Tokachi,right,57.2,overflow,historical,38.4,0
Tokachi,right,57.2,overflow,historical,38.6,0
Tokachi,right,57.2,overflow,historical,38.8,0
Tokachi,right,57.2,overflow,historical,39,0
Tokachi,right,57.2,overflow,historical,39.2,0
Tokachi,right,57.2,overflow,historical,39.4,0
Tokachi,right,57.2,overflow,historical,39.6,0
Tokachi,right,57.2,overflow,historical,39.8,0
Tokachi,right,57.2,overflow,historical,40,0
Tokachi,right,57.2,overflow,historical,40.2,0
Tokachi,right,57.2,overflow,historical,40.4,0
Tokachi,right,57.2,overflow,historical,40.6,0
Tokachi,right,57.2,overflow,historical,40.8,0
Tokachi,right,57.2,overflow,historical,41,0
Tokachi,right,57.2,overflow,historical,41.2,0
Tokachi,right,57.2,overflow,historical,41.4,0
Tokachi,right,57.2,overflow,historical,41.6,0
Tokachi,right,57.2,overflow,historical,41.8,0
Tokachi,right,57.2,overflow,historical,42,0.8627
Tokachi,right,57.2,overflow,historical,42.2,1
Tokachi,right,57.2,overflow,historical,42.4,1
Tokachi,right,57.2,overflow,historical,42.6,1
Tokachi,right,57.2,overflow,historical,42.8,1
Tokachi,right,57.2,overflow,historical,43,1
Tokachi,right,57.2,overflow,historical,43.2,1
Tokachi,right,57.2,overflow,historical,43.4,1
Tokachi,right,57.2,overflow,historical,43.6,1
Tokachi,right,57.2,overflow,historical,43.8,1
Tokachi,right,57.2,overflow,historical,44,1
Tokachi,right,57.2,overflow,historical,44.2,1
Tokachi,right,57.2,overflow,historical,44.4,1
Tokachi,right,57.2,overflow,historical,44.6,1
Tokachi,right,57.2,overflow,historical,44.8,1
Tokachi,right,57.2,overflow,plus4K,36.2,0
Tokachi,right,57.2,overflow,plus4K,36.4,0
Tokachi,right,57.2,overflow,plus4K,36.6,0
Tokachi,right,57.2,overflow,plus4K,36.8,0
Tokachi,right,57.2,overflow,plus4K,37,0
Tokachi,right,57.2,overflow,plus4K,37.2,0
Tokachi,right,57.2,overflow,plus4K,37.4,0
Tokachi,right,57.2,overflow,plus4K,37.6,0
Tokachi,right,57.2,overflow,plus4K,37.8,0
Tokachi,right,57.2,overflow,plus4K,38,0
Tokachi,right,57.2,overflow,plus4K,38.2,0
Tokachi,right,57.2,overflow,plus4K,38.4,0
Tokachi,right,57.2,overflow,plus4K,38.6,0
Tokachi,right,57.2,overflow,plus4K,38.8,0
Tokachi,right,57.2,overflow,plus4K,39,0
Tokachi,right,57.2,overflow,plus4K,39.2,0
Tokachi,right,57.2,overflow,plus4K,39.4,0
Tokachi,right,57.2,overflow,plus4K,39.6,0
Tokachi,right,57.2,overflow,plus4K,39.8,0
Tokachi,right,57.2,overflow,plus4K,40,0
Tokachi,right,57.2,overflow,plus4K,40.2,0
Tokachi,right,57.2,overflow,plus4K,40.4,0
Tokachi,right,57.2,overflow,plus4K,40.6,0
Tokachi,right,57.2,overflow,plus4K,40.8,0
Tokachi,right,57.2,overflow,plus4K,41,0
Tokachi,right,57.2,overflow,plus4K,41.2,0
Tokachi,right,57.2,overflow,plus4K,41.4,0
Tokachi,right,57.2,overflow,plus4K,41.6,0
Tokachi,right,57.2,overflow,plus4K,41.8,0
Tokachi,right,57.2,overflow,plus4K,42,0.8627
Tokachi,right,57.2,overflow,plus4K,42.2,1
Tokachi,right,57.2,overflow,plus4K,42.4,1
Tokachi,right,57.2,overflow,plus4K,42.6,1
Tokachi,right,57.2,overflow,plus4K,42.8,1
Tokachi,right,57.2,overflow,plus4K,43,1
Tokachi,right,57.2,overflow,plus4K,43.2,1
Tokachi,right,57.2,overflow,plus4K,43.4,1
Tokachi,right,57.2,overflow,plus4K,43.6,1
Tokachi,right,57.2,overflow,plus4K,43.8,1
Tokachi,right,57.2,overflow,plus4K,44,1
Tokachi,right,57.2,overflow,plus4K,44.2,1
Tokachi,right,57.2,overflow,plus4K,44.4,1
Tokachi,right,57.2,overflow,plus4K,44.6,1
Tokachi,right,57.2,overflow,plus4K,44.8,1
Tokachi,right,57.4,overflow,historical,36.4,0
Tokachi,right,57.4,overflow,historical,36.6,0
Tokachi,right,57.4,overflow,historical,36.8,0
Tokachi,right,57.4,overflow,historical,37,0
Tokachi,right,57.4,overflow,historical,37.2,0
Tokachi,right,57.4,overflow,historical,37.4,0
Tokachi,right,57.4,overflow,historical,37.6,0
Tokachi,right,57.4,overflow,historical,37.8,0
Tokachi,right,57.4,overflow,historical,38,0
Tokachi,right,57.4,overflow,historical,38.2,0
Tokachi,right,57.4,overflow,historical,38.4,0
Tokachi,right,57.4,overflow,historical,38.6,0
Tokachi,right,57.4,overflow,historical,38.8,0
Tokachi,right,57.4,overflow,historical,39,0
Tokachi,right,57.4,overflow,historical,39.2,0
Tokachi,right,57.4,overflow,historical,39.4,0
Tokachi,right,57.4,overflow,historical,39.6,0
Tokachi,right,57.4,overflow,historical,39.8,0
Tokachi,right,57.4,overflow,historical,40,0
Tokachi,right,57.4,overflow,historical,40.2,0
Tokachi,right,57.4,overflow,historical,40.4,0
Tokachi,right,57.4,overflow,historical,40.6,0
Tokachi,right,57.4,overflow,historical,40.8,0
Tokachi,right,57.4,overflow,historical,41,0
Tokachi,right,57.4,overflow,historical,41.2,0
Tokachi,right,57.4,overflow,historical,41.4,0
Tokachi,right,57.4,overflow,historical,41.6,0
Tokachi,right,57.4,overflow,historical,41.8,0
Tokachi,right,57.4,overflow,historical,42,0
Tokachi,right,57.4,overflow,historical,42.2,0
Tokachi,right,57.4,overflow,historical,42.4,0
Tokachi,right,57.4,overflow,historical,42.6,1
Tokachi,right,57.4,overflow,historical,42.8,1
Tokachi,right,57.4,overflow,historical,43,1
Tokachi,right,57.4,overflow,historical,43.2,1
Tokachi,right,57.4,overflow,historical,43.4,1
Tokachi,right,57.4,overflow,historical,43.6,1
Tokachi,right,57.4,overflow,historical,43.8,1
Tokachi,right,57.4,overflow,historical,44,1
Tokachi,right,57.4,overflow,historical,44.2,1
Tokachi,right,57.4,overflow,historical,44.4,1
Tokachi,right,57.4,overflow,historical,44.6,1
Tokachi,right,57.4,overflow,historical,44.8,1
Tokachi,right,57.4,overflow,historical,45,1
Tokachi,right,57.4,overflow,historical,45.2,1
Tokachi,right,57.4,overflow,historical,45.4,1
Tokachi,right,57.4,overflow,plus4K,36.4,0
Tokachi,right,57.4,overflow,plus4K,36.6,0
Tokachi,right,57.4,overflow,plus4K,36.8,0
Tokachi,right,57.4,overflow,plus4K,37,0
Tokachi,right,57.4,overflow,plus4K,37.2,0
Tokachi,right,57.4,overflow,plus4K,37.4,0
Tokachi,right,57.4,overflow,plus4K,37.6,0
Tokachi,right,57.4,overflow,plus4K,37.8,0
Tokachi,right,57.4,overflow,plus4K,38,0
Tokachi,right,57.4,overflow,plus4K,38.2,0
Tokachi,right,57.4,overflow,plus4K,38.4,0
Tokachi,right,57.4,overflow,plus4K,38.6,0
Tokachi,right,57.4,overflow,plus4K,38.8,0
Tokachi,right,57.4,overflow,plus4K,39,0
Tokachi,right,57.4,overflow,plus4K,39.2,0
Tokachi,right,57.4,overflow,plus4K,39.4,0
Tokachi,right,57.4,overflow,plus4K,39.6,0
Tokachi,right,57.4,overflow,plus4K,39.8,0
Tokachi,right,57.4,overflow,plus4K,40,0
Tokachi,right,57.4,overflow,plus4K,40.2,0
Tokachi,right,57.4,overflow,plus4K,40.4,0
Tokachi,right,57.4,overflow,plus4K,40.6,0
Tokachi,right,57.4,overflow,plus4K,40.8,0
Tokachi,right,57.4,overflow,plus4K,41,0
Tokachi,right,57.4,overflow,plus4K,41.2,0
Tokachi,right,57.4,overflow,plus4K,41.4,0
Tokachi,right,57.4,overflow,plus4K,41.6,0
Tokachi,right,57.4,overflow,plus4K,41.8,0
Tokachi,right,57.4,overflow,plus4K,42,0
Tokachi,right,57.4,overflow,plus4K,42.2,0
Tokachi,right,57.4,overflow,plus4K,42.4,0
Tokachi,right,57.4,overflow,plus4K,42.6,1
Tokachi,right,57.4,overflow,plus4K,42.8,1
Tokachi,right,57.4,overflow,plus4K,43,1
Tokachi,right,57.4,overflow,plus4K,43.2,1
Tokachi,right,57.4,overflow,plus4K,43.4,1
Tokachi,right,57.4,overflow,plus4K,43.6,1
Tokachi,right,57.4,overflow,plus4K,43.8,1
Tokachi,right,57.4,overflow,plus4K,44,1
Tokachi,right,57.4,overflow,plus4K,44.2,1
Tokachi,right,57.4,overflow,plus4K,44.4,1
Tokachi,right,57.4,overflow,plus4K,44.6,1
Tokachi,right,57.4,overflow,plus4K,44.8,1
Tokachi,right,57.4,overflow,plus4K,45,1
Tokachi,right,57.4,overflow,plus4K,45.2,1
Tokachi,right,57.4,overflow,plus4K,45.4,1
Tokachi,right,57.6,overflow,historical,36.2,0
Tokachi,right,57.6,overflow,historical,36.4,0
Tokachi,right,57.6,overflow,historical,36.6,0
Tokachi,right,57.6,overflow,historical,36.8,0
Tokachi,right,57.6,overflow,historical,37,0
Tokachi,right,57.6,overflow,historical,37.2,0
Tokachi,right,57.6,overflow,historical,37.4,0
Tokachi,right,57.6,overflow,historical,37.6,0
Tokachi,right,57.6,overflow,historical,37.8,0
Tokachi,right,57.6,overflow,historical,38,0
Tokachi,right,57.6,overflow,historical,38.2,0
Tokachi,right,57.6,overflow,historical,38.4,0
Tokachi,right,57.6,overflow,historical,38.6,0
Tokachi,right,57.6,overflow,historical,38.8,0
Tokachi,right,57.6,overflow,historical,39,0
Tokachi,right,57.6,overflow,historical,39.2,0
Tokachi,right,57.6,overflow,historical,39.4,0
Tokachi,right,57.6,overflow,historical,39.6,0
Tokachi,right,57.6,overflow,historical,39.8,0
Tokachi,right,57.6,overflow,historical,40,0
Tokachi,right,57.6,overflow,historical,40.2,0
Tokachi,right,57.6,overflow,historical,40.4,0
Tokachi,right,57.6,overflow,historical,40.6,0
Tokachi,right,57.6,overflow,historical,40.8,0
Tokachi,right,57.6,overflow,historical,41,0
Tokachi,right,57.6,overflow,historical,41.2,0
Tokachi,right,57.6,overflow,historical,41.4,0
Tokachi,right,57.6,overflow,historical,41.6,0
Tokachi,right,57.6,overflow,historical,41.8,0
Tokachi,right,57.6,overflow,historical,42,0
Tokachi,right,57.6,overflow,historical,42.2,0
Tokachi,right,57.6,overflow,historical,42.4,0.6377
Tokachi,right,57.6,overflow,historical,42.6,1
Tokachi,right,57.6,overflow,historical,42.8,1
Tokachi,right,57.6,overflow,historical,43,1
Tokachi,right,57.6,overflow,historical,43.2,1
Tokachi,right,57.6,overflow,historical,43.4,1
Tokachi,right,57.6,overflow,historical,43.6,1
Tokachi,right,57.6,overflow,historical,43.8,1
Tokachi,right,57.6,overflow,historical,44,1
Tokachi,right,57.6,overflow,historical,44.2,1
Tokachi,right,57.6,overflow,historical,44.4,1
Tokachi,right,57.6,overflow,historical,44.6,1
Tokachi,right,57.6,overflow,historical,44.8,1
Tokachi,right,57.6,overflow,historical,45,1
Tokachi,right,57.6,overflow,historical,45.2,1
Tokachi,right,57.6,overflow,plus4K,36.2,0
Tokachi,right,57.6,overflow,plus4K,36.4,0
Tokachi,right,57.6,overflow,plus4K,36.6,0
Tokachi,right,57.6,overflow,plus4K,36.8,0
Tokachi,right,57.6,overflow,plus4K,37,0
Tokachi,right,57.6,overflow,plus4K,37.2,0
Tokachi,right,57.6,overflow,plus4K,37.4,0
Tokachi,right,57.6,overflow,plus4K,37.6,0
Tokachi,right,57.6,overflow,plus4K,37.8,0
Tokachi,right,57.6,overflow,plus4K,38,0
Tokachi,right,57.6,overflow,plus4K,38.2,0
Tokachi,right,57.6,overflow,plus4K,38.4,0
Tokachi,right,57.6,overflow,plus4K,38.6,0
Tokachi,right,57.6,overflow,plus4K,38.8,0
Tokachi,right,57.6,overflow,plus4K,39,0
Tokachi,right,57.6,overflow,plus4K,39.2,0
Tokachi,right,57.6,overflow,plus4K,39.4,0
Tokachi,right,57.6,overflow,plus4K,39.6,0
Tokachi,right,57.6,overflow,plus4K,39.8,0
Tokachi,right,57.6,overflow,plus4K,40,0
Tokachi,right,57.6,overflow,plus4K,40.2,0
Tokachi,right,57.6,overflow,plus4K,40.4,0
Tokachi,right,57.6,overflow,plus4K,40.6,0
Tokachi,right,57.6,overflow,plus4K,40.8,0
Tokachi,right,57.6,overflow,plus4K,41,0
Tokachi,right,57.6,overflow,plus4K,41.2,0
Tokachi,right,57.6,overflow,plus4K,41.4,0
Tokachi,right,57.6,overflow,plus4K,41.6,0
Tokachi,right,57.6,overflow,plus4K,41.8,0
Tokachi,right,57.6,overflow,plus4K,42,0
Tokachi,right,57.6,overflow,plus4K,42.2,0
Tokachi,right,57.6,overflow,plus4K,42.4,0.6377
Tokachi,right,57.6,overflow,plus4K,42.6,1
Tokachi,right,57.6,overflow,plus4K,42.8,1
Tokachi,right,57.6,overflow,plus4K,43,1
Tokachi,right,57.6,overflow,plus4K,43.2,1
Tokachi,right,57.6,overflow,plus4K,43.4,1
Tokachi,right,57.6,overflow,plus4K,43.6,1
Tokachi,right,57.6,overflow,plus4K,43.8,1
Tokachi,right,57.6,overflow,plus4K,44,1
Tokachi,right,57.6,overflow,plus4K,44.2,1
Tokachi,right,57.6,overflow,plus4K,44.4,1
Tokachi,right,57.6,overflow,plus4K,44.6,1
Tokachi,right,57.6,overflow,plus4K,44.8,1
Tokachi,right,57.6,overflow,plus4K,45,1
Tokachi,right,57.6,overflow,plus4K,45.2,1
Tokachi,right,57.8,overflow,historical,36.8,0
Tokachi,right,57.8,overflow,historical,37,0
Tokachi,right,57.8,overflow,historical,37.2,0
Tokachi,right,57.8,overflow,historical,37.4,0
Tokachi,right,57.8,overflow,historical,37.6,0
Tokachi,right,57.8,overflow,historical,37.8,0
Tokachi,right,57.8,overflow,historical,38,0
Tokachi,right,57.8,overflow,historical,38.2,0
Tokachi,right,57.8,overflow,historical,38.4,0
Tokachi,right,57.8,overflow,historical,38.6,0
Tokachi,right,57.8,overflow,historical,38.8,0
Tokachi,right,57.8,overflow,historical,39,0
Tokachi,right,57.8,overflow,historical,39.2,0
Tokachi,right,57.8,overflow,historical,39.4,0
Tokachi,right,57.8,overflow,historical,39.6,0
Tokachi,right,57.8,overflow,historical,39.8,0
Tokachi,right,57.8,overflow,historical,40,0
Tokachi,right,57.8,overflow,historical,40.2,0
Tokachi,right,57.8,overflow,historical,40.4,0
Tokachi,right,57.8,overflow,historical,40.6,0
Tokachi,right,57.8,overflow,historical,40.8,0
Tokachi,right,57.8,overflow,historical,41,0
Tokachi,right,57.8,overflow,historical,41.2,0
Tokachi,right,57.8,overflow,historical,41.4,0
Tokachi,right,57.8,overflow,historical,41.6,0
Tokachi,right,57.8,overflow,historical,41.8,0
Tokachi,right,57.8,overflow,historical,42,0
Tokachi,right,57.8,overflow,historical,42.2,0
Tokachi,right,57.8,overflow,historical,42.4,0
Tokachi,right,57.8,overflow,historical,42.6,0.9999
Tokachi,right,57.8,overflow,historical,42.8,1
Tokachi,right,57.8,overflow,historical,43,1
Tokachi,right,57.8,overflow,historical,43.2,1
Tokachi,right,57.8,overflow,historical,43.4,1
Tokachi,right,57.8,overflow,historical,43.6,1
Tokachi,right,57.8,overflow,historical,43.8,1
Tokachi,right,57.8,overflow,historical,44,1
Tokachi,right,57.8,overflow,historical,44.2,1
Tokachi,right,57.8,overflow,historical,44.4,1
Tokachi,right,57.8,overflow,historical,44.6,1
Tokachi,right,57.8,overflow,historical,44.8,1
Tokachi,right,57.8,overflow,historical,45,1
Tokachi,right,57.8,overflow,historical,45.2,1
Tokachi,right,57.8,overflow,historical,45.4,1
Tokachi,right,57.8,overflow,plus4K,36.8,0
Tokachi,right,57.8,overflow,plus4K,37,0
Tokachi,right,57.8,overflow,plus4K,37.2,0
Tokachi,right,57.8,overflow,plus4K,37.4,0
Tokachi,right,57.8,overflow,plus4K,37.6,0
Tokachi,right,57.8,overflow,plus4K,37.8,0
Tokachi,right,57.8,overflow,plus4K,38,0
Tokachi,right,57.8,overflow,plus4K,38.2,0
Tokachi,right,57.8,overflow,plus4K,38.4,0
Tokachi,right,57.8,overflow,plus4K,38.6,0
Tokachi,right,57.8,overflow,plus4K,38.8,0
Tokachi,right,57.8,overflow,plus4K,39,0
Tokachi,right,57.8,overflow,plus4K,39.2,0
Tokachi,right,57.8,overflow,plus4K,39.4,0
Tokachi,right,57.8,overflow,plus4K,39.6,0
Tokachi,right,57.8,overflow,plus4K,39.8,0
Tokachi,right,57.8,overflow,plus4K,40,0
Tokachi,right,57.8,overflow,plus4K,40.2,0
Tokachi,right,57.8,overflow,plus4K,40.4,0
Tokachi,right,57.8,overflow,plus4K,40.6,0
Tokachi,right,57.8,overflow,plus4K,40.8,0
Tokachi,right,57.8,overflow,plus4K,41,0
Tokachi,right,57.8,overflow,plus4K,41.2,0
Tokachi,right,57.8,overflow,plus4K,41.4,0
Tokachi,right,57.8,overflow,plus4K,41.6,0
Tokachi,right,57.8,overflow,plus4K,41.8,0
Tokachi,right,57.8,overflow,plus4K,42,0
Tokachi,right,57.8,overflow,plus4K,42.2,0
Tokachi,right,57.8,overflow,plus4K,42.4,0
Tokachi,right,57.8,overflow,plus4K,42.6,0.9999
Tokachi,right,57.8,overflow,plus4K,42.8,1
Tokachi,right,57.8,overflow,plus4K,43,1
Tokachi,right,57.8,overflow,plus4K,43.2,1
Tokachi,right,57.8,overflow,plus4K,43.4,1
Tokachi,right,57.8,overflow,plus4K,43.6,1
Tokachi,right,57.8,overflow,plus4K,43.8,1
Tokachi,right,57.8,overflow,plus4K,44,1
Tokachi,right,57.8,overflow,plus4K,44.2,1
Tokachi,right,57.8,overflow,plus4K,44.4,1
Tokachi,right,57.8,overflow,plus4K,44.6,1
Tokachi,right,57.8,overflow,plus4K,44.8,1
Tokachi,right,57.8,overflow,plus4K,45,1
Tokachi,right,57.8,overflow,plus4K,45.2,1
Tokachi,right,57.8,overflow,plus4K,45.4,1
Tokachi,right,58,overflow,historical,37.2,0
Tokachi,right,58,overflow,historical,37.4,0
Tokachi,right,58,overflow,historical,37.6,0
Tokachi,right,58,overflow,historical,37.8,0
Tokachi,right,58,overflow,historical,38,0
Tokachi,right,58,overflow,historical,38.2,0
Tokachi,right,58,overflow,historical,38.4,0
Tokachi,right,58,overflow,historical,38.6,0
Tokachi,right,58,overflow,historical,38.8,0
Tokachi,right,58,overflow,historical,39,0
Tokachi,right,58,overflow,historical,39.2,0
Tokachi,right,58,overflow,historical,39.4,0
Tokachi,right,58,overflow,historical,39.6,0
Tokachi,right,58,overflow,historical,39.8,0
Tokachi,right,58,overflow,historical,40,0
Tokachi,right,58,overflow,historical,40.2,0
Tokachi,right,58,overflow,historical,40.4,0
Tokachi,right,58,overflow,historical,40.6,0
Tokachi,right,58,overflow,historical,40.8,0
Tokachi,right,58,overflow,historical,41,0
Tokachi,right,58,overflow,historical,41.2,0
Tokachi,right,58,overflow,historical,41.4,0
Tokachi,right,58,overflow,historical,41.6,0
Tokachi,right,58,overflow,historical,41.8,0
Tokachi,right,58,overflow,historical,42,0
Tokachi,right,58,overflow,historical,42.2,0
Tokachi,right,58,overflow,historical,42.4,0
Tokachi,right,58,overflow,historical,42.6,0
Tokachi,right,58,overflow,historical,42.8,0
Tokachi,right,58,overflow,historical,43,1
Tokachi,right,58,overflow,historical,43.2,1
Tokachi,right,58,overflow,historical,43.4,1
Tokachi,right,58,overflow,historical,43.6,1
Tokachi,right,58,overflow,historical,43.8,1
Tokachi,right,58,overflow,historical,44,1
Tokachi,right,58,overflow,historical,44.2,1
Tokachi,right,58,overflow,historical,44.4,1
Tokachi,right,58,overflow,historical,44.6,1
Tokachi,right,58,overflow,historical,44.8,1
Tokachi,right,58,overflow,historical,45,1
Tokachi,right,58,overflow,historical,45.2,1
Tokachi,right,58,overflow,historical,45.4,1
Tokachi,right,58,overflow,historical,45.6,1
Tokachi,right,58,overflow,historical,45.8,1
Tokachi,right,58,overflow,plus4K,37.2,0
Tokachi,right,58,overflow,plus4K,37.4,0
Tokachi,right,58,overflow,plus4K,37.6,0
Tokachi,right,58,overflow,plus4K,37.8,0
Tokachi,right,58,overflow,plus4K,38,0
Tokachi,right,58,overflow,plus4K,38.2,0
Tokachi,right,58,overflow,plus4K,38.4,0
Tokachi,right,58,overflow,plus4K,38.6,0
Tokachi,right,58,overflow,plus4K,38.8,0
Tokachi,right,58,overflow,plus4K,39,0
Tokachi,right,58,overflow,plus4K,39.2,0
Tokachi,right,58,overflow,plus4K,39.4,0
Tokachi,right,58,overflow,plus4K,39.6,0
Tokachi,right,58,overflow,plus4K,39.8,0
Tokachi,right,58,overflow,plus4K,40,0
Tokachi,right,58,overflow,plus4K,40.2,0
Tokachi,right,58,overflow,plus4K,40.4,0
Tokachi,right,58,overflow,plus4K,40.6,0
Tokachi,right,58,overflow,plus4K,40.8,0
Tokachi,right,58,overflow,plus4K,41,0
Tokachi,right,58,overflow,plus4K,41.2,0
Tokachi,right,58,overflow,plus4K,41.4,0
Tokachi,right,58,overflow,plus4K,41.6,0
Tokachi,right,58,overflow,plus4K,41.8,0
Tokachi,right,58,overflow,plus4K,42,0
Tokachi,right,58,overflow,plus4K,42.2,0
Tokachi,right,58,overflow,plus4K,42.4,0
Tokachi,right,58,overflow,plus4K,42.6,0
Tokachi,right,58,overflow,plus4K,42.8,0
Tokachi,right,58,overflow,plus4K,43,1
Tokachi,right,58,overflow,plus4K,43.2,1
Tokachi,right,58,overflow,plus4K,43.4,1
Tokachi,right,58,overflow,plus4K,43.6,1
Tokachi,right,58,overflow,plus4K,43.8,1
Tokachi,right,58,overflow,plus4K,44,1
Tokachi,right,58,overflow,plus4K,44.2,1
Tokachi,right,58,overflow,plus4K,44.4,1
Tokachi,right,58,overflow,plus4K,44.6,1
Tokachi,right,58,overflow,plus4K,44.8,1
Tokachi,right,58,overflow,plus4K,45,1
Tokachi,right,58,overflow,plus4K,45.2,1
Tokachi,right,58,overflow,plus4K,45.4,1
Tokachi,right,58,overflow,plus4K,45.6,1
Tokachi,right,58,overflow,plus4K,45.8,1
Tokachi,right,58.2,overflow,historical,37.8,0
Tokachi,right,58.2,overflow,historical,38,0
Tokachi,right,58.2,overflow,historical,38.2,0
Tokachi,right,58.2,overflow,historical,38.4,0
Tokachi,right,58.2,overflow,historical,38.6,0
Tokachi,right,58.2,overflow,historical,38.8,0
Tokachi,right,58.2,overflow,historical,39,0
Tokachi,right,58.2,overflow,historical,39.2,0
Tokachi,right,58.2,overflow,historical,39.4,0
Tokachi,right,58.2,overflow,historical,39.6,0
Tokachi,right,58.2,overflow,historical,39.8,0
Tokachi,right,58.2,overflow,historical,40,0
Tokachi,right,58.2,overflow,historical,40.2,0
Tokachi,right,58.2,overflow,historical,40.4,0
Tokachi,right,58.2,overflow,historical,40.6,0
Tokachi,right,58.2,overflow,historical,40.8,0
Tokachi,right,58.2,overflow,historical,41,0
Tokachi,right,58.2,overflow,historical,41.2,0
Tokachi,right,58.2,overflow,historical,41.4,0
Tokachi,right,58.2,overflow,historical,41.6,0
Tokachi,right,58.2,overflow,historical,41.8,0
Tokachi,right,58.2,overflow,historical,42,0
Tokachi,right,58.2,overflow,historical,42.2,0
Tokachi,right,58.2,overflow,historical,42.4,0
Tokachi,right,58.2,overflow,historical,42.6,0
Tokachi,right,58.2,overflow,historical,42.8,0
Tokachi,right,58.2,overflow,historical,43,0
Tokachi,right,58.2,overflow,historical,43.2,1
Tokachi,right,58.2,overflow,historical,43.4,1
Tokachi,right,58.2,overflow,historical,43.6,1
Tokachi,right,58.2,overflow,historical,43.8,1
Tokachi,right,58.2,overflow,historical,44,1
Tokachi,right,58.2,overflow,historical,44.2,1
Tokachi,right,58.2,overflow,historical,44.4,1
Tokachi,right,58.2,overflow,historical,44.6,1
Tokachi,right,58.2,overflow,historical,44.8,1
Tokachi,right,58.2,overflow,historical,45,1
Tokachi,right,58.2,overflow,historical,45.2,1
Tokachi,right,58.2,overflow,historical,45.4,1
Tokachi,right,58.2,overflow,historical,45.6,1
Tokachi,right,58.2,overflow,historical,45.8,1
Tokachi,right,58.2,overflow,historical,46,1
Tokachi,right,58.2,overflow,plus4K,37.8,0
Tokachi,right,58.2,overflow,plus4K,38,0
Tokachi,right,58.2,overflow,plus4K,38.2,0
Tokachi,right,58.2,overflow,plus4K,38.4,0
Tokachi,right,58.2,overflow,plus4K,38.6,0
Tokachi,right,58.2,overflow,plus4K,38.8,0
Tokachi,right,58.2,overflow,plus4K,39,0
Tokachi,right,58.2,overflow,plus4K,39.2,0
Tokachi,right,58.2,overflow,plus4K,39.4,0
Tokachi,right,58.2,overflow,plus4K,39.6,0
Tokachi,right,58.2,overflow,plus4K,39.8,0
Tokachi,right,58.2,overflow,plus4K,40,0
Tokachi,right,58.2,overflow,plus4K,40.2,0
Tokachi,right,58.2,overflow,plus4K,40.4,0
Tokachi,right,58.2,overflow,plus4K,40.6,0
Tokachi,right,58.2,overflow,plus4K,40.8,0
Tokachi,right,58.2,overflow,plus4K,41,0
Tokachi,right,58.2,overflow,plus4K,41.2,0
Tokachi,right,58.2,overflow,plus4K,41.4,0
Tokachi,right,58.2,overflow,plus4K,41.6,0
Tokachi,right,58.2,overflow,plus4K,41.8,0
Tokachi,right,58.2,overflow,plus4K,42,0
Tokachi,right,58.2,overflow,plus4K,42.2,0
Tokachi,right,58.2,overflow,plus4K,42.4,0
Tokachi,right,58.2,overflow,plus4K,42.6,0
Tokachi,right,58.2,overflow,plus4K,42.8,0
Tokachi,right,58.2,overflow,plus4K,43,0
Tokachi,right,58.2,overflow,plus4K,43.2,1
Tokachi,right,58.2,overflow,plus4K,43.4,1
Tokachi,right,58.2,overflow,plus4K,43.6,1
Tokachi,right,58.2,overflow,plus4K,43.8,1
Tokachi,right,58.2,overflow,plus4K,44,1
Tokachi,right,58.2,overflow,plus4K,44.2,1
Tokachi,right,58.2,overflow,plus4K,44.4,1
Tokachi,right,58.2,overflow,plus4K,44.6,1
Tokachi,right,58.2,overflow,plus4K,44.8,1
Tokachi,right,58.2,overflow,plus4K,45,1
Tokachi,right,58.2,overflow,plus4K,45.2,1
Tokachi,right,58.2,overflow,plus4K,45.4,1
Tokachi,right,58.2,overflow,plus4K,45.6,1
Tokachi,right,58.2,overflow,plus4K,45.8,1
Tokachi,right,58.2,overflow,plus4K,46,1
Tokachi,right,58.4,overflow,historical,38,0
Tokachi,right,58.4,overflow,historical,38.2,0
Tokachi,right,58.4,overflow,historical,38.4,0
Tokachi,right,58.4,overflow,historical,38.6,0
Tokachi,right,58.4,overflow,historical,38.8,0
Tokachi,right,58.4,overflow,historical,39,0
Tokachi,right,58.4,overflow,historical,39.2,0
Tokachi,right,58.4,overflow,historical,39.4,0
Tokachi,right,58.4,overflow,historical,39.6,0
Tokachi,right,58.4,overflow,historical,39.8,0
Tokachi,right,58.4,overflow,historical,40,0
Tokachi,right,58.4,overflow,historical,40.2,0
Tokachi,right,58.4,overflow,historical,40.4,0
Tokachi,right,58.4,overflow,historical,40.6,0
Tokachi,right,58.4,overflow,historical,40.8,0
Tokachi,right,58.4,overflow,historical,41,0
Tokachi,right,58.4,overflow,historical,41.2,0
Tokachi,right,58.4,overflow,historical,41.4,0
Tokachi,right,58.4,overflow,historical,41.6,0
Tokachi,right,58.4,overflow,historical,41.8,0
Tokachi,right,58.4,overflow,historical,42,0
Tokachi,right,58.4,overflow,historical,42.2,0
Tokachi,right,58.4,overflow,historical,42.4,0
Tokachi,right,58.4,overflow,historical,42.6,0
Tokachi,right,58.4,overflow,historical,42.8,0
Tokachi,right,58.4,overflow,historical,43,0
Tokachi,right,58.4,overflow,historical,43.2,0
Tokachi,right,58.4,overflow,historical,43.4,1
Tokachi,right,58.4,overflow,historical,43.6,1
Tokachi,right,58.4,overflow,historical,43.8,1
Tokachi,right,58.4,overflow,historical,44,1
Tokachi,right,58.4,overflow,historical,44.2,1
Tokachi,right,58.4,overflow,historical,44.4,1
Tokachi,right,58.4,overflow,historical,44.6,1
Tokachi,right,58.4,overflow,historical,44.8,1
Tokachi,right,58.4,overflow,historical,45,1
Tokachi,right,58.4,overflow,historical,45.2,1
Tokachi,right,58.4,overflow,historical,45.4,1
Tokachi,right,58.4,overflow,historical,45.6,1
Tokachi,right,58.4,overflow,historical,45.8,1
Tokachi,right,58.4,overflow,historical,46,1
Tokachi,right,58.4,overflow,plus4K,38,0
Tokachi,right,58.4,overflow,plus4K,38.2,0
Tokachi,right,58.4,overflow,plus4K,38.4,0
Tokachi,right,58.4,overflow,plus4K,38.6,0
Tokachi,right,58.4,overflow,plus4K,38.8,0
Tokachi,right,58.4,overflow,plus4K,39,0
Tokachi,right,58.4,overflow,plus4K,39.2,0
Tokachi,right,58.4,overflow,plus4K,39.4,0
Tokachi,right,58.4,overflow,plus4K,39.6,0
Tokachi,right,58.4,overflow,plus4K,39.8,0
Tokachi,right,58.4,overflow,plus4K,40,0
Tokachi,right,58.4,overflow,plus4K,40.2,0
Tokachi,right,58.4,overflow,plus4K,40.4,0
Tokachi,right,58.4,overflow,plus4K,40.6,0
Tokachi,right,58.4,overflow,plus4K,40.8,0
Tokachi,right,58.4,overflow,plus4K,41,0
Tokachi,right,58.4,overflow,plus4K,41.2,0
Tokachi,right,58.4,overflow,plus4K,41.4,0
Tokachi,right,58.4,overflow,plus4K,41.6,0
Tokachi,right,58.4,overflow,plus4K,41.8,0
Tokachi,right,58.4,overflow,plus4K,42,0
Tokachi,right,58.4,overflow,plus4K,42.2,0
Tokachi,right,58.4,overflow,plus4K,42.4,0
Tokachi,right,58.4,overflow,plus4K,42.6,0
Tokachi,right,58.4,overflow,plus4K,42.8,0
Tokachi,right,58.4,overflow,plus4K,43,0
Tokachi,right,58.4,overflow,plus4K,43.2,0
Tokachi,right,58.4,overflow,plus4K,43.4,1
Tokachi,right,58.4,overflow,plus4K,43.6,1
Tokachi,right,58.4,overflow,plus4K,43.8,1
Tokachi,right,58.4,overflow,plus4K,44,1
Tokachi,right,58.4,overflow,plus4K,44.2,1
Tokachi,right,58.4,overflow,plus4K,44.4,1
Tokachi,right,58.4,overflow,plus4K,44.6,1
Tokachi,right,58.4,overflow,plus4K,44.8,1
Tokachi,right,58.4,overflow,plus4K,45,1
Tokachi,right,58.4,overflow,plus4K,45.2,1
Tokachi,right,58.4,overflow,plus4K,45.4,1
Tokachi,right,58.4,overflow,plus4K,45.6,1
Tokachi,right,58.4,overflow,plus4K,45.8,1
Tokachi,right,58.4,overflow,plus4K,46,1
Tokachi,right,58.6,overflow,historical,38.4,0
Tokachi,right,58.6,overflow,historical,38.6,0
Tokachi,right,58.6,overflow,historical,38.8,0
Tokachi,right,58.6,overflow,historical,39,0
Tokachi,right,58.6,overflow,historical,39.2,0
Tokachi,right,58.6,overflow,historical,39.4,0
Tokachi,right,58.6,overflow,historical,39.6,0
Tokachi,right,58.6,overflow,historical,39.8,0
Tokachi,right,58.6,overflow,historical,40,0
Tokachi,right,58.6,overflow,historical,40.2,0
Tokachi,right,58.6,overflow,historical,40.4,0
Tokachi,right,58.6,overflow,historical,40.6,0
Tokachi,right,58.6,overflow,historical,40.8,0
Tokachi,right,58.6,overflow,historical,41,0
Tokachi,right,58.6,overflow,historical,41.2,0
Tokachi,right,58.6,overflow,historical,41.4,0
Tokachi,right,58.6,overflow,historical,41.6,0
Tokachi,right,58.6,overflow,historical,41.8,0
Tokachi,right,58.6,overflow,historical,42,0
Tokachi,right,58.6,overflow,historical,42.2,0
Tokachi,right,58.6,overflow,historical,42.4,0
Tokachi,right,58.6,overflow,historical,42.6,0
Tokachi,right,58.6,overflow,historical,42.8,0
Tokachi,right,58.6,overflow,historical,43,0
Tokachi,right,58.6,overflow,historical,43.2,0
Tokachi,right,58.6,overflow,historical,43.4,0.1896
Tokachi,right,58.6,overflow,historical,43.6,1
Tokachi,right,58.6,overflow,historical,43.8,1
Tokachi,right,58.6,overflow,historical,44,1
Tokachi,right,58.6,overflow,historical,44.2,1
Tokachi,right,58.6,overflow,historical,44.4,1
Tokachi,right,58.6,overflow,historical,44.6,1
Tokachi,right,58.6,overflow,historical,44.8,1
Tokachi,right,58.6,overflow,historical,45,1
Tokachi,right,58.6,overflow,historical,45.2,1
Tokachi,right,58.6,overflow,historical,45.4,1
Tokachi,right,58.6,overflow,historical,45.6,1
Tokachi,right,58.6,overflow,historical,45.8,1
Tokachi,right,58.6,overflow,historical,46,1
Tokachi,right,58.6,overflow,historical,46.2,1
Tokachi,right,58.6,overflow,plus4K,38.4,0
Tokachi,right,58.6,overflow,plus4K,38.6,0
Tokachi,right,58.6,overflow,plus4K,38.8,0
Tokachi,right,58.6,overflow,plus4K,39,0
Tokachi,right,58.6,overflow,plus4K,39.2,0
Tokachi,right,58.6,overflow,plus4K,39.4,0
Tokachi,right,58.6,overflow,plus4K,39.6,0
Tokachi,right,58.6,overflow,plus4K,39.8,0
Tokachi,right,58.6,overflow,plus4K,40,0
Tokachi,right,58.6,overflow,plus4K,40.2,0
Tokachi,right,58.6,overflow,plus4K,40.4,0
Tokachi,right,58.6,overflow,plus4K,40.6,0
Tokachi,right,58.6,overflow,plus4K,40.8,0
Tokachi,right,58.6,overflow,plus4K,41,0
Tokachi,right,58.6,overflow,plus4K,41.2,0
Tokachi,right,58.6,overflow,plus4K,41.4,0
Tokachi,right,58.6,overflow,plus4K,41.6,0
Tokachi,right,58.6,overflow,plus4K,41.8,0
Tokachi,right,58.6,overflow,plus4K,42,0
Tokachi,right,58.6,overflow,plus4K,42.2,0
Tokachi,right,58.6,overflow,plus4K,42.4,0
Tokachi,right,58.6,overflow,plus4K,42.6,0
Tokachi,right,58.6,overflow,plus4K,42.8,0
Tokachi,right,58.6,overflow,plus4K,43,0
Tokachi,right,58.6,overflow,plus4K,43.2,0
Tokachi,right,58.6,overflow,plus4K,43.4,0.1896
Tokachi,right,58.6,overflow,plus4K,43.6,1
Tokachi,right,58.6,overflow,plus4K,43.8,1
Tokachi,right,58.6,overflow,plus4K,44,1
Tokachi,right,58.6,overflow,plus4K,44.2,1
Tokachi,right,58.6,overflow,plus4K,44.4,1
Tokachi,right,58.6,overflow,plus4K,44.6,1
Tokachi,right,58.6,overflow,plus4K,44.8,1
Tokachi,right,58.6,overflow,plus4K,45,1
Tokachi,right,58.6,overflow,plus4K,45.2,1
Tokachi,right,58.6,overflow,plus4K,45.4,1
Tokachi,right,58.6,overflow,plus4K,45.6,1
Tokachi,right,58.6,overflow,plus4K,45.8,1
Tokachi,right,58.6,overflow,plus4K,46,1
Tokachi,right,58.6,overflow,plus4K,46.2,1
Tokachi,right,58.8,overflow,historical,37.4,0
Tokachi,right,58.8,overflow,historical,37.6,0
Tokachi,right,58.8,overflow,historical,37.8,0
Tokachi,right,58.8,overflow,historical,38,0
Tokachi,right,58.8,overflow,historical,38.2,0
Tokachi,right,58.8,overflow,historical,38.4,0
Tokachi,right,58.8,overflow,historical,38.6,0
Tokachi,right,58.8,overflow,historical,38.8,0
Tokachi,right,58.8,overflow,historical,39,0
Tokachi,right,58.8,overflow,historical,39.2,0
Tokachi,right,58.8,overflow,historical,39.4,0
Tokachi,right,58.8,overflow,historical,39.6,0
Tokachi,right,58.8,overflow,historical,39.8,0
Tokachi,right,58.8,overflow,historical,40,0
Tokachi,right,58.8,overflow,historical,40.2,0
Tokachi,right,58.8,overflow,historical,40.4,0.0004
Tokachi,right,58.8,overflow,historical,40.6,0.001
Tokachi,right,58.8,overflow,historical,40.8,0.0019
Tokachi,right,58.8,overflow,historical,41,0.0034
Tokachi,right,58.8,overflow,historical,41.2,0.0062
Tokachi,right,58.8,overflow,historical,41.4,0.0092
Tokachi,right,58.8,overflow,historical,41.6,0.013
Tokachi,right,58.8,overflow,historical,41.8,0.0187
Tokachi,right,58.8,overflow,historical,42,0.0295
Tokachi,right,58.8,overflow,historical,42.2,0.0402
Tokachi,right,58.8,overflow,historical,42.4,0.0534
Tokachi,right,58.8,overflow,historical,42.6,0.0699
Tokachi,right,58.8,overflow,historical,42.8,0.0913
Tokachi,right,58.8,overflow,historical,43,0.1188
Tokachi,right,58.8,overflow,historical,43.2,0.151
Tokachi,right,58.8,overflow,historical,43.4,0.1867
Tokachi,right,58.8,overflow,historical,43.6,0.23
Tokachi,right,58.8,overflow,historical,43.8,0.2814
Tokachi,right,58.8,overflow,historical,44,0.3343
Tokachi,right,58.8,overflow,historical,44.2,0.391
Tokachi,right,58.8,overflow,historical,44.4,0.4503
Tokachi,right,58.8,overflow,historical,44.6,0.5097
Tokachi,right,58.8,overflow,historical,44.8,0.5734
Tokachi,right,58.8,overflow,historical,45,0.6296
Tokachi,right,58.8,overflow,historical,45.2,0.6895
Tokachi,right,58.8,overflow,historical,45.4,0.7451
Tokachi,right,58.8,overflow,historical,45.6,0.7922
Tokachi,right,58.8,overflow,historical,45.8,0.8327
Tokachi,right,58.8,overflow,historical,46,0.8691
Tokachi,right,58.8,overflow,historical,46.2,0.8973
Tokachi,right,58.8,overflow,historical,46.4,0.92
Tokachi,right,58.8,overflow,historical,46.6,0.94
Tokachi,right,58.8,overflow,historical,46.8,0.9549
Tokachi,right,58.8,overflow,historical,47,0.9664
Tokachi,right,58.8,overflow,historical,47.2,0.9783
Tokachi,right,58.8,overflow,historical,47.4,0.9862
Tokachi,right,58.8,overflow,plus4K,37.4,0
Tokachi,right,58.8,overflow,plus4K,37.6,0
Tokachi,right,58.8,overflow,plus4K,37.8,0
Tokachi,right,58.8,overflow,plus4K,38,0
Tokachi,right,58.8,overflow,plus4K,38.2,0
Tokachi,right,58.8,overflow,plus4K,38.4,0
Tokachi,right,58.8,overflow,plus4K,38.6,0
Tokachi,right,58.8,overflow,plus4K,38.8,0
Tokachi,right,58.8,overflow,plus4K,39,0
Tokachi,right,58.8,overflow,plus4K,39.2,0
Tokachi,right,58.8,overflow,plus4K,39.4,0
Tokachi,right,58.8,overflow,plus4K,39.6,0
Tokachi,right,58.8,overflow,plus4K,39.8,0
Tokachi,right,58.8,overflow,plus4K,40,0
Tokachi,right,58.8,overflow,plus4K,40.2,0
Tokachi,right,58.8,overflow,plus4K,40.4,0.0004
Tokachi,right,58.8,overflow,plus4K,40.6,0.001
Tokachi,right,58.8,overflow,plus4K,40.8,0.0019
Tokachi,right,58.8,overflow,plus4K,41,0.0034
Tokachi,right,58.8,overflow,plus4K,41.2,0.0062
Tokachi,right,58.8,overflow,plus4K,41.4,0.0092
Tokachi,right,58.8,overflow,plus4K,41.6,0.013
Tokachi,right,58.8,overflow,plus4K,41.8,0.0187
Tokachi,right,58.8,overflow,plus4K,42,0.0295
Tokachi,right,58.8,overflow,plus4K,42.2,0.0402
Tokachi,right,58.8,overflow,plus4K,42.4,0.0534
Tokachi,right,58.8,overflow,plus4K,42.6,0.0699
Tokachi,right,58.8,overflow,plus4K,42.8,0.0913
Tokachi,right,58.8,overflow,plus4K,43,0.1188
Tokachi,right,58.8,overflow,plus4K,43.2,0.151
Tokachi,right,58.8,overflow,plus4K,43.4,0.1867
Tokachi,right,58.8,overflow,plus4K,43.6,0.23
Tokachi,right,58.8,overflow,plus4K,43.8,0.2814
Tokachi,right,58.8,overflow,plus4K,44,0.3343
Tokachi,right,58.8,overflow,plus4K,44.2,0.391
Tokachi,right,58.8,overflow,plus4K,44.4,0.4503
Tokachi,right,58.8,overflow,plus4K,44.6,0.5097
Tokachi,right,58.8,overflow,plus4K,44.8,0.5734
Tokachi,right,58.8,overflow,plus4K,45,0.6296
Tokachi,right,58.8,overflow,plus4K,45.2,0.6895
Tokachi,right,58.8,overflow,plus4K,45.4,0.7451
Tokachi,right,58.8,overflow,plus4K,45.6,0.7922
Tokachi,right,58.8,overflow,plus4K,45.8,0.8327
Tokachi,right,58.8,overflow,plus4K,46,0.8691
Tokachi,right,58.8,overflow,plus4K,46.2,0.8973
Tokachi,right,58.8,overflow,plus4K,46.4,0.92
Tokachi,right,58.8,overflow,plus4K,46.6,0.94
Tokachi,right,58.8,overflow,plus4K,46.8,0.9549
Tokachi,right,58.8,overflow,plus4K,47,0.9664
Tokachi,right,58.8,overflow,plus4K,47.2,0.9783
Tokachi,right,58.8,overflow,plus4K,47.4,0.9862
Tokachi,right,59,overflow,historical,37.8,0
Tokachi,right,59,overflow,historical,38,0
Tokachi,right,59,overflow,historical,38.2,0
Tokachi,right,59,overflow,historical,38.4,0
Tokachi,right,59,overflow,historical,38.6,0
Tokachi,right,59,overflow,historical,38.8,0
Tokachi,right,59,overflow,historical,39,0
Tokachi,right,59,overflow,historical,39.2,0
Tokachi,right,59,overflow,historical,39.4,0
Tokachi,right,59,overflow,historical,39.6,0
Tokachi,right,59,overflow,historical,39.8,0
Tokachi,right,59,overflow,historical,40,0
Tokachi,right,59,overflow,historical,40.2,0
Tokachi,right,59,overflow,historical,40.4,0
Tokachi,right,59,overflow,historical,40.6,0
Tokachi,right,59,overflow,historical,40.8,0
Tokachi,right,59,overflow,historical,41,0
Tokachi,right,59,overflow,historical,41.2,0
Tokachi,right,59,overflow,historical,41.4,0
Tokachi,right,59,overflow,historical,41.6,0
Tokachi,right,59,overflow,historical,41.8,0
Tokachi,right,59,overflow,historical,42,0
Tokachi,right,59,overflow,historical,42.2,0
Tokachi,right,59,overflow,historical,42.4,0
Tokachi,right,59,overflow,historical,42.6,0.0001
Tokachi,right,59,overflow,historical,42.8,0.0012
Tokachi,right,59,overflow,historical,43,0.0046
Tokachi,right,59,overflow,historical,43.2,0.0146
Tokachi,right,59,overflow,historical,43.4,0.0443
Tokachi,right,59,overflow,historical,43.6,0.1034
Tokachi,right,59,overflow,historical,43.8,0.2103
Tokachi,right,59,overflow,historical,44,0.3634
Tokachi,right,59,overflow,historical,44.2,0.5426
Tokachi,right,59,overflow,historical,44.4,0.7142
Tokachi,right,59,overflow,historical,44.6,0.8468
Tokachi,right,59,overflow,historical,44.8,0.9309
Tokachi,right,59,overflow,historical,45,0.9745
Tokachi,right,59,overflow,historical,45.2,0.9926
Tokachi,right,59,overflow,historical,45.4,0.9986
Tokachi,right,59,overflow,historical,45.6,1
Tokachi,right,59,overflow,historical,45.8,1
Tokachi,right,59,overflow,historical,46,1
Tokachi,right,59,overflow,historical,46.2,1
Tokachi,right,59,overflow,historical,46.4,1
Tokachi,right,59,overflow,historical,46.6,1
Tokachi,right,59,overflow,historical,46.8,1
Tokachi,right,59,overflow,historical,47,1
Tokachi,right,59,overflow,plus4K,37.8,0
Tokachi,right,59,overflow,plus4K,38,0
Tokachi,right,59,overflow,plus4K,38.2,0
Tokachi,right,59,overflow,plus4K,38.4,0
Tokachi,right,59,overflow,plus4K,38.6,0
Tokachi,right,59,overflow,plus4K,38.8,0
Tokachi,right,59,overflow,plus4K,39,0
Tokachi,right,59,overflow,plus4K,39.2,0
Tokachi,right,59,overflow,plus4K,39.4,0
Tokachi,right,59,overflow,plus4K,39.6,0
Tokachi,right,59,overflow,plus4K,39.8,0
Tokachi,right,59,overflow,plus4K,40,0
Tokachi,right,59,overflow,plus4K,40.2,0
Tokachi,right,59,overflow,plus4K,40.4,0
Tokachi,right,59,overflow,plus4K,40.6,0
Tokachi,right,59,overflow,plus4K,40.8,0
Tokachi,right,59,overflow,plus4K,41,0
Tokachi,right,59,overflow,plus4K,41.2,0
Tokachi,right,59,overflow,plus4K,41.4,0
Tokachi,right,59,overflow,plus4K,41.6,0
Tokachi,right,59,overflow,plus4K,41.8,0
Tokachi,right,59,overflow,plus4K,42,0
Tokachi,right,59,overflow,plus4K,42.2,0
Tokachi,right,59,overflow,plus4K,42.4,0
Tokachi,right,59,overflow,plus4K,42.6,0.0001
Tokachi,right,59,overflow,plus4K,42.8,0.0012
Tokachi,right,59,overflow,plus4K,43,0.0046
Tokachi,right,59,overflow,plus4K,43.2,0.0146
Tokachi,right,59,overflow,plus4K,43.4,0.0443
Tokachi,right,59,overflow,plus4K,43.6,0.1034
Tokachi,right,59,overflow,plus4K,43.8,0.2103
Tokachi,right,59,overflow,plus4K,44,0.3634
Tokachi,right,59,overflow,plus4K,44.2,0.5426
Tokachi,right,59,overflow,plus4K,44.4,0.7142
Tokachi,right,59,overflow,plus4K,44.6,0.8468
Tokachi,right,59,overflow,plus4K,44.8,0.9309
Tokachi,right,59,overflow,plus4K,45,0.9745
Tokachi,right,59,overflow,plus4K,45.2,0.9926
Tokachi,right,59,overflow,plus4K,45.4,0.9986
Tokachi,right,59,overflow,plus4K,45.6,1
Tokachi,right,59,overflow,plus4K,45.8,1
Tokachi,right,59,overflow,plus4K,46,1
Tokachi,right,59,overflow,plus4K,46.2,1
Tokachi,right,59,overflow,plus4K,46.4,1
Tokachi,right,59,overflow,plus4K,46.6,1
Tokachi,right,59,overflow,plus4K,46.8,1
Tokachi,right,59,overflow,plus4K,47,1
Tokachi,right,59.2,overflow,historical,38.2,0
Tokachi,right,59.2,overflow,historical,38.4,0
Tokachi,right,59.2,overflow,historical,38.6,0
Tokachi,right,59.2,overflow,historical,38.8,0
Tokachi,right,59.2,overflow,historical,39,0
Tokachi,right,59.2,overflow,historical,39.2,0
Tokachi,right,59.2,overflow,historical,39.4,0
Tokachi,right,59.2,overflow,historical,39.6,0
Tokachi,right,59.2,overflow,historical,39.8,0
Tokachi,right,59.2,overflow,historical,40,0
Tokachi,right,59.2,overflow,historical,40.2,0
Tokachi,right,59.2,overflow,historical,40.4,0
Tokachi,right,59.2,overflow,historical,40.6,0
Tokachi,right,59.2,overflow,historical,40.8,0
Tokachi,right,59.2,overflow,historical,41,0
Tokachi,right,59.2,overflow,historical,41.2,0
Tokachi,right,59.2,overflow,historical,41.4,0
Tokachi,right,59.2,overflow,historical,41.6,0
Tokachi,right,59.2,overflow,historical,41.8,0
Tokachi,right,59.2,overflow,historical,42,0
Tokachi,right,59.2,overflow,historical,42.2,0
Tokachi,right,59.2,overflow,historical,42.4,0
Tokachi,right,59.2,overflow,historical,42.6,0
Tokachi,right,59.2,overflow,historical,42.8,0
Tokachi,right,59.2,overflow,historical,43,0
Tokachi,right,59.2,overflow,historical,43.2,0
Tokachi,right,59.2,overflow,historical,43.4,0
Tokachi,right,59.2,overflow,historical,43.6,0
Tokachi,right,59.2,overflow,historical,43.8,0
Tokachi,right,59.2,overflow,historical,44,0
Tokachi,right,59.2,overflow,historical,44.2,1
Tokachi,right,59.2,overflow,historical,44.4,1
Tokachi,right,59.2,overflow,historical,44.6,1
Tokachi,right,59.2,overflow,historical,44.8,1
Tokachi,right,59.2,overflow,historical,45,1
Tokachi,right,59.2,overflow,historical,45.2,1
Tokachi,right,59.2,overflow,historical,45.4,1
Tokachi,right,59.2,overflow,historical,45.6,1
Tokachi,right,59.2,overflow,historical,45.8,1
Tokachi,right,59.2,overflow,historical,46,1
Tokachi,right,59.2,overflow,historical,46.2,1
Tokachi,right,59.2,overflow,historical,46.4,1
Tokachi,right,59.2,overflow,historical,46.6,1
Tokachi,right,59.2,overflow,historical,46.8,1
Tokachi,right,59.2,overflow,historical,47,1
Tokachi,right,59.2,overflow,plus4K,38.2,0
Tokachi,right,59.2,overflow,plus4K,38.4,0
Tokachi,right,59.2,overflow,plus4K,38.6,0
Tokachi,right,59.2,overflow,plus4K,38.8,0
Tokachi,right,59.2,overflow,plus4K,39,0
Tokachi,right,59.2,overflow,plus4K,39.2,0
Tokachi,right,59.2,overflow,plus4K,39.4,0
Tokachi,right,59.2,overflow,plus4K,39.6,0
Tokachi,right,59.2,overflow,plus4K,39.8,0
Tokachi,right,59.2,overflow,plus4K,40,0
Tokachi,right,59.2,overflow,plus4K,40.2,0
Tokachi,right,59.2,overflow,plus4K,40.4,0
Tokachi,right,59.2,overflow,plus4K,40.6,0
Tokachi,right,59.2,overflow,plus4K,40.8,0
Tokachi,right,59.2,overflow,plus4K,41,0
Tokachi,right,59.2,overflow,plus4K,41.2,0
Tokachi,right,59.2,overflow,plus4K,41.4,0
Tokachi,right,59.2,overflow,plus4K,41.6,0
Tokachi,right,59.2,overflow,plus4K,41.8,0
Tokachi,right,59.2,overflow,plus4K,42,0
Tokachi,right,59.2,overflow,plus4K,42.2,0
Tokachi,right,59.2,overflow,plus4K,42.4,0
Tokachi,right,59.2,overflow,plus4K,42.6,0
Tokachi,right,59.2,overflow,plus4K,42.8,0
Tokachi,right,59.2,overflow,plus4K,43,0
Tokachi,right,59.2,overflow,plus4K,43.2,0
Tokachi,right,59.2,overflow,plus4K,43.4,0
Tokachi,right,59.2,overflow,plus4K,43.6,0
Tokachi,right,59.2,overflow,plus4K,43.8,0
Tokachi,right,59.2,overflow,plus4K,44,0
Tokachi,right,59.2,overflow,plus4K,44.2,1
Tokachi,right,59.2,overflow,plus4K,44.4,1
Tokachi,right,59.2,overflow,plus4K,44.6,1
Tokachi,right,59.2,overflow,plus4K,44.8,1
Tokachi,right,59.2,overflow,plus4K,45,1
Tokachi,right,59.2,overflow,plus4K,45.2,1
Tokachi,right,59.2,overflow,plus4K,45.4,1
Tokachi,right,59.2,overflow,plus4K,45.6,1
Tokachi,right,59.2,overflow,plus4K,45.8,1
Tokachi,right,59.2,overflow,plus4K,46,1
Tokachi,right,59.2,overflow,plus4K,46.2,1
Tokachi,right,59.2,overflow,plus4K,46.4,1
Tokachi,right,59.2,overflow,plus4K,46.6,1
Tokachi,right,59.2,overflow,plus4K,46.8,1
Tokachi,right,59.2,overflow,plus4K,47,1
Tokachi,right,59.4,overflow,historical,38.4,0
Tokachi,right,59.4,overflow,historical,38.6,0
Tokachi,right,59.4,overflow,historical,38.8,0
Tokachi,right,59.4,overflow,historical,39,0
Tokachi,right,59.4,overflow,historical,39.2,0
Tokachi,right,59.4,overflow,historical,39.4,0
Tokachi,right,59.4,overflow,historical,39.6,0
Tokachi,right,59.4,overflow,historical,39.8,0
Tokachi,right,59.4,overflow,historical,40,0
Tokachi,right,59.4,overflow,historical,40.2,0
Tokachi,right,59.4,overflow,historical,40.4,0
Tokachi,right,59.4,overflow,historical,40.6,0
Tokachi,right,59.4,overflow,historical,40.8,0
Tokachi,right,59.4,overflow,historical,41,0
Tokachi,right,59.4,overflow,historical,41.2,0
Tokachi,right,59.4,overflow,historical,41.4,0
Tokachi,right,59.4,overflow,historical,41.6,0
Tokachi,right,59.4,overflow,historical,41.8,0
Tokachi,right,59.4,overflow,historical,42,0
Tokachi,right,59.4,overflow,historical,42.2,0
Tokachi,right,59.4,overflow,historical,42.4,0
Tokachi,right,59.4,overflow,historical,42.6,0
Tokachi,right,59.4,overflow,historical,42.8,0
Tokachi,right,59.4,overflow,historical,43,0
Tokachi,right,59.4,overflow,historical,43.2,0
Tokachi,right,59.4,overflow,historical,43.4,0
Tokachi,right,59.4,overflow,historical,43.6,0
Tokachi,right,59.4,overflow,historical,43.8,0
Tokachi,right,59.4,overflow,historical,44,0
Tokachi,right,59.4,overflow,historical,44.2,0.9982
Tokachi,right,59.4,overflow,historical,44.4,1
Tokachi,right,59.4,overflow,historical,44.6,1
Tokachi,right,59.4,overflow,historical,44.8,1
Tokachi,right,59.4,overflow,historical,45,1
Tokachi,right,59.4,overflow,historical,45.2,1
Tokachi,right,59.4,overflow,historical,45.4,1
Tokachi,right,59.4,overflow,historical,45.6,1
Tokachi,right,59.4,overflow,historical,45.8,1
Tokachi,right,59.4,overflow,historical,46,1
Tokachi,right,59.4,overflow,historical,46.2,1
Tokachi,right,59.4,overflow,historical,46.4,1
Tokachi,right,59.4,overflow,historical,46.6,1
Tokachi,right,59.4,overflow,historical,46.8,1
Tokachi,right,59.4,overflow,historical,47,1
Tokachi,right,59.4,overflow,plus4K,38.4,0
Tokachi,right,59.4,overflow,plus4K,38.6,0
Tokachi,right,59.4,overflow,plus4K,38.8,0
Tokachi,right,59.4,overflow,plus4K,39,0
Tokachi,right,59.4,overflow,plus4K,39.2,0
Tokachi,right,59.4,overflow,plus4K,39.4,0
Tokachi,right,59.4,overflow,plus4K,39.6,0
Tokachi,right,59.4,overflow,plus4K,39.8,0
Tokachi,right,59.4,overflow,plus4K,40,0
Tokachi,right,59.4,overflow,plus4K,40.2,0
Tokachi,right,59.4,overflow,plus4K,40.4,0
Tokachi,right,59.4,overflow,plus4K,40.6,0
Tokachi,right,59.4,overflow,plus4K,40.8,0
Tokachi,right,59.4,overflow,plus4K,41,0
Tokachi,right,59.4,overflow,plus4K,41.2,0
Tokachi,right,59.4,overflow,plus4K,41.4,0
Tokachi,right,59.4,overflow,plus4K,41.6,0
Tokachi,right,59.4,overflow,plus4K,41.8,0
Tokachi,right,59.4,overflow,plus4K,42,0
Tokachi,right,59.4,overflow,plus4K,42.2,0
Tokachi,right,59.4,overflow,plus4K,42.4,0
Tokachi,right,59.4,overflow,plus4K,42.6,0
Tokachi,right,59.4,overflow,plus4K,42.8,0
Tokachi,right,59.4,overflow,plus4K,43,0
Tokachi,right,59.4,overflow,plus4K,43.2,0
Tokachi,right,59.4,overflow,plus4K,43.4,0
Tokachi,right,59.4,overflow,plus4K,43.6,0
Tokachi,right,59.4,overflow,plus4K,43.8,0
Tokachi,right,59.4,overflow,plus4K,44,0
Tokachi,right,59.4,overflow,plus4K,44.2,0.9982
Tokachi,right,59.4,overflow,plus4K,44.4,1
Tokachi,right,59.4,overflow,plus4K,44.6,1
Tokachi,right,59.4,overflow,plus4K,44.8,1
Tokachi,right,59.4,overflow,plus4K,45,1
Tokachi,right,59.4,overflow,plus4K,45.2,1
Tokachi,right,59.4,overflow,plus4K,45.4,1
Tokachi,right,59.4,overflow,plus4K,45.6,1
Tokachi,right,59.4,overflow,plus4K,45.8,1
Tokachi,right,59.4,overflow,plus4K,46,1
Tokachi,right,59.4,overflow,plus4K,46.2,1
Tokachi,right,59.4,overflow,plus4K,46.4,1
Tokachi,right,59.4,overflow,plus4K,46.6,1
Tokachi,right,59.4,overflow,plus4K,46.8,1
Tokachi,right,59.4,overflow,plus4K,47,1
Tokachi,right,59.6,overflow,historical,39,0
Tokachi,right,59.6,overflow,historical,39.2,0
Tokachi,right,59.6,overflow,historical,39.4,0
Tokachi,right,59.6,overflow,historical,39.6,0
Tokachi,right,59.6,overflow,historical,39.8,0
Tokachi,right,59.6,overflow,historical,40,0
Tokachi,right,59.6,overflow,historical,40.2,0
Tokachi,right,59.6,overflow,historical,40.4,0
Tokachi,right,59.6,overflow,historical,40.6,0
Tokachi,right,59.6,overflow,historical,40.8,0
Tokachi,right,59.6,overflow,historical,41,0
Tokachi,right,59.6,overflow,historical,41.2,0
Tokachi,right,59.6,overflow,historical,41.4,0
Tokachi,right,59.6,overflow,historical,41.6,0
Tokachi,right,59.6,overflow,historical,41.8,0
Tokachi,right,59.6,overflow,historical,42,0
Tokachi,right,59.6,overflow,historical,42.2,0
Tokachi,right,59.6,overflow,historical,42.4,0
Tokachi,right,59.6,overflow,historical,42.6,0
Tokachi,right,59.6,overflow,historical,42.8,0
Tokachi,right,59.6,overflow,historical,43,0
Tokachi,right,59.6,overflow,historical,43.2,0
Tokachi,right,59.6,overflow,historical,43.4,0
Tokachi,right,59.6,overflow,historical,43.6,0
Tokachi,right,59.6,overflow,historical,43.8,0
Tokachi,right,59.6,overflow,historical,44,0
Tokachi,right,59.6,overflow,historical,44.2,0
Tokachi,right,59.6,overflow,historical,44.4,0
Tokachi,right,59.6,overflow,historical,44.6,1
Tokachi,right,59.6,overflow,historical,44.8,1
Tokachi,right,59.6,overflow,historical,45,1
Tokachi,right,59.6,overflow,historical,45.2,1
Tokachi,right,59.6,overflow,historical,45.4,1
Tokachi,right,59.6,overflow,historical,45.6,1
Tokachi,right,59.6,overflow,historical,45.8,1
Tokachi,right,59.6,overflow,historical,46,1
Tokachi,right,59.6,overflow,historical,46.2,1
Tokachi,right,59.6,overflow,historical,46.4,1
Tokachi,right,59.6,overflow,historical,46.6,1
Tokachi,right,59.6,overflow,historical,46.8,1
Tokachi,right,59.6,overflow,historical,47,1
Tokachi,right,59.6,overflow,historical,47.2,1
Tokachi,right,59.6,overflow,plus4K,39,0
Tokachi,right,59.6,overflow,plus4K,39.2,0
Tokachi,right,59.6,overflow,plus4K,39.4,0
Tokachi,right,59.6,overflow,plus4K,39.6,0
Tokachi,right,59.6,overflow,plus4K,39.8,0
Tokachi,right,59.6,overflow,plus4K,40,0
Tokachi,right,59.6,overflow,plus4K,40.2,0
Tokachi,right,59.6,overflow,plus4K,40.4,0
Tokachi,right,59.6,overflow,plus4K,40.6,0
Tokachi,right,59.6,overflow,plus4K,40.8,0
Tokachi,right,59.6,overflow,plus4K,41,0
Tokachi,right,59.6,overflow,plus4K,41.2,0
Tokachi,right,59.6,overflow,plus4K,41.4,0
Tokachi,right,59.6,overflow,plus4K,41.6,0
Tokachi,right,59.6,overflow,plus4K,41.8,0
Tokachi,right,59.6,overflow,plus4K,42,0
Tokachi,right,59.6,overflow,plus4K,42.2,0
Tokachi,right,59.6,overflow,plus4K,42.4,0
Tokachi,right,59.6,overflow,plus4K,42.6,0
Tokachi,right,59.6,overflow,plus4K,42.8,0
Tokachi,right,59.6,overflow,plus4K,43,0
Tokachi,right,59.6,overflow,plus4K,43.2,0
Tokachi,right,59.6,overflow,plus4K,43.4,0
Tokachi,right,59.6,overflow,plus4K,43.6,0
Tokachi,right,59.6,overflow,plus4K,43.8,0
Tokachi,right,59.6,overflow,plus4K,44,0
Tokachi,right,59.6,overflow,plus4K,44.2,0
Tokachi,right,59.6,overflow,plus4K,44.4,0
Tokachi,right,59.6,overflow,plus4K,44.6,1
Tokachi,right,59.6,overflow,plus4K,44.8,1
Tokachi,right,59.6,overflow,plus4K,45,1
Tokachi,right,59.6,overflow,plus4K,45.2,1
Tokachi,right,59.6,overflow,plus4K,45.4,1
Tokachi,right,59.6,overflow,plus4K,45.6,1
Tokachi,right,59.6,overflow,plus4K,45.8,1
Tokachi,right,59.6,overflow,plus4K,46,1
Tokachi,right,59.6,overflow,plus4K,46.2,1
Tokachi,right,59.6,overflow,plus4K,46.4,1
Tokachi,right,59.6,overflow,plus4K,46.6,1
Tokachi,right,59.6,overflow,plus4K,46.8,1
Tokachi,right,59.6,overflow,plus4K,47,1
Tokachi,right,59.6,overflow,plus4K,47.2,1
Tokachi,right,59.8,overflow,historical,39.4,0
Tokachi,right,59.8,overflow,historical,39.6,0
Tokachi,right,59.8,overflow,historical,39.8,0
Tokachi,right,59.8,overflow,historical,40,0
Tokachi,right,59.8,overflow,historical,40.2,0
Tokachi,right,59.8,overflow,historical,40.4,0
Tokachi,right,59.8,overflow,historical,40.6,0
Tokachi,right,59.8,overflow,historical,40.8,0
Tokachi,right,59.8,overflow,historical,41,0
Tokachi,right,59.8,overflow,historical,41.2,0
Tokachi,right,59.8,overflow,historical,41.4,0
Tokachi,right,59.8,overflow,historical,41.6,0
Tokachi,right,59.8,overflow,historical,41.8,0
Tokachi,right,59.8,overflow,historical,42,0
Tokachi,right,59.8,overflow,historical,42.2,0
Tokachi,right,59.8,overflow,historical,42.4,0
Tokachi,right,59.8,overflow,historical,42.6,0
Tokachi,right,59.8,overflow,historical,42.8,0
Tokachi,right,59.8,overflow,historical,43,0
Tokachi,right,59.8,overflow,historical,43.2,0
Tokachi,right,59.8,overflow,historical,43.4,0
Tokachi,right,59.8,overflow,historical,43.6,0
Tokachi,right,59.8,overflow,historical,43.8,0
Tokachi,right,59.8,overflow,historical,44,0
Tokachi,right,59.8,overflow,historical,44.2,0
Tokachi,right,59.8,overflow,historical,44.4,0
Tokachi,right,59.8,overflow,historical,44.6,0
Tokachi,right,59.8,overflow,historical,44.8,0.9985
Tokachi,right,59.8,overflow,historical,45,1
Tokachi,right,59.8,overflow,historical,45.2,1
Tokachi,right,59.8,overflow,historical,45.4,1
Tokachi,right,59.8,overflow,historical,45.6,1
Tokachi,right,59.8,overflow,historical,45.8,1
Tokachi,right,59.8,overflow,historical,46,1
Tokachi,right,59.8,overflow,historical,46.2,1
Tokachi,right,59.8,overflow,historical,46.4,1
Tokachi,right,59.8,overflow,historical,46.6,1
Tokachi,right,59.8,overflow,historical,46.8,1
Tokachi,right,59.8,overflow,historical,47,1
Tokachi,right,59.8,overflow,historical,47.2,1
Tokachi,right,59.8,overflow,historical,47.4,1
Tokachi,right,59.8,overflow,historical,47.6,1
Tokachi,right,59.8,overflow,plus4K,39.4,0
Tokachi,right,59.8,overflow,plus4K,39.6,0
Tokachi,right,59.8,overflow,plus4K,39.8,0
Tokachi,right,59.8,overflow,plus4K,40,0
Tokachi,right,59.8,overflow,plus4K,40.2,0
Tokachi,right,59.8,overflow,plus4K,40.4,0
Tokachi,right,59.8,overflow,plus4K,40.6,0
Tokachi,right,59.8,overflow,plus4K,40.8,0
Tokachi,right,59.8,overflow,plus4K,41,0
Tokachi,right,59.8,overflow,plus4K,41.2,0
Tokachi,right,59.8,overflow,plus4K,41.4,0
Tokachi,right,59.8,overflow,plus4K,41.6,0
Tokachi,right,59.8,overflow,plus4K,41.8,0
Tokachi,right,59.8,overflow,plus4K,42,0
Tokachi,right,59.8,overflow,plus4K,42.2,0
Tokachi,right,59.8,overflow,plus4K,42.4,0
Tokachi,right,59.8,overflow,plus4K,42.6,0
Tokachi,right,59.8,overflow,plus4K,42.8,0
Tokachi,right,59.8,overflow,plus4K,43,0
Tokachi,right,59.8,overflow,plus4K,43.2,0
Tokachi,right,59.8,overflow,plus4K,43.4,0
Tokachi,right,59.8,overflow,plus4K,43.6,0
Tokachi,right,59.8,overflow,plus4K,43.8,0
Tokachi,right,59.8,overflow,plus4K,44,0
Tokachi,right,59.8,overflow,plus4K,44.2,0
Tokachi,right,59.8,overflow,plus4K,44.4,0
Tokachi,right,59.8,overflow,plus4K,44.6,0
Tokachi,right,59.8,overflow,plus4K,44.8,0.9985
Tokachi,right,59.8,overflow,plus4K,45,1
Tokachi,right,59.8,overflow,plus4K,45.2,1
Tokachi,right,59.8,overflow,plus4K,45.4,1
Tokachi,right,59.8,overflow,plus4K,45.6,1
Tokachi,right,59.8,overflow,plus4K,45.8,1
Tokachi,right,59.8,overflow,plus4K,46,1
Tokachi,right,59.8,overflow,plus4K,46.2,1
Tokachi,right,59.8,overflow,plus4K,46.4,1
Tokachi,right,59.8,overflow,plus4K,46.6,1
Tokachi,right,59.8,overflow,plus4K,46.8,1
Tokachi,right,59.8,overflow,plus4K,47,1
Tokachi,right,59.8,overflow,plus4K,47.2,1
Tokachi,right,59.8,overflow,plus4K,47.4,1
Tokachi,right,59.8,overflow,plus4K,47.6,1
Tokachi,right,60,overflow,historical,40.2,0
Tokachi,right,60,overflow,historical,40.4,0
Tokachi,right,60,overflow,historical,40.6,0
Tokachi,right,60,overflow,historical,40.8,0
Tokachi,right,60,overflow,historical,41,0
Tokachi,right,60,overflow,historical,41.2,0
Tokachi,right,60,overflow,historical,41.4,0
Tokachi,right,60,overflow,historical,41.6,0
Tokachi,right,60,overflow,historical,41.8,0
Tokachi,right,60,overflow,historical,42,0
Tokachi,right,60,overflow,historical,42.2,0
Tokachi,right,60,overflow,historical,42.4,0
Tokachi,right,60,overflow,historical,42.6,0
Tokachi,right,60,overflow,historical,42.8,0
Tokachi,right,60,overflow,historical,43,0
Tokachi,right,60,overflow,historical,43.2,0
Tokachi,right,60,overflow,historical,43.4,0
Tokachi,right,60,overflow,historical,43.6,0
Tokachi,right,60,overflow,historical,43.8,0
Tokachi,right,60,overflow,historical,44,0
Tokachi,right,60,overflow,historical,44.2,0
Tokachi,right,60,overflow,historical,44.4,0
Tokachi,right,60,overflow,historical,44.6,0
Tokachi,right,60,overflow,historical,44.8,0
Tokachi,right,60,overflow,historical,45,0
Tokachi,right,60,overflow,historical,45.2,0
Tokachi,right,60,overflow,historical,45.4,1
Tokachi,right,60,overflow,historical,45.6,1
Tokachi,right,60,overflow,historical,45.8,1
Tokachi,right,60,overflow,historical,46,1
Tokachi,right,60,overflow,historical,46.2,1
Tokachi,right,60,overflow,historical,46.4,1
Tokachi,right,60,overflow,historical,46.6,1
Tokachi,right,60,overflow,historical,46.8,1
Tokachi,right,60,overflow,historical,47,1
Tokachi,right,60,overflow,historical,47.2,1
Tokachi,right,60,overflow,historical,47.4,1
Tokachi,right,60,overflow,historical,47.6,1
Tokachi,right,60,overflow,historical,47.8,1
Tokachi,right,60,overflow,historical,48,1
Tokachi,right,60,overflow,historical,48.2,1
Tokachi,right,60,overflow,plus4K,40.2,0
Tokachi,right,60,overflow,plus4K,40.4,0
Tokachi,right,60,overflow,plus4K,40.6,0
Tokachi,right,60,overflow,plus4K,40.8,0
Tokachi,right,60,overflow,plus4K,41,0
Tokachi,right,60,overflow,plus4K,41.2,0
Tokachi,right,60,overflow,plus4K,41.4,0
Tokachi,right,60,overflow,plus4K,41.6,0
Tokachi,right,60,overflow,plus4K,41.8,0
Tokachi,right,60,overflow,plus4K,42,0
Tokachi,right,60,overflow,plus4K,42.2,0
Tokachi,right,60,overflow,plus4K,42.4,0
Tokachi,right,60,overflow,plus4K,42.6,0
Tokachi,right,60,overflow,plus4K,42.8,0
Tokachi,right,60,overflow,plus4K,43,0
Tokachi,right,60,overflow,plus4K,43.2,0
Tokachi,right,60,overflow,plus4K,43.4,0
Tokachi,right,60,overflow,plus4K,43.6,0
Tokachi,right,60,overflow,plus4K,43.8,0
Tokachi,right,60,overflow,plus4K,44,0
Tokachi,right,60,overflow,plus4K,44.2,0
Tokachi,right,60,overflow,plus4K,44.4,0
Tokachi,right,60,overflow,plus4K,44.6,0
Tokachi,right,60,overflow,plus4K,44.8,0
Tokachi,right,60,overflow,plus4K,45,0
Tokachi,right,60,overflow,plus4K,45.2,0
Tokachi,right,60,overflow,plus4K,45.4,1
Tokachi,right,60,overflow,plus4K,45.6,1
Tokachi,right,60,overflow,plus4K,45.8,1
Tokachi,right,60,overflow,plus4K,46,1
Tokachi,right,60,overflow,plus4K,46.2,1
Tokachi,right,60,overflow,plus4K,46.4,1
Tokachi,right,60,overflow,plus4K,46.6,1
Tokachi,right,60,overflow,plus4K,46.8,1
Tokachi,right,60,overflow,plus4K,47,1
Tokachi,right,60,overflow,plus4K,47.2,1
Tokachi,right,60,overflow,plus4K,47.4,1
Tokachi,right,60,overflow,plus4K,47.6,1
Tokachi,right,60,overflow,plus4K,47.8,1
Tokachi,right,60,overflow,plus4K,48,1
Tokachi,right,60,overflow,plus4K,48.2,1
Tokachi,right,60.2,overflow,historical,40.8,0
Tokachi,right,60.2,overflow,historical,41,0
Tokachi,right,60.2,overflow,historical,41.2,0
Tokachi,right,60.2,overflow,historical,41.4,0
Tokachi,right,60.2,overflow,historical,41.6,0
Tokachi,right,60.2,overflow,historical,41.8,0
Tokachi,right,60.2,overflow,historical,42,0
Tokachi,right,60.2,overflow,historical,42.2,0
Tokachi,right,60.2,overflow,historical,42.4,0
Tokachi,right,60.2,overflow,historical,42.6,0
Tokachi,right,60.2,overflow,historical,42.8,0
Tokachi,right,60.2,overflow,historical,43,0
Tokachi,right,60.2,overflow,historical,43.2,0
Tokachi,right,60.2,overflow,historical,43.4,0
Tokachi,right,60.2,overflow,historical,43.6,0
Tokachi,right,60.2,overflow,historical,43.8,0
Tokachi,right,60.2,overflow,historical,44,0
Tokachi,right,60.2,overflow,historical,44.2,0
Tokachi,right,60.2,overflow,historical,44.4,0
Tokachi,right,60.2,overflow,historical,44.6,0
Tokachi,right,60.2,overflow,historical,44.8,0
Tokachi,right,60.2,overflow,historical,45,0
Tokachi,right,60.2,overflow,historical,45.2,0
Tokachi,right,60.2,overflow,historical,45.4,0
Tokachi,right,60.2,overflow,historical,45.6,0.8343
Tokachi,right,60.2,overflow,historical,45.8,1
Tokachi,right,60.2,overflow,historical,46,1
Tokachi,right,60.2,overflow,historical,46.2,1
Tokachi,right,60.2,overflow,historical,46.4,1
Tokachi,right,60.2,overflow,historical,46.6,1
Tokachi,right,60.2,overflow,historical,46.8,1
Tokachi,right,60.2,overflow,historical,47,1
Tokachi,right,60.2,overflow,historical,47.2,1
Tokachi,right,60.2,overflow,historical,47.4,1
Tokachi,right,60.2,overflow,historical,47.6,1
Tokachi,right,60.2,overflow,historical,47.8,1
Tokachi,right,60.2,overflow,historical,48,1
Tokachi,right,60.2,overflow,historical,48.2,1
Tokachi,right,60.2,overflow,historical,48.4,1
Tokachi,right,60.2,overflow,plus4K,40.8,0
Tokachi,right,60.2,overflow,plus4K,41,0
Tokachi,right,60.2,overflow,plus4K,41.2,0
Tokachi,right,60.2,overflow,plus4K,41.4,0
Tokachi,right,60.2,overflow,plus4K,41.6,0
Tokachi,right,60.2,overflow,plus4K,41.8,0
Tokachi,right,60.2,overflow,plus4K,42,0
Tokachi,right,60.2,overflow,plus4K,42.2,0
Tokachi,right,60.2,overflow,plus4K,42.4,0
Tokachi,right,60.2,overflow,plus4K,42.6,0
Tokachi,right,60.2,overflow,plus4K,42.8,0
Tokachi,right,60.2,overflow,plus4K,43,0
Tokachi,right,60.2,overflow,plus4K,43.2,0
Tokachi,right,60.2,overflow,plus4K,43.4,0
Tokachi,right,60.2,overflow,plus4K,43.6,0
Tokachi,right,60.2,overflow,plus4K,43.8,0
Tokachi,right,60.2,overflow,plus4K,44,0
Tokachi,right,60.2,overflow,plus4K,44.2,0
Tokachi,right,60.2,overflow,plus4K,44.4,0
Tokachi,right,60.2,overflow,plus4K,44.6,0
Tokachi,right,60.2,overflow,plus4K,44.8,0
Tokachi,right,60.2,overflow,plus4K,45,0
Tokachi,right,60.2,overflow,plus4K,45.2,0
Tokachi,right,60.2,overflow,plus4K,45.4,0
Tokachi,right,60.2,overflow,plus4K,45.6,0.8343
Tokachi,right,60.2,overflow,plus4K,45.8,1
Tokachi,right,60.2,overflow,plus4K,46,1
Tokachi,right,60.2,overflow,plus4K,46.2,1
Tokachi,right,60.2,overflow,plus4K,46.4,1
Tokachi,right,60.2,overflow,plus4K,46.6,1
Tokachi,right,60.2,overflow,plus4K,46.8,1
Tokachi,right,60.2,overflow,plus4K,47,1
Tokachi,right,60.2,overflow,plus4K,47.2,1
Tokachi,right,60.2,overflow,plus4K,47.4,1
Tokachi,right,60.2,overflow,plus4K,47.6,1
Tokachi,right,60.2,overflow,plus4K,47.8,1
Tokachi,right,60.2,overflow,plus4K,48,1
Tokachi,right,60.2,overflow,plus4K,48.2,1
Tokachi,right,60.2,overflow,plus4K,48.4,1
Tokachi,right,60.4,overflow,historical,40.8,0
Tokachi,right,60.4,overflow,historical,41,0
Tokachi,right,60.4,overflow,historical,41.2,0
Tokachi,right,60.4,overflow,historical,41.4,0
Tokachi,right,60.4,overflow,historical,41.6,0
Tokachi,right,60.4,overflow,historical,41.8,0
Tokachi,right,60.4,overflow,historical,42,0
Tokachi,right,60.4,overflow,historical,42.2,0
Tokachi,right,60.4,overflow,historical,42.4,0
Tokachi,right,60.4,overflow,historical,42.6,0
Tokachi,right,60.4,overflow,historical,42.8,0
Tokachi,right,60.4,overflow,historical,43,0
Tokachi,right,60.4,overflow,historical,43.2,0
Tokachi,right,60.4,overflow,historical,43.4,0
Tokachi,right,60.4,overflow,historical,43.6,0
Tokachi,right,60.4,overflow,historical,43.8,0
Tokachi,right,60.4,overflow,historical,44,0
Tokachi,right,60.4,overflow,historical,44.2,0
Tokachi,right,60.4,overflow,historical,44.4,0
Tokachi,right,60.4,overflow,historical,44.6,0
Tokachi,right,60.4,overflow,historical,44.8,0
Tokachi,right,60.4,overflow,historical,45,0
Tokachi,right,60.4,overflow,historical,45.2,0
Tokachi,right,60.4,overflow,historical,45.4,0
Tokachi,right,60.4,overflow,historical,45.6,0
Tokachi,right,60.4,overflow,historical,45.8,0
Tokachi,right,60.4,overflow,historical,46,1
Tokachi,right,60.4,overflow,historical,46.2,1
Tokachi,right,60.4,overflow,historical,46.4,1
Tokachi,right,60.4,overflow,historical,46.6,1
Tokachi,right,60.4,overflow,historical,46.8,1
Tokachi,right,60.4,overflow,historical,47,1
Tokachi,right,60.4,overflow,historical,47.2,1
Tokachi,right,60.4,overflow,historical,47.4,1
Tokachi,right,60.4,overflow,historical,47.6,1
Tokachi,right,60.4,overflow,historical,47.8,1
Tokachi,right,60.4,overflow,historical,48,1
Tokachi,right,60.4,overflow,historical,48.2,1
Tokachi,right,60.4,overflow,historical,48.4,1
Tokachi,right,60.4,overflow,historical,48.6,1
Tokachi,right,60.4,overflow,plus4K,40.8,0
Tokachi,right,60.4,overflow,plus4K,41,0
Tokachi,right,60.4,overflow,plus4K,41.2,0
Tokachi,right,60.4,overflow,plus4K,41.4,0
Tokachi,right,60.4,overflow,plus4K,41.6,0
Tokachi,right,60.4,overflow,plus4K,41.8,0
Tokachi,right,60.4,overflow,plus4K,42,0
Tokachi,right,60.4,overflow,plus4K,42.2,0
Tokachi,right,60.4,overflow,plus4K,42.4,0
Tokachi,right,60.4,overflow,plus4K,42.6,0
Tokachi,right,60.4,overflow,plus4K,42.8,0
Tokachi,right,60.4,overflow,plus4K,43,0
Tokachi,right,60.4,overflow,plus4K,43.2,0
Tokachi,right,60.4,overflow,plus4K,43.4,0
Tokachi,right,60.4,overflow,plus4K,43.6,0
Tokachi,right,60.4,overflow,plus4K,43.8,0
Tokachi,right,60.4,overflow,plus4K,44,0
Tokachi,right,60.4,overflow,plus4K,44.2,0
Tokachi,right,60.4,overflow,plus4K,44.4,0
Tokachi,right,60.4,overflow,plus4K,44.6,0
Tokachi,right,60.4,overflow,plus4K,44.8,0
Tokachi,right,60.4,overflow,plus4K,45,0
Tokachi,right,60.4,overflow,plus4K,45.2,0
Tokachi,right,60.4,overflow,plus4K,45.4,0
Tokachi,right,60.4,overflow,plus4K,45.6,0
Tokachi,right,60.4,overflow,plus4K,45.8,0
Tokachi,right,60.4,overflow,plus4K,46,1
Tokachi,right,60.4,overflow,plus4K,46.2,1
Tokachi,right,60.4,overflow,plus4K,46.4,1
Tokachi,right,60.4,overflow,plus4K,46.6,1
Tokachi,right,60.4,overflow,plus4K,46.8,1
Tokachi,right,60.4,overflow,plus4K,47,1
Tokachi,right,60.4,overflow,plus4K,47.2,1
Tokachi,right,60.4,overflow,plus4K,47.4,1
Tokachi,right,60.4,overflow,plus4K,47.6,1
Tokachi,right,60.4,overflow,plus4K,47.8,1
Tokachi,right,60.4,overflow,plus4K,48,1
Tokachi,right,60.4,overflow,plus4K,48.2,1
Tokachi,right,60.4,overflow,plus4K,48.4,1
Tokachi,right,60.4,overflow,plus4K,48.6,1
Tokachi,right,60.6,overflow,historical,41.2,0
Tokachi,right,60.6,overflow,historical,41.4,0
Tokachi,right,60.6,overflow,historical,41.6,0
Tokachi,right,60.6,overflow,historical,41.8,0
Tokachi,right,60.6,overflow,historical,42,0
Tokachi,right,60.6,overflow,historical,42.2,0
Tokachi,right,60.6,overflow,historical,42.4,0
Tokachi,right,60.6,overflow,historical,42.6,0
Tokachi,right,60.6,overflow,historical,42.8,0
Tokachi,right,60.6,overflow,historical,43,0
Tokachi,right,60.6,overflow,historical,43.2,0
Tokachi,right,60.6,overflow,historical,43.4,0
Tokachi,right,60.6,overflow,historical,43.6,0
Tokachi,right,60.6,overflow,historical,43.8,0
Tokachi,right,60.6,overflow,historical,44,0
Tokachi,right,60.6,overflow,historical,44.2,0
Tokachi,right,60.6,overflow,historical,44.4,0
Tokachi,right,60.6,overflow,historical,44.6,0
Tokachi,right,60.6,overflow,historical,44.8,0
Tokachi,right,60.6,overflow,historical,45,0
Tokachi,right,60.6,overflow,historical,45.2,0
Tokachi,right,60.6,overflow,historical,45.4,0
Tokachi,right,60.6,overflow,historical,45.6,0
Tokachi,right,60.6,overflow,historical,45.8,0
Tokachi,right,60.6,overflow,historical,46,0
Tokachi,right,60.6,overflow,historical,46.2,1
Tokachi,right,60.6,overflow,historical,46.4,1
Tokachi,right,60.6,overflow,historical,46.6,1
Tokachi,right,60.6,overflow,historical,46.8,1
Tokachi,right,60.6,overflow,historical,47,1
Tokachi,right,60.6,overflow,historical,47.2,1
Tokachi,right,60.6,overflow,historical,47.4,1
Tokachi,right,60.6,overflow,historical,47.6,1
Tokachi,right,60.6,overflow,historical,47.8,1
Tokachi,right,60.6,overflow,historical,48,1
Tokachi,right,60.6,overflow,historical,48.2,1
Tokachi,right,60.6,overflow,historical,48.4,1
Tokachi,right,60.6,overflow,historical,48.6,1
Tokachi,right,60.6,overflow,historical,48.8,1
Tokachi,right,60.6,overflow,historical,49,1
Tokachi,right,60.6,overflow,plus4K,41.2,0
Tokachi,right,60.6,overflow,plus4K,41.4,0
Tokachi,right,60.6,overflow,plus4K,41.6,0
Tokachi,right,60.6,overflow,plus4K,41.8,0
Tokachi,right,60.6,overflow,plus4K,42,0
Tokachi,right,60.6,overflow,plus4K,42.2,0
Tokachi,right,60.6,overflow,plus4K,42.4,0
Tokachi,right,60.6,overflow,plus4K,42.6,0
Tokachi,right,60.6,overflow,plus4K,42.8,0
Tokachi,right,60.6,overflow,plus4K,43,0
Tokachi,right,60.6,overflow,plus4K,43.2,0
Tokachi,right,60.6,overflow,plus4K,43.4,0
Tokachi,right,60.6,overflow,plus4K,43.6,0
Tokachi,right,60.6,overflow,plus4K,43.8,0
Tokachi,right,60.6,overflow,plus4K,44,0
Tokachi,right,60.6,overflow,plus4K,44.2,0
Tokachi,right,60.6,overflow,plus4K,44.4,0
Tokachi,right,60.6,overflow,plus4K,44.6,0
Tokachi,right,60.6,overflow,plus4K,44.8,0
Tokachi,right,60.6,overflow,plus4K,45,0
Tokachi,right,60.6,overflow,plus4K,45.2,0
Tokachi,right,60.6,overflow,plus4K,45.4,0
Tokachi,right,60.6,overflow,plus4K,45.6,0
Tokachi,right,60.6,overflow,plus4K,45.8,0
Tokachi,right,60.6,overflow,plus4K,46,0
Tokachi,right,60.6,overflow,plus4K,46.2,1
Tokachi,right,60.6,overflow,plus4K,46.4,1
Tokachi,right,60.6,overflow,plus4K,46.6,1
Tokachi,right,60.6,overflow,plus4K,46.8,1
Tokachi,right,60.6,overflow,plus4K,47,1
Tokachi,right,60.6,overflow,plus4K,47.2,1
Tokachi,right,60.6,overflow,plus4K,47.4,1
Tokachi,right,60.6,overflow,plus4K,47.6,1
Tokachi,right,60.6,overflow,plus4K,47.8,1
Tokachi,right,60.6,overflow,plus4K,48,1
Tokachi,right,60.6,overflow,plus4K,48.2,1
Tokachi,right,60.6,overflow,plus4K,48.4,1
Tokachi,right,60.6,overflow,plus4K,48.6,1
Tokachi,right,60.6,overflow,plus4K,48.8,1
Tokachi,right,60.6,overflow,plus4K,49,1
Tokachi,right,60.8,overflow,historical,41.8,0
Tokachi,right,60.8,overflow,historical,42,0
Tokachi,right,60.8,overflow,historical,42.2,0
Tokachi,right,60.8,overflow,historical,42.4,0
Tokachi,right,60.8,overflow,historical,42.6,0
Tokachi,right,60.8,overflow,historical,42.8,0
Tokachi,right,60.8,overflow,historical,43,0
Tokachi,right,60.8,overflow,historical,43.2,0
Tokachi,right,60.8,overflow,historical,43.4,0
Tokachi,right,60.8,overflow,historical,43.6,0
Tokachi,right,60.8,overflow,historical,43.8,0
Tokachi,right,60.8,overflow,historical,44,0
Tokachi,right,60.8,overflow,historical,44.2,0
Tokachi,right,60.8,overflow,historical,44.4,0
Tokachi,right,60.8,overflow,historical,44.6,0
Tokachi,right,60.8,overflow,historical,44.8,0
Tokachi,right,60.8,overflow,historical,45,0
Tokachi,right,60.8,overflow,historical,45.2,0
Tokachi,right,60.8,overflow,historical,45.4,0
Tokachi,right,60.8,overflow,historical,45.6,0.0005
Tokachi,right,60.8,overflow,historical,45.8,0.0018
Tokachi,right,60.8,overflow,historical,46,0.0049
Tokachi,right,60.8,overflow,historical,46.2,0.0121
Tokachi,right,60.8,overflow,historical,46.4,0.0274
Tokachi,right,60.8,overflow,historical,46.6,0.0587
Tokachi,right,60.8,overflow,historical,46.8,0.1101
Tokachi,right,60.8,overflow,historical,47,0.1868
Tokachi,right,60.8,overflow,historical,47.2,0.2864
Tokachi,right,60.8,overflow,historical,47.4,0.4088
Tokachi,right,60.8,overflow,historical,47.6,0.5375
Tokachi,right,60.8,overflow,historical,47.8,0.6638
Tokachi,right,60.8,overflow,historical,48,0.774
Tokachi,right,60.8,overflow,historical,48.2,0.8659
Tokachi,right,60.8,overflow,historical,48.4,0.9268
Tokachi,right,60.8,overflow,historical,48.6,0.9622
Tokachi,right,60.8,overflow,historical,48.8,0.9823
Tokachi,right,60.8,overflow,historical,49,0.9915
Tokachi,right,60.8,overflow,historical,49.2,0.9969
Tokachi,right,60.8,overflow,historical,49.4,0.999
Tokachi,right,60.8,overflow,historical,49.6,0.9996
Tokachi,right,60.8,overflow,historical,49.8,1
Tokachi,right,60.8,overflow,historical,50,1
Tokachi,right,60.8,overflow,historical,50.2,1
Tokachi,right,60.8,overflow,historical,50.4,1
Tokachi,right,60.8,overflow,plus4K,41.8,0
Tokachi,right,60.8,overflow,plus4K,42,0
Tokachi,right,60.8,overflow,plus4K,42.2,0
Tokachi,right,60.8,overflow,plus4K,42.4,0
Tokachi,right,60.8,overflow,plus4K,42.6,0
Tokachi,right,60.8,overflow,plus4K,42.8,0
Tokachi,right,60.8,overflow,plus4K,43,0
Tokachi,right,60.8,overflow,plus4K,43.2,0
Tokachi,right,60.8,overflow,plus4K,43.4,0
Tokachi,right,60.8,overflow,plus4K,43.6,0
Tokachi,right,60.8,overflow,plus4K,43.8,0
Tokachi,right,60.8,overflow,plus4K,44,0
Tokachi,right,60.8,overflow,plus4K,44.2,0
Tokachi,right,60.8,overflow,plus4K,44.4,0
Tokachi,right,60.8,overflow,plus4K,44.6,0
Tokachi,right,60.8,overflow,plus4K,44.8,0
Tokachi,right,60.8,overflow,plus4K,45,0
Tokachi,right,60.8,overflow,plus4K,45.2,0
Tokachi,right,60.8,overflow,plus4K,45.4,0
Tokachi,right,60.8,overflow,plus4K,45.6,0.0005
Tokachi,right,60.8,overflow,plus4K,45.8,0.0018
Tokachi,right,60.8,overflow,plus4K,46,0.0049
Tokachi,right,60.8,overflow,plus4K,46.2,0.0121
Tokachi,right,60.8,overflow,plus4K,46.4,0.0274
Tokachi,right,60.8,overflow,plus4K,46.6,0.0587
Tokachi,right,60.8,overflow,plus4K,46.8,0.1101
Tokachi,right,60.8,overflow,plus4K,47,0.1868
Tokachi,right,60.8,overflow,plus4K,47.2,0.2864
Tokachi,right,60.8,overflow,plus4K,47.4,0.4088
Tokachi,right,60.8,overflow,plus4K,47.6,0.5375
Tokachi,right,60.8,overflow,plus4K,47.8,0.6638
Tokachi,right,60.8,overflow,plus4K,48,0.774
Tokachi,right,60.8,overflow,plus4K,48.2,0.8659
Tokachi,right,60.8,overflow,plus4K,48.4,0.9268
Tokachi,right,60.8,overflow,plus4K,48.6,0.9622
Tokachi,right,60.8,overflow,plus4K,48.8,0.9823
Tokachi,right,60.8,overflow,plus4K,49,0.9915
Tokachi,right,60.8,overflow,plus4K,49.2,0.9969
Tokachi,right,60.8,overflow,plus4K,49.4,0.999
Tokachi,right,60.8,overflow,plus4K,49.6,0.9996
Tokachi,right,60.8,overflow,plus4K,49.8,1
Tokachi,right,60.8,overflow,plus4K,50,1
Tokachi,right,60.8,overflow,plus4K,50.2,1
Tokachi,right,60.8,overflow,plus4K,50.4,1
Tokachi,right,61,overflow,historical,42.2,0
Tokachi,right,61,overflow,historical,42.4,0
Tokachi,right,61,overflow,historical,42.6,0
Tokachi,right,61,overflow,historical,42.8,0
Tokachi,right,61,overflow,historical,43,0
Tokachi,right,61,overflow,historical,43.2,0
Tokachi,right,61,overflow,historical,43.4,0
Tokachi,right,61,overflow,historical,43.6,0
Tokachi,right,61,overflow,historical,43.8,0
Tokachi,right,61,overflow,historical,44,0
Tokachi,right,61,overflow,historical,44.2,0
Tokachi,right,61,overflow,historical,44.4,0
Tokachi,right,61,overflow,historical,44.6,0
Tokachi,right,61,overflow,historical,44.8,0
Tokachi,right,61,overflow,historical,45,0
Tokachi,right,61,overflow,historical,45.2,0
Tokachi,right,61,overflow,historical,45.4,0
Tokachi,right,61,overflow,historical,45.6,0
Tokachi,right,61,overflow,historical,45.8,0
Tokachi,right,61,overflow,historical,46,0
Tokachi,right,61,overflow,historical,46.2,0
Tokachi,right,61,overflow,historical,46.4,0
Tokachi,right,61,overflow,historical,46.6,0
Tokachi,right,61,overflow,historical,46.8,1
Tokachi,right,61,overflow,historical,47,1
Tokachi,right,61,overflow,historical,47.2,1
Tokachi,right,61,overflow,historical,47.4,1
Tokachi,right,61,overflow,historical,47.6,1
Tokachi,right,61,overflow,historical,47.8,1
Tokachi,right,61,overflow,historical,48,1
Tokachi,right,61,overflow,historical,48.2,1
Tokachi,right,61,overflow,historical,48.4,1
Tokachi,right,61,overflow,historical,48.6,1
Tokachi,right,61,overflow,historical,48.8,1
Tokachi,right,61,overflow,historical,49,1
Tokachi,right,61,overflow,historical,49.2,1
Tokachi,right,61,overflow,historical,49.4,1
Tokachi,right,61,overflow,historical,49.6,1
Tokachi,right,61,overflow,plus4K,42.2,0
Tokachi,right,61,overflow,plus4K,42.4,0
Tokachi,right,61,overflow,plus4K,42.6,0
Tokachi,right,61,overflow,plus4K,42.8,0
Tokachi,right,61,overflow,plus4K,43,0
Tokachi,right,61,overflow,plus4K,43.2,0
Tokachi,right,61,overflow,plus4K,43.4,0
Tokachi,right,61,overflow,plus4K,43.6,0
Tokachi,right,61,overflow,plus4K,43.8,0
Tokachi,right,61,overflow,plus4K,44,0
Tokachi,right,61,overflow,plus4K,44.2,0
Tokachi,right,61,overflow,plus4K,44.4,0
Tokachi,right,61,overflow,plus4K,44.6,0
Tokachi,right,61,overflow,plus4K,44.8,0
Tokachi,right,61,overflow,plus4K,45,0
Tokachi,right,61,overflow,plus4K,45.2,0
Tokachi,right,61,overflow,plus4K,45.4,0
Tokachi,right,61,overflow,plus4K,45.6,0
Tokachi,right,61,overflow,plus4K,45.8,0
Tokachi,right,61,overflow,plus4K,46,0
Tokachi,right,61,overflow,plus4K,46.2,0
Tokachi,right,61,overflow,plus4K,46.4,0
Tokachi,right,61,overflow,plus4K,46.6,0
Tokachi,right,61,overflow,plus4K,46.8,1
Tokachi,right,61,overflow,plus4K,47,1
Tokachi,right,61,overflow,plus4K,47.2,1
Tokachi,right,61,overflow,plus4K,47.4,1
Tokachi,right,61,overflow,plus4K,47.6,1
Tokachi,right,61,overflow,plus4K,47.8,1
Tokachi,right,61,overflow,plus4K,48,1
Tokachi,right,61,overflow,plus4K,48.2,1
Tokachi,right,61,overflow,plus4K,48.4,1
Tokachi,right,61,overflow,plus4K,48.6,1
Tokachi,right,61,overflow,plus4K,48.8,1
Tokachi,right,61,overflow,plus4K,49,1
Tokachi,right,61,overflow,plus4K,49.2,1
Tokachi,right,61,overflow,plus4K,49.4,1
Tokachi,right,61,overflow,plus4K,49.6,1
Tokachi,right,61.2,overflow,historical,42,0
Tokachi,right,61.2,overflow,historical,42.2,0
Tokachi,right,61.2,overflow,historical,42.4,0
Tokachi,right,61.2,overflow,historical,42.6,0
Tokachi,right,61.2,overflow,historical,42.8,0
Tokachi,right,61.2,overflow,historical,43,0
Tokachi,right,61.2,overflow,historical,43.2,0
Tokachi,right,61.2,overflow,historical,43.4,0
Tokachi,right,61.2,overflow,historical,43.6,0
Tokachi,right,61.2,overflow,historical,43.8,0
Tokachi,right,61.2,overflow,historical,44,0
Tokachi,right,61.2,overflow,historical,44.2,0
Tokachi,right,61.2,overflow,historical,44.4,0
Tokachi,right,61.2,overflow,historical,44.6,0
Tokachi,right,61.2,overflow,historical,44.8,0
Tokachi,right,61.2,overflow,historical,45,0
Tokachi,right,61.2,overflow,historical,45.2,0
Tokachi,right,61.2,overflow,historical,45.4,0
Tokachi,right,61.2,overflow,historical,45.6,0
Tokachi,right,61.2,overflow,historical,45.8,0
Tokachi,right,61.2,overflow,historical,46,0
Tokachi,right,61.2,overflow,historical,46.2,0
Tokachi,right,61.2,overflow,historical,46.4,0
Tokachi,right,61.2,overflow,historical,46.6,0
Tokachi,right,61.2,overflow,historical,46.8,0
Tokachi,right,61.2,overflow,historical,47,0.9982
Tokachi,right,61.2,overflow,historical,47.2,1
Tokachi,right,61.2,overflow,historical,47.4,1
Tokachi,right,61.2,overflow,historical,47.6,1
Tokachi,right,61.2,overflow,historical,47.8,1
Tokachi,right,61.2,overflow,historical,48,1
Tokachi,right,61.2,overflow,historical,48.2,1
Tokachi,right,61.2,overflow,historical,48.4,1
Tokachi,right,61.2,overflow,historical,48.6,1
Tokachi,right,61.2,overflow,historical,48.8,1
Tokachi,right,61.2,overflow,historical,49,1
Tokachi,right,61.2,overflow,historical,49.2,1
Tokachi,right,61.2,overflow,historical,49.4,1
Tokachi,right,61.2,overflow,historical,49.6,1
Tokachi,right,61.2,overflow,historical,49.8,1
Tokachi,right,61.2,overflow,plus4K,42,0
Tokachi,right,61.2,overflow,plus4K,42.2,0
Tokachi,right,61.2,overflow,plus4K,42.4,0
Tokachi,right,61.2,overflow,plus4K,42.6,0
Tokachi,right,61.2,overflow,plus4K,42.8,0
Tokachi,right,61.2,overflow,plus4K,43,0
Tokachi,right,61.2,overflow,plus4K,43.2,0
Tokachi,right,61.2,overflow,plus4K,43.4,0
Tokachi,right,61.2,overflow,plus4K,43.6,0
Tokachi,right,61.2,overflow,plus4K,43.8,0
Tokachi,right,61.2,overflow,plus4K,44,0
Tokachi,right,61.2,overflow,plus4K,44.2,0
Tokachi,right,61.2,overflow,plus4K,44.4,0
Tokachi,right,61.2,overflow,plus4K,44.6,0
Tokachi,right,61.2,overflow,plus4K,44.8,0
Tokachi,right,61.2,overflow,plus4K,45,0
Tokachi,right,61.2,overflow,plus4K,45.2,0
Tokachi,right,61.2,overflow,plus4K,45.4,0
Tokachi,right,61.2,overflow,plus4K,45.6,0
Tokachi,right,61.2,overflow,plus4K,45.8,0
Tokachi,right,61.2,overflow,plus4K,46,0
Tokachi,right,61.2,overflow,plus4K,46.2,0
Tokachi,right,61.2,overflow,plus4K,46.4,0
Tokachi,right,61.2,overflow,plus4K,46.6,0
Tokachi,right,61.2,overflow,plus4K,46.8,0
Tokachi,right,61.2,overflow,plus4K,47,0.9982
Tokachi,right,61.2,overflow,plus4K,47.2,1
Tokachi,right,61.2,overflow,plus4K,47.4,1
Tokachi,right,61.2,overflow,plus4K,47.6,1
Tokachi,right,61.2,overflow,plus4K,47.8,1
Tokachi,right,61.2,overflow,plus4K,48,1
Tokachi,right,61.2,overflow,plus4K,48.2,1
Tokachi,right,61.2,overflow,plus4K,48.4,1
Tokachi,right,61.2,overflow,plus4K,48.6,1
Tokachi,right,61.2,overflow,plus4K,48.8,1
Tokachi,right,61.2,overflow,plus4K,49,1
Tokachi,right,61.2,overflow,plus4K,49.2,1
Tokachi,right,61.2,overflow,plus4K,49.4,1
Tokachi,right,61.2,overflow,plus4K,49.6,1
Tokachi,right,61.2,overflow,plus4K,49.8,1
Tokachi,right,61.4,overflow,historical,42.6,0
Tokachi,right,61.4,overflow,historical,42.8,0
Tokachi,right,61.4,overflow,historical,43,0
Tokachi,right,61.4,overflow,historical,43.2,0
Tokachi,right,61.4,overflow,historical,43.4,0
Tokachi,right,61.4,overflow,historical,43.6,0
Tokachi,right,61.4,overflow,historical,43.8,0
Tokachi,right,61.4,overflow,historical,44,0
Tokachi,right,61.4,overflow,historical,44.2,0
Tokachi,right,61.4,overflow,historical,44.4,0
Tokachi,right,61.4,overflow,historical,44.6,0
Tokachi,right,61.4,overflow,historical,44.8,0
Tokachi,right,61.4,overflow,historical,45,0
Tokachi,right,61.4,overflow,historical,45.2,0
Tokachi,right,61.4,overflow,historical,45.4,0
Tokachi,right,61.4,overflow,historical,45.6,0
Tokachi,right,61.4,overflow,historical,45.8,0
Tokachi,right,61.4,overflow,historical,46,0
Tokachi,right,61.4,overflow,historical,46.2,0
Tokachi,right,61.4,overflow,historical,46.4,0
Tokachi,right,61.4,overflow,historical,46.6,0
Tokachi,right,61.4,overflow,historical,46.8,0
Tokachi,right,61.4,overflow,historical,47,0
Tokachi,right,61.4,overflow,historical,47.2,0
Tokachi,right,61.4,overflow,historical,47.4,0.9995
Tokachi,right,61.4,overflow,historical,47.6,1
Tokachi,right,61.4,overflow,historical,47.8,1
Tokachi,right,61.4,overflow,historical,48,1
Tokachi,right,61.4,overflow,historical,48.2,1
Tokachi,right,61.4,overflow,historical,48.4,1
Tokachi,right,61.4,overflow,historical,48.6,1
Tokachi,right,61.4,overflow,historical,48.8,1
Tokachi,right,61.4,overflow,historical,49,1
Tokachi,right,61.4,overflow,historical,49.2,1
Tokachi,right,61.4,overflow,historical,49.4,1
Tokachi,right,61.4,overflow,historical,49.6,1
Tokachi,right,61.4,overflow,historical,49.8,1
Tokachi,right,61.4,overflow,historical,50,1
Tokachi,right,61.4,overflow,historical,50.2,1
Tokachi,right,61.4,overflow,plus4K,42.6,0
Tokachi,right,61.4,overflow,plus4K,42.8,0
Tokachi,right,61.4,overflow,plus4K,43,0
Tokachi,right,61.4,overflow,plus4K,43.2,0
Tokachi,right,61.4,overflow,plus4K,43.4,0
Tokachi,right,61.4,overflow,plus4K,43.6,0
Tokachi,right,61.4,overflow,plus4K,43.8,0
Tokachi,right,61.4,overflow,plus4K,44,0
Tokachi,right,61.4,overflow,plus4K,44.2,0
Tokachi,right,61.4,overflow,plus4K,44.4,0
Tokachi,right,61.4,overflow,plus4K,44.6,0
Tokachi,right,61.4,overflow,plus4K,44.8,0
Tokachi,right,61.4,overflow,plus4K,45,0
Tokachi,right,61.4,overflow,plus4K,45.2,0
Tokachi,right,61.4,overflow,plus4K,45.4,0
Tokachi,right,61.4,overflow,plus4K,45.6,0
Tokachi,right,61.4,overflow,plus4K,45.8,0
Tokachi,right,61.4,overflow,plus4K,46,0
Tokachi,right,61.4,overflow,plus4K,46.2,0
Tokachi,right,61.4,overflow,plus4K,46.4,0
Tokachi,right,61.4,overflow,plus4K,46.6,0
Tokachi,right,61.4,overflow,plus4K,46.8,0
Tokachi,right,61.4,overflow,plus4K,47,0
Tokachi,right,61.4,overflow,plus4K,47.2,0
Tokachi,right,61.4,overflow,plus4K,47.4,0.9995
Tokachi,right,61.4,overflow,plus4K,47.6,1
Tokachi,right,61.4,overflow,plus4K,47.8,1
Tokachi,right,61.4,overflow,plus4K,48,1
Tokachi,right,61.4,overflow,plus4K,48.2,1
Tokachi,right,61.4,overflow,plus4K,48.4,1
Tokachi,right,61.4,overflow,plus4K,48.6,1
Tokachi,right,61.4,overflow,plus4K,48.8,1
Tokachi,right,61.4,overflow,plus4K,49,1
Tokachi,right,61.4,overflow,plus4K,49.2,1
Tokachi,right,61.4,overflow,plus4K,49.4,1
Tokachi,right,61.4,overflow,plus4K,49.6,1
Tokachi,right,61.4,overflow,plus4K,49.8,1
Tokachi,right,61.4,overflow,plus4K,50,1
Tokachi,right,61.4,overflow,plus4K,50.2,1
Tokachi,right,61.6,overflow,historical,42.6,0
Tokachi,right,61.6,overflow,historical,42.8,0
Tokachi,right,61.6,overflow,historical,43,0
Tokachi,right,61.6,overflow,historical,43.2,0
Tokachi,right,61.6,overflow,historical,43.4,0
Tokachi,right,61.6,overflow,historical,43.6,0
Tokachi,right,61.6,overflow,historical,43.8,0
Tokachi,right,61.6,overflow,historical,44,0
Tokachi,right,61.6,overflow,historical,44.2,0
Tokachi,right,61.6,overflow,historical,44.4,0
Tokachi,right,61.6,overflow,historical,44.6,0
Tokachi,right,61.6,overflow,historical,44.8,0
Tokachi,right,61.6,overflow,historical,45,0
Tokachi,right,61.6,overflow,historical,45.2,0
Tokachi,right,61.6,overflow,historical,45.4,0
Tokachi,right,61.6,overflow,historical,45.6,0
Tokachi,right,61.6,overflow,historical,45.8,0
Tokachi,right,61.6,overflow,historical,46,0
Tokachi,right,61.6,overflow,historical,46.2,0
Tokachi,right,61.6,overflow,historical,46.4,0
Tokachi,right,61.6,overflow,historical,46.6,0
Tokachi,right,61.6,overflow,historical,46.8,0
Tokachi,right,61.6,overflow,historical,47,0
Tokachi,right,61.6,overflow,historical,47.2,0
Tokachi,right,61.6,overflow,historical,47.4,0
Tokachi,right,61.6,overflow,historical,47.6,0
Tokachi,right,61.6,overflow,historical,47.8,0
Tokachi,right,61.6,overflow,historical,48,0.9996
Tokachi,right,61.6,overflow,historical,48.2,1
Tokachi,right,61.6,overflow,historical,48.4,1
Tokachi,right,61.6,overflow,historical,48.6,1
Tokachi,right,61.6,overflow,historical,48.8,1
Tokachi,right,61.6,overflow,historical,49,1
Tokachi,right,61.6,overflow,historical,49.2,1
Tokachi,right,61.6,overflow,historical,49.4,1
Tokachi,right,61.6,overflow,historical,49.6,1
Tokachi,right,61.6,overflow,historical,49.8,1
Tokachi,right,61.6,overflow,historical,50,1
Tokachi,right,61.6,overflow,historical,50.2,1
Tokachi,right,61.6,overflow,historical,50.4,1
Tokachi,right,61.6,overflow,historical,50.6,1
Tokachi,right,61.6,overflow,historical,50.8,1
Tokachi,right,61.6,overflow,plus4K,42.6,0
Tokachi,right,61.6,overflow,plus4K,42.8,0
Tokachi,right,61.6,overflow,plus4K,43,0
Tokachi,right,61.6,overflow,plus4K,43.2,0
Tokachi,right,61.6,overflow,plus4K,43.4,0
Tokachi,right,61.6,overflow,plus4K,43.6,0
Tokachi,right,61.6,overflow,plus4K,43.8,0
Tokachi,right,61.6,overflow,plus4K,44,0
Tokachi,right,61.6,overflow,plus4K,44.2,0
Tokachi,right,61.6,overflow,plus4K,44.4,0
Tokachi,right,61.6,overflow,plus4K,44.6,0
Tokachi,right,61.6,overflow,plus4K,44.8,0
Tokachi,right,61.6,overflow,plus4K,45,0
Tokachi,right,61.6,overflow,plus4K,45.2,0
Tokachi,right,61.6,overflow,plus4K,45.4,0
Tokachi,right,61.6,overflow,plus4K,45.6,0
Tokachi,right,61.6,overflow,plus4K,45.8,0
Tokachi,right,61.6,overflow,plus4K,46,0
Tokachi,right,61.6,overflow,plus4K,46.2,0
Tokachi,right,61.6,overflow,plus4K,46.4,0
Tokachi,right,61.6,overflow,plus4K,46.6,0
Tokachi,right,61.6,overflow,plus4K,46.8,0
Tokachi,right,61.6,overflow,plus4K,47,0
Tokachi,right,61.6,overflow,plus4K,47.2,0
Tokachi,right,61.6,overflow,plus4K,47.4,0
Tokachi,right,61.6,overflow,plus4K,47.6,0
Tokachi,right,61.6,overflow,plus4K,47.8,0
Tokachi,right,61.6,overflow,plus4K,48,0.9996
Tokachi,right,61.6,overflow,plus4K,48.2,1
Tokachi,right,61.6,overflow,plus4K,48.4,1
Tokachi,right,61.6,overflow,plus4K,48.6,1
Tokachi,right,61.6,overflow,plus4K,48.8,1
Tokachi,right,61.6,overflow,plus4K,49,1
Tokachi,right,61.6,overflow,plus4K,49.2,1
Tokachi,right,61.6,overflow,plus4K,49.4,1
Tokachi,right,61.6,overflow,plus4K,49.6,1
Tokachi,right,61.6,overflow,plus4K,49.8,1
Tokachi,right,61.6,overflow,plus4K,50,1
Tokachi,right,61.6,overflow,plus4K,50.2,1
Tokachi,right,61.6,overflow,plus4K,50.4,1
Tokachi,right,61.6,overflow,plus4K,50.6,1
Tokachi,right,61.6,overflow,plus4K,50.8,1
Tokachi,right,61.8,overflow,historical,43.4,0
Tokachi,right,61.8,overflow,historical,43.6,0
Tokachi,right,61.8,overflow,historical,43.8,0
Tokachi,right,61.8,overflow,historical,44,0
Tokachi,right,61.8,overflow,historical,44.2,0
Tokachi,right,61.8,overflow,historical,44.4,0
Tokachi,right,61.8,overflow,historical,44.6,0
Tokachi,right,61.8,overflow,historical,44.8,0
Tokachi,right,61.8,overflow,historical,45,0
Tokachi,right,61.8,overflow,historical,45.2,0
Tokachi,right,61.8,overflow,historical,45.4,0
Tokachi,right,61.8,overflow,historical,45.6,0
Tokachi,right,61.8,overflow,historical,45.8,0
Tokachi,right,61.8,overflow,historical,46,0
Tokachi,right,61.8,overflow,historical,46.2,0
Tokachi,right,61.8,overflow,historical,46.4,0
Tokachi,right,61.8,overflow,historical,46.6,0
Tokachi,right,61.8,overflow,historical,46.8,0
Tokachi,right,61.8,overflow,historical,47,0
Tokachi,right,61.8,overflow,historical,47.2,0
Tokachi,right,61.8,overflow,historical,47.4,0
Tokachi,right,61.8,overflow,historical,47.6,0
Tokachi,right,61.8,overflow,historical,47.8,0
Tokachi,right,61.8,overflow,historical,48,0
Tokachi,right,61.8,overflow,historical,48.2,0
Tokachi,right,61.8,overflow,historical,48.4,1
Tokachi,right,61.8,overflow,historical,48.6,1
Tokachi,right,61.8,overflow,historical,48.8,1
Tokachi,right,61.8,overflow,historical,49,1
Tokachi,right,61.8,overflow,historical,49.2,1
Tokachi,right,61.8,overflow,historical,49.4,1
Tokachi,right,61.8,overflow,historical,49.6,1
Tokachi,right,61.8,overflow,historical,49.8,1
Tokachi,right,61.8,overflow,historical,50,1
Tokachi,right,61.8,overflow,historical,50.2,1
Tokachi,right,61.8,overflow,historical,50.4,1
Tokachi,right,61.8,overflow,historical,50.6,1
Tokachi,right,61.8,overflow,historical,50.8,1
Tokachi,right,61.8,overflow,historical,51,1
Tokachi,right,61.8,overflow,historical,51.2,1
Tokachi,right,61.8,overflow,plus4K,43.4,0
Tokachi,right,61.8,overflow,plus4K,43.6,0
Tokachi,right,61.8,overflow,plus4K,43.8,0
Tokachi,right,61.8,overflow,plus4K,44,0
Tokachi,right,61.8,overflow,plus4K,44.2,0
Tokachi,right,61.8,overflow,plus4K,44.4,0
Tokachi,right,61.8,overflow,plus4K,44.6,0
Tokachi,right,61.8,overflow,plus4K,44.8,0
Tokachi,right,61.8,overflow,plus4K,45,0
Tokachi,right,61.8,overflow,plus4K,45.2,0
Tokachi,right,61.8,overflow,plus4K,45.4,0
Tokachi,right,61.8,overflow,plus4K,45.6,0
Tokachi,right,61.8,overflow,plus4K,45.8,0
Tokachi,right,61.8,overflow,plus4K,46,0
Tokachi,right,61.8,overflow,plus4K,46.2,0
Tokachi,right,61.8,overflow,plus4K,46.4,0
Tokachi,right,61.8,overflow,plus4K,46.6,0
Tokachi,right,61.8,overflow,plus4K,46.8,0
Tokachi,right,61.8,overflow,plus4K,47,0
Tokachi,right,61.8,overflow,plus4K,47.2,0
Tokachi,right,61.8,overflow,plus4K,47.4,0
Tokachi,right,61.8,overflow,plus4K,47.6,0
Tokachi,right,61.8,overflow,plus4K,47.8,0
Tokachi,right,61.8,overflow,plus4K,48,0
Tokachi,right,61.8,overflow,plus4K,48.2,0
Tokachi,right,61.8,overflow,plus4K,48.4,1
Tokachi,right,61.8,overflow,plus4K,48.6,1
Tokachi,right,61.8,overflow,plus4K,48.8,1
Tokachi,right,61.8,overflow,plus4K,49,1
Tokachi,right,61.8,overflow,plus4K,49.2,1
Tokachi,right,61.8,overflow,plus4K,49.4,1
Tokachi,right,61.8,overflow,plus4K,49.6,1
Tokachi,right,61.8,overflow,plus4K,49.8,1
Tokachi,right,61.8,overflow,plus4K,50,1
Tokachi,right,61.8,overflow,plus4K,50.2,1
Tokachi,right,61.8,overflow,plus4K,50.4,1
Tokachi,right,61.8,overflow,plus4K,50.6,1
Tokachi,right,61.8,overflow,plus4K,50.8,1
Tokachi,right,61.8,overflow,plus4K,51,1
Tokachi,right,61.8,overflow,plus4K,51.2,1
Tokachi,right,62,overflow,historical,43.8,0
Tokachi,right,62,overflow,historical,44,0
Tokachi,right,62,overflow,historical,44.2,0
Tokachi,right,62,overflow,historical,44.4,0
Tokachi,right,62,overflow,historical,44.6,0
Tokachi,right,62,overflow,historical,44.8,0
Tokachi,right,62,overflow,historical,45,0
Tokachi,right,62,overflow,historical,45.2,0
Tokachi,right,62,overflow,historical,45.4,0
Tokachi,right,62,overflow,historical,45.6,0
Tokachi,right,62,overflow,historical,45.8,0
Tokachi,right,62,overflow,historical,46,0
Tokachi,right,62,overflow,historical,46.2,0
Tokachi,right,62,overflow,historical,46.4,0
Tokachi,right,62,overflow,historical,46.6,0
Tokachi,right,62,overflow,historical,46.8,0
Tokachi,right,62,overflow,historical,47,0
Tokachi,right,62,overflow,historical,47.2,0
Tokachi,right,62,overflow,historical,47.4,0
Tokachi,right,62,overflow,historical,47.6,0
Tokachi,right,62,overflow,historical,47.8,0
Tokachi,right,62,overflow,historical,48,0
Tokachi,right,62,overflow,historical,48.2,0
Tokachi,right,62,overflow,historical,48.4,0
Tokachi,right,62,overflow,historical,48.6,0
Tokachi,right,62,overflow,historical,48.8,0.5958
Tokachi,right,62,overflow,historical,49,1
Tokachi,right,62,overflow,historical,49.2,1
Tokachi,right,62,overflow,historical,49.4,1
Tokachi,right,62,overflow,historical,49.6,1
Tokachi,right,62,overflow,historical,49.8,1
Tokachi,right,62,overflow,historical,50,1
Tokachi,right,62,overflow,historical,50.2,1
Tokachi,right,62,overflow,historical,50.4,1
Tokachi,right,62,overflow,historical,50.6,1
Tokachi,right,62,overflow,historical,50.8,1
Tokachi,right,62,overflow,historical,51,1
Tokachi,right,62,overflow,historical,51.2,1
Tokachi,right,62,overflow,historical,51.4,1
Tokachi,right,62,overflow,historical,51.6,1
Tokachi,right,62,overflow,plus4K,43.8,0
Tokachi,right,62,overflow,plus4K,44,0
Tokachi,right,62,overflow,plus4K,44.2,0
Tokachi,right,62,overflow,plus4K,44.4,0
Tokachi,right,62,overflow,plus4K,44.6,0
Tokachi,right,62,overflow,plus4K,44.8,0
Tokachi,right,62,overflow,plus4K,45,0
Tokachi,right,62,overflow,plus4K,45.2,0
Tokachi,right,62,overflow,plus4K,45.4,0
Tokachi,right,62,overflow,plus4K,45.6,0
Tokachi,right,62,overflow,plus4K,45.8,0
Tokachi,right,62,overflow,plus4K,46,0
Tokachi,right,62,overflow,plus4K,46.2,0
Tokachi,right,62,overflow,plus4K,46.4,0
Tokachi,right,62,overflow,plus4K,46.6,0
Tokachi,right,62,overflow,plus4K,46.8,0
Tokachi,right,62,overflow,plus4K,47,0
Tokachi,right,62,overflow,plus4K,47.2,0
Tokachi,right,62,overflow,plus4K,47.4,0
Tokachi,right,62,overflow,plus4K,47.6,0
Tokachi,right,62,overflow,plus4K,47.8,0
Tokachi,right,62,overflow,plus4K,48,0
Tokachi,right,62,overflow,plus4K,48.2,0
Tokachi,right,62,overflow,plus4K,48.4,0
Tokachi,right,62,overflow,plus4K,48.6,0
Tokachi,right,62,overflow,plus4K,48.8,0.5958
Tokachi,right,62,overflow,plus4K,49,1
Tokachi,right,62,overflow,plus4K,49.2,1
Tokachi,right,62,overflow,plus4K,49.4,1
Tokachi,right,62,overflow,plus4K,49.6,1
Tokachi,right,62,overflow,plus4K,49.8,1
Tokachi,right,62,overflow,plus4K,50,1
Tokachi,right,62,overflow,plus4K,50.2,1
Tokachi,right,62,overflow,plus4K,50.4,1
Tokachi,right,62,overflow,plus4K,50.6,1
Tokachi,right,62,overflow,plus4K,50.8,1
Tokachi,right,62,overflow,plus4K,51,1
Tokachi,right,62,overflow,plus4K,51.2,1
Tokachi,right,62,overflow,plus4K,51.4,1
Tokachi,right,62,overflow,plus4K,51.6,1
Tokachi,right,62.2,overflow,historical,44.4,0
Tokachi,right,62.2,overflow,historical,44.6,0
Tokachi,right,62.2,overflow,historical,44.8,0
Tokachi,right,62.2,overflow,historical,45,0
Tokachi,right,62.2,overflow,historical,45.2,0
Tokachi,right,62.2,overflow,historical,45.4,0
Tokachi,right,62.2,overflow,historical,45.6,0
Tokachi,right,62.2,overflow,historical,45.8,0
Tokachi,right,62.2,overflow,historical,46,0
Tokachi,right,62.2,overflow,historical,46.2,0
Tokachi,right,62.2,overflow,historical,46.4,0
Tokachi,right,62.2,overflow,historical,46.6,0
Tokachi,right,62.2,overflow,historical,46.8,0
Tokachi,right,62.2,overflow,historical,47,0
Tokachi,right,62.2,overflow,historical,47.2,0
Tokachi,right,62.2,overflow,historical,47.4,0
Tokachi,right,62.2,overflow,historical,47.6,0
Tokachi,right,62.2,overflow,historical,47.8,0
Tokachi,right,62.2,overflow,historical,48,0
Tokachi,right,62.2,overflow,historical,48.2,0
Tokachi,right,62.2,overflow,historical,48.4,0
Tokachi,right,62.2,overflow,historical,48.6,0
Tokachi,right,62.2,overflow,historical,48.8,0
Tokachi,right,62.2,overflow,historical,49,1
Tokachi,right,62.2,overflow,historical,49.2,1
Tokachi,right,62.2,overflow,historical,49.4,1
Tokachi,right,62.2,overflow,historical,49.6,1
Tokachi,right,62.2,overflow,historical,49.8,1
Tokachi,right,62.2,overflow,historical,50,1
Tokachi,right,62.2,overflow,historical,50.2,1
Tokachi,right,62.2,overflow,historical,50.4,1
Tokachi,right,62.2,overflow,historical,50.6,1
Tokachi,right,62.2,overflow,historical,50.8,1
Tokachi,right,62.2,overflow,historical,51,1
Tokachi,right,62.2,overflow,historical,51.2,1
Tokachi,right,62.2,overflow,historical,51.4,1
Tokachi,right,62.2,overflow,historical,51.6,1
Tokachi,right,62.2,overflow,historical,51.8,1
Tokachi,right,62.2,overflow,plus4K,44.4,0
Tokachi,right,62.2,overflow,plus4K,44.6,0
Tokachi,right,62.2,overflow,plus4K,44.8,0
Tokachi,right,62.2,overflow,plus4K,45,0
Tokachi,right,62.2,overflow,plus4K,45.2,0
Tokachi,right,62.2,overflow,plus4K,45.4,0
Tokachi,right,62.2,overflow,plus4K,45.6,0
Tokachi,right,62.2,overflow,plus4K,45.8,0
Tokachi,right,62.2,overflow,plus4K,46,0
Tokachi,right,62.2,overflow,plus4K,46.2,0
Tokachi,right,62.2,overflow,plus4K,46.4,0
Tokachi,right,62.2,overflow,plus4K,46.6,0
Tokachi,right,62.2,overflow,plus4K,46.8,0
Tokachi,right,62.2,overflow,plus4K,47,0
Tokachi,right,62.2,overflow,plus4K,47.2,0
Tokachi,right,62.2,overflow,plus4K,47.4,0
Tokachi,right,62.2,overflow,plus4K,47.6,0
Tokachi,right,62.2,overflow,plus4K,47.8,0
Tokachi,right,62.2,overflow,plus4K,48,0
Tokachi,right,62.2,overflow,plus4K,48.2,0
Tokachi,right,62.2,overflow,plus4K,48.4,0
Tokachi,right,62.2,overflow,plus4K,48.6,0
Tokachi,right,62.2,overflow,plus4K,48.8,0
Tokachi,right,62.2,overflow,plus4K,49,1
Tokachi,right,62.2,overflow,plus4K,49.2,1
Tokachi,right,62.2,overflow,plus4K,49.4,1
Tokachi,right,62.2,overflow,plus4K,49.6,1
Tokachi,right,62.2,overflow,plus4K,49.8,1
Tokachi,right,62.2,overflow,plus4K,50,1
Tokachi,right,62.2,overflow,plus4K,50.2,1
Tokachi,right,62.2,overflow,plus4K,50.4,1
Tokachi,right,62.2,overflow,plus4K,50.6,1
Tokachi,right,62.2,overflow,plus4K,50.8,1
Tokachi,right,62.2,overflow,plus4K,51,1
Tokachi,right,62.2,overflow,plus4K,51.2,1
Tokachi,right,62.2,overflow,plus4K,51.4,1
Tokachi,right,62.2,overflow,plus4K,51.6,1
Tokachi,right,62.2,overflow,plus4K,51.8,1
Tokachi,right,62.4,overflow,historical,45,0
Tokachi,right,62.4,overflow,historical,45.2,0
Tokachi,right,62.4,overflow,historical,45.4,0
Tokachi,right,62.4,overflow,historical,45.6,0
Tokachi,right,62.4,overflow,historical,45.8,0
Tokachi,right,62.4,overflow,historical,46,0
Tokachi,right,62.4,overflow,historical,46.2,0
Tokachi,right,62.4,overflow,historical,46.4,0
Tokachi,right,62.4,overflow,historical,46.6,0
Tokachi,right,62.4,overflow,historical,46.8,0
Tokachi,right,62.4,overflow,historical,47,0
Tokachi,right,62.4,overflow,historical,47.2,0
Tokachi,right,62.4,overflow,historical,47.4,0
Tokachi,right,62.4,overflow,historical,47.6,0
Tokachi,right,62.4,overflow,historical,47.8,0
Tokachi,right,62.4,overflow,historical,48,0
Tokachi,right,62.4,overflow,historical,48.2,0
Tokachi,right,62.4,overflow,historical,48.4,0
Tokachi,right,62.4,overflow,historical,48.6,0
Tokachi,right,62.4,overflow,historical,48.8,0
Tokachi,right,62.4,overflow,historical,49,0
Tokachi,right,62.4,overflow,historical,49.2,1
Tokachi,right,62.4,overflow,historical,49.4,1
Tokachi,right,62.4,overflow,historical,49.6,1
Tokachi,right,62.4,overflow,historical,49.8,1
Tokachi,right,62.4,overflow,historical,50,1
Tokachi,right,62.4,overflow,historical,50.2,1
Tokachi,right,62.4,overflow,historical,50.4,1
Tokachi,right,62.4,overflow,historical,50.6,1
Tokachi,right,62.4,overflow,historical,50.8,1
Tokachi,right,62.4,overflow,historical,51,1
Tokachi,right,62.4,overflow,historical,51.2,1
Tokachi,right,62.4,overflow,historical,51.4,1
Tokachi,right,62.4,overflow,historical,51.6,1
Tokachi,right,62.4,overflow,historical,51.8,1
Tokachi,right,62.4,overflow,historical,52,1
Tokachi,right,62.4,overflow,plus4K,45,0
Tokachi,right,62.4,overflow,plus4K,45.2,0
Tokachi,right,62.4,overflow,plus4K,45.4,0
Tokachi,right,62.4,overflow,plus4K,45.6,0
Tokachi,right,62.4,overflow,plus4K,45.8,0
Tokachi,right,62.4,overflow,plus4K,46,0
Tokachi,right,62.4,overflow,plus4K,46.2,0
Tokachi,right,62.4,overflow,plus4K,46.4,0
Tokachi,right,62.4,overflow,plus4K,46.6,0
Tokachi,right,62.4,overflow,plus4K,46.8,0
Tokachi,right,62.4,overflow,plus4K,47,0
Tokachi,right,62.4,overflow,plus4K,47.2,0
Tokachi,right,62.4,overflow,plus4K,47.4,0
Tokachi,right,62.4,overflow,plus4K,47.6,0
Tokachi,right,62.4,overflow,plus4K,47.8,0
Tokachi,right,62.4,overflow,plus4K,48,0
Tokachi,right,62.4,overflow,plus4K,48.2,0
Tokachi,right,62.4,overflow,plus4K,48.4,0
Tokachi,right,62.4,overflow,plus4K,48.6,0
Tokachi,right,62.4,overflow,plus4K,48.8,0
Tokachi,right,62.4,overflow,plus4K,49,0
Tokachi,right,62.4,overflow,plus4K,49.2,1
Tokachi,right,62.4,overflow,plus4K,49.4,1
Tokachi,right,62.4,overflow,plus4K,49.6,1
Tokachi,right,62.4,overflow,plus4K,49.8,1
Tokachi,right,62.4,overflow,plus4K,50,1
Tokachi,right,62.4,overflow,plus4K,50.2,1
Tokachi,right,62.4,overflow,plus4K,50.4,1
Tokachi,right,62.4,overflow,plus4K,50.6,1
Tokachi,right,62.4,overflow,plus4K,50.8,1
Tokachi,right,62.4,overflow,plus4K,51,1
Tokachi,right,62.4,overflow,plus4K,51.2,1
Tokachi,right,62.4,overflow,plus4K,51.4,1
Tokachi,right,62.4,overflow,plus4K,51.6,1
Tokachi,right,62.4,overflow,plus4K,51.8,1
Tokachi,right,62.4,overflow,plus4K,52,1
Tokachi,right,62.6,overflow,historical,44.6,0
Tokachi,right,62.6,overflow,historical,44.8,0
Tokachi,right,62.6,overflow,historical,45,0
Tokachi,right,62.6,overflow,historical,45.2,0
Tokachi,right,62.6,overflow,historical,45.4,0
Tokachi,right,62.6,overflow,historical,45.6,0
Tokachi,right,62.6,overflow,historical,45.8,0
Tokachi,right,62.6,overflow,historical,46,0
Tokachi,right,62.6,overflow,historical,46.2,0
Tokachi,right,62.6,overflow,historical,46.4,0
Tokachi,right,62.6,overflow,historical,46.6,0
Tokachi,right,62.6,overflow,historical,46.8,0
Tokachi,right,62.6,overflow,historical,47,0
Tokachi,right,62.6,overflow,historical,47.2,0
Tokachi,right,62.6,overflow,historical,47.4,0
Tokachi,right,62.6,overflow,historical,47.6,0
Tokachi,right,62.6,overflow,historical,47.8,0
Tokachi,right,62.6,overflow,historical,48,0
Tokachi,right,62.6,overflow,historical,48.2,0
Tokachi,right,62.6,overflow,historical,48.4,0
Tokachi,right,62.6,overflow,historical,48.6,0
Tokachi,right,62.6,overflow,historical,48.8,0
Tokachi,right,62.6,overflow,historical,49,0
Tokachi,right,62.6,overflow,historical,49.2,0
Tokachi,right,62.6,overflow,historical,49.4,0
Tokachi,right,62.6,overflow,historical,49.6,1
Tokachi,right,62.6,overflow,historical,49.8,1
Tokachi,right,62.6,overflow,historical,50,1
Tokachi,right,62.6,overflow,historical,50.2,1
Tokachi,right,62.6,overflow,historical,50.4,1
Tokachi,right,62.6,overflow,historical,50.6,1
Tokachi,right,62.6,overflow,historical,50.8,1
Tokachi,right,62.6,overflow,historical,51,1
Tokachi,right,62.6,overflow,historical,51.2,1
Tokachi,right,62.6,overflow,historical,51.4,1
Tokachi,right,62.6,overflow,historical,51.6,1
Tokachi,right,62.6,overflow,historical,51.8,1
Tokachi,right,62.6,overflow,historical,52,1
Tokachi,right,62.6,overflow,historical,52.2,1
Tokachi,right,62.6,overflow,historical,52.4,1
Tokachi,right,62.6,overflow,plus4K,44.6,0
Tokachi,right,62.6,overflow,plus4K,44.8,0
Tokachi,right,62.6,overflow,plus4K,45,0
Tokachi,right,62.6,overflow,plus4K,45.2,0
Tokachi,right,62.6,overflow,plus4K,45.4,0
Tokachi,right,62.6,overflow,plus4K,45.6,0
Tokachi,right,62.6,overflow,plus4K,45.8,0
Tokachi,right,62.6,overflow,plus4K,46,0
Tokachi,right,62.6,overflow,plus4K,46.2,0
Tokachi,right,62.6,overflow,plus4K,46.4,0
Tokachi,right,62.6,overflow,plus4K,46.6,0
Tokachi,right,62.6,overflow,plus4K,46.8,0
Tokachi,right,62.6,overflow,plus4K,47,0
Tokachi,right,62.6,overflow,plus4K,47.2,0
Tokachi,right,62.6,overflow,plus4K,47.4,0
Tokachi,right,62.6,overflow,plus4K,47.6,0
Tokachi,right,62.6,overflow,plus4K,47.8,0
Tokachi,right,62.6,overflow,plus4K,48,0
Tokachi,right,62.6,overflow,plus4K,48.2,0
Tokachi,right,62.6,overflow,plus4K,48.4,0
Tokachi,right,62.6,overflow,plus4K,48.6,0
Tokachi,right,62.6,overflow,plus4K,48.8,0
Tokachi,right,62.6,overflow,plus4K,49,0
Tokachi,right,62.6,overflow,plus4K,49.2,0
Tokachi,right,62.6,overflow,plus4K,49.4,0
Tokachi,right,62.6,overflow,plus4K,49.6,1
Tokachi,right,62.6,overflow,plus4K,49.8,1
Tokachi,right,62.6,overflow,plus4K,50,1
Tokachi,right,62.6,overflow,plus4K,50.2,1
Tokachi,right,62.6,overflow,plus4K,50.4,1
Tokachi,right,62.6,overflow,plus4K,50.6,1
Tokachi,right,62.6,overflow,plus4K,50.8,1
Tokachi,right,62.6,overflow,plus4K,51,1
Tokachi,right,62.6,overflow,plus4K,51.2,1
Tokachi,right,62.6,overflow,plus4K,51.4,1
Tokachi,right,62.6,overflow,plus4K,51.6,1
Tokachi,right,62.6,overflow,plus4K,51.8,1
Tokachi,right,62.6,overflow,plus4K,52,1
Tokachi,right,62.6,overflow,plus4K,52.2,1
Tokachi,right,62.6,overflow,plus4K,52.4,1
Tokachi,right,62.8,overflow,historical,45,0
Tokachi,right,62.8,overflow,historical,45.2,0
Tokachi,right,62.8,overflow,historical,45.4,0
Tokachi,right,62.8,overflow,historical,45.6,0
Tokachi,right,62.8,overflow,historical,45.8,0
Tokachi,right,62.8,overflow,historical,46,0
Tokachi,right,62.8,overflow,historical,46.2,0
Tokachi,right,62.8,overflow,historical,46.4,0
Tokachi,right,62.8,overflow,historical,46.6,0
Tokachi,right,62.8,overflow,historical,46.8,0
Tokachi,right,62.8,overflow,historical,47,0
Tokachi,right,62.8,overflow,historical,47.2,0
Tokachi,right,62.8,overflow,historical,47.4,0
Tokachi,right,62.8,overflow,historical,47.6,0
Tokachi,right,62.8,overflow,historical,47.8,0
Tokachi,right,62.8,overflow,historical,48,0
Tokachi,right,62.8,overflow,historical,48.2,0
Tokachi,right,62.8,overflow,historical,48.4,0
Tokachi,right,62.8,overflow,historical,48.6,0
Tokachi,right,62.8,overflow,historical,48.8,0
Tokachi,right,62.8,overflow,historical,49,0
Tokachi,right,62.8,overflow,historical,49.2,0
Tokachi,right,62.8,overflow,historical,49.4,0
Tokachi,right,62.8,overflow,historical,49.6,0
Tokachi,right,62.8,overflow,historical,49.8,0.8756
Tokachi,right,62.8,overflow,historical,50,1
Tokachi,right,62.8,overflow,historical,50.2,1
Tokachi,right,62.8,overflow,historical,50.4,1
Tokachi,right,62.8,overflow,historical,50.6,1
Tokachi,right,62.8,overflow,historical,50.8,1
Tokachi,right,62.8,overflow,historical,51,1
Tokachi,right,62.8,overflow,historical,51.2,1
Tokachi,right,62.8,overflow,historical,51.4,1
Tokachi,right,62.8,overflow,historical,51.6,1
Tokachi,right,62.8,overflow,historical,51.8,1
Tokachi,right,62.8,overflow,historical,52,1
Tokachi,right,62.8,overflow,historical,52.2,1
Tokachi,right,62.8,overflow,historical,52.4,1
Tokachi,right,62.8,overflow,historical,52.6,1
Tokachi,right,62.8,overflow,plus4K,45,0
Tokachi,right,62.8,overflow,plus4K,45.2,0
Tokachi,right,62.8,overflow,plus4K,45.4,0
Tokachi,right,62.8,overflow,plus4K,45.6,0
Tokachi,right,62.8,overflow,plus4K,45.8,0
Tokachi,right,62.8,overflow,plus4K,46,0
Tokachi,right,62.8,overflow,plus4K,46.2,0
Tokachi,right,62.8,overflow,plus4K,46.4,0
Tokachi,right,62.8,overflow,plus4K,46.6,0
Tokachi,right,62.8,overflow,plus4K,46.8,0
Tokachi,right,62.8,overflow,plus4K,47,0
Tokachi,right,62.8,overflow,plus4K,47.2,0
Tokachi,right,62.8,overflow,plus4K,47.4,0
Tokachi,right,62.8,overflow,plus4K,47.6,0
Tokachi,right,62.8,overflow,plus4K,47.8,0
Tokachi,right,62.8,overflow,plus4K,48,0
Tokachi,right,62.8,overflow,plus4K,48.2,0
Tokachi,right,62.8,overflow,plus4K,48.4,0
Tokachi,right,62.8,overflow,plus4K,48.6,0
Tokachi,right,62.8,overflow,plus4K,48.8,0
Tokachi,right,62.8,overflow,plus4K,49,0
Tokachi,right,62.8,overflow,plus4K,49.2,0
Tokachi,right,62.8,overflow,plus4K,49.4,0
Tokachi,right,62.8,overflow,plus4K,49.6,0
Tokachi,right,62.8,overflow,plus4K,49.8,0.8756
Tokachi,right,62.8,overflow,plus4K,50,1
Tokachi,right,62.8,overflow,plus4K,50.2,1
Tokachi,right,62.8,overflow,plus4K,50.4,1
Tokachi,right,62.8,overflow,plus4K,50.6,1
Tokachi,right,62.8,overflow,plus4K,50.8,1
Tokachi,right,62.8,overflow,plus4K,51,1
Tokachi,right,62.8,overflow,plus4K,51.2,1
Tokachi,right,62.8,overflow,plus4K,51.4,1
Tokachi,right,62.8,overflow,plus4K,51.6,1
Tokachi,right,62.8,overflow,plus4K,51.8,1
Tokachi,right,62.8,overflow,plus4K,52,1
Tokachi,right,62.8,overflow,plus4K,52.2,1
Tokachi,right,62.8,overflow,plus4K,52.4,1
Tokachi,right,62.8,overflow,plus4K,52.6,1
