river,bank,kp,mechanism,scenario,stage_m_msl,p_f
Satsunai,left,3.2,fluvial_scour,historical,32.6,0
Satsunai,left,3.2,fluvial_scour,historical,32.8,0
Satsunai,left,3.2,fluvial_scour,historical,33,0
Satsunai,left,3.2,fluvial_scour,historical,33.2,0
Satsunai,left,3.2,fluvial_scour,historical,33.4,0
Satsunai,left,3.2,fluvial_scour,historical,33.6,0.0007
Satsunai,left,3.2,fluvial_scour,historical,33.8,0.0018
Satsunai,left,3.2,fluvial_scour,historical,34,0.0039
Satsunai,left,3.2,fluvial_scour,historical,34.2,0.0069
Satsunai,left,3.2,fluvial_scour,historical,34.4,0.0101
Satsunai,left,3.2,fluvial_scour,historical,34.6,0.0152
Satsunai,left,3.2,fluvial_scour,historical,34.8,0.0207
Satsunai,left,3.2,fluvial_scour,historical,35,0.0314
Satsunai,left,3.2,fluvial_scour,historical,35.2,0.0418
Satsunai,left,3.2,fluvial_scour,historical,35.4,0.0544
Satsunai,left,3.2,fluvial_scour,historical,35.6,0.0689
Satsunai,left,3.2,fluvial_scour,historical,35.8,0.0894
Satsunai,left,3.2,fluvial_scour,historical,36,0.1107
Satsunai,left,3.2,fluvial_scour,historical,36.2,0.1378
Satsunai,left,3.2,fluvial_scour,historical,36.4,0.1598
Satsunai,left,3.2,fluvial_scour,historical,36.6,0.181
Satsunai,left,3.2,fluvial_scour,historical,36.8,0.197
Satsunai,left,3.2,fluvial_scour,historical,37,0.2103
Satsunai,left,3.2,fluvial_scour,historical,37.2,0.2227
Satsunai,left,3.2,fluvial_scour,historical,37.4,0.2386
Satsunai,left,3.2,fluvial_scour,historical,37.6,0.2522
Satsunai,left,3.2,fluvial_scour,historical,37.8,0.2681
Satsunai,left,3.2,fluvial_scour,historical,38,0.286
Satsunai,left,3.2,fluvial_scour,historical,38.2,0.3037
Satsunai,left,3.2,fluvial_scour,historical,38.4,0.3174
Satsunai,left,3.2,fluvial_scour,historical,38.6,0.3282
Satsunai,left,3.2,fluvial_scour,historical,38.8,0.3349
Satsunai,left,3.2,fluvial_scour,historical,39,0.3412
Satsunai,left,3.2,fluvial_scour,historical,39.2,0.349
Satsunai,left,3.2,fluvial_scour,historical,39.4,0.3536
Satsunai,left,3.2,fluvial_scour,historical,39.6,0.3592
Satsunai,left,3.2,fluvial_scour,historical,39.8,0.3657
Satsunai,left,3.2,fluvial_scour,historical,40,0.3702
Satsunai,left,3.2,fluvial_scour,historical,40.2,0.3748
Satsunai,left,3.2,fluvial_scour,plus4K,32.6,0
Satsunai,left,3.2,fluvial_scour,plus4K,32.8,0
Satsunai,left,3.2,fluvial_scour,plus4K,33,0
Satsunai,left,3.2,fluvial_scour,plus4K,33.2,0
Satsunai,left,3.2,fluvial_scour,plus4K,33.4,0
Satsunai,left,3.2,fluvial_scour,plus4K,33.6,0.0007
Satsunai,left,3.2,fluvial_scour,plus4K,33.8,0.0018
Satsunai,left,3.2,fluvial_scour,plus4K,34,0.0039
Satsunai,left,3.2,fluvial_scour,plus4K,34.2,0.0069
Satsunai,left,3.2,fluvial_scour,plus4K,34.4,0.0101
Satsunai,left,3.2,fluvial_scour,plus4K,34.6,0.0152
Satsunai,left,3.2,fluvial_scour,plus4K,34.8,0.0207
Satsunai,left,3.2,fluvial_scour,plus4K,35,0.0314
Satsunai,left,3.2,fluvial_scour,plus4K,35.2,0.0418
Satsunai,left,3.2,fluvial_scour,plus4K,35.4,0.0544
Satsunai,left,3.2,fluvial_scour,plus4K,35.6,0.0689
Satsunai,left,3.2,fluvial_scour,plus4K,35.8,0.0894
Satsunai,left,3.2,fluvial_scour,plus4K,36,0.1107
Satsunai,left,3.2,fluvial_scour,plus4K,36.2,0.1378
Satsunai,left,3.2,fluvial_scour,plus4K,36.4,0.1598
Satsunai,left,3.2,fluvial_scour,plus4K,36.6,0.181
Satsunai,left,3.2,fluvial_scour,plus4K,36.8,0.197
Satsunai,left,3.2,fluvial_scour,plus4K,37,0.2103
Satsunai,left,3.2,fluvial_scour,plus4K,37.2,0.2227
Satsunai,left,3.2,fluvial_scour,plus4K,37.4,0.2386
Satsunai,left,3.2,fluvial_scour,plus4K,37.6,0.2522
Satsunai,left,3.2,fluvial_scour,plus4K,37.8,0.2681
Satsunai,left,3.2,fluvial_scour,plus4K,38,0.286
Satsunai,left,3.2,fluvial_scour,plus4K,38.2,0.3037
Satsunai,left,3.2,fluvial_scour,plus4K,38.4,0.3174
Satsunai,left,3.2,fluvial_scour,plus4K,38.6,0.3282
Satsunai,left,3.2,fluvial_scour,plus4K,38.8,0.3349
Satsunai,left,3.2,fluvial_scour,plus4K,39,0.3412
Satsunai,left,3.2,fluvial_scour,plus4K,39.2,0.349
Satsunai,left,3.2,fluvial_scour,plus4K,39.4,0.3536
Satsunai,left,3.2,fluvial_scour,plus4K,39.6,0.3592
Satsunai,left,3.2,fluvial_scour,plus4K,39.8,0.3657
Satsunai,left,3.2,fluvial_scour,plus4K,40,0.3702
Satsunai,left,3.2,fluvial_scour,plus4K,40.2,0.3748
Satsunai,left,3.4,fluvial_scour,historical,33.4,0
Satsunai,left,3.4,fluvial_scour,historical,33.6,0
Satsunai,left,3.4,fluvial_scour,historical,33.8,0
Satsunai,left,3.4,fluvial_scour,historical,34,0
Satsunai,left,3.4,fluvial_scour,historical,34.2,0
Satsunai,left,3.4,fluvial_scour,historical,34.4,0
Satsunai,left,3.4,fluvial_scour,historical,34.6,0
Satsunai,left,3.4,fluvial_scour,historical,34.8,0
Satsunai,left,3.4,fluvial_scour,historical,35,0.003
Satsunai,left,3.4,fluvial_scour,historical,35.2,0.0065
Satsunai,left,3.4,fluvial_scour,historical,35.4,0.0111
Satsunai,left,3.4,fluvial_scour,historical,35.6,0.017
Satsunai,left,3.4,fluvial_scour,historical,35.8,0.0252
Satsunai,left,3.4,fluvial_scour,historical,36,0.0365
Satsunai,left,3.4,fluvial_scour,historical,36.2,0.0479
Satsunai,left,3.4,fluvial_scour,historical,36.4,0.0658
Satsunai,left,3.4,fluvial_scour,historical,36.6,0.0869
Satsunai,left,3.4,fluvial_scour,historical,36.8,0.111
Satsunai,left,3.4,fluvial_scour,historical,37,0.1329
Satsunai,left,3.4,fluvial_scour,historical,37.2,0.1499
Satsunai,left,3.4,fluvial_scour,historical,37.4,0.1661
Satsunai,left,3.4,fluvial_scour,historical,37.6,0.1793
Satsunai,left,3.4,fluvial_scour,historical,37.8,0.1919
Satsunai,left,3.4,fluvial_scour,historical,38,0.2024
Satsunai,left,3.4,fluvial_scour,historical,38.2,0.2136
Satsunai,left,3.4,fluvial_scour,historical,38.4,0.2261
Satsunai,left,3.4,fluvial_scour,historical,38.6,0.2402
Satsunai,left,3.4,fluvial_scour,historical,38.8,0.2577
Satsunai,left,3.4,fluvial_scour,historical,39,0.2739
Satsunai,left,3.4,fluvial_scour,historical,39.2,0.288
Satsunai,left,3.4,fluvial_scour,historical,39.4,0.3004
Satsunai,left,3.4,fluvial_scour,historical,39.6,0.3065
Satsunai,left,3.4,fluvial_scour,historical,39.8,0.3152
Satsunai,left,3.4,fluvial_scour,historical,40,0.3206
Satsunai,left,3.4,fluvial_scour,historical,40.2,0.3256
Satsunai,left,3.4,fluvial_scour,historical,40.4,0.3313
Satsunai,left,3.4,fluvial_scour,plus4K,33.4,0
Satsunai,left,3.4,fluvial_scour,plus4K,33.6,0
Satsunai,left,3.4,fluvial_scour,plus4K,33.8,0
Satsunai,left,3.4,fluvial_scour,plus4K,34,0
Satsunai,left,3.4,fluvial_scour,plus4K,34.2,0
Satsunai,left,3.4,fluvial_scour,plus4K,34.4,0
Satsunai,left,3.4,fluvial_scour,plus4K,34.6,0
Satsunai,left,3.4,fluvial_scour,plus4K,34.8,0
Satsunai,left,3.4,fluvial_scour,plus4K,35,0.003
Satsunai,left,3.4,fluvial_scour,plus4K,35.2,0.0065
Satsunai,left,3.4,fluvial_scour,plus4K,35.4,0.0111
Satsunai,left,3.4,fluvial_scour,plus4K,35.6,0.017
Satsunai,left,3.4,fluvial_scour,plus4K,35.8,0.0252
Satsunai,left,3.4,fluvial_scour,plus4K,36,0.0365
Satsunai,left,3.4,fluvial_scour,plus4K,36.2,0.0479
Satsunai,left,3.4,fluvial_scour,plus4K,36.4,0.0658
Satsunai,left,3.4,fluvial_scour,plus4K,36.6,0.0869
Satsunai,left,3.4,fluvial_scour,plus4K,36.8,0.111
Satsunai,left,3.4,fluvial_scour,plus4K,37,0.1329
Satsunai,left,3.4,fluvial_scour,plus4K,37.2,0.1499
Satsunai,left,3.4,fluvial_scour,plus4K,37.4,0.1661
Satsunai,left,3.4,fluvial_scour,plus4K,37.6,0.1793
Satsunai,left,3.4,fluvial_scour,plus4K,37.8,0.1919
Satsunai,left,3.4,fluvial_scour,plus4K,38,0.2024
Satsunai,left,3.4,fluvial_scour,plus4K,38.2,0.2136
Satsunai,left,3.4,fluvial_scour,plus4K,38.4,0.2261
Satsunai,left,3.4,fluvial_scour,plus4K,38.6,0.2402
Satsunai,left,3.4,fluvial_scour,plus4K,38.8,0.2577
Satsunai,left,3.4,fluvial_scour,plus4K,39,0.2739
Satsunai,left,3.4,fluvial_scour,plus4K,39.2,0.288
Satsunai,left,3.4,fluvial_scour,plus4K,39.4,0.3004
Satsunai,left,3.4,fluvial_scour,plus4K,39.6,0.3065
Satsunai,left,3.4,fluvial_scour,plus4K,39.8,0.3152
Satsunai,left,3.4,fluvial_scour,plus4K,40,0.3206
Satsunai,left,3.4,fluvial_scour,plus4K,40.2,0.3256
Satsunai,left,3.4,fluvial_scour,plus4K,40.4,0.3313
Satsunai,left,3.6,fluvial_scour,historical,34,0
Satsunai,left,3.6,fluvial_scour,historical,34.2,0
Satsunai,left,3.6,fluvial_scour,historical,34.4,0
Satsunai,left,3.6,fluvial_scour,historical,34.6,0
Satsunai,left,3.6,fluvial_scour,historical,34.8,0
Satsunai,left,3.6,fluvial_scour,historical,35,0.0001
Satsunai,left,3.6,fluvial_scour,historical,35.2,0.0005
Satsunai,left,3.6,fluvial_scour,historical,35.4,0.0018
Satsunai,left,3.6,fluvial_scour,historical,35.6,0.0034
Satsunai,left,3.6,fluvial_scour,historical,35.8,0.0065
Satsunai,left,3.6,fluvial_scour,historical,36,0.0111
Satsunai,left,3.6,fluvial_scour,historical,36.2,0.0184
Satsunai,left,3.6,fluvial_scour,historical,36.4,0.0276
Satsunai,left,3.6,fluvial_scour,historical,36.6,0.0388
Satsunai,left,3.6,fluvial_scour,historical,36.8,0.0497
Satsunai,left,3.6,fluvial_scour,historical,37,0.0672
Satsunai,left,3.6,fluvial_scour,historical,37.2,0.088
Satsunai,left,3.6,fluvial_scour,historical,37.4,0.1136
Satsunai,left,3.6,fluvial_scour,historical,37.6,0.1348
Satsunai,left,3.6,fluvial_scour,historical,37.8,0.1544
Satsunai,left,3.6,fluvial_scour,historical,38,0.17
Satsunai,left,3.6,fluvial_scour,historical,38.2,0.1848
Satsunai,left,3.6,fluvial_scour,historical,38.4,0.2
Satsunai,left,3.6,fluvial_scour,historical,38.6,0.212
Satsunai,left,3.6,fluvial_scour,historical,38.8,0.227
Satsunai,left,3.6,fluvial_scour,historical,39,0.2383
Satsunai,left,3.6,fluvial_scour,historical,39.2,0.2515
Satsunai,left,3.6,fluvial_scour,historical,39.4,0.2668
Satsunai,left,3.6,fluvial_scour,historical,39.6,0.2815
Satsunai,left,3.6,fluvial_scour,historical,39.8,0.2954
Satsunai,left,3.6,fluvial_scour,historical,40,0.3063
Satsunai,left,3.6,fluvial_scour,historical,40.2,0.3127
Satsunai,left,3.6,fluvial_scour,historical,40.4,0.3225
Satsunai,left,3.6,fluvial_scour,historical,40.6,0.3277
Satsunai,left,3.6,fluvial_scour,historical,40.8,0.3335
Satsunai,left,3.6,fluvial_scour,historical,41,0.3409
Satsunai,left,3.6,fluvial_scour,plus4K,34,0
Satsunai,left,3.6,fluvial_scour,plus4K,34.2,0
Satsunai,left,3.6,fluvial_scour,plus4K,34.4,0
Satsunai,left,3.6,fluvial_scour,plus4K,34.6,0
Satsunai,left,3.6,fluvial_scour,plus4K,34.8,0
Satsunai,left,3.6,fluvial_scour,plus4K,35,0.0001
Satsunai,left,3.6,fluvial_scour,plus4K,35.2,0.0005
Satsunai,left,3.6,fluvial_scour,plus4K,35.4,0.0018
Satsunai,left,3.6,fluvial_scour,plus4K,35.6,0.0034
Satsunai,left,3.6,fluvial_scour,plus4K,35.8,0.0065
Satsunai,left,3.6,fluvial_scour,plus4K,36,0.0111
Satsunai,left,3.6,fluvial_scour,plus4K,36.2,0.0184
Satsunai,left,3.6,fluvial_scour,plus4K,36.4,0.0276
Satsunai,left,3.6,fluvial_scour,plus4K,36.6,0.0388
Satsunai,left,3.6,fluvial_scour,plus4K,36.8,0.0497
Satsunai,left,3.6,fluvial_scour,plus4K,37,0.0672
Satsunai,left,3.6,fluvial_scour,plus4K,37.2,0.088
Satsunai,left,3.6,fluvial_scour,plus4K,37.4,0.1136
Satsunai,left,3.6,fluvial_scour,plus4K,37.6,0.1348
Satsunai,left,3.6,fluvial_scour,plus4K,37.8,0.1544
Satsunai,left,3.6,fluvial_scour,plus4K,38,0.17
Satsunai,left,3.6,fluvial_scour,plus4K,38.2,0.1848
Satsunai,left,3.6,fluvial_scour,plus4K,38.4,0.2
Satsunai,left,3.6,fluvial_scour,plus4K,38.6,0.212
Satsunai,left,3.6,fluvial_scour,plus4K,38.8,0.227
Satsunai,left,3.6,fluvial_scour,plus4K,39,0.2383
Satsunai,left,3.6,fluvial_scour,plus4K,39.2,0.2515
Satsunai,left,3.6,fluvial_scour,plus4K,39.4,0.2668
Satsunai,left,3.6,fluvial_scour,plus4K,39.6,0.2815
Satsunai,left,3.6,fluvial_scour,plus4K,39.8,0.2954
Satsunai,left,3.6,fluvial_scour,plus4K,40,0.3063
Satsunai,left,3.6,fluvial_scour,plus4K,40.2,0.3127
Satsunai,left,3.6,fluvial_scour,plus4K,40.4,0.3225
Satsunai,left,3.6,fluvial_scour,plus4K,40.6,0.3277
Satsunai,left,3.6,fluvial_scour,plus4K,40.8,0.3335
Satsunai,left,3.6,fluvial_scour,plus4K,41,0.3409
Satsunai,left,3.8,fluvial_scour,historical,34.4,0
Satsunai,left,3.8,fluvial_scour,historical,34.6,0
Satsunai,left,3.8,fluvial_scour,historical,34.8,0
Satsunai,left,3.8,fluvial_scour,historical,35,0
Satsunai,left,3.8,fluvial_scour,historical,35.2,0
Satsunai,left,3.8,fluvial_scour,historical,35.4,0.0006
Satsunai,left,3.8,fluvial_scour,historical,35.6,0.0017
Satsunai,left,3.8,fluvial_scour,historical,35.8,0.0036
Satsunai,left,3.8,fluvial_scour,historical,36,0.0065
Satsunai,left,3.8,fluvial_scour,historical,36.2,0.0095
Satsunai,left,3.8,fluvial_scour,historical,36.4,0.0144
Satsunai,left,3.8,fluvial_scour,historical,36.6,0.0199
Satsunai,left,3.8,fluvial_scour,historical,36.8,0.028
Satsunai,left,3.8,fluvial_scour,historical,37,0.0356
Satsunai,left,3.8,fluvial_scour,historical,37.2,0.0456
Satsunai,left,3.8,fluvial_scour,historical,37.4,0.0621
Satsunai,left,3.8,fluvial_scour,historical,37.6,0.0776
Satsunai,left,3.8,fluvial_scour,historical,37.8,0.0998
Satsunai,left,3.8,fluvial_scour,historical,38,0.1236
Satsunai,left,3.8,fluvial_scour,historical,38.2,0.1524
Satsunai,left,3.8,fluvial_scour,historical,38.4,0.1773
Satsunai,left,3.8,fluvial_scour,historical,38.6,0.1985
Satsunai,left,3.8,fluvial_scour,historical,38.8,0.2142
Satsunai,left,3.8,fluvial_scour,historical,39,0.2287
Satsunai,left,3.8,fluvial_scour,historical,39.2,0.2398
Satsunai,left,3.8,fluvial_scour,historical,39.4,0.2574
Satsunai,left,3.8,fluvial_scour,historical,39.6,0.2708
Satsunai,left,3.8,fluvial_scour,historical,39.8,0.2839
Satsunai,left,3.8,fluvial_scour,historical,40,0.3013
Satsunai,left,3.8,fluvial_scour,historical,40.2,0.3195
Satsunai,left,3.8,fluvial_scour,historical,40.4,0.3359
Satsunai,left,3.8,fluvial_scour,historical,40.6,0.3485
Satsunai,left,3.8,fluvial_scour,historical,40.8,0.3564
Satsunai,left,3.8,fluvial_scour,historical,41,0.366
Satsunai,left,3.8,fluvial_scour,historical,41.2,0.3717
Satsunai,left,3.8,fluvial_scour,historical,41.4,0.3775
Satsunai,left,3.8,fluvial_scour,historical,41.6,0.3835
Satsunai,left,3.8,fluvial_scour,historical,41.8,0.3878
Satsunai,left,3.8,fluvial_scour,plus4K,34.4,0
Satsunai,left,3.8,fluvial_scour,plus4K,34.6,0
Satsunai,left,3.8,fluvial_scour,plus4K,34.8,0
Satsunai,left,3.8,fluvial_scour,plus4K,35,0
Satsunai,left,3.8,fluvial_scour,plus4K,35.2,0
Satsunai,left,3.8,fluvial_scour,plus4K,35.4,0.0006
Satsunai,left,3.8,fluvial_scour,plus4K,35.6,0.0017
Satsunai,left,3.8,fluvial_scour,plus4K,35.8,0.0036
Satsunai,left,3.8,fluvial_scour,plus4K,36,0.0065
Satsunai,left,3.8,fluvial_scour,plus4K,36.2,0.0095
Satsunai,left,3.8,fluvial_scour,plus4K,36.4,0.0144
Satsunai,left,3.8,fluvial_scour,plus4K,36.6,0.0199
Satsunai,left,3.8,fluvial_scour,plus4K,36.8,0.028
Satsunai,left,3.8,fluvial_scour,plus4K,37,0.0356
Satsunai,left,3.8,fluvial_scour,plus4K,37.2,0.0456
Satsunai,left,3.8,fluvial_scour,plus4K,37.4,0.0621
Satsunai,left,3.8,fluvial_scour,plus4K,37.6,0.0776
Satsunai,left,3.8,fluvial_scour,plus4K,37.8,0.0998
Satsunai,left,3.8,fluvial_scour,plus4K,38,0.1236
Satsunai,left,3.8,fluvial_scour,plus4K,38.2,0.1524
Satsunai,left,3.8,fluvial_scour,plus4K,38.4,0.1773
Satsunai,left,3.8,fluvial_scour,plus4K,38.6,0.1985
Satsunai,left,3.8,fluvial_scour,plus4K,38.8,0.2142
Satsunai,left,3.8,fluvial_scour,plus4K,39,0.2287
Satsunai,left,3.8,fluvial_scour,plus4K,39.2,0.2398
Satsunai,left,3.8,fluvial_scour,plus4K,39.4,0.2574
Satsunai,left,3.8,fluvial_scour,plus4K,39.6,0.2708
Satsunai,left,3.8,fluvial_scour,plus4K,39.8,0.2839
Satsunai,left,3.8,fluvial_scour,plus4K,40,0.3013
Satsunai,left,3.8,fluvial_scour,plus4K,40.2,0.3195
Satsunai,left,3.8,fluvial_scour,plus4K,40.4,0.3359
Satsunai,left,3.8,fluvial_scour,plus4K,40.6,0.3485
Satsunai,left,3.8,fluvial_scour,plus4K,40.8,0.3564
Satsunai,left,3.8,fluvial_scour,plus4K,41,0.366
Satsunai,left,3.8,fluvial_scour,plus4K,41.2,0.3717
Satsunai,left,3.8,fluvial_scour,plus4K,41.4,0.3775
Satsunai,left,3.8,fluvial_scour,plus4K,41.6,0.3835
Satsunai,left,3.8,fluvial_scour,plus4K,41.8,0.3878
Satsunai,left,4,fluvial_scour,historical,35,0
Satsunai,left,4,fluvial_scour,historical,35.2,0
Satsunai,left,4,fluvial_scour,historical,35.4,0
Satsunai,left,4,fluvial_scour,historical,35.6,0
Satsunai,left,4,fluvial_scour,historical,35.8,0
Satsunai,left,4,fluvial_scour,historical,36,0.0001
Satsunai,left,4,fluvial_scour,historical,36.2,0.0005
Satsunai,left,4,fluvial_scour,historical,36.4,0.002
Satsunai,left,4,fluvial_scour,historical,36.6,0.0035
Satsunai,left,4,fluvial_scour,historical,36.8,0.0064
Satsunai,left,4,fluvial_scour,historical,37,0.0092
Satsunai,left,4,fluvial_scour,historical,37.2,0.0131
Satsunai,left,4,fluvial_scour,historical,37.4,0.0189
Satsunai,left,4,fluvial_scour,historical,37.6,0.0263
Satsunai,left,4,fluvial_scour,historical,37.8,0.0339
Satsunai,left,4,fluvial_scour,historical,38,0.0442
Satsunai,left,4,fluvial_scour,historical,38.2,0.0561
Satsunai,left,4,fluvial_scour,historical,38.4,0.0726
Satsunai,left,4,fluvial_scour,historical,38.6,0.0888
Satsunai,left,4,fluvial_scour,historical,38.8,0.1078
Satsunai,left,4,fluvial_scour,historical,39,0.1252
Satsunai,left,4,fluvial_scour,historical,39.2,0.142
Satsunai,left,4,fluvial_scour,historical,39.4,0.155
Satsunai,left,4,fluvial_scour,historical,39.6,0.1675
Satsunai,left,4,fluvial_scour,historical,39.8,0.1811
Satsunai,left,4,fluvial_scour,historical,40,0.194
Satsunai,left,4,fluvial_scour,historical,40.2,0.209
Satsunai,left,4,fluvial_scour,historical,40.4,0.2242
Satsunai,left,4,fluvial_scour,historical,40.6,0.2366
Satsunai,left,4,fluvial_scour,historical,40.8,0.252
Satsunai,left,4,fluvial_scour,historical,41,0.2663
Satsunai,left,4,fluvial_scour,historical,41.2,0.2799
Satsunai,left,4,fluvial_scour,historical,41.4,0.29
Satsunai,left,4,fluvial_scour,historical,41.6,0.2962
Satsunai,left,4,fluvial_scour,historical,41.8,0.3035
Satsunai,left,4,fluvial_scour,historical,42,0.3094
Satsunai,left,4,fluvial_scour,historical,42.2,0.3136
Satsunai,left,4,fluvial_scour,historical,42.4,0.3206
Satsunai,left,4,fluvial_scour,historical,42.6,0.325
Satsunai,left,4,fluvial_scour,plus4K,35,0
Satsunai,left,4,fluvial_scour,plus4K,35.2,0
Satsunai,left,4,fluvial_scour,plus4K,35.4,0
Satsunai,left,4,fluvial_scour,plus4K,35.6,0
Satsunai,left,4,fluvial_scour,plus4K,35.8,0
Satsunai,left,4,fluvial_scour,plus4K,36,0.0001
Satsunai,left,4,fluvial_scour,plus4K,36.2,0.0005
Satsunai,left,4,fluvial_scour,plus4K,36.4,0.002
Satsunai,left,4,fluvial_scour,plus4K,36.6,0.0035
Satsunai,left,4,fluvial_scour,plus4K,36.8,0.0064
Satsunai,left,4,fluvial_scour,plus4K,37,0.0092
Satsunai,left,4,fluvial_scour,plus4K,37.2,0.0131
Satsunai,left,4,fluvial_scour,plus4K,37.4,0.0189
Satsunai,left,4,fluvial_scour,plus4K,37.6,0.0263
Satsunai,left,4,fluvial_scour,plus4K,37.8,0.0339
Satsunai,left,4,fluvial_scour,plus4K,38,0.0442
Satsunai,left,4,fluvial_scour,plus4K,38.2,0.0561
Satsunai,left,4,fluvial_scour,plus4K,38.4,0.0726
Satsunai,left,4,fluvial_scour,plus4K,38.6,0.0888
Satsunai,left,4,fluvial_scour,plus4K,38.8,0.1078
Satsunai,left,4,fluvial_scour,plus4K,39,0.1252
Satsunai,left,4,fluvial_scour,plus4K,39.2,0.142
Satsunai,left,4,fluvial_scour,plus4K,39.4,0.155
Satsunai,left,4,fluvial_scour,plus4K,39.6,0.1675
Satsunai,left,4,fluvial_scour,plus4K,39.8,0.1811
Satsunai,left,4,fluvial_scour,plus4K,40,0.194
Satsunai,left,4,fluvial_scour,plus4K,40.2,0.209
Satsunai,left,4,fluvial_scour,plus4K,40.4,0.2242
Satsunai,left,4,fluvial_scour,plus4K,40.6,0.2366
Satsunai,left,4,fluvial_scour,plus4K,40.8,0.252
Satsunai,left,4,fluvial_scour,plus4K,41,0.2663
Satsunai,left,4,fluvial_scour,plus4K,41.2,0.2799
Satsunai,left,4,fluvial_scour,plus4K,41.4,0.29
Satsunai,left,4,fluvial_scour,plus4K,41.6,0.2962
Satsunai,left,4,fluvial_scour,plus4K,41.8,0.3035
Satsunai,left,4,fluvial_scour,plus4K,42,0.3094
Satsunai,left,4,fluvial_scour,plus4K,42.2,0.3136
Satsunai,left,4,fluvial_scour,plus4K,42.4,0.3206
Satsunai,left,4,fluvial_scour,plus4K,42.6,0.325
Satsunai,left,4.2,fluvial_scour,historical,35.4,0
Satsunai,left,4.2,fluvial_scour,historical,35.6,0
Satsunai,left,4.2,fluvial_scour,historical,35.8,0
Satsunai,left,4.2,fluvial_scour,historical,36,0
Satsunai,left,4.2,fluvial_scour,historical,36.2,0
Satsunai,left,4.2,fluvial_scour,historical,36.4,0
Satsunai,left,4.2,fluvial_scour,historical,36.6,0
Satsunai,left,4.2,fluvial_scour,historical,36.8,0
Satsunai,left,4.2,fluvial_scour,historical,37,0.0007
Satsunai,left,4.2,fluvial_scour,historical,37.2,0.0017
Satsunai,left,4.2,fluvial_scour,historical,37.4,0.0048
Satsunai,left,4.2,fluvial_scour,historical,37.6,0.0082
Satsunai,left,4.2,fluvial_scour,historical,37.8,0.0265
Satsunai,left,4.2,fluvial_scour,historical,38,0.0355
Satsunai,left,4.2,fluvial_scour,historical,38.2,0.0443
Satsunai,left,4.2,fluvial_scour,historical,38.4,0.0548
Satsunai,left,4.2,fluvial_scour,historical,38.6,0.0669
Satsunai,left,4.2,fluvial_scour,historical,38.8,0.081
Satsunai,left,4.2,fluvial_scour,historical,39,0.1009
Satsunai,left,4.2,fluvial_scour,historical,39.2,0.1246
Satsunai,left,4.2,fluvial_scour,historical,39.4,0.1437
Satsunai,left,4.2,fluvial_scour,historical,39.6,0.1623
Satsunai,left,4.2,fluvial_scour,historical,39.8,0.1784
Satsunai,left,4.2,fluvial_scour,historical,40,0.1915
Satsunai,left,4.2,fluvial_scour,historical,40.2,0.2057
Satsunai,left,4.2,fluvial_scour,historical,40.4,0.2199
Satsunai,left,4.2,fluvial_scour,historical,40.6,0.2327
Satsunai,left,4.2,fluvial_scour,historical,40.8,0.2487
Satsunai,left,4.2,fluvial_scour,historical,41,0.2647
Satsunai,left,4.2,fluvial_scour,historical,41.2,0.2782
Satsunai,left,4.2,fluvial_scour,historical,41.4,0.2945
Satsunai,left,4.2,fluvial_scour,historical,41.6,0.304
Satsunai,left,4.2,fluvial_scour,historical,41.8,0.3112
Satsunai,left,4.2,fluvial_scour,historical,42,0.3209
Satsunai,left,4.2,fluvial_scour,historical,42.2,0.3259
Satsunai,left,4.2,fluvial_scour,historical,42.4,0.3318
Satsunai,left,4.2,fluvial_scour,historical,42.6,0.3388
Satsunai,left,4.2,fluvial_scour,plus4K,35.4,0
Satsunai,left,4.2,fluvial_scour,plus4K,35.6,0
Satsunai,left,4.2,fluvial_scour,plus4K,35.8,0
Satsunai,left,4.2,fluvial_scour,plus4K,36,0
Satsunai,left,4.2,fluvial_scour,plus4K,36.2,0
Satsunai,left,4.2,fluvial_scour,plus4K,36.4,0
Satsunai,left,4.2,fluvial_scour,plus4K,36.6,0
Satsunai,left,4.2,fluvial_scour,plus4K,36.8,0
Satsunai,left,4.2,fluvial_scour,plus4K,37,0.0007
Satsunai,left,4.2,fluvial_scour,plus4K,37.2,0.0017
Satsunai,left,4.2,fluvial_scour,plus4K,37.4,0.0048
Satsunai,left,4.2,fluvial_scour,plus4K,37.6,0.0082
Satsunai,left,4.2,fluvial_scour,plus4K,37.8,0.0265
Satsunai,left,4.2,fluvial_scour,plus4K,38,0.0355
Satsunai,left,4.2,fluvial_scour,plus4K,38.2,0.0443
Satsunai,left,4.2,fluvial_scour,plus4K,38.4,0.0548
Satsunai,left,4.2,fluvial_scour,plus4K,38.6,0.0669
Satsunai,left,4.2,fluvial_scour,plus4K,38.8,0.081
Satsunai,left,4.2,fluvial_scour,plus4K,39,0.1009
Satsunai,left,4.2,fluvial_scour,plus4K,39.2,0.1246
Satsunai,left,4.2,fluvial_scour,plus4K,39.4,0.1437
Satsunai,left,4.2,fluvial_scour,plus4K,39.6,0.1623
Satsunai,left,4.2,fluvial_scour,plus4K,39.8,0.1784
Satsunai,left,4.2,fluvial_scour,plus4K,40,0.1915
Satsunai,left,4.2,fluvial_scour,plus4K,40.2,0.2057
Satsunai,left,4.2,fluvial_scour,plus4K,40.4,0.2199
Satsunai,left,4.2,fluvial_scour,plus4K,40.6,0.2327
Satsunai,left,4.2,fluvial_scour,plus4K,40.8,0.2487
Satsunai,left,4.2,fluvial_scour,plus4K,41,0.2647
Satsunai,left,4.2,fluvial_scour,plus4K,41.2,0.2782
Satsunai,left,4.2,fluvial_scour,plus4K,41.4,0.2945
Satsunai,left,4.2,fluvial_scour,plus4K,41.6,0.304
Satsunai,left,4.2,fluvial_scour,plus4K,41.8,0.3112
Satsunai,left,4.2,fluvial_scour,plus4K,42,0.3209
Satsunai,left,4.2,fluvial_scour,plus4K,42.2,0.3259
Satsunai,left,4.2,fluvial_scour,plus4K,42.4,0.3318
Satsunai,left,4.2,fluvial_scour,plus4K,42.6,0.3388
Satsunai,left,4.4,fluvial_scour,historical,36.2,0
Satsunai,left,4.4,fluvial_scour,historical,36.4,0
Satsunai,left,4.4,fluvial_scour,historical,36.6,0
Satsunai,left,4.4,fluvial_scour,historical,36.8,0
Satsunai,left,4.4,fluvial_scour,historical,37,0
Satsunai,left,4.4,fluvial_scour,historical,37.2,0
Satsunai,left,4.4,fluvial_scour,historical,37.4,0
Satsunai,left,4.4,fluvial_scour,historical,37.6,0
Satsunai,left,4.4,fluvial_scour,historical,37.8,0.0014
Satsunai,left,4.4,fluvial_scour,historical,38,0.0037
Satsunai,left,4.4,fluvial_scour,historical,38.2,0.0061
Satsunai,left,4.4,fluvial_scour,historical,38.4,0.0107
Satsunai,left,4.4,fluvial_scour,historical,38.6,0.0158
Satsunai,left,4.4,fluvial_scour,historical,38.8,0.0218
Satsunai,left,4.4,fluvial_scour,historical,39,0.0299
Satsunai,left,4.4,fluvial_scour,historical,39.2,0.0397
Satsunai,left,4.4,fluvial_scour,historical,39.4,0.0511
Satsunai,left,4.4,fluvial_scour,historical,39.6,0.065
Satsunai,left,4.4,fluvial_scour,historical,39.8,0.0835
Satsunai,left,4.4,fluvial_scour,historical,40,0.1019
Satsunai,left,4.4,fluvial_scour,historical,40.2,0.1184
Satsunai,left,4.4,fluvial_scour,historical,40.4,0.1322
Satsunai,left,4.4,fluvial_scour,historical,40.6,0.1453
Satsunai,left,4.4,fluvial_scour,historical,40.8,0.1567
Satsunai,left,4.4,fluvial_scour,historical,41,0.1678
Satsunai,left,4.4,fluvial_scour,historical,41.2,0.1797
Satsunai,left,4.4,fluvial_scour,historical,41.4,0.1918
Satsunai,left,4.4,fluvial_scour,historical,41.6,0.2044
Satsunai,left,4.4,fluvial_scour,historical,41.8,0.22
Satsunai,left,4.4,fluvial_scour,historical,42,0.2352
Satsunai,left,4.4,fluvial_scour,historical,42.2,0.2492
Satsunai,left,4.4,fluvial_scour,historical,42.4,0.2587
Satsunai,left,4.4,fluvial_scour,historical,42.6,0.2642
Satsunai,left,4.4,fluvial_scour,historical,42.8,0.2717
Satsunai,left,4.4,fluvial_scour,historical,43,0.2759
Satsunai,left,4.4,fluvial_scour,historical,43.2,0.2805
Satsunai,left,4.4,fluvial_scour,plus4K,36.2,0
Satsunai,left,4.4,fluvial_scour,plus4K,36.4,0
Satsunai,left,4.4,fluvial_scour,plus4K,36.6,0
Satsunai,left,4.4,fluvial_scour,plus4K,36.8,0
Satsunai,left,4.4,fluvial_scour,plus4K,37,0
Satsunai,left,4.4,fluvial_scour,plus4K,37.2,0
Satsunai,left,4.4,fluvial_scour,plus4K,37.4,0
Satsunai,left,4.4,fluvial_scour,plus4K,37.6,0
Satsunai,left,4.4,fluvial_scour,plus4K,37.8,0.0014
Satsunai,left,4.4,fluvial_scour,plus4K,38,0.0037
Satsunai,left,4.4,fluvial_scour,plus4K,38.2,0.0061
Satsunai,left,4.4,fluvial_scour,plus4K,38.4,0.0107
Satsunai,left,4.4,fluvial_scour,plus4K,38.6,0.0158
Satsunai,left,4.4,fluvial_scour,plus4K,38.8,0.0218
Satsunai,left,4.4,fluvial_scour,plus4K,39,0.0299
Satsunai,left,4.4,fluvial_scour,plus4K,39.2,0.0397
Satsunai,left,4.4,fluvial_scour,plus4K,39.4,0.0511
Satsunai,left,4.4,fluvial_scour,plus4K,39.6,0.065
Satsunai,left,4.4,fluvial_scour,plus4K,39.8,0.0835
Satsunai,left,4.4,fluvial_scour,plus4K,40,0.1019
Satsunai,left,4.4,fluvial_scour,plus4K,40.2,0.1184
Satsunai,left,4.4,fluvial_scour,plus4K,40.4,0.1322
Satsunai,left,4.4,fluvial_scour,plus4K,40.6,0.1453
Satsunai,left,4.4,fluvial_scour,plus4K,40.8,0.1567
Satsunai,left,4.4,fluvial_scour,plus4K,41,0.1678
Satsunai,left,4.4,fluvial_scour,plus4K,41.2,0.1797
Satsunai,left,4.4,fluvial_scour,plus4K,41.4,0.1918
Satsunai,left,4.4,fluvial_scour,plus4K,41.6,0.2044
Satsunai,left,4.4,fluvial_scour,plus4K,41.8,0.22
Satsunai,left,4.4,fluvial_scour,plus4K,42,0.2352
Satsunai,left,4.4,fluvial_scour,plus4K,42.2,0.2492
Satsunai,left,4.4,fluvial_scour,plus4K,42.4,0.2587
Satsunai,left,4.4,fluvial_scour,plus4K,42.6,0.2642
Satsunai,left,4.4,fluvial_scour,plus4K,42.8,0.2717
Satsunai,left,4.4,fluvial_scour,plus4K,43,0.2759
Satsunai,left,4.4,fluvial_scour,plus4K,43.2,0.2805
Satsunai,left,4.6,fluvial_scour,historical,37.2,0
Satsunai,left,4.6,fluvial_scour,historical,37.4,0
Satsunai,left,4.6,fluvial_scour,historical,37.6,0
Satsunai,left,4.6,fluvial_scour,historical,37.8,0
Satsunai,left,4.6,fluvial_scour,historical,38,0
Satsunai,left,4.6,fluvial_scour,historical,38.2,0
Satsunai,left,4.6,fluvial_scour,historical,38.4,0
Satsunai,left,4.6,fluvial_scour,historical,38.6,0
Satsunai,left,4.6,fluvial_scour,historical,38.8,0.0002
Satsunai,left,4.6,fluvial_scour,historical,39,0.0009
Satsunai,left,4.6,fluvial_scour,historical,39.2,0.0035
Satsunai,left,4.6,fluvial_scour,historical,39.4,0.0074
Satsunai,left,4.6,fluvial_scour,historical,39.6,0.0119
Satsunai,left,4.6,fluvial_scour,historical,39.8,0.0235
Satsunai,left,4.6,fluvial_scour,historical,40,0.0337
Satsunai,left,4.6,fluvial_scour,historical,40.2,0.0475
Satsunai,left,4.6,fluvial_scour,historical,40.4,0.0633
Satsunai,left,4.6,fluvial_scour,historical,40.6,0.0807
Satsunai,left,4.6,fluvial_scour,historical,40.8,0.0974
Satsunai,left,4.6,fluvial_scour,historical,41,0.1108
Satsunai,left,4.6,fluvial_scour,historical,41.2,0.1236
Satsunai,left,4.6,fluvial_scour,historical,41.4,0.1359
Satsunai,left,4.6,fluvial_scour,historical,41.6,0.1466
Satsunai,left,4.6,fluvial_scour,historical,41.8,0.1547
Satsunai,left,4.6,fluvial_scour,historical,42,0.1653
Satsunai,left,4.6,fluvial_scour,historical,42.2,0.1733
Satsunai,left,4.6,fluvial_scour,historical,42.4,0.1847
Satsunai,left,4.6,fluvial_scour,historical,42.6,0.1971
Satsunai,left,4.6,fluvial_scour,historical,42.8,0.2117
Satsunai,left,4.6,fluvial_scour,historical,43,0.2276
Satsunai,left,4.6,fluvial_scour,historical,43.2,0.2384
Satsunai,left,4.6,fluvial_scour,historical,43.4,0.2456
Satsunai,left,4.6,fluvial_scour,historical,43.6,0.2507
Satsunai,left,4.6,fluvial_scour,historical,43.8,0.2577
Satsunai,left,4.6,fluvial_scour,plus4K,37.2,0
Satsunai,left,4.6,fluvial_scour,plus4K,37.4,0
Satsunai,left,4.6,fluvial_scour,plus4K,37.6,0
Satsunai,left,4.6,fluvial_scour,plus4K,37.8,0
Satsunai,left,4.6,fluvial_scour,plus4K,38,0
Satsunai,left,4.6,fluvial_scour,plus4K,38.2,0
Satsunai,left,4.6,fluvial_scour,plus4K,38.4,0
Satsunai,left,4.6,fluvial_scour,plus4K,38.6,0
Satsunai,left,4.6,fluvial_scour,plus4K,38.8,0.0002
Satsunai,left,4.6,fluvial_scour,plus4K,39,0.0009
Satsunai,left,4.6,fluvial_scour,plus4K,39.2,0.0035
Satsunai,left,4.6,fluvial_scour,plus4K,39.4,0.0074
Satsunai,left,4.6,fluvial_scour,plus4K,39.6,0.0119
Satsunai,left,4.6,fluvial_scour,plus4K,39.8,0.0235
Satsunai,left,4.6,fluvial_scour,plus4K,40,0.0337
Satsunai,left,4.6,fluvial_scour,plus4K,40.2,0.0475
Satsunai,left,4.6,fluvial_scour,plus4K,40.4,0.0633
Satsunai,left,4.6,fluvial_scour,plus4K,40.6,0.0807
Satsunai,left,4.6,fluvial_scour,plus4K,40.8,0.0974
Satsunai,left,4.6,fluvial_scour,plus4K,41,0.1108
Satsunai,left,4.6,fluvial_scour,plus4K,41.2,0.1236
Satsunai,left,4.6,fluvial_scour,plus4K,41.4,0.1359
Satsunai,left,4.6,fluvial_scour,plus4K,41.6,0.1466
Satsunai,left,4.6,fluvial_scour,plus4K,41.8,0.1547
Satsunai,left,4.6,fluvial_scour,plus4K,42,0.1653
Satsunai,left,4.6,fluvial_scour,plus4K,42.2,0.1733
Satsunai,left,4.6,fluvial_scour,plus4K,42.4,0.1847
Satsunai,left,4.6,fluvial_scour,plus4K,42.6,0.1971
Satsunai,left,4.6,fluvial_scour,plus4K,42.8,0.2117
Satsunai,left,4.6,fluvial_scour,plus4K,43,0.2276
Satsunai,left,4.6,fluvial_scour,plus4K,43.2,0.2384
Satsunai,left,4.6,fluvial_scour,plus4K,43.4,0.2456
Satsunai,left,4.6,fluvial_scour,plus4K,43.6,0.2507
Satsunai,left,4.6,fluvial_scour,plus4K,43.8,0.2577
Satsunai,left,4.8,fluvial_scour,historical,37.6,0
Satsunai,left,4.8,fluvial_scour,historical,37.8,0
Satsunai,left,4.8,fluvial_scour,historical,38,0
Satsunai,left,4.8,fluvial_scour,historical,38.2,0
Satsunai,left,4.8,fluvial_scour,historical,38.4,0
Satsunai,left,4.8,fluvial_scour,historical,38.6,0
Satsunai,left,4.8,fluvial_scour,historical,38.8,0
Satsunai,left,4.8,fluvial_scour,historical,39,0
Satsunai,left,4.8,fluvial_scour,historical,39.2,0.0002
Satsunai,left,4.8,fluvial_scour,historical,39.4,0.0005
Satsunai,left,4.8,fluvial_scour,historical,39.6,0.0023
Satsunai,left,4.8,fluvial_scour,historical,39.8,0.0054
Satsunai,left,4.8,fluvial_scour,historical,40,0.0088
Satsunai,left,4.8,fluvial_scour,historical,40.2,0.0255
Satsunai,left,4.8,fluvial_scour,historical,40.4,0.0336
Satsunai,left,4.8,fluvial_scour,historical,40.6,0.0444
Satsunai,left,4.8,fluvial_scour,historical,40.8,0.0562
Satsunai,left,4.8,fluvial_scour,historical,41,0.072
Satsunai,left,4.8,fluvial_scour,historical,41.2,0.0897
Satsunai,left,4.8,fluvial_scour,historical,41.4,0.1065
Satsunai,left,4.8,fluvial_scour,historical,41.6,0.1218
Satsunai,left,4.8,fluvial_scour,historical,41.8,0.1342
Satsunai,left,4.8,fluvial_scour,historical,42,0.1469
Satsunai,left,4.8,fluvial_scour,historical,42.2,0.1583
Satsunai,left,4.8,fluvial_scour,historical,42.4,0.1688
Satsunai,left,4.8,fluvial_scour,historical,42.6,0.1795
Satsunai,left,4.8,fluvial_scour,historical,42.8,0.1923
Satsunai,left,4.8,fluvial_scour,historical,43,0.2051
Satsunai,left,4.8,fluvial_scour,historical,43.2,0.2198
Satsunai,left,4.8,fluvial_scour,historical,43.4,0.2348
Satsunai,left,4.8,fluvial_scour,historical,43.6,0.2474
Satsunai,left,4.8,fluvial_scour,historical,43.8,0.2573
Satsunai,left,4.8,fluvial_scour,historical,44,0.2619
Satsunai,left,4.8,fluvial_scour,historical,44.2,0.2699
Satsunai,left,4.8,fluvial_scour,plus4K,37.6,0
Satsunai,left,4.8,fluvial_scour,plus4K,37.8,0
Satsunai,left,4.8,fluvial_scour,plus4K,38,0
Satsunai,left,4.8,fluvial_scour,plus4K,38.2,0
Satsunai,left,4.8,fluvial_scour,plus4K,38.4,0
Satsunai,left,4.8,fluvial_scour,plus4K,38.6,0
Satsunai,left,4.8,fluvial_scour,plus4K,38.8,0
Satsunai,left,4.8,fluvial_scour,plus4K,39,0
Satsunai,left,4.8,fluvial_scour,plus4K,39.2,0.0002
Satsunai,left,4.8,fluvial_scour,plus4K,39.4,0.0005
Satsunai,left,4.8,fluvial_scour,plus4K,39.6,0.0023
Satsunai,left,4.8,fluvial_scour,plus4K,39.8,0.0054
Satsunai,left,4.8,fluvial_scour,plus4K,40,0.0088
Satsunai,left,4.8,fluvial_scour,plus4K,40.2,0.0255
Satsunai,left,4.8,fluvial_scour,plus4K,40.4,0.0336
Satsunai,left,4.8,fluvial_scour,plus4K,40.6,0.0444
Satsunai,left,4.8,fluvial_scour,plus4K,40.8,0.0562
Satsunai,left,4.8,fluvial_scour,plus4K,41,0.072
Satsunai,left,4.8,fluvial_scour,plus4K,41.2,0.0897
Satsunai,left,4.8,fluvial_scour,plus4K,41.4,0.1065
Satsunai,left,4.8,fluvial_scour,plus4K,41.6,0.1218
Satsunai,left,4.8,fluvial_scour,plus4K,41.8,0.1342
Satsunai,left,4.8,fluvial_scour,plus4K,42,0.1469
Satsunai,left,4.8,fluvial_scour,plus4K,42.2,0.1583
Satsunai,left,4.8,fluvial_scour,plus4K,42.4,0.1688
Satsunai,left,4.8,fluvial_scour,plus4K,42.6,0.1795
Satsunai,left,4.8,fluvial_scour,plus4K,42.8,0.1923
Satsunai,left,4.8,fluvial_scour,plus4K,43,0.2051
Satsunai,left,4.8,fluvial_scour,plus4K,43.2,0.2198
Satsunai,left,4.8,fluvial_scour,plus4K,43.4,0.2348
Satsunai,left,4.8,fluvial_scour,plus4K,43.6,0.2474
Satsunai,left,4.8,fluvial_scour,plus4K,43.8,0.2573
Satsunai,left,4.8,fluvial_scour,plus4K,44,0.2619
Satsunai,left,4.8,fluvial_scour,plus4K,44.2,0.2699
Satsunai,left,5,fluvial_scour,historical,38.4,0
Satsunai,left,5,fluvial_scour,historical,38.6,0
Satsunai,left,5,fluvial_scour,historical,38.8,0
Satsunai,left,5,fluvial_scour,historical,39,0
Satsunai,left,5,fluvial_scour,historical,39.2,0
Satsunai,left,5,fluvial_scour,historical,39.4,0
Satsunai,left,5,fluvial_scour,historical,39.6,0
Satsunai,left,5,fluvial_scour,historical,39.8,0
Satsunai,left,5,fluvial_scour,historical,40,0.0001
Satsunai,left,5,fluvial_scour,historical,40.2,0.0003
Satsunai,left,5,fluvial_scour,historical,40.4,0.0014
Satsunai,left,5,fluvial_scour,historical,40.6,0.0027
Satsunai,left,5,fluvial_scour,historical,40.8,0.0058
Satsunai,left,5,fluvial_scour,historical,41,0.0135
Satsunai,left,5,fluvial_scour,historical,41.2,0.0216
Satsunai,left,5,fluvial_scour,historical,41.4,0.0318
Satsunai,left,5,fluvial_scour,historical,41.6,0.0446
Satsunai,left,5,fluvial_scour,historical,41.8,0.0642
Satsunai,left,5,fluvial_scour,historical,42,0.0784
Satsunai,left,5,fluvial_scour,historical,42.2,0.0911
Satsunai,left,5,fluvial_scour,historical,42.4,0.1038
Satsunai,left,5,fluvial_scour,historical,42.6,0.1113
Satsunai,left,5,fluvial_scour,historical,42.8,0.1193
Satsunai,left,5,fluvial_scour,historical,43,0.1306
Satsunai,left,5,fluvial_scour,historical,43.2,0.1386
Satsunai,left,5,fluvial_scour,historical,43.4,0.1474
Satsunai,left,5,fluvial_scour,historical,43.6,0.1575
Satsunai,left,5,fluvial_scour,historical,43.8,0.1668
Satsunai,left,5,fluvial_scour,historical,44,0.1773
Satsunai,left,5,fluvial_scour,historical,44.2,0.1901
Satsunai,left,5,fluvial_scour,historical,44.4,0.2039
Satsunai,left,5,fluvial_scour,historical,44.6,0.2123
Satsunai,left,5,fluvial_scour,historical,44.8,0.2197
Satsunai,left,5,fluvial_scour,historical,45,0.2246
Satsunai,left,5,fluvial_scour,plus4K,38.4,0
Satsunai,left,5,fluvial_scour,plus4K,38.6,0
Satsunai,left,5,fluvial_scour,plus4K,38.8,0
Satsunai,left,5,fluvial_scour,plus4K,39,0
Satsunai,left,5,fluvial_scour,plus4K,39.2,0
Satsunai,left,5,fluvial_scour,plus4K,39.4,0
Satsunai,left,5,fluvial_scour,plus4K,39.6,0
Satsunai,left,5,fluvial_scour,plus4K,39.8,0
Satsunai,left,5,fluvial_scour,plus4K,40,0.0001
Satsunai,left,5,fluvial_scour,plus4K,40.2,0.0003
Satsunai,left,5,fluvial_scour,plus4K,40.4,0.0014
Satsunai,left,5,fluvial_scour,plus4K,40.6,0.0027
Satsunai,left,5,fluvial_scour,plus4K,40.8,0.0058
Satsunai,left,5,fluvial_scour,plus4K,41,0.0135
Satsunai,left,5,fluvial_scour,plus4K,41.2,0.0216
Satsunai,left,5,fluvial_scour,plus4K,41.4,0.0318
Satsunai,left,5,fluvial_scour,plus4K,41.6,0.0446
Satsunai,left,5,fluvial_scour,plus4K,41.8,0.0642
Satsunai,left,5,fluvial_scour,plus4K,42,0.0784
Satsunai,left,5,fluvial_scour,plus4K,42.2,0.0911
Satsunai,left,5,fluvial_scour,plus4K,42.4,0.1038
Satsunai,left,5,fluvial_scour,plus4K,42.6,0.1113
Satsunai,left,5,fluvial_scour,plus4K,42.8,0.1193
Satsunai,left,5,fluvial_scour,plus4K,43,0.1306
Satsunai,left,5,fluvial_scour,plus4K,43.2,0.1386
Satsunai,left,5,fluvial_scour,plus4K,43.4,0.1474
Satsunai,left,5,fluvial_scour,plus4K,43.6,0.1575
Satsunai,left,5,fluvial_scour,plus4K,43.8,0.1668
Satsunai,left,5,fluvial_scour,plus4K,44,0.1773
Satsunai,left,5,fluvial_scour,plus4K,44.2,0.1901
Satsunai,left,5,fluvial_scour,plus4K,44.4,0.2039
Satsunai,left,5,fluvial_scour,plus4K,44.6,0.2123
Satsunai,left,5,fluvial_scour,plus4K,44.8,0.2197
Satsunai,left,5,fluvial_scour,plus4K,45,0.2246
Satsunai,left,5.2,fluvial_scour,historical,39.2,0
Satsunai,left,5.2,fluvial_scour,historical,39.4,0
Satsunai,left,5.2,fluvial_scour,historical,39.6,0
Satsunai,left,5.2,fluvial_scour,historical,39.8,0
Satsunai,left,5.2,fluvial_scour,historical,40,0
Satsunai,left,5.2,fluvial_scour,historical,40.2,0
Satsunai,left,5.2,fluvial_scour,historical,40.4,0
Satsunai,left,5.2,fluvial_scour,historical,40.6,0
Satsunai,left,5.2,fluvial_scour,historical,40.8,0
Satsunai,left,5.2,fluvial_scour,historical,41,0.0006
Satsunai,left,5.2,fluvial_scour,historical,41.2,0.0014
Satsunai,left,5.2,fluvial_scour,historical,41.4,0.0039
Satsunai,left,5.2,fluvial_scour,historical,41.6,0.0071
Satsunai,left,5.2,fluvial_scour,historical,41.8,0.0183
Satsunai,left,5.2,fluvial_scour,historical,42,0.0285
Satsunai,left,5.2,fluvial_scour,historical,42.2,0.0392
Satsunai,left,5.2,fluvial_scour,historical,42.4,0.0533
Satsunai,left,5.2,fluvial_scour,historical,42.6,0.0704
Satsunai,left,5.2,fluvial_scour,historical,42.8,0.0844
Satsunai,left,5.2,fluvial_scour,historical,43,0.0993
Satsunai,left,5.2,fluvial_scour,historical,43.2,0.1111
Satsunai,left,5.2,fluvial_scour,historical,43.4,0.124
Satsunai,left,5.2,fluvial_scour,historical,43.6,0.1352
Satsunai,left,5.2,fluvial_scour,historical,43.8,0.1431
Satsunai,left,5.2,fluvial_scour,historical,44,0.1542
Satsunai,left,5.2,fluvial_scour,historical,44.2,0.1646
Satsunai,left,5.2,fluvial_scour,historical,44.4,0.176
Satsunai,left,5.2,fluvial_scour,historical,44.6,0.1881
Satsunai,left,5.2,fluvial_scour,historical,44.8,0.2017
Satsunai,left,5.2,fluvial_scour,historical,45,0.2143
Satsunai,left,5.2,fluvial_scour,historical,45.2,0.2247
Satsunai,left,5.2,fluvial_scour,historical,45.4,0.233
Satsunai,left,5.2,fluvial_scour,historical,45.6,0.2366
Satsunai,left,5.2,fluvial_scour,historical,45.8,0.2431
Satsunai,left,5.2,fluvial_scour,plus4K,39.2,0
Satsunai,left,5.2,fluvial_scour,plus4K,39.4,0
Satsunai,left,5.2,fluvial_scour,plus4K,39.6,0
Satsunai,left,5.2,fluvial_scour,plus4K,39.8,0
Satsunai,left,5.2,fluvial_scour,plus4K,40,0
Satsunai,left,5.2,fluvial_scour,plus4K,40.2,0
Satsunai,left,5.2,fluvial_scour,plus4K,40.4,0
Satsunai,left,5.2,fluvial_scour,plus4K,40.6,0
Satsunai,left,5.2,fluvial_scour,plus4K,40.8,0
Satsunai,left,5.2,fluvial_scour,plus4K,41,0.0006
Satsunai,left,5.2,fluvial_scour,plus4K,41.2,0.0014
Satsunai,left,5.2,fluvial_scour,plus4K,41.4,0.0039
Satsunai,left,5.2,fluvial_scour,plus4K,41.6,0.0071
Satsunai,left,5.2,fluvial_scour,plus4K,41.8,0.0183
Satsunai,left,5.2,fluvial_scour,plus4K,42,0.0285
Satsunai,left,5.2,fluvial_scour,plus4K,42.2,0.0392
Satsunai,left,5.2,fluvial_scour,plus4K,42.4,0.0533
Satsunai,left,5.2,fluvial_scour,plus4K,42.6,0.0704
Satsunai,left,5.2,fluvial_scour,plus4K,42.8,0.0844
Satsunai,left,5.2,fluvial_scour,plus4K,43,0.0993
Satsunai,left,5.2,fluvial_scour,plus4K,43.2,0.1111
Satsunai,left,5.2,fluvial_scour,plus4K,43.4,0.124
Satsunai,left,5.2,fluvial_scour,plus4K,43.6,0.1352
Satsunai,left,5.2,fluvial_scour,plus4K,43.8,0.1431
Satsunai,left,5.2,fluvial_scour,plus4K,44,0.1542
Satsunai,left,5.2,fluvial_scour,plus4K,44.2,0.1646
Satsunai,left,5.2,fluvial_scour,plus4K,44.4,0.176
Satsunai,left,5.2,fluvial_scour,plus4K,44.6,0.1881
Satsunai,left,5.2,fluvial_scour,plus4K,44.8,0.2017
Satsunai,left,5.2,fluvial_scour,plus4K,45,0.2143
Satsunai,left,5.2,fluvial_scour,plus4K,45.2,0.2247
Satsunai,left,5.2,fluvial_scour,plus4K,45.4,0.233
Satsunai,left,5.2,fluvial_scour,plus4K,45.6,0.2366
Satsunai,left,5.2,fluvial_scour,plus4K,45.8,0.2431
Satsunai,left,5.4,fluvial_scour,historical,39.8,0
Satsunai,left,5.4,fluvial_scour,historical,40,0
Satsunai,left,5.4,fluvial_scour,historical,40.2,0
Satsunai,left,5.4,fluvial_scour,historical,40.4,0
Satsunai,left,5.4,fluvial_scour,historical,40.6,0
Satsunai,left,5.4,fluvial_scour,historical,40.8,0
Satsunai,left,5.4,fluvial_scour,historical,41,0
Satsunai,left,5.4,fluvial_scour,historical,41.2,0
Satsunai,left,5.4,fluvial_scour,historical,41.4,0
Satsunai,left,5.4,fluvial_scour,historical,41.6,0.001
Satsunai,left,5.4,fluvial_scour,historical,41.8,0.0019
Satsunai,left,5.4,fluvial_scour,historical,42,0.0042
Satsunai,left,5.4,fluvial_scour,historical,42.2,0.0078
Satsunai,left,5.4,fluvial_scour,historical,42.4,0.0129
Satsunai,left,5.4,fluvial_scour,historical,42.6,0.0276
Satsunai,left,5.4,fluvial_scour,historical,42.8,0.0366
Satsunai,left,5.4,fluvial_scour,historical,43,0.049
Satsunai,left,5.4,fluvial_scour,historical,43.2,0.0629
Satsunai,left,5.4,fluvial_scour,historical,43.4,0.0799
Satsunai,left,5.4,fluvial_scour,historical,43.6,0.0962
Satsunai,left,5.4,fluvial_scour,historical,43.8,0.1074
Satsunai,left,5.4,fluvial_scour,historical,44,0.1223
Satsunai,left,5.4,fluvial_scour,historical,44.2,0.1308
Satsunai,left,5.4,fluvial_scour,historical,44.4,0.1384
Satsunai,left,5.4,fluvial_scour,historical,44.6,0.1477
Satsunai,left,5.4,fluvial_scour,historical,44.8,0.155
Satsunai,left,5.4,fluvial_scour,historical,45,0.1654
Satsunai,left,5.4,fluvial_scour,historical,45.2,0.1777
Satsunai,left,5.4,fluvial_scour,historical,45.4,0.19
Satsunai,left,5.4,fluvial_scour,historical,45.6,0.2044
Satsunai,left,5.4,fluvial_scour,historical,45.8,0.2153
Satsunai,left,5.4,fluvial_scour,historical,46,0.2236
Satsunai,left,5.4,fluvial_scour,historical,46.2,0.2296
Satsunai,left,5.4,fluvial_scour,historical,46.4,0.2389
Satsunai,left,5.4,fluvial_scour,historical,46.6,0.2426
Satsunai,left,5.4,fluvial_scour,plus4K,39.8,0
Satsunai,left,5.4,fluvial_scour,plus4K,40,0
Satsunai,left,5.4,fluvial_scour,plus4K,40.2,0
Satsunai,left,5.4,fluvial_scour,plus4K,40.4,0
Satsunai,left,5.4,fluvial_scour,plus4K,40.6,0
Satsunai,left,5.4,fluvial_scour,plus4K,40.8,0
Satsunai,left,5.4,fluvial_scour,plus4K,41,0
Satsunai,left,5.4,fluvial_scour,plus4K,41.2,0
Satsunai,left,5.4,fluvial_scour,plus4K,41.4,0
Satsunai,left,5.4,fluvial_scour,plus4K,41.6,0.001
Satsunai,left,5.4,fluvial_scour,plus4K,41.8,0.0019
Satsunai,left,5.4,fluvial_scour,plus4K,42,0.0042
Satsunai,left,5.4,fluvial_scour,plus4K,42.2,0.0078
Satsunai,left,5.4,fluvial_scour,plus4K,42.4,0.0129
Satsunai,left,5.4,fluvial_scour,plus4K,42.6,0.0276
Satsunai,left,5.4,fluvial_scour,plus4K,42.8,0.0366
Satsunai,left,5.4,fluvial_scour,plus4K,43,0.049
Satsunai,left,5.4,fluvial_scour,plus4K,43.2,0.0629
Satsunai,left,5.4,fluvial_scour,plus4K,43.4,0.0799
Satsunai,left,5.4,fluvial_scour,plus4K,43.6,0.0962
Satsunai,left,5.4,fluvial_scour,plus4K,43.8,0.1074
Satsunai,left,5.4,fluvial_scour,plus4K,44,0.1223
Satsunai,left,5.4,fluvial_scour,plus4K,44.2,0.1308
Satsunai,left,5.4,fluvial_scour,plus4K,44.4,0.1384
Satsunai,left,5.4,fluvial_scour,plus4K,44.6,0.1477
Satsunai,left,5.4,fluvial_scour,plus4K,44.8,0.155
Satsunai,left,5.4,fluvial_scour,plus4K,45,0.1654
Satsunai,left,5.4,fluvial_scour,plus4K,45.2,0.1777
Satsunai,left,5.4,fluvial_scour,plus4K,45.4,0.19
Satsunai,left,5.4,fluvial_scour,plus4K,45.6,0.2044
Satsunai,left,5.4,fluvial_scour,plus4K,45.8,0.2153
Satsunai,left,5.4,fluvial_scour,plus4K,46,0.2236
Satsunai,left,5.4,fluvial_scour,plus4K,46.2,0.2296
Satsunai,left,5.4,fluvial_scour,plus4K,46.4,0.2389
Satsunai,left,5.4,fluvial_scour,plus4K,46.6,0.2426
Satsunai,left,5.6,fluvial_scour,historical,40.4,0
Satsunai,left,5.6,fluvial_scour,historical,40.6,0
Satsunai,left,5.6,fluvial_scour,historical,40.8,0
Satsunai,left,5.6,fluvial_scour,historical,41,0
Satsunai,left,5.6,fluvial_scour,historical,41.2,0
Satsunai,left,5.6,fluvial_scour,historical,41.4,0
Satsunai,left,5.6,fluvial_scour,historical,41.6,0
Satsunai,left,5.6,fluvial_scour,historical,41.8,0
Satsunai,left,5.6,fluvial_scour,historical,42,0
Satsunai,left,5.6,fluvial_scour,historical,42.2,0
Satsunai,left,5.6,fluvial_scour,historical,42.4,0
Satsunai,left,5.6,fluvial_scour,historical,42.6,0.0025
Satsunai,left,5.6,fluvial_scour,historical,42.8,0.0085
Satsunai,left,5.6,fluvial_scour,historical,43,0.0149
Satsunai,left,5.6,fluvial_scour,historical,43.2,0.0236
Satsunai,left,5.6,fluvial_scour,historical,43.4,0.0339
Satsunai,left,5.6,fluvial_scour,historical,43.6,0.0509
Satsunai,left,5.6,fluvial_scour,historical,43.8,0.0676
Satsunai,left,5.6,fluvial_scour,historical,44,0.0809
Satsunai,left,5.6,fluvial_scour,historical,44.2,0.0931
Satsunai,left,5.6,fluvial_scour,historical,44.4,0.1039
Satsunai,left,5.6,fluvial_scour,historical,44.6,0.1149
Satsunai,left,5.6,fluvial_scour,historical,44.8,0.1268
Satsunai,left,5.6,fluvial_scour,historical,45,0.1324
Satsunai,left,5.6,fluvial_scour,historical,45.2,0.1414
Satsunai,left,5.6,fluvial_scour,historical,45.4,0.1534
Satsunai,left,5.6,fluvial_scour,historical,45.6,0.163
Satsunai,left,5.6,fluvial_scour,historical,45.8,0.1759
Satsunai,left,5.6,fluvial_scour,historical,46,0.1887
Satsunai,left,5.6,fluvial_scour,historical,46.2,0.2016
Satsunai,left,5.6,fluvial_scour,historical,46.4,0.209
Satsunai,left,5.6,fluvial_scour,historical,46.6,0.2164
Satsunai,left,5.6,fluvial_scour,historical,46.8,0.224
Satsunai,left,5.6,fluvial_scour,historical,47,0.2287
Satsunai,left,5.6,fluvial_scour,historical,47.2,0.2335
Satsunai,left,5.6,fluvial_scour,plus4K,40.4,0
Satsunai,left,5.6,fluvial_scour,plus4K,40.6,0
Satsunai,left,5.6,fluvial_scour,plus4K,40.8,0
Satsunai,left,5.6,fluvial_scour,plus4K,41,0
Satsunai,left,5.6,fluvial_scour,plus4K,41.2,0
Satsunai,left,5.6,fluvial_scour,plus4K,41.4,0
Satsunai,left,5.6,fluvial_scour,plus4K,41.6,0
Satsunai,left,5.6,fluvial_scour,plus4K,41.8,0
Satsunai,left,5.6,fluvial_scour,plus4K,42,0
Satsunai,left,5.6,fluvial_scour,plus4K,42.2,0
Satsunai,left,5.6,fluvial_scour,plus4K,42.4,0
Satsunai,left,5.6,fluvial_scour,plus4K,42.6,0.0025
Satsunai,left,5.6,fluvial_scour,plus4K,42.8,0.0085
Satsunai,left,5.6,fluvial_scour,plus4K,43,0.0149
Satsunai,left,5.6,fluvial_scour,plus4K,43.2,0.0236
Satsunai,left,5.6,fluvial_scour,plus4K,43.4,0.0339
Satsunai,left,5.6,fluvial_scour,plus4K,43.6,0.0509
Satsunai,left,5.6,fluvial_scour,plus4K,43.8,0.0676
Satsunai,left,5.6,fluvial_scour,plus4K,44,0.0809
Satsunai,left,5.6,fluvial_scour,plus4K,44.2,0.0931
Satsunai,left,5.6,fluvial_scour,plus4K,44.4,0.1039
Satsunai,left,5.6,fluvial_scour,plus4K,44.6,0.1149
Satsunai,left,5.6,fluvial_scour,plus4K,44.8,0.1268
Satsunai,left,5.6,fluvial_scour,plus4K,45,0.1324
Satsunai,left,5.6,fluvial_scour,plus4K,45.2,0.1414
Satsunai,left,5.6,fluvial_scour,plus4K,45.4,0.1534
Satsunai,left,5.6,fluvial_scour,plus4K,45.6,0.163
Satsunai,left,5.6,fluvial_scour,plus4K,45.8,0.1759
Satsunai,left,5.6,fluvial_scour,plus4K,46,0.1887
Satsunai,left,5.6,fluvial_scour,plus4K,46.2,0.2016
Satsunai,left,5.6,fluvial_scour,plus4K,46.4,0.209
Satsunai,left,5.6,fluvial_scour,plus4K,46.6,0.2164
Satsunai,left,5.6,fluvial_scour,plus4K,46.8,0.224
Satsunai,left,5.6,fluvial_scour,plus4K,47,0.2287
Satsunai,left,5.6,fluvial_scour,plus4K,47.2,0.2335
Satsunai,left,5.8,fluvial_scour,historical,41,0
Satsunai,left,5.8,fluvial_scour,historical,41.2,0
Satsunai,left,5.8,fluvial_scour,historical,41.4,0
Satsunai,left,5.8,fluvial_scour,historical,41.6,0
Satsunai,left,5.8,fluvial_scour,historical,41.8,0
Satsunai,left,5.8,fluvial_scour,historical,42,0
Satsunai,left,5.8,fluvial_scour,historical,42.2,0
Satsunai,left,5.8,fluvial_scour,historical,42.4,0
Satsunai,left,5.8,fluvial_scour,historical,42.6,0
Satsunai,left,5.8,fluvial_scour,historical,42.8,0.0004
Satsunai,left,5.8,fluvial_scour,historical,43,0.001
Satsunai,left,5.8,fluvial_scour,historical,43.2,0.0032
Satsunai,left,5.8,fluvial_scour,historical,43.4,0.0064
Satsunai,left,5.8,fluvial_scour,historical,43.6,0.0114
Satsunai,left,5.8,fluvial_scour,historical,43.8,0.0237
Satsunai,left,5.8,fluvial_scour,historical,44,0.0336
Satsunai,left,5.8,fluvial_scour,historical,44.2,0.0465
Satsunai,left,5.8,fluvial_scour,historical,44.4,0.0608
Satsunai,left,5.8,fluvial_scour,historical,44.6,0.0742
Satsunai,left,5.8,fluvial_scour,historical,44.8,0.0887
Satsunai,left,5.8,fluvial_scour,historical,45,0.1001
Satsunai,left,5.8,fluvial_scour,historical,45.2,0.1092
Satsunai,left,5.8,fluvial_scour,historical,45.4,0.1171
Satsunai,left,5.8,fluvial_scour,historical,45.6,0.1281
Satsunai,left,5.8,fluvial_scour,historical,45.8,0.1347
Satsunai,left,5.8,fluvial_scour,historical,46,0.1436
Satsunai,left,5.8,fluvial_scour,historical,46.2,0.1527
Satsunai,left,5.8,fluvial_scour,historical,46.4,0.1628
Satsunai,left,5.8,fluvial_scour,historical,46.6,0.1756
Satsunai,left,5.8,fluvial_scour,historical,46.8,0.1879
Satsunai,left,5.8,fluvial_scour,historical,47,0.2006
Satsunai,left,5.8,fluvial_scour,historical,47.2,0.2109
Satsunai,left,5.8,fluvial_scour,historical,47.4,0.2184
Satsunai,left,5.8,fluvial_scour,historical,47.6,0.2224
Satsunai,left,5.8,fluvial_scour,historical,47.8,0.2291
Satsunai,left,5.8,fluvial_scour,plus4K,41,0
Satsunai,left,5.8,fluvial_scour,plus4K,41.2,0
Satsunai,left,5.8,fluvial_scour,plus4K,41.4,0
Satsunai,left,5.8,fluvial_scour,plus4K,41.6,0
Satsunai,left,5.8,fluvial_scour,plus4K,41.8,0
Satsunai,left,5.8,fluvial_scour,plus4K,42,0
Satsunai,left,5.8,fluvial_scour,plus4K,42.2,0
Satsunai,left,5.8,fluvial_scour,plus4K,42.4,0
Satsunai,left,5.8,fluvial_scour,plus4K,42.6,0
Satsunai,left,5.8,fluvial_scour,plus4K,42.8,0.0004
Satsunai,left,5.8,fluvial_scour,plus4K,43,0.001
Satsunai,left,5.8,fluvial_scour,plus4K,43.2,0.0032
Satsunai,left,5.8,fluvial_scour,plus4K,43.4,0.0064
Satsunai,left,5.8,fluvial_scour,plus4K,43.6,0.0114
Satsunai,left,5.8,fluvial_scour,plus4K,43.8,0.0237
Satsunai,left,5.8,fluvial_scour,plus4K,44,0.0336
Satsunai,left,5.8,fluvial_scour,plus4K,44.2,0.0465
Satsunai,left,5.8,fluvial_scour,plus4K,44.4,0.0608
Satsunai,left,5.8,fluvial_scour,plus4K,44.6,0.0742
Satsunai,left,5.8,fluvial_scour,plus4K,44.8,0.0887
Satsunai,left,5.8,fluvial_scour,plus4K,45,0.1001
Satsunai,left,5.8,fluvial_scour,plus4K,45.2,0.1092
Satsunai,left,5.8,fluvial_scour,plus4K,45.4,0.1171
Satsunai,left,5.8,fluvial_scour,plus4K,45.6,0.1281
Satsunai,left,5.8,fluvial_scour,plus4K,45.8,0.1347
Satsunai,left,5.8,fluvial_scour,plus4K,46,0.1436
Satsunai,left,5.8,fluvial_scour,plus4K,46.2,0.1527
Satsunai,left,5.8,fluvial_scour,plus4K,46.4,0.1628
Satsunai,left,5.8,fluvial_scour,plus4K,46.6,0.1756
Satsunai,left,5.8,fluvial_scour,plus4K,46.8,0.1879
Satsunai,left,5.8,fluvial_scour,plus4K,47,0.2006
Satsunai,left,5.8,fluvial_scour,plus4K,47.2,0.2109
Satsunai,left,5.8,fluvial_scour,plus4K,47.4,0.2184
Satsunai,left,5.8,fluvial_scour,plus4K,47.6,0.2224
Satsunai,left,5.8,fluvial_scour,plus4K,47.8,0.2291
Satsunai,left,6,fluvial_scour,historical,41.8,0
Satsunai,left,6,fluvial_scour,historical,42,0
Satsunai,left,6,fluvial_scour,historical,42.2,0
Satsunai,left,6,fluvial_scour,historical,42.4,0
Satsunai,left,6,fluvial_scour,historical,42.6,0
Satsunai,left,6,fluvial_scour,historical,42.8,0
Satsunai,left,6,fluvial_scour,historical,43,0
Satsunai,left,6,fluvial_scour,historical,43.2,0
Satsunai,left,6,fluvial_scour,historical,43.4,0
Satsunai,left,6,fluvial_scour,historical,43.6,0.0003
Satsunai,left,6,fluvial_scour,historical,43.8,0.0033
Satsunai,left,6,fluvial_scour,historical,44,0.0075
Satsunai,left,6,fluvial_scour,historical,44.2,0.0118
Satsunai,left,6,fluvial_scour,historical,44.4,0.0195
Satsunai,left,6,fluvial_scour,historical,44.6,0.0274
Satsunai,left,6,fluvial_scour,historical,44.8,0.0394
Satsunai,left,6,fluvial_scour,historical,45,0.0536
Satsunai,left,6,fluvial_scour,historical,45.2,0.0677
Satsunai,left,6,fluvial_scour,historical,45.4,0.0806
Satsunai,left,6,fluvial_scour,historical,45.6,0.0924
Satsunai,left,6,fluvial_scour,historical,45.8,0.1036
Satsunai,left,6,fluvial_scour,historical,46,0.1121
Satsunai,left,6,fluvial_scour,historical,46.2,0.1202
Satsunai,left,6,fluvial_scour,historical,46.4,0.1286
Satsunai,left,6,fluvial_scour,historical,46.6,0.1353
Satsunai,left,6,fluvial_scour,historical,46.8,0.1455
Satsunai,left,6,fluvial_scour,historical,47,0.1523
Satsunai,left,6,fluvial_scour,historical,47.2,0.163
Satsunai,left,6,fluvial_scour,historical,47.4,0.1737
Satsunai,left,6,fluvial_scour,historical,47.6,0.1861
Satsunai,left,6,fluvial_scour,historical,47.8,0.194
Satsunai,left,6,fluvial_scour,historical,48,0.2002
Satsunai,left,6,fluvial_scour,historical,48.2,0.2044
Satsunai,left,6,fluvial_scour,historical,48.4,0.2095
Satsunai,left,6,fluvial_scour,historical,48.6,0.2128
Satsunai,left,6,fluvial_scour,plus4K,41.8,0
Satsunai,left,6,fluvial_scour,plus4K,42,0
Satsunai,left,6,fluvial_scour,plus4K,42.2,0
Satsunai,left,6,fluvial_scour,plus4K,42.4,0
Satsunai,left,6,fluvial_scour,plus4K,42.6,0
Satsunai,left,6,fluvial_scour,plus4K,42.8,0
Satsunai,left,6,fluvial_scour,plus4K,43,0
Satsunai,left,6,fluvial_scour,plus4K,43.2,0
Satsunai,left,6,fluvial_scour,plus4K,43.4,0
Satsunai,left,6,fluvial_scour,plus4K,43.6,0.0003
Satsunai,left,6,fluvial_scour,plus4K,43.8,0.0033
Satsunai,left,6,fluvial_scour,plus4K,44,0.0075
Satsunai,left,6,fluvial_scour,plus4K,44.2,0.0118
Satsunai,left,6,fluvial_scour,plus4K,44.4,0.0195
Satsunai,left,6,fluvial_scour,plus4K,44.6,0.0274
Satsunai,left,6,fluvial_scour,plus4K,44.8,0.0394
Satsunai,left,6,fluvial_scour,plus4K,45,0.0536
Satsunai,left,6,fluvial_scour,plus4K,45.2,0.0677
Satsunai,left,6,fluvial_scour,plus4K,45.4,0.0806
Satsunai,left,6,fluvial_scour,plus4K,45.6,0.0924
Satsunai,left,6,fluvial_scour,plus4K,45.8,0.1036
Satsunai,left,6,fluvial_scour,plus4K,46,0.1121
Satsunai,left,6,fluvial_scour,plus4K,46.2,0.1202
Satsunai,left,6,fluvial_scour,plus4K,46.4,0.1286
Satsunai,left,6,fluvial_scour,plus4K,46.6,0.1353
Satsunai,left,6,fluvial_scour,plus4K,46.8,0.1455
Satsunai,left,6,fluvial_scour,plus4K,47,0.1523
Satsunai,left,6,fluvial_scour,plus4K,47.2,0.163
Satsunai,left,6,fluvial_scour,plus4K,47.4,0.1737
Satsunai,left,6,fluvial_scour,plus4K,47.6,0.1861
Satsunai,left,6,fluvial_scour,plus4K,47.8,0.194
Satsunai,left,6,fluvial_scour,plus4K,48,0.2002
Satsunai,left,6,fluvial_scour,plus4K,48.2,0.2044
Satsunai,left,6,fluvial_scour,plus4K,48.4,0.2095
Satsunai,left,6,fluvial_scour,plus4K,48.6,0.2128
Satsunai,left,6.2,fluvial_scour,historical,42.6,0
Satsunai,left,6.2,fluvial_scour,historical,42.8,0
Satsunai,left,6.2,fluvial_scour,historical,43,0
Satsunai,left,6.2,fluvial_scour,historical,43.2,0
Satsunai,left,6.2,fluvial_scour,historical,43.4,0
Satsunai,left,6.2,fluvial_scour,historical,43.6,0
Satsunai,left,6.2,fluvial_scour,historical,43.8,0
Satsunai,left,6.2,fluvial_scour,historical,44,0.0001
Satsunai,left,6.2,fluvial_scour,historical,44.2,0.0002
Satsunai,left,6.2,fluvial_scour,historical,44.4,0.0012
Satsunai,left,6.2,fluvial_scour,historical,44.6,0.0028
Satsunai,left,6.2,fluvial_scour,historical,44.8,0.0055
Satsunai,left,6.2,fluvial_scour,historical,45,0.0121
Satsunai,left,6.2,fluvial_scour,historical,45.2,0.019
Satsunai,left,6.2,fluvial_scour,historical,45.4,0.0284
Satsunai,left,6.2,fluvial_scour,historical,45.6,0.0401
Satsunai,left,6.2,fluvial_scour,historical,45.8,0.049
Satsunai,left,6.2,fluvial_scour,historical,46,0.0583
Satsunai,left,6.2,fluvial_scour,historical,46.2,0.0658
Satsunai,left,6.2,fluvial_scour,historical,46.4,0.072
Satsunai,left,6.2,fluvial_scour,historical,46.6,0.08
Satsunai,left,6.2,fluvial_scour,historical,46.8,0.0867
Satsunai,left,6.2,fluvial_scour,historical,47,0.0956
Satsunai,left,6.2,fluvial_scour,historical,47.2,0.1029
Satsunai,left,6.2,fluvial_scour,historical,47.4,0.1104
Satsunai,left,6.2,fluvial_scour,historical,47.6,0.1193
Satsunai,left,6.2,fluvial_scour,historical,47.8,0.1296
Satsunai,left,6.2,fluvial_scour,historical,48,0.139
Satsunai,left,6.2,fluvial_scour,historical,48.2,0.1467
Satsunai,left,6.2,fluvial_scour,historical,48.4,0.1545
Satsunai,left,6.2,fluvial_scour,historical,48.6,0.1593
Satsunai,left,6.2,fluvial_scour,historical,48.8,0.1631
Satsunai,left,6.2,fluvial_scour,historical,49,0.1668
Satsunai,left,6.2,fluvial_scour,historical,49.2,0.171
Satsunai,left,6.2,fluvial_scour,historical,49.4,0.1753
Satsunai,left,6.2,fluvial_scour,plus4K,42.6,0
Satsunai,left,6.2,fluvial_scour,plus4K,42.8,0
Satsunai,left,6.2,fluvial_scour,plus4K,43,0
Satsunai,left,6.2,fluvial_scour,plus4K,43.2,0
Satsunai,left,6.2,fluvial_scour,plus4K,43.4,0
Satsunai,left,6.2,fluvial_scour,plus4K,43.6,0
Satsunai,left,6.2,fluvial_scour,plus4K,43.8,0
Satsunai,left,6.2,fluvial_scour,plus4K,44,0.0001
Satsunai,left,6.2,fluvial_scour,plus4K,44.2,0.0002
Satsunai,left,6.2,fluvial_scour,plus4K,44.4,0.0012
Satsunai,left,6.2,fluvial_scour,plus4K,44.6,0.0028
Satsunai,left,6.2,fluvial_scour,plus4K,44.8,0.0055
Satsunai,left,6.2,fluvial_scour,plus4K,45,0.0121
Satsunai,left,6.2,fluvial_scour,plus4K,45.2,0.019
Satsunai,left,6.2,fluvial_scour,plus4K,45.4,0.0284
Satsunai,left,6.2,fluvial_scour,plus4K,45.6,0.0401
Satsunai,left,6.2,fluvial_scour,plus4K,45.8,0.049
Satsunai,left,6.2,fluvial_scour,plus4K,46,0.0583
Satsunai,left,6.2,fluvial_scour,plus4K,46.2,0.0658
Satsunai,left,6.2,fluvial_scour,plus4K,46.4,0.072
Satsunai,left,6.2,fluvial_scour,plus4K,46.6,0.08
Satsunai,left,6.2,fluvial_scour,plus4K,46.8,0.0867
Satsunai,left,6.2,fluvial_scour,plus4K,47,0.0956
Satsunai,left,6.2,fluvial_scour,plus4K,47.2,0.1029
Satsunai,left,6.2,fluvial_scour,plus4K,47.4,0.1104
Satsunai,left,6.2,fluvial_scour,plus4K,47.6,0.1193
Satsunai,left,6.2,fluvial_scour,plus4K,47.8,0.1296
Satsunai,left,6.2,fluvial_scour,plus4K,48,0.139
Satsunai,left,6.2,fluvial_scour,plus4K,48.2,0.1467
Satsunai,left,6.2,fluvial_scour,plus4K,48.4,0.1545
Satsunai,left,6.2,fluvial_scour,plus4K,48.6,0.1593
Satsunai,left,6.2,fluvial_scour,plus4K,48.8,0.1631
Satsunai,left,6.2,fluvial_scour,plus4K,49,0.1668
Satsunai,left,6.2,fluvial_scour,plus4K,49.2,0.171
Satsunai,left,6.2,fluvial_scour,plus4K,49.4,0.1753
Satsunai,left,6.4,fluvial_scour,historical,43.4,0
Satsunai,left,6.4,fluvial_scour,historical,43.6,0
Satsunai,left,6.4,fluvial_scour,historical,43.8,0
Satsunai,left,6.4,fluvial_scour,historical,44,0
Satsunai,left,6.4,fluvial_scour,historical,44.2,0
Satsunai,left,6.4,fluvial_scour,historical,44.4,0
Satsunai,left,6.4,fluvial_scour,historical,44.6,0
Satsunai,left,6.4,fluvial_scour,historical,44.8,0
Satsunai,left,6.4,fluvial_scour,historical,45,0.0005
Satsunai,left,6.4,fluvial_scour,historical,45.2,0.002
Satsunai,left,6.4,fluvial_scour,historical,45.4,0.0046
Satsunai,left,6.4,fluvial_scour,historical,45.6,0.0086
Satsunai,left,6.4,fluvial_scour,historical,45.8,0.0141
Satsunai,left,6.4,fluvial_scour,historical,46,0.0217
Satsunai,left,6.4,fluvial_scour,historical,46.2,0.0331
Satsunai,left,6.4,fluvial_scour,historical,46.4,0.0423
Satsunai,left,6.4,fluvial_scour,historical,46.6,0.051
Satsunai,left,6.4,fluvial_scour,historical,46.8,0.0585
Satsunai,left,6.4,fluvial_scour,historical,47,0.0649
Satsunai,left,6.4,fluvial_scour,historical,47.2,0.0727
Satsunai,left,6.4,fluvial_scour,historical,47.4,0.0793
Satsunai,left,6.4,fluvial_scour,historical,47.6,0.0871
Satsunai,left,6.4,fluvial_scour,historical,47.8,0.0955
Satsunai,left,6.4,fluvial_scour,historical,48,0.1048
Satsunai,left,6.4,fluvial_scour,historical,48.2,0.1155
Satsunai,left,6.4,fluvial_scour,historical,48.4,0.1235
Satsunai,left,6.4,fluvial_scour,historical,48.6,0.1335
Satsunai,left,6.4,fluvial_scour,historical,48.8,0.1398
Satsunai,left,6.4,fluvial_scour,historical,49,0.1429
Satsunai,left,6.4,fluvial_scour,historical,49.2,0.1486
Satsunai,left,6.4,fluvial_scour,historical,49.4,0.1518
Satsunai,left,6.4,fluvial_scour,historical,49.6,0.1567
Satsunai,left,6.4,fluvial_scour,historical,49.8,0.1594
Satsunai,left,6.4,fluvial_scour,historical,50,0.1628
Satsunai,left,6.4,fluvial_scour,plus4K,43.4,0
Satsunai,left,6.4,fluvial_scour,plus4K,43.6,0
Satsunai,left,6.4,fluvial_scour,plus4K,43.8,0
Satsunai,left,6.4,fluvial_scour,plus4K,44,0
Satsunai,left,6.4,fluvial_scour,plus4K,44.2,0
Satsunai,left,6.4,fluvial_scour,plus4K,44.4,0
Satsunai,left,6.4,fluvial_scour,plus4K,44.6,0
Satsunai,left,6.4,fluvial_scour,plus4K,44.8,0
Satsunai,left,6.4,fluvial_scour,plus4K,45,0.0005
Satsunai,left,6.4,fluvial_scour,plus4K,45.2,0.002
Satsunai,left,6.4,fluvial_scour,plus4K,45.4,0.0046
Satsunai,left,6.4,fluvial_scour,plus4K,45.6,0.0086
Satsunai,left,6.4,fluvial_scour,plus4K,45.8,0.0141
Satsunai,left,6.4,fluvial_scour,plus4K,46,0.0217
Satsunai,left,6.4,fluvial_scour,plus4K,46.2,0.0331
Satsunai,left,6.4,fluvial_scour,plus4K,46.4,0.0423
Satsunai,left,6.4,fluvial_scour,plus4K,46.6,0.051
Satsunai,left,6.4,fluvial_scour,plus4K,46.8,0.0585
Satsunai,left,6.4,fluvial_scour,plus4K,47,0.0649
Satsunai,left,6.4,fluvial_scour,plus4K,47.2,0.0727
Satsunai,left,6.4,fluvial_scour,plus4K,47.4,0.0793
Satsunai,left,6.4,fluvial_scour,plus4K,47.6,0.0871
Satsunai,left,6.4,fluvial_scour,plus4K,47.8,0.0955
Satsunai,left,6.4,fluvial_scour,plus4K,48,0.1048
Satsunai,left,6.4,fluvial_scour,plus4K,48.2,0.1155
Satsunai,left,6.4,fluvial_scour,plus4K,48.4,0.1235
Satsunai,left,6.4,fluvial_scour,plus4K,48.6,0.1335
Satsunai,left,6.4,fluvial_scour,plus4K,48.8,0.1398
Satsunai,left,6.4,fluvial_scour,plus4K,49,0.1429
Satsunai,left,6.4,fluvial_scour,plus4K,49.2,0.1486
Satsunai,left,6.4,fluvial_scour,plus4K,49.4,0.1518
Satsunai,left,6.4,fluvial_scour,plus4K,49.6,0.1567
Satsunai,left,6.4,fluvial_scour,plus4K,49.8,0.1594
Satsunai,left,6.4,fluvial_scour,plus4K,50,0.1628
Satsunai,left,6.6,fluvial_scour,historical,44,0
Satsunai,left,6.6,fluvial_scour,historical,44.2,0
Satsunai,left,6.6,fluvial_scour,historical,44.4,0
Satsunai,left,6.6,fluvial_scour,historical,44.6,0
Satsunai,left,6.6,fluvial_scour,historical,44.8,0
Satsunai,left,6.6,fluvial_scour,historical,45,0
Satsunai,left,6.6,fluvial_scour,historical,45.2,0
Satsunai,left,6.6,fluvial_scour,historical,45.4,0
Satsunai,left,6.6,fluvial_scour,historical,45.6,0
Satsunai,left,6.6,fluvial_scour,historical,45.8,0.0009
Satsunai,left,6.6,fluvial_scour,historical,46,0.0025
Satsunai,left,6.6,fluvial_scour,historical,46.2,0.0057
Satsunai,left,6.6,fluvial_scour,historical,46.4,0.0111
Satsunai,left,6.6,fluvial_scour,historical,46.6,0.018
Satsunai,left,6.6,fluvial_scour,historical,46.8,0.0259
Satsunai,left,6.6,fluvial_scour,historical,47,0.0382
Satsunai,left,6.6,fluvial_scour,historical,47.2,0.0465
Satsunai,left,6.6,fluvial_scour,historical,47.4,0.0549
Satsunai,left,6.6,fluvial_scour,historical,47.6,0.0619
Satsunai,left,6.6,fluvial_scour,historical,47.8,0.0689
Satsunai,left,6.6,fluvial_scour,historical,48,0.0758
Satsunai,left,6.6,fluvial_scour,historical,48.2,0.0839
Satsunai,left,6.6,fluvial_scour,historical,48.4,0.0896
Satsunai,left,6.6,fluvial_scour,historical,48.6,0.097
Satsunai,left,6.6,fluvial_scour,historical,48.8,0.1056
Satsunai,left,6.6,fluvial_scour,historical,49,0.1167
Satsunai,left,6.6,fluvial_scour,historical,49.2,0.1263
Satsunai,left,6.6,fluvial_scour,historical,49.4,0.134
Satsunai,left,6.6,fluvial_scour,historical,49.6,0.1415
Satsunai,left,6.6,fluvial_scour,historical,49.8,0.1467
Satsunai,left,6.6,fluvial_scour,historical,50,0.1515
Satsunai,left,6.6,fluvial_scour,historical,50.2,0.1552
Satsunai,left,6.6,fluvial_scour,historical,50.4,0.1583
Satsunai,left,6.6,fluvial_scour,historical,50.6,0.1631
Satsunai,left,6.6,fluvial_scour,historical,50.8,0.1647
Satsunai,left,6.6,fluvial_scour,plus4K,44,0
Satsunai,left,6.6,fluvial_scour,plus4K,44.2,0
Satsunai,left,6.6,fluvial_scour,plus4K,44.4,0
Satsunai,left,6.6,fluvial_scour,plus4K,44.6,0
Satsunai,left,6.6,fluvial_scour,plus4K,44.8,0
Satsunai,left,6.6,fluvial_scour,plus4K,45,0
Satsunai,left,6.6,fluvial_scour,plus4K,45.2,0
Satsunai,left,6.6,fluvial_scour,plus4K,45.4,0
Satsunai,left,6.6,fluvial_scour,plus4K,45.6,0
Satsunai,left,6.6,fluvial_scour,plus4K,45.8,0.0009
Satsunai,left,6.6,fluvial_scour,plus4K,46,0.0025
Satsunai,left,6.6,fluvial_scour,plus4K,46.2,0.0057
Satsunai,left,6.6,fluvial_scour,plus4K,46.4,0.0111
Satsunai,left,6.6,fluvial_scour,plus4K,46.6,0.018
Satsunai,left,6.6,fluvial_scour,plus4K,46.8,0.0259
Satsunai,left,6.6,fluvial_scour,plus4K,47,0.0382
Satsunai,left,6.6,fluvial_scour,plus4K,47.2,0.0465
Satsunai,left,6.6,fluvial_scour,plus4K,47.4,0.0549
Satsunai,left,6.6,fluvial_scour,plus4K,47.6,0.0619
Satsunai,left,6.6,fluvial_scour,plus4K,47.8,0.0689
Satsunai,left,6.6,fluvial_scour,plus4K,48,0.0758
Satsunai,left,6.6,fluvial_scour,plus4K,48.2,0.0839
Satsunai,left,6.6,fluvial_scour,plus4K,48.4,0.0896
Satsunai,left,6.6,fluvial_scour,plus4K,48.6,0.097
Satsunai,left,6.6,fluvial_scour,plus4K,48.8,0.1056
Satsunai,left,6.6,fluvial_scour,plus4K,49,0.1167
Satsunai,left,6.6,fluvial_scour,plus4K,49.2,0.1263
Satsunai,left,6.6,fluvial_scour,plus4K,49.4,0.134
Satsunai,left,6.6,fluvial_scour,plus4K,49.6,0.1415
Satsunai,left,6.6,fluvial_scour,plus4K,49.8,0.1467
Satsunai,left,6.6,fluvial_scour,plus4K,50,0.1515
Satsunai,left,6.6,fluvial_scour,plus4K,50.2,0.1552
Satsunai,left,6.6,fluvial_scour,plus4K,50.4,0.1583
Satsunai,left,6.6,fluvial_scour,plus4K,50.6,0.1631
Satsunai,left,6.6,fluvial_scour,plus4K,50.8,0.1647
Satsunai,left,6.8,fluvial_scour,historical,44.6,0
Satsunai,left,6.8,fluvial_scour,historical,44.8,0
Satsunai,left,6.8,fluvial_scour,historical,45,0
Satsunai,left,6.8,fluvial_scour,historical,45.2,0
Satsunai,left,6.8,fluvial_scour,historical,45.4,0
Satsunai,left,6.8,fluvial_scour,historical,45.6,0
Satsunai,left,6.8,fluvial_scour,historical,45.8,0.0001
Satsunai,left,6.8,fluvial_scour,historical,46,0.0015
Satsunai,left,6.8,fluvial_scour,historical,46.2,0.0038
Satsunai,left,6.8,fluvial_scour,historical,46.4,0.0196
Satsunai,left,6.8,fluvial_scour,historical,46.6,0.0284
Satsunai,left,6.8,fluvial_scour,historical,46.8,0.0394
Satsunai,left,6.8,fluvial_scour,historical,47,0.0516
Satsunai,left,6.8,fluvial_scour,historical,47.2,0.0677
Satsunai,left,6.8,fluvial_scour,historical,47.4,0.0891
Satsunai,left,6.8,fluvial_scour,historical,47.6,0.1155
Satsunai,left,6.8,fluvial_scour,historical,47.8,0.1461
Satsunai,left,6.8,fluvial_scour,historical,48,0.1759
Satsunai,left,6.8,fluvial_scour,historical,48.2,0.1981
Satsunai,left,6.8,fluvial_scour,historical,48.4,0.2195
Satsunai,left,6.8,fluvial_scour,historical,48.6,0.2379
Satsunai,left,6.8,fluvial_scour,historical,48.8,0.254
Satsunai,left,6.8,fluvial_scour,historical,49,0.2722
Satsunai,left,6.8,fluvial_scour,historical,49.2,0.2896
Satsunai,left,6.8,fluvial_scour,historical,49.4,0.3072
Satsunai,left,6.8,fluvial_scour,historical,49.6,0.3245
Satsunai,left,6.8,fluvial_scour,historical,49.8,0.3399
Satsunai,left,6.8,fluvial_scour,historical,50,0.3515
Satsunai,left,6.8,fluvial_scour,historical,50.2,0.3609
Satsunai,left,6.8,fluvial_scour,historical,50.4,0.3696
Satsunai,left,6.8,fluvial_scour,historical,50.6,0.3764
Satsunai,left,6.8,fluvial_scour,historical,50.8,0.3836
Satsunai,left,6.8,fluvial_scour,historical,51,0.392
Satsunai,left,6.8,fluvial_scour,historical,51.2,0.3957
Satsunai,left,6.8,fluvial_scour,historical,51.4,0.4022
Satsunai,left,6.8,fluvial_scour,historical,51.6,0.4097
Satsunai,left,6.8,fluvial_scour,historical,51.8,0.4148
Satsunai,left,6.8,fluvial_scour,plus4K,44.6,0
Satsunai,left,6.8,fluvial_scour,plus4K,44.8,0
Satsunai,left,6.8,fluvial_scour,plus4K,45,0
Satsunai,left,6.8,fluvial_scour,plus4K,45.2,0
Satsunai,left,6.8,fluvial_scour,plus4K,45.4,0
Satsunai,left,6.8,fluvial_scour,plus4K,45.6,0
Satsunai,left,6.8,fluvial_scour,plus4K,45.8,0.0001
Satsunai,left,6.8,fluvial_scour,plus4K,46,0.0015
Satsunai,left,6.8,fluvial_scour,plus4K,46.2,0.0038
Satsunai,left,6.8,fluvial_scour,plus4K,46.4,0.0196
Satsunai,left,6.8,fluvial_scour,plus4K,46.6,0.0284
Satsunai,left,6.8,fluvial_scour,plus4K,46.8,0.0394
Satsunai,left,6.8,fluvial_scour,plus4K,47,0.0516
Satsunai,left,6.8,fluvial_scour,plus4K,47.2,0.0677
Satsunai,left,6.8,fluvial_scour,plus4K,47.4,0.0891
Satsunai,left,6.8,fluvial_scour,plus4K,47.6,0.1155
Satsunai,left,6.8,fluvial_scour,plus4K,47.8,0.1461
Satsunai,left,6.8,fluvial_scour,plus4K,48,0.1759
Satsunai,left,6.8,fluvial_scour,plus4K,48.2,0.1981
Satsunai,left,6.8,fluvial_scour,plus4K,48.4,0.2195
Satsunai,left,6.8,fluvial_scour,plus4K,48.6,0.2379
Satsunai,left,6.8,fluvial_scour,plus4K,48.8,0.254
Satsunai,left,6.8,fluvial_scour,plus4K,49,0.2722
Satsunai,left,6.8,fluvial_scour,plus4K,49.2,0.2896
Satsunai,left,6.8,fluvial_scour,plus4K,49.4,0.3072
Satsunai,left,6.8,fluvial_scour,plus4K,49.6,0.3245
Satsunai,left,6.8,fluvial_scour,plus4K,49.8,0.3399
Satsunai,left,6.8,fluvial_scour,plus4K,50,0.3515
Satsunai,left,6.8,fluvial_scour,plus4K,50.2,0.3609
Satsunai,left,6.8,fluvial_scour,plus4K,50.4,0.3696
Satsunai,left,6.8,fluvial_scour,plus4K,50.6,0.3764
Satsunai,left,6.8,fluvial_scour,plus4K,50.8,0.3836
Satsunai,left,6.8,fluvial_scour,plus4K,51,0.392
Satsunai,left,6.8,fluvial_scour,plus4K,51.2,0.3957
Satsunai,left,6.8,fluvial_scour,plus4K,51.4,0.4022
Satsunai,left,6.8,fluvial_scour,plus4K,51.6,0.4097
Satsunai,left,6.8,fluvial_scour,plus4K,51.8,0.4148
Satsunai,left,7,fluvial_scour,historical,45,0
Satsunai,left,7,fluvial_scour,historical,45.2,0
Satsunai,left,7,fluvial_scour,historical,45.4,0
Satsunai,left,7,fluvial_scour,historical,45.6,0
Satsunai,left,7,fluvial_scour,historical,45.8,0
Satsunai,left,7,fluvial_scour,historical,46,0
Satsunai,left,7,fluvial_scour,historical,46.2,0
Satsunai,left,7,fluvial_scour,historical,46.4,0.0002
Satsunai,left,7,fluvial_scour,historical,46.6,0.0017
Satsunai,left,7,fluvial_scour,historical,46.8,0.0061
Satsunai,left,7,fluvial_scour,historical,47,0.0122
Satsunai,left,7,fluvial_scour,historical,47.2,0.0325
Satsunai,left,7,fluvial_scour,historical,47.4,0.0436
Satsunai,left,7,fluvial_scour,historical,47.6,0.0628
Satsunai,left,7,fluvial_scour,historical,47.8,0.0798
Satsunai,left,7,fluvial_scour,historical,48,0.0996
Satsunai,left,7,fluvial_scour,historical,48.2,0.1306
Satsunai,left,7,fluvial_scour,historical,48.4,0.168
Satsunai,left,7,fluvial_scour,historical,48.6,0.2069
Satsunai,left,7,fluvial_scour,historical,48.8,0.2388
Satsunai,left,7,fluvial_scour,historical,49,0.2657
Satsunai,left,7,fluvial_scour,historical,49.2,0.2886
Satsunai,left,7,fluvial_scour,historical,49.4,0.3055
Satsunai,left,7,fluvial_scour,historical,49.6,0.3225
Satsunai,left,7,fluvial_scour,historical,49.8,0.3392
Satsunai,left,7,fluvial_scour,historical,50,0.3554
Satsunai,left,7,fluvial_scour,historical,50.2,0.3738
Satsunai,left,7,fluvial_scour,historical,50.4,0.3936
Satsunai,left,7,fluvial_scour,historical,50.6,0.4156
Satsunai,left,7,fluvial_scour,historical,50.8,0.4372
Satsunai,left,7,fluvial_scour,historical,51,0.4514
Satsunai,left,7,fluvial_scour,historical,51.2,0.4626
Satsunai,left,7,fluvial_scour,historical,51.4,0.4725
Satsunai,left,7,fluvial_scour,historical,51.6,0.4774
Satsunai,left,7,fluvial_scour,historical,51.8,0.4862
Satsunai,left,7,fluvial_scour,historical,52,0.493
Satsunai,left,7,fluvial_scour,historical,52.2,0.5004
Satsunai,left,7,fluvial_scour,historical,52.4,0.5072
Satsunai,left,7,fluvial_scour,historical,52.6,0.5118
Satsunai,left,7,fluvial_scour,historical,52.8,0.5185
Satsunai,left,7,fluvial_scour,historical,53,0.5223
Satsunai,left,7,fluvial_scour,plus4K,45,0
Satsunai,left,7,fluvial_scour,plus4K,45.2,0
Satsunai,left,7,fluvial_scour,plus4K,45.4,0
Satsunai,left,7,fluvial_scour,plus4K,45.6,0
Satsunai,left,7,fluvial_scour,plus4K,45.8,0
Satsunai,left,7,fluvial_scour,plus4K,46,0
Satsunai,left,7,fluvial_scour,plus4K,46.2,0
Satsunai,left,7,fluvial_scour,plus4K,46.4,0.0002
Satsunai,left,7,fluvial_scour,plus4K,46.6,0.0017
Satsunai,left,7,fluvial_scour,plus4K,46.8,0.0061
Satsunai,left,7,fluvial_scour,plus4K,47,0.0122
Satsunai,left,7,fluvial_scour,plus4K,47.2,0.0325
Satsunai,left,7,fluvial_scour,plus4K,47.4,0.0436
Satsunai,left,7,fluvial_scour,plus4K,47.6,0.0628
Satsunai,left,7,fluvial_scour,plus4K,47.8,0.0798
Satsunai,left,7,fluvial_scour,plus4K,48,0.0996
Satsunai,left,7,fluvial_scour,plus4K,48.2,0.1306
Satsunai,left,7,fluvial_scour,plus4K,48.4,0.168
Satsunai,left,7,fluvial_scour,plus4K,48.6,0.2069
Satsunai,left,7,fluvial_scour,plus4K,48.8,0.2388
Satsunai,left,7,fluvial_scour,plus4K,49,0.2657
Satsunai,left,7,fluvial_scour,plus4K,49.2,0.2886
Satsunai,left,7,fluvial_scour,plus4K,49.4,0.3055
Satsunai,left,7,fluvial_scour,plus4K,49.6,0.3225
Satsunai,left,7,fluvial_scour,plus4K,49.8,0.3392
Satsunai,left,7,fluvial_scour,plus4K,50,0.3554
Satsunai,left,7,fluvial_scour,plus4K,50.2,0.3738
Satsunai,left,7,fluvial_scour,plus4K,50.4,0.3936
Satsunai,left,7,fluvial_scour,plus4K,50.6,0.4156
Satsunai,left,7,fluvial_scour,plus4K,50.8,0.4372
Satsunai,left,7,fluvial_scour,plus4K,51,0.4514
Satsunai,left,7,fluvial_scour,plus4K,51.2,0.4626
Satsunai,left,7,fluvial_scour,plus4K,51.4,0.4725
Satsunai,left,7,fluvial_scour,plus4K,51.6,0.4774
Satsunai,left,7,fluvial_scour,plus4K,51.8,0.4862
Satsunai,left,7,fluvial_scour,plus4K,52,0.493
Satsunai,left,7,fluvial_scour,plus4K,52.2,0.5004
Satsunai,left,7,fluvial_scour,plus4K,52.4,0.5072
Satsunai,left,7,fluvial_scour,plus4K,52.6,0.5118
Satsunai,left,7,fluvial_scour,plus4K,52.8,0.5185
Satsunai,left,7,fluvial_scour,plus4K,53,0.5223
Satsunai,left,7.2,fluvial_scour,historical,46,0
Satsunai,left,7.2,fluvial_scour,historical,46.2,0
Satsunai,left,7.2,fluvial_scour,historical,46.4,0
Satsunai,left,7.2,fluvial_scour,historical,46.6,0
Satsunai,left,7.2,fluvial_scour,historical,46.8,0
Satsunai,left,7.2,fluvial_scour,historical,47,0
Satsunai,left,7.2,fluvial_scour,historical,47.2,0
Satsunai,left,7.2,fluvial_scour,historical,47.4,0
Satsunai,left,7.2,fluvial_scour,historical,47.6,0
Satsunai,left,7.2,fluvial_scour,historical,47.8,0
Satsunai,left,7.2,fluvial_scour,historical,48,0
Satsunai,left,7.2,fluvial_scour,historical,48.2,0
Satsunai,left,7.2,fluvial_scour,historical,48.4,0
Satsunai,left,7.2,fluvial_scour,historical,48.6,0
Satsunai,left,7.2,fluvial_scour,historical,48.8,0
Satsunai,left,7.2,fluvial_scour,historical,49,0
Satsunai,left,7.2,fluvial_scour,historical,49.2,0
Satsunai,left,7.2,fluvial_scour,historical,49.4,0
Satsunai,left,7.2,fluvial_scour,historical,49.6,0
Satsunai,left,7.2,fluvial_scour,historical,49.8,0
Satsunai,left,7.2,fluvial_scour,historical,50,0.1604
Satsunai,left,7.2,fluvial_scour,historical,50.2,0.2015
Satsunai,left,7.2,fluvial_scour,historical,50.4,0.2223
Satsunai,left,7.2,fluvial_scour,historical,50.6,0.2433
Satsunai,left,7.2,fluvial_scour,historical,50.8,0.2634
Satsunai,left,7.2,fluvial_scour,historical,51,0.2673
Satsunai,left,7.2,fluvial_scour,historical,51.2,0.2827
Satsunai,left,7.2,fluvial_scour,historical,51.4,0.2861
Satsunai,left,7.2,fluvial_scour,historical,51.6,0.3008
Satsunai,left,7.2,fluvial_scour,historical,51.8,0.3122
Satsunai,left,7.2,fluvial_scour,historical,52,0.3148
Satsunai,left,7.2,fluvial_scour,historical,52.2,0.3265
Satsunai,left,7.2,fluvial_scour,historical,52.4,0.3273
Satsunai,left,7.2,fluvial_scour,historical,52.6,0.419
Satsunai,left,7.2,fluvial_scour,historical,52.8,0.4279
Satsunai,left,7.2,fluvial_scour,plus4K,46,0
Satsunai,left,7.2,fluvial_scour,plus4K,46.2,0
Satsunai,left,7.2,fluvial_scour,plus4K,46.4,0
Satsunai,left,7.2,fluvial_scour,plus4K,46.6,0
Satsunai,left,7.2,fluvial_scour,plus4K,46.8,0
Satsunai,left,7.2,fluvial_scour,plus4K,47,0
Satsunai,left,7.2,fluvial_scour,plus4K,47.2,0
Satsunai,left,7.2,fluvial_scour,plus4K,47.4,0
Satsunai,left,7.2,fluvial_scour,plus4K,47.6,0
Satsunai,left,7.2,fluvial_scour,plus4K,47.8,0
Satsunai,left,7.2,fluvial_scour,plus4K,48,0
Satsunai,left,7.2,fluvial_scour,plus4K,48.2,0
Satsunai,left,7.2,fluvial_scour,plus4K,48.4,0
Satsunai,left,7.2,fluvial_scour,plus4K,48.6,0
Satsunai,left,7.2,fluvial_scour,plus4K,48.8,0
Satsunai,left,7.2,fluvial_scour,plus4K,49,0
Satsunai,left,7.2,fluvial_scour,plus4K,49.2,0
Satsunai,left,7.2,fluvial_scour,plus4K,49.4,0
Satsunai,left,7.2,fluvial_scour,plus4K,49.6,0
Satsunai,left,7.2,fluvial_scour,plus4K,49.8,0
Satsunai,left,7.2,fluvial_scour,plus4K,50,0.1604
Satsunai,left,7.2,fluvial_scour,plus4K,50.2,0.2015
Satsunai,left,7.2,fluvial_scour,plus4K,50.4,0.2223
Satsunai,left,7.2,fluvial_scour,plus4K,50.6,0.2433
Satsunai,left,7.2,fluvial_scour,plus4K,50.8,0.2634
Satsunai,left,7.2,fluvial_scour,plus4K,51,0.2673
Satsunai,left,7.2,fluvial_scour,plus4K,51.2,0.2827
Satsunai,left,7.2,fluvial_scour,plus4K,51.4,0.2861
Satsunai,left,7.2,fluvial_scour,plus4K,51.6,0.3008
Satsunai,left,7.2,fluvial_scour,plus4K,51.8,0.3122
Satsunai,left,7.2,fluvial_scour,plus4K,52,0.3148
Satsunai,left,7.2,fluvial_scour,plus4K,52.2,0.3265
Satsunai,left,7.2,fluvial_scour,plus4K,52.4,0.3273
Satsunai,left,7.2,fluvial_scour,plus4K,52.6,0.419
Satsunai,left,7.2,fluvial_scour,plus4K,52.8,0.4279
Satsunai,left,7.4,fluvial_scour,historical,46.8,0
Satsunai,left,7.4,fluvial_scour,historical,47,0
Satsunai,left,7.4,fluvial_scour,historical,47.2,0
Satsunai,left,7.4,fluvial_scour,historical,47.4,0
Satsunai,left,7.4,fluvial_scour,historical,47.6,0
Satsunai,left,7.4,fluvial_scour,historical,47.8,0
Satsunai,left,7.4,fluvial_scour,historical,48,0
Satsunai,left,7.4,fluvial_scour,historical,48.2,0
Satsunai,left,7.4,fluvial_scour,historical,48.4,0
Satsunai,left,7.4,fluvial_scour,historical,48.6,0.0006
Satsunai,left,7.4,fluvial_scour,historical,48.8,0.0039
Satsunai,left,7.4,fluvial_scour,historical,49,0.0104
Satsunai,left,7.4,fluvial_scour,historical,49.2,0.0192
Satsunai,left,7.4,fluvial_scour,historical,49.4,0.0316
Satsunai,left,7.4,fluvial_scour,historical,49.6,0.0458
Satsunai,left,7.4,fluvial_scour,historical,49.8,0.068
Satsunai,left,7.4,fluvial_scour,historical,50,0.1046
Satsunai,left,7.4,fluvial_scour,historical,50.2,0.136
Satsunai,left,7.4,fluvial_scour,historical,50.4,0.177
Satsunai,left,7.4,fluvial_scour,historical,50.6,0.2064
Satsunai,left,7.4,fluvial_scour,historical,50.8,0.2304
Satsunai,left,7.4,fluvial_scour,historical,51,0.2479
Satsunai,left,7.4,fluvial_scour,historical,51.2,0.2657
Satsunai,left,7.4,fluvial_scour,historical,51.4,0.2838
Satsunai,left,7.4,fluvial_scour,historical,51.6,0.2976
Satsunai,left,7.4,fluvial_scour,historical,51.8,0.3156
Satsunai,left,7.4,fluvial_scour,historical,52,0.3317
Satsunai,left,7.4,fluvial_scour,historical,52.2,0.3476
Satsunai,left,7.4,fluvial_scour,historical,52.4,0.3647
Satsunai,left,7.4,fluvial_scour,historical,52.6,0.3844
Satsunai,left,7.4,fluvial_scour,historical,52.8,0.404
Satsunai,left,7.4,fluvial_scour,historical,53,0.4185
Satsunai,left,7.4,fluvial_scour,historical,53.2,0.4303
Satsunai,left,7.4,fluvial_scour,historical,53.4,0.4383
Satsunai,left,7.4,fluvial_scour,historical,53.6,0.4449
Satsunai,left,7.4,fluvial_scour,plus4K,46.8,0
Satsunai,left,7.4,fluvial_scour,plus4K,47,0
Satsunai,left,7.4,fluvial_scour,plus4K,47.2,0
Satsunai,left,7.4,fluvial_scour,plus4K,47.4,0
Satsunai,left,7.4,fluvial_scour,plus4K,47.6,0
Satsunai,left,7.4,fluvial_scour,plus4K,47.8,0
Satsunai,left,7.4,fluvial_scour,plus4K,48,0
Satsunai,left,7.4,fluvial_scour,plus4K,48.2,0
Satsunai,left,7.4,fluvial_scour,plus4K,48.4,0
Satsunai,left,7.4,fluvial_scour,plus4K,48.6,0.0006
Satsunai,left,7.4,fluvial_scour,plus4K,48.8,0.0039
Satsunai,left,7.4,fluvial_scour,plus4K,49,0.0104
Satsunai,left,7.4,fluvial_scour,plus4K,49.2,0.0192
Satsunai,left,7.4,fluvial_scour,plus4K,49.4,0.0316
Satsunai,left,7.4,fluvial_scour,plus4K,49.6,0.0458
Satsunai,left,7.4,fluvial_scour,plus4K,49.8,0.068
Satsunai,left,7.4,fluvial_scour,plus4K,50,0.1046
Satsunai,left,7.4,fluvial_scour,plus4K,50.2,0.136
Satsunai,left,7.4,fluvial_scour,plus4K,50.4,0.177
Satsunai,left,7.4,fluvial_scour,plus4K,50.6,0.2064
Satsunai,left,7.4,fluvial_scour,plus4K,50.8,0.2304
Satsunai,left,7.4,fluvial_scour,plus4K,51,0.2479
Satsunai,left,7.4,fluvial_scour,plus4K,51.2,0.2657
Satsunai,left,7.4,fluvial_scour,plus4K,51.4,0.2838
Satsunai,left,7.4,fluvial_scour,plus4K,51.6,0.2976
Satsunai,left,7.4,fluvial_scour,plus4K,51.8,0.3156
Satsunai,left,7.4,fluvial_scour,plus4K,52,0.3317
Satsunai,left,7.4,fluvial_scour,plus4K,52.2,0.3476
Satsunai,left,7.4,fluvial_scour,plus4K,52.4,0.3647
Satsunai,left,7.4,fluvial_scour,plus4K,52.6,0.3844
Satsunai,left,7.4,fluvial_scour,plus4K,52.8,0.404
Satsunai,left,7.4,fluvial_scour,plus4K,53,0.4185
Satsunai,left,7.4,fluvial_scour,plus4K,53.2,0.4303
Satsunai,left,7.4,fluvial_scour,plus4K,53.4,0.4383
Satsunai,left,7.4,fluvial_scour,plus4K,53.6,0.4449
Satsunai,left,7.6,fluvial_scour,historical,47.6,0
Satsunai,left,7.6,fluvial_scour,historical,47.8,0
Satsunai,left,7.6,fluvial_scour,historical,48,0
Satsunai,left,7.6,fluvial_scour,historical,48.2,0
Satsunai,left,7.6,fluvial_scour,historical,48.4,0
Satsunai,left,7.6,fluvial_scour,historical,48.6,0
Satsunai,left,7.6,fluvial_scour,historical,48.8,0
Satsunai,left,7.6,fluvial_scour,historical,49,0
Satsunai,left,7.6,fluvial_scour,historical,49.2,0
Satsunai,left,7.6,fluvial_scour,historical,49.4,0.0005
Satsunai,left,7.6,fluvial_scour,historical,49.6,0.004
Satsunai,left,7.6,fluvial_scour,historical,49.8,0.0121
Satsunai,left,7.6,fluvial_scour,historical,50,0.0221
Satsunai,left,7.6,fluvial_scour,historical,50.2,0.034
Satsunai,left,7.6,fluvial_scour,historical,50.4,0.0495
Satsunai,left,7.6,fluvial_scour,historical,50.6,0.0693
Satsunai,left,7.6,fluvial_scour,historical,50.8,0.1017
Satsunai,left,7.6,fluvial_scour,historical,51,0.1448
Satsunai,left,7.6,fluvial_scour,historical,51.2,0.1825
Satsunai,left,7.6,fluvial_scour,historical,51.4,0.2112
Satsunai,left,7.6,fluvial_scour,historical,51.6,0.2353
Satsunai,left,7.6,fluvial_scour,historical,51.8,0.2538
Satsunai,left,7.6,fluvial_scour,historical,52,0.2725
Satsunai,left,7.6,fluvial_scour,historical,52.2,0.2911
Satsunai,left,7.6,fluvial_scour,historical,52.4,0.3022
Satsunai,left,7.6,fluvial_scour,historical,52.6,0.3188
Satsunai,left,7.6,fluvial_scour,historical,52.8,0.3333
Satsunai,left,7.6,fluvial_scour,historical,53,0.3496
Satsunai,left,7.6,fluvial_scour,historical,53.2,0.3668
Satsunai,left,7.6,fluvial_scour,historical,53.4,0.3853
Satsunai,left,7.6,fluvial_scour,historical,53.6,0.405
Satsunai,left,7.6,fluvial_scour,historical,53.8,0.4225
Satsunai,left,7.6,fluvial_scour,historical,54,0.4329
Satsunai,left,7.6,fluvial_scour,historical,54.2,0.4391
Satsunai,left,7.6,fluvial_scour,historical,54.4,0.4505
Satsunai,left,7.6,fluvial_scour,historical,54.6,0.4578
Satsunai,left,7.6,fluvial_scour,plus4K,47.6,0
Satsunai,left,7.6,fluvial_scour,plus4K,47.8,0
Satsunai,left,7.6,fluvial_scour,plus4K,48,0
Satsunai,left,7.6,fluvial_scour,plus4K,48.2,0
Satsunai,left,7.6,fluvial_scour,plus4K,48.4,0
Satsunai,left,7.6,fluvial_scour,plus4K,48.6,0
Satsunai,left,7.6,fluvial_scour,plus4K,48.8,0
Satsunai,left,7.6,fluvial_scour,plus4K,49,0
Satsunai,left,7.6,fluvial_scour,plus4K,49.2,0
Satsunai,left,7.6,fluvial_scour,plus4K,49.4,0.0005
Satsunai,left,7.6,fluvial_scour,plus4K,49.6,0.004
Satsunai,left,7.6,fluvial_scour,plus4K,49.8,0.0121
Satsunai,left,7.6,fluvial_scour,plus4K,50,0.0221
Satsunai,left,7.6,fluvial_scour,plus4K,50.2,0.034
Satsunai,left,7.6,fluvial_scour,plus4K,50.4,0.0495
Satsunai,left,7.6,fluvial_scour,plus4K,50.6,0.0693
Satsunai,left,7.6,fluvial_scour,plus4K,50.8,0.1017
Satsunai,left,7.6,fluvial_scour,plus4K,51,0.1448
Satsunai,left,7.6,fluvial_scour,plus4K,51.2,0.1825
Satsunai,left,7.6,fluvial_scour,plus4K,51.4,0.2112
Satsunai,left,7.6,fluvial_scour,plus4K,51.6,0.2353
Satsunai,left,7.6,fluvial_scour,plus4K,51.8,0.2538
Satsunai,left,7.6,fluvial_scour,plus4K,52,0.2725
Satsunai,left,7.6,fluvial_scour,plus4K,52.2,0.2911
Satsunai,left,7.6,fluvial_scour,plus4K,52.4,0.3022
Satsunai,left,7.6,fluvial_scour,plus4K,52.6,0.3188
Satsunai,left,7.6,fluvial_scour,plus4K,52.8,0.3333
Satsunai,left,7.6,fluvial_scour,plus4K,53,0.3496
Satsunai,left,7.6,fluvial_scour,plus4K,53.2,0.3668
Satsunai,left,7.6,fluvial_scour,plus4K,53.4,0.3853
Satsunai,left,7.6,fluvial_scour,plus4K,53.6,0.405
Satsunai,left,7.6,fluvial_scour,plus4K,53.8,0.4225
Satsunai,left,7.6,fluvial_scour,plus4K,54,0.4329
Satsunai,left,7.6,fluvial_scour,plus4K,54.2,0.4391
Satsunai,left,7.6,fluvial_scour,plus4K,54.4,0.4505
Satsunai,left,7.6,fluvial_scour,plus4K,54.6,0.4578
Satsunai,left,7.8,fluvial_scour,historical,48.4,0
Satsunai,left,7.8,fluvial_scour,historical,48.6,0
Satsunai,left,7.8,fluvial_scour,historical,48.8,0
Satsunai,left,7.8,fluvial_scour,historical,49,0
Satsunai,left,7.8,fluvial_scour,historical,49.2,0
Satsunai,left,7.8,fluvial_scour,historical,49.4,0
Satsunai,left,7.8,fluvial_scour,historical,49.6,0
Satsunai,left,7.8,fluvial_scour,historical,49.8,0
Satsunai,left,7.8,fluvial_scour,historical,50,0
Satsunai,left,7.8,fluvial_scour,historical,50.2,0
Satsunai,left,7.8,fluvial_scour,historical,50.4,0
Satsunai,left,7.8,fluvial_scour,historical,50.6,0
Satsunai,left,7.8,fluvial_scour,historical,50.8,0
Satsunai,left,7.8,fluvial_scour,historical,51,0.0326
Satsunai,left,7.8,fluvial_scour,historical,51.2,0.0631
Satsunai,left,7.8,fluvial_scour,historical,51.4,0.0878
Satsunai,left,7.8,fluvial_scour,historical,51.6,0.1192
Satsunai,left,7.8,fluvial_scour,historical,51.8,0.1581
Satsunai,left,7.8,fluvial_scour,historical,52,0.1915
Satsunai,left,7.8,fluvial_scour,historical,52.2,0.2185
Satsunai,left,7.8,fluvial_scour,historical,52.4,0.2394
Satsunai,left,7.8,fluvial_scour,historical,52.6,0.2603
Satsunai,left,7.8,fluvial_scour,historical,52.8,0.2854
Satsunai,left,7.8,fluvial_scour,historical,53,0.2987
Satsunai,left,7.8,fluvial_scour,historical,53.2,0.3129
Satsunai,left,7.8,fluvial_scour,historical,53.4,0.3293
Satsunai,left,7.8,fluvial_scour,historical,53.6,0.3442
Satsunai,left,7.8,fluvial_scour,historical,53.8,0.3641
Satsunai,left,7.8,fluvial_scour,historical,54,0.382
Satsunai,left,7.8,fluvial_scour,historical,54.2,0.4016
Satsunai,left,7.8,fluvial_scour,historical,54.4,0.4152
Satsunai,left,7.8,fluvial_scour,historical,54.6,0.4218
Satsunai,left,7.8,fluvial_scour,historical,54.8,0.4316
Satsunai,left,7.8,fluvial_scour,historical,55,0.4371
Satsunai,left,7.8,fluvial_scour,historical,55.2,0.4481
Satsunai,left,7.8,fluvial_scour,historical,55.4,0.4554
Satsunai,left,7.8,fluvial_scour,plus4K,48.4,0
Satsunai,left,7.8,fluvial_scour,plus4K,48.6,0
Satsunai,left,7.8,fluvial_scour,plus4K,48.8,0
Satsunai,left,7.8,fluvial_scour,plus4K,49,0
Satsunai,left,7.8,fluvial_scour,plus4K,49.2,0
Satsunai,left,7.8,fluvial_scour,plus4K,49.4,0
Satsunai,left,7.8,fluvial_scour,plus4K,49.6,0
Satsunai,left,7.8,fluvial_scour,plus4K,49.8,0
Satsunai,left,7.8,fluvial_scour,plus4K,50,0
Satsunai,left,7.8,fluvial_scour,plus4K,50.2,0
Satsunai,left,7.8,fluvial_scour,plus4K,50.4,0
Satsunai,left,7.8,fluvial_scour,plus4K,50.6,0
Satsunai,left,7.8,fluvial_scour,plus4K,50.8,0
Satsunai,left,7.8,fluvial_scour,plus4K,51,0.0326
Satsunai,left,7.8,fluvial_scour,plus4K,51.2,0.0631
Satsunai,left,7.8,fluvial_scour,plus4K,51.4,0.0878
Satsunai,left,7.8,fluvial_scour,plus4K,51.6,0.1192
Satsunai,left,7.8,fluvial_scour,plus4K,51.8,0.1581
Satsunai,left,7.8,fluvial_scour,plus4K,52,0.1915
Satsunai,left,7.8,fluvial_scour,plus4K,52.2,0.2185
Satsunai,left,7.8,fluvial_scour,plus4K,52.4,0.2394
Satsunai,left,7.8,fluvial_scour,plus4K,52.6,0.2603
Satsunai,left,7.8,fluvial_scour,plus4K,52.8,0.2854
Satsunai,left,7.8,fluvial_scour,plus4K,53,0.2987
Satsunai,left,7.8,fluvial_scour,plus4K,53.2,0.3129
Satsunai,left,7.8,fluvial_scour,plus4K,53.4,0.3293
Satsunai,left,7.8,fluvial_scour,plus4K,53.6,0.3442
Satsunai,left,7.8,fluvial_scour,plus4K,53.8,0.3641
Satsunai,left,7.8,fluvial_scour,plus4K,54,0.382
Satsunai,left,7.8,fluvial_scour,plus4K,54.2,0.4016
Satsunai,left,7.8,fluvial_scour,plus4K,54.4,0.4152
Satsunai,left,7.8,fluvial_scour,plus4K,54.6,0.4218
Satsunai,left,7.8,fluvial_scour,plus4K,54.8,0.4316
Satsunai,left,7.8,fluvial_scour,plus4K,55,0.4371
Satsunai,left,7.8,fluvial_scour,plus4K,55.2,0.4481
Satsunai,left,7.8,fluvial_scour,plus4K,55.4,0.4554
Satsunai,left,8,fluvial_scour,historical,48.8,0
Satsunai,left,8,fluvial_scour,historical,49,0
Satsunai,left,8,fluvial_scour,historical,49.2,0
Satsunai,left,8,fluvial_scour,historical,49.4,0
Satsunai,left,8,fluvial_scour,historical,49.6,0
Satsunai,left,8,fluvial_scour,historical,49.8,0
Satsunai,left,8,fluvial_scour,historical,50,0
Satsunai,left,8,fluvial_scour,historical,50.2,0
Satsunai,left,8,fluvial_scour,historical,50.4,0
Satsunai,left,8,fluvial_scour,historical,50.6,0
Satsunai,left,8,fluvial_scour,historical,50.8,0
Satsunai,left,8,fluvial_scour,historical,51,0
Satsunai,left,8,fluvial_scour,historical,51.2,0
Satsunai,left,8,fluvial_scour,historical,51.4,0
Satsunai,left,8,fluvial_scour,historical,51.6,0.0228
Satsunai,left,8,fluvial_scour,historical,51.8,0.0637
Satsunai,left,8,fluvial_scour,historical,52,0.096
Satsunai,left,8,fluvial_scour,historical,52.2,0.1349
Satsunai,left,8,fluvial_scour,historical,52.4,0.1755
Satsunai,left,8,fluvial_scour,historical,52.6,0.2079
Satsunai,left,8,fluvial_scour,historical,52.8,0.2369
Satsunai,left,8,fluvial_scour,historical,53,0.2609
Satsunai,left,8,fluvial_scour,historical,53.2,0.2798
Satsunai,left,8,fluvial_scour,historical,53.4,0.2923
Satsunai,left,8,fluvial_scour,historical,53.6,0.3154
Satsunai,left,8,fluvial_scour,historical,53.8,0.332
Satsunai,left,8,fluvial_scour,historical,54,0.3451
Satsunai,left,8,fluvial_scour,historical,54.2,0.3637
Satsunai,left,8,fluvial_scour,historical,54.4,0.3808
Satsunai,left,8,fluvial_scour,historical,54.6,0.3991
Satsunai,left,8,fluvial_scour,historical,54.8,0.4188
Satsunai,left,8,fluvial_scour,historical,55,0.437
Satsunai,left,8,fluvial_scour,historical,55.2,0.4476
Satsunai,left,8,fluvial_scour,historical,55.4,0.4556
Satsunai,left,8,fluvial_scour,historical,55.6,0.4674
Satsunai,left,8,fluvial_scour,historical,55.8,0.4733
Satsunai,left,8,fluvial_scour,historical,56,0.4805
Satsunai,left,8,fluvial_scour,plus4K,48.8,0
Satsunai,left,8,fluvial_scour,plus4K,49,0
Satsunai,left,8,fluvial_scour,plus4K,49.2,0
Satsunai,left,8,fluvial_scour,plus4K,49.4,0
Satsunai,left,8,fluvial_scour,plus4K,49.6,0
Satsunai,left,8,fluvial_scour,plus4K,49.8,0
Satsunai,left,8,fluvial_scour,plus4K,50,0
Satsunai,left,8,fluvial_scour,plus4K,50.2,0
Satsunai,left,8,fluvial_scour,plus4K,50.4,0
Satsunai,left,8,fluvial_scour,plus4K,50.6,0
Satsunai,left,8,fluvial_scour,plus4K,50.8,0
Satsunai,left,8,fluvial_scour,plus4K,51,0
Satsunai,left,8,fluvial_scour,plus4K,51.2,0
Satsunai,left,8,fluvial_scour,plus4K,51.4,0
Satsunai,left,8,fluvial_scour,plus4K,51.6,0.0228
Satsunai,left,8,fluvial_scour,plus4K,51.8,0.0637
Satsunai,left,8,fluvial_scour,plus4K,52,0.096
Satsunai,left,8,fluvial_scour,plus4K,52.2,0.1349
Satsunai,left,8,fluvial_scour,plus4K,52.4,0.1755
Satsunai,left,8,fluvial_scour,plus4K,52.6,0.2079
Satsunai,left,8,fluvial_scour,plus4K,52.8,0.2369
Satsunai,left,8,fluvial_scour,plus4K,53,0.2609
Satsunai,left,8,fluvial_scour,plus4K,53.2,0.2798
Satsunai,left,8,fluvial_scour,plus4K,53.4,0.2923
Satsunai,left,8,fluvial_scour,plus4K,53.6,0.3154
Satsunai,left,8,fluvial_scour,plus4K,53.8,0.332
Satsunai,left,8,fluvial_scour,plus4K,54,0.3451
Satsunai,left,8,fluvial_scour,plus4K,54.2,0.3637
Satsunai,left,8,fluvial_scour,plus4K,54.4,0.3808
Satsunai,left,8,fluvial_scour,plus4K,54.6,0.3991
Satsunai,left,8,fluvial_scour,plus4K,54.8,0.4188
Satsunai,left,8,fluvial_scour,plus4K,55,0.437
Satsunai,left,8,fluvial_scour,plus4K,55.2,0.4476
Satsunai,left,8,fluvial_scour,plus4K,55.4,0.4556
Satsunai,left,8,fluvial_scour,plus4K,55.6,0.4674
Satsunai,left,8,fluvial_scour,plus4K,55.8,0.4733
Satsunai,left,8,fluvial_scour,plus4K,56,0.4805
Satsunai,left,8.2,fluvial_scour,historical,49.6,0
Satsunai,left,8.2,fluvial_scour,historical,49.8,0
Satsunai,left,8.2,fluvial_scour,historical,50,0
Satsunai,left,8.2,fluvial_scour,historical,50.2,0
Satsunai,left,8.2,fluvial_scour,historical,50.4,0
Satsunai,left,8.2,fluvial_scour,historical,50.6,0
Satsunai,left,8.2,fluvial_scour,historical,50.8,0
Satsunai,left,8.2,fluvial_scour,historical,51,0
Satsunai,left,8.2,fluvial_scour,historical,51.2,0
Satsunai,left,8.2,fluvial_scour,historical,51.4,0.0008
Satsunai,left,8.2,fluvial_scour,historical,51.6,0.0041
Satsunai,left,8.2,fluvial_scour,historical,51.8,0.0102
Satsunai,left,8.2,fluvial_scour,historical,52,0.0208
Satsunai,left,8.2,fluvial_scour,historical,52.2,0.0318
Satsunai,left,8.2,fluvial_scour,historical,52.4,0.0463
Satsunai,left,8.2,fluvial_scour,historical,52.6,0.0671
Satsunai,left,8.2,fluvial_scour,historical,52.8,0.0925
Satsunai,left,8.2,fluvial_scour,historical,53,0.1318
Satsunai,left,8.2,fluvial_scour,historical,53.2,0.1699
Satsunai,left,8.2,fluvial_scour,historical,53.4,0.2042
Satsunai,left,8.2,fluvial_scour,historical,53.6,0.2318
Satsunai,left,8.2,fluvial_scour,historical,53.8,0.254
Satsunai,left,8.2,fluvial_scour,historical,54,0.2733
Satsunai,left,8.2,fluvial_scour,historical,54.2,0.2849
Satsunai,left,8.2,fluvial_scour,historical,54.4,0.3034
Satsunai,left,8.2,fluvial_scour,historical,54.6,0.3167
Satsunai,left,8.2,fluvial_scour,historical,54.8,0.3324
Satsunai,left,8.2,fluvial_scour,historical,55,0.3468
Satsunai,left,8.2,fluvial_scour,historical,55.2,0.3617
Satsunai,left,8.2,fluvial_scour,historical,55.4,0.3826
Satsunai,left,8.2,fluvial_scour,historical,55.6,0.4035
Satsunai,left,8.2,fluvial_scour,historical,55.8,0.4213
Satsunai,left,8.2,fluvial_scour,historical,56,0.4381
Satsunai,left,8.2,fluvial_scour,historical,56.2,0.4478
Satsunai,left,8.2,fluvial_scour,historical,56.4,0.4533
Satsunai,left,8.2,fluvial_scour,historical,56.6,0.4623
Satsunai,left,8.2,fluvial_scour,plus4K,49.6,0
Satsunai,left,8.2,fluvial_scour,plus4K,49.8,0
Satsunai,left,8.2,fluvial_scour,plus4K,50,0
Satsunai,left,8.2,fluvial_scour,plus4K,50.2,0
Satsunai,left,8.2,fluvial_scour,plus4K,50.4,0
Satsunai,left,8.2,fluvial_scour,plus4K,50.6,0
Satsunai,left,8.2,fluvial_scour,plus4K,50.8,0
Satsunai,left,8.2,fluvial_scour,plus4K,51,0
Satsunai,left,8.2,fluvial_scour,plus4K,51.2,0
Satsunai,left,8.2,fluvial_scour,plus4K,51.4,0.0008
Satsunai,left,8.2,fluvial_scour,plus4K,51.6,0.0041
Satsunai,left,8.2,fluvial_scour,plus4K,51.8,0.0102
Satsunai,left,8.2,fluvial_scour,plus4K,52,0.0208
Satsunai,left,8.2,fluvial_scour,plus4K,52.2,0.0318
Satsunai,left,8.2,fluvial_scour,plus4K,52.4,0.0463
Satsunai,left,8.2,fluvial_scour,plus4K,52.6,0.0671
Satsunai,left,8.2,fluvial_scour,plus4K,52.8,0.0925
Satsunai,left,8.2,fluvial_scour,plus4K,53,0.1318
Satsunai,left,8.2,fluvial_scour,plus4K,53.2,0.1699
Satsunai,left,8.2,fluvial_scour,plus4K,53.4,0.2042
Satsunai,left,8.2,fluvial_scour,plus4K,53.6,0.2318
Satsunai,left,8.2,fluvial_scour,plus4K,53.8,0.254
Satsunai,left,8.2,fluvial_scour,plus4K,54,0.2733
Satsunai,left,8.2,fluvial_scour,plus4K,54.2,0.2849
Satsunai,left,8.2,fluvial_scour,plus4K,54.4,0.3034
Satsunai,left,8.2,fluvial_scour,plus4K,54.6,0.3167
Satsunai,left,8.2,fluvial_scour,plus4K,54.8,0.3324
Satsunai,left,8.2,fluvial_scour,plus4K,55,0.3468
Satsunai,left,8.2,fluvial_scour,plus4K,55.2,0.3617
Satsunai,left,8.2,fluvial_scour,plus4K,55.4,0.3826
Satsunai,left,8.2,fluvial_scour,plus4K,55.6,0.4035
Satsunai,left,8.2,fluvial_scour,plus4K,55.8,0.4213
Satsunai,left,8.2,fluvial_scour,plus4K,56,0.4381
Satsunai,left,8.2,fluvial_scour,plus4K,56.2,0.4478
Satsunai,left,8.2,fluvial_scour,plus4K,56.4,0.4533
Satsunai,left,8.2,fluvial_scour,plus4K,56.6,0.4623
Satsunai,left,8.4,fluvial_scour,historical,50.6,0
Satsunai,left,8.4,fluvial_scour,historical,50.8,0
Satsunai,left,8.4,fluvial_scour,historical,51,0
Satsunai,left,8.4,fluvial_scour,historical,51.2,0
Satsunai,left,8.4,fluvial_scour,historical,51.4,0
Satsunai,left,8.4,fluvial_scour,historical,51.6,0
Satsunai,left,8.4,fluvial_scour,historical,51.8,0
Satsunai,left,8.4,fluvial_scour,historical,52,0
Satsunai,left,8.4,fluvial_scour,historical,52.2,0
Satsunai,left,8.4,fluvial_scour,historical,52.4,0.0011
Satsunai,left,8.4,fluvial_scour,historical,52.6,0.0052
Satsunai,left,8.4,fluvial_scour,historical,52.8,0.013
Satsunai,left,8.4,fluvial_scour,historical,53,0.0238
Satsunai,left,8.4,fluvial_scour,historical,53.2,0.0376
Satsunai,left,8.4,fluvial_scour,historical,53.4,0.0554
Satsunai,left,8.4,fluvial_scour,historical,53.6,0.082
Satsunai,left,8.4,fluvial_scour,historical,53.8,0.1137
Satsunai,left,8.4,fluvial_scour,historical,54,0.1562
Satsunai,left,8.4,fluvial_scour,historical,54.2,0.1917
Satsunai,left,8.4,fluvial_scour,historical,54.4,0.2213
Satsunai,left,8.4,fluvial_scour,historical,54.6,0.2462
Satsunai,left,8.4,fluvial_scour,historical,54.8,0.2627
Satsunai,left,8.4,fluvial_scour,historical,55,0.2825
Satsunai,left,8.4,fluvial_scour,historical,55.2,0.2953
Satsunai,left,8.4,fluvial_scour,historical,55.4,0.31
Satsunai,left,8.4,fluvial_scour,historical,55.6,0.3267
Satsunai,left,8.4,fluvial_scour,historical,55.8,0.3369
Satsunai,left,8.4,fluvial_scour,historical,56,0.3508
Satsunai,left,8.4,fluvial_scour,historical,56.2,0.3655
Satsunai,left,8.4,fluvial_scour,historical,56.4,0.3832
Satsunai,left,8.4,fluvial_scour,historical,56.6,0.4025
Satsunai,left,8.4,fluvial_scour,historical,56.8,0.4228
Satsunai,left,8.4,fluvial_scour,historical,57,0.4343
Satsunai,left,8.4,fluvial_scour,historical,57.2,0.4467
Satsunai,left,8.4,fluvial_scour,historical,57.4,0.4531
Satsunai,left,8.4,fluvial_scour,plus4K,50.6,0
Satsunai,left,8.4,fluvial_scour,plus4K,50.8,0
Satsunai,left,8.4,fluvial_scour,plus4K,51,0
Satsunai,left,8.4,fluvial_scour,plus4K,51.2,0
Satsunai,left,8.4,fluvial_scour,plus4K,51.4,0
Satsunai,left,8.4,fluvial_scour,plus4K,51.6,0
Satsunai,left,8.4,fluvial_scour,plus4K,51.8,0
Satsunai,left,8.4,fluvial_scour,plus4K,52,0
Satsunai,left,8.4,fluvial_scour,plus4K,52.2,0
Satsunai,left,8.4,fluvial_scour,plus4K,52.4,0.0011
Satsunai,left,8.4,fluvial_scour,plus4K,52.6,0.0052
Satsunai,left,8.4,fluvial_scour,plus4K,52.8,0.013
Satsunai,left,8.4,fluvial_scour,plus4K,53,0.0238
Satsunai,left,8.4,fluvial_scour,plus4K,53.2,0.0376
Satsunai,left,8.4,fluvial_scour,plus4K,53.4,0.0554
Satsunai,left,8.4,fluvial_scour,plus4K,53.6,0.082
Satsunai,left,8.4,fluvial_scour,plus4K,53.8,0.1137
Satsunai,left,8.4,fluvial_scour,plus4K,54,0.1562
Satsunai,left,8.4,fluvial_scour,plus4K,54.2,0.1917
Satsunai,left,8.4,fluvial_scour,plus4K,54.4,0.2213
Satsunai,left,8.4,fluvial_scour,plus4K,54.6,0.2462
Satsunai,left,8.4,fluvial_scour,plus4K,54.8,0.2627
Satsunai,left,8.4,fluvial_scour,plus4K,55,0.2825
Satsunai,left,8.4,fluvial_scour,plus4K,55.2,0.2953
Satsunai,left,8.4,fluvial_scour,plus4K,55.4,0.31
Satsunai,left,8.4,fluvial_scour,plus4K,55.6,0.3267
Satsunai,left,8.4,fluvial_scour,plus4K,55.8,0.3369
Satsunai,left,8.4,fluvial_scour,plus4K,56,0.3508
Satsunai,left,8.4,fluvial_scour,plus4K,56.2,0.3655
Satsunai,left,8.4,fluvial_scour,plus4K,56.4,0.3832
Satsunai,left,8.4,fluvial_scour,plus4K,56.6,0.4025
Satsunai,left,8.4,fluvial_scour,plus4K,56.8,0.4228
Satsunai,left,8.4,fluvial_scour,plus4K,57,0.4343
Satsunai,left,8.4,fluvial_scour,plus4K,57.2,0.4467
Satsunai,left,8.4,fluvial_scour,plus4K,57.4,0.4531
Satsunai,left,8.6,fluvial_scour,historical,51.2,0
Satsunai,left,8.6,fluvial_scour,historical,51.4,0
Satsunai,left,8.6,fluvial_scour,historical,51.6,0
Satsunai,left,8.6,fluvial_scour,historical,51.8,0
Satsunai,left,8.6,fluvial_scour,historical,52,0
Satsunai,left,8.6,fluvial_scour,historical,52.2,0
Satsunai,left,8.6,fluvial_scour,historical,52.4,0
Satsunai,left,8.6,fluvial_scour,historical,52.6,0
Satsunai,left,8.6,fluvial_scour,historical,52.8,0
Satsunai,left,8.6,fluvial_scour,historical,53,0.0024
Satsunai,left,8.6,fluvial_scour,historical,53.2,0.0069
Satsunai,left,8.6,fluvial_scour,historical,53.4,0.0149
Satsunai,left,8.6,fluvial_scour,historical,53.6,0.0272
Satsunai,left,8.6,fluvial_scour,historical,53.8,0.0419
Satsunai,left,8.6,fluvial_scour,historical,54,0.0575
Satsunai,left,8.6,fluvial_scour,historical,54.2,0.0783
Satsunai,left,8.6,fluvial_scour,historical,54.4,0.1091
Satsunai,left,8.6,fluvial_scour,historical,54.6,0.1467
Satsunai,left,8.6,fluvial_scour,historical,54.8,0.1847
Satsunai,left,8.6,fluvial_scour,historical,55,0.2142
Satsunai,left,8.6,fluvial_scour,historical,55.2,0.2393
Satsunai,left,8.6,fluvial_scour,historical,55.4,0.2566
Satsunai,left,8.6,fluvial_scour,historical,55.6,0.2788
Satsunai,left,8.6,fluvial_scour,historical,55.8,0.2898
Satsunai,left,8.6,fluvial_scour,historical,56,0.3065
Satsunai,left,8.6,fluvial_scour,historical,56.2,0.3162
Satsunai,left,8.6,fluvial_scour,historical,56.4,0.3302
Satsunai,left,8.6,fluvial_scour,historical,56.6,0.3388
Satsunai,left,8.6,fluvial_scour,historical,56.8,0.3519
Satsunai,left,8.6,fluvial_scour,historical,57,0.3699
Satsunai,left,8.6,fluvial_scour,historical,57.2,0.3882
Satsunai,left,8.6,fluvial_scour,historical,57.4,0.4058
Satsunai,left,8.6,fluvial_scour,historical,57.6,0.4261
Satsunai,left,8.6,fluvial_scour,historical,57.8,0.4381
Satsunai,left,8.6,fluvial_scour,historical,58,0.4487
Satsunai,left,8.6,fluvial_scour,plus4K,51.2,0
Satsunai,left,8.6,fluvial_scour,plus4K,51.4,0
Satsunai,left,8.6,fluvial_scour,plus4K,51.6,0
Satsunai,left,8.6,fluvial_scour,plus4K,51.8,0
Satsunai,left,8.6,fluvial_scour,plus4K,52,0
Satsunai,left,8.6,fluvial_scour,plus4K,52.2,0
Satsunai,left,8.6,fluvial_scour,plus4K,52.4,0
Satsunai,left,8.6,fluvial_scour,plus4K,52.6,0
Satsunai,left,8.6,fluvial_scour,plus4K,52.8,0
Satsunai,left,8.6,fluvial_scour,plus4K,53,0.0024
Satsunai,left,8.6,fluvial_scour,plus4K,53.2,0.0069
Satsunai,left,8.6,fluvial_scour,plus4K,53.4,0.0149
Satsunai,left,8.6,fluvial_scour,plus4K,53.6,0.0272
Satsunai,left,8.6,fluvial_scour,plus4K,53.8,0.0419
Satsunai,left,8.6,fluvial_scour,plus4K,54,0.0575
Satsunai,left,8.6,fluvial_scour,plus4K,54.2,0.0783
Satsunai,left,8.6,fluvial_scour,plus4K,54.4,0.1091
Satsunai,left,8.6,fluvial_scour,plus4K,54.6,0.1467
Satsunai,left,8.6,fluvial_scour,plus4K,54.8,0.1847
Satsunai,left,8.6,fluvial_scour,plus4K,55,0.2142
Satsunai,left,8.6,fluvial_scour,plus4K,55.2,0.2393
Satsunai,left,8.6,fluvial_scour,plus4K,55.4,0.2566
Satsunai,left,8.6,fluvial_scour,plus4K,55.6,0.2788
Satsunai,left,8.6,fluvial_scour,plus4K,55.8,0.2898
Satsunai,left,8.6,fluvial_scour,plus4K,56,0.3065
Satsunai,left,8.6,fluvial_scour,plus4K,56.2,0.3162
Satsunai,left,8.6,fluvial_scour,plus4K,56.4,0.3302
Satsunai,left,8.6,fluvial_scour,plus4K,56.6,0.3388
Satsunai,left,8.6,fluvial_scour,plus4K,56.8,0.3519
Satsunai,left,8.6,fluvial_scour,plus4K,57,0.3699
Satsunai,left,8.6,fluvial_scour,plus4K,57.2,0.3882
Satsunai,left,8.6,fluvial_scour,plus4K,57.4,0.4058
Satsunai,left,8.6,fluvial_scour,plus4K,57.6,0.4261
Satsunai,left,8.6,fluvial_scour,plus4K,57.8,0.4381
Satsunai,left,8.6,fluvial_scour,plus4K,58,0.4487
Satsunai,left,8.8,fluvial_scour,historical,51.6,0
Satsunai,left,8.8,fluvial_scour,historical,51.8,0
Satsunai,left,8.8,fluvial_scour,historical,52,0
Satsunai,left,8.8,fluvial_scour,historical,52.2,0
Satsunai,left,8.8,fluvial_scour,historical,52.4,0
Satsunai,left,8.8,fluvial_scour,historical,52.6,0
Satsunai,left,8.8,fluvial_scour,historical,52.8,0
Satsunai,left,8.8,fluvial_scour,historical,53,0
Satsunai,left,8.8,fluvial_scour,historical,53.2,0
Satsunai,left,8.8,fluvial_scour,historical,53.4,0
Satsunai,left,8.8,fluvial_scour,historical,53.6,0
Satsunai,left,8.8,fluvial_scour,historical,53.8,0.0072
Satsunai,left,8.8,fluvial_scour,historical,54,0.0135
Satsunai,left,8.8,fluvial_scour,historical,54.2,0.0255
Satsunai,left,8.8,fluvial_scour,historical,54.4,0.0415
Satsunai,left,8.8,fluvial_scour,historical,54.6,0.0595
Satsunai,left,8.8,fluvial_scour,historical,54.8,0.0838
Satsunai,left,8.8,fluvial_scour,historical,55,0.1122
Satsunai,left,8.8,fluvial_scour,historical,55.2,0.1485
Satsunai,left,8.8,fluvial_scour,historical,55.4,0.1838
Satsunai,left,8.8,fluvial_scour,historical,55.6,0.2177
Satsunai,left,8.8,fluvial_scour,historical,55.8,0.2411
Satsunai,left,8.8,fluvial_scour,historical,56,0.2585
Satsunai,left,8.8,fluvial_scour,historical,56.2,0.2751
Satsunai,left,8.8,fluvial_scour,historical,56.4,0.2935
Satsunai,left,8.8,fluvial_scour,historical,56.6,0.3057
Satsunai,left,8.8,fluvial_scour,historical,56.8,0.3222
Satsunai,left,8.8,fluvial_scour,historical,57,0.3313
Satsunai,left,8.8,fluvial_scour,historical,57.2,0.3469
Satsunai,left,8.8,fluvial_scour,historical,57.4,0.3594
Satsunai,left,8.8,fluvial_scour,historical,57.6,0.3783
Satsunai,left,8.8,fluvial_scour,historical,57.8,0.3988
Satsunai,left,8.8,fluvial_scour,historical,58,0.4195
Satsunai,left,8.8,fluvial_scour,historical,58.2,0.4336
Satsunai,left,8.8,fluvial_scour,historical,58.4,0.4435
Satsunai,left,8.8,fluvial_scour,historical,58.6,0.4485
Satsunai,left,8.8,fluvial_scour,plus4K,51.6,0
Satsunai,left,8.8,fluvial_scour,plus4K,51.8,0
Satsunai,left,8.8,fluvial_scour,plus4K,52,0
Satsunai,left,8.8,fluvial_scour,plus4K,52.2,0
Satsunai,left,8.8,fluvial_scour,plus4K,52.4,0
Satsunai,left,8.8,fluvial_scour,plus4K,52.6,0
Satsunai,left,8.8,fluvial_scour,plus4K,52.8,0
Satsunai,left,8.8,fluvial_scour,plus4K,53,0
Satsunai,left,8.8,fluvial_scour,plus4K,53.2,0
Satsunai,left,8.8,fluvial_scour,plus4K,53.4,0
Satsunai,left,8.8,fluvial_scour,plus4K,53.6,0
Satsunai,left,8.8,fluvial_scour,plus4K,53.8,0.0072
Satsunai,left,8.8,fluvial_scour,plus4K,54,0.0135
Satsunai,left,8.8,fluvial_scour,plus4K,54.2,0.0255
Satsunai,left,8.8,fluvial_scour,plus4K,54.4,0.0415
Satsunai,left,8.8,fluvial_scour,plus4K,54.6,0.0595
Satsunai,left,8.8,fluvial_scour,plus4K,54.8,0.0838
Satsunai,left,8.8,fluvial_scour,plus4K,55,0.1122
Satsunai,left,8.8,fluvial_scour,plus4K,55.2,0.1485
Satsunai,left,8.8,fluvial_scour,plus4K,55.4,0.1838
Satsunai,left,8.8,fluvial_scour,plus4K,55.6,0.2177
Satsunai,left,8.8,fluvial_scour,plus4K,55.8,0.2411
Satsunai,left,8.8,fluvial_scour,plus4K,56,0.2585
Satsunai,left,8.8,fluvial_scour,plus4K,56.2,0.2751
Satsunai,left,8.8,fluvial_scour,plus4K,56.4,0.2935
Satsunai,left,8.8,fluvial_scour,plus4K,56.6,0.3057
Satsunai,left,8.8,fluvial_scour,plus4K,56.8,0.3222
Satsunai,left,8.8,fluvial_scour,plus4K,57,0.3313
Satsunai,left,8.8,fluvial_scour,plus4K,57.2,0.3469
Satsunai,left,8.8,fluvial_scour,plus4K,57.4,0.3594
Satsunai,left,8.8,fluvial_scour,plus4K,57.6,0.3783
Satsunai,left,8.8,fluvial_scour,plus4K,57.8,0.3988
Satsunai,left,8.8,fluvial_scour,plus4K,58,0.4195
Satsunai,left,8.8,fluvial_scour,plus4K,58.2,0.4336
Satsunai,left,8.8,fluvial_scour,plus4K,58.4,0.4435
Satsunai,left,8.8,fluvial_scour,plus4K,58.6,0.4485
Satsunai,left,9,fluvial_scour,historical,53.2,0
Satsunai,left,9,fluvial_scour,historical,53.4,0
Satsunai,left,9,fluvial_scour,historical,53.6,0
Satsunai,left,9,fluvial_scour,historical,53.8,0
Satsunai,left,9,fluvial_scour,historical,54,0
Satsunai,left,9,fluvial_scour,historical,54.2,0
Satsunai,left,9,fluvial_scour,historical,54.4,0
Satsunai,left,9,fluvial_scour,historical,54.6,0.0002
Satsunai,left,9,fluvial_scour,historical,54.8,0.0012
Satsunai,left,9,fluvial_scour,historical,55,0.0033
Satsunai,left,9,fluvial_scour,historical,55.2,0.0084
Satsunai,left,9,fluvial_scour,historical,55.4,0.0145
Satsunai,left,9,fluvial_scour,historical,55.6,0.0228
Satsunai,left,9,fluvial_scour,historical,55.8,0.0401
Satsunai,left,9,fluvial_scour,historical,56,0.0575
Satsunai,left,9,fluvial_scour,historical,56.2,0.081
Satsunai,left,9,fluvial_scour,historical,56.4,0.1105
Satsunai,left,9,fluvial_scour,historical,56.6,0.1361
Satsunai,left,9,fluvial_scour,historical,56.8,0.1564
Satsunai,left,9,fluvial_scour,historical,57,0.1763
Satsunai,left,9,fluvial_scour,historical,57.2,0.1947
Satsunai,left,9,fluvial_scour,historical,57.4,0.2067
Satsunai,left,9,fluvial_scour,historical,57.6,0.2215
Satsunai,left,9,fluvial_scour,historical,57.8,0.2345
Satsunai,left,9,fluvial_scour,historical,58,0.2433
Satsunai,left,9,fluvial_scour,historical,58.2,0.2574
Satsunai,left,9,fluvial_scour,historical,58.4,0.2725
Satsunai,left,9,fluvial_scour,historical,58.6,0.2888
Satsunai,left,9,fluvial_scour,historical,58.8,0.3059
Satsunai,left,9,fluvial_scour,historical,59,0.3236
Satsunai,left,9,fluvial_scour,historical,59.2,0.3322
Satsunai,left,9,fluvial_scour,historical,59.4,0.341
Satsunai,left,9,fluvial_scour,historical,59.6,0.3508
Satsunai,left,9,fluvial_scour,plus4K,53.2,0
Satsunai,left,9,fluvial_scour,plus4K,53.4,0
Satsunai,left,9,fluvial_scour,plus4K,53.6,0
Satsunai,left,9,fluvial_scour,plus4K,53.8,0
Satsunai,left,9,fluvial_scour,plus4K,54,0
Satsunai,left,9,fluvial_scour,plus4K,54.2,0
Satsunai,left,9,fluvial_scour,plus4K,54.4,0
Satsunai,left,9,fluvial_scour,plus4K,54.6,0.0002
Satsunai,left,9,fluvial_scour,plus4K,54.8,0.0012
Satsunai,left,9,fluvial_scour,plus4K,55,0.0033
Satsunai,left,9,fluvial_scour,plus4K,55.2,0.0084
Satsunai,left,9,fluvial_scour,plus4K,55.4,0.0145
Satsunai,left,9,fluvial_scour,plus4K,55.6,0.0228
Satsunai,left,9,fluvial_scour,plus4K,55.8,0.0401
Satsunai,left,9,fluvial_scour,plus4K,56,0.0575
Satsunai,left,9,fluvial_scour,plus4K,56.2,0.081
Satsunai,left,9,fluvial_scour,plus4K,56.4,0.1105
Satsunai,left,9,fluvial_scour,plus4K,56.6,0.1361
Satsunai,left,9,fluvial_scour,plus4K,56.8,0.1564
Satsunai,left,9,fluvial_scour,plus4K,57,0.1763
Satsunai,left,9,fluvial_scour,plus4K,57.2,0.1947
Satsunai,left,9,fluvial_scour,plus4K,57.4,0.2067
Satsunai,left,9,fluvial_scour,plus4K,57.6,0.2215
Satsunai,left,9,fluvial_scour,plus4K,57.8,0.2345
Satsunai,left,9,fluvial_scour,plus4K,58,0.2433
Satsunai,left,9,fluvial_scour,plus4K,58.2,0.2574
Satsunai,left,9,fluvial_scour,plus4K,58.4,0.2725
Satsunai,left,9,fluvial_scour,plus4K,58.6,0.2888
Satsunai,left,9,fluvial_scour,plus4K,58.8,0.3059
Satsunai,left,9,fluvial_scour,plus4K,59,0.3236
Satsunai,left,9,fluvial_scour,plus4K,59.2,0.3322
Satsunai,left,9,fluvial_scour,plus4K,59.4,0.341
Satsunai,left,9,fluvial_scour,plus4K,59.6,0.3508
Satsunai,left,9.2,fluvial_scour,historical,53.6,0
Satsunai,left,9.2,fluvial_scour,historical,53.8,0
Satsunai,left,9.2,fluvial_scour,historical,54,0
Satsunai,left,9.2,fluvial_scour,historical,54.2,0
Satsunai,left,9.2,fluvial_scour,historical,54.4,0
Satsunai,left,9.2,fluvial_scour,historical,54.6,0
Satsunai,left,9.2,fluvial_scour,historical,54.8,0
Satsunai,left,9.2,fluvial_scour,historical,55,0
Satsunai,left,9.2,fluvial_scour,historical,55.2,0
Satsunai,left,9.2,fluvial_scour,historical,55.4,0.0015
Satsunai,left,9.2,fluvial_scour,historical,55.6,0.0054
Satsunai,left,9.2,fluvial_scour,historical,55.8,0.012
Satsunai,left,9.2,fluvial_scour,historical,56,0.0197
Satsunai,left,9.2,fluvial_scour,historical,56.2,0.0309
Satsunai,left,9.2,fluvial_scour,historical,56.4,0.0472
Satsunai,left,9.2,fluvial_scour,historical,56.6,0.0682
Satsunai,left,9.2,fluvial_scour,historical,56.8,0.094
Satsunai,left,9.2,fluvial_scour,historical,57,0.1233
Satsunai,left,9.2,fluvial_scour,historical,57.2,0.1633
Satsunai,left,9.2,fluvial_scour,historical,57.4,0.1985
Satsunai,left,9.2,fluvial_scour,historical,57.6,0.2299
Satsunai,left,9.2,fluvial_scour,historical,57.8,0.2526
Satsunai,left,9.2,fluvial_scour,historical,58,0.2722
Satsunai,left,9.2,fluvial_scour,historical,58.2,0.295
Satsunai,left,9.2,fluvial_scour,historical,58.4,0.3026
Satsunai,left,9.2,fluvial_scour,historical,58.6,0.3221
Satsunai,left,9.2,fluvial_scour,historical,58.8,0.328
Satsunai,left,9.2,fluvial_scour,historical,59,0.3447
Satsunai,left,9.2,fluvial_scour,historical,59.2,0.3524
Satsunai,left,9.2,fluvial_scour,historical,59.4,0.3688
Satsunai,left,9.2,fluvial_scour,historical,59.6,0.3825
Satsunai,left,9.2,fluvial_scour,historical,59.8,0.4009
Satsunai,left,9.2,fluvial_scour,historical,60,0.4212
Satsunai,left,9.2,fluvial_scour,historical,60.2,0.4383
Satsunai,left,9.2,fluvial_scour,historical,60.4,0.4538
Satsunai,left,9.2,fluvial_scour,historical,60.6,0.4635
Satsunai,left,9.2,fluvial_scour,plus4K,53.6,0
Satsunai,left,9.2,fluvial_scour,plus4K,53.8,0
Satsunai,left,9.2,fluvial_scour,plus4K,54,0
Satsunai,left,9.2,fluvial_scour,plus4K,54.2,0
Satsunai,left,9.2,fluvial_scour,plus4K,54.4,0
Satsunai,left,9.2,fluvial_scour,plus4K,54.6,0
Satsunai,left,9.2,fluvial_scour,plus4K,54.8,0
Satsunai,left,9.2,fluvial_scour,plus4K,55,0
Satsunai,left,9.2,fluvial_scour,plus4K,55.2,0
Satsunai,left,9.2,fluvial_scour,plus4K,55.4,0.0015
Satsunai,left,9.2,fluvial_scour,plus4K,55.6,0.0054
Satsunai,left,9.2,fluvial_scour,plus4K,55.8,0.012
Satsunai,left,9.2,fluvial_scour,plus4K,56,0.0197
Satsunai,left,9.2,fluvial_scour,plus4K,56.2,0.0309
Satsunai,left,9.2,fluvial_scour,plus4K,56.4,0.0472
Satsunai,left,9.2,fluvial_scour,plus4K,56.6,0.0682
Satsunai,left,9.2,fluvial_scour,plus4K,56.8,0.094
Satsunai,left,9.2,fluvial_scour,plus4K,57,0.1233
Satsunai,left,9.2,fluvial_scour,plus4K,57.2,0.1633
Satsunai,left,9.2,fluvial_scour,plus4K,57.4,0.1985
Satsunai,left,9.2,fluvial_scour,plus4K,57.6,0.2299
Satsunai,left,9.2,fluvial_scour,plus4K,57.8,0.2526
Satsunai,left,9.2,fluvial_scour,plus4K,58,0.2722
Satsunai,left,9.2,fluvial_scour,plus4K,58.2,0.295
Satsunai,left,9.2,fluvial_scour,plus4K,58.4,0.3026
Satsunai,left,9.2,fluvial_scour,plus4K,58.6,0.3221
Satsunai,left,9.2,fluvial_scour,plus4K,58.8,0.328
Satsunai,left,9.2,fluvial_scour,plus4K,59,0.3447
Satsunai,left,9.2,fluvial_scour,plus4K,59.2,0.3524
Satsunai,left,9.2,fluvial_scour,plus4K,59.4,0.3688
Satsunai,left,9.2,fluvial_scour,plus4K,59.6,0.3825
Satsunai,left,9.2,fluvial_scour,plus4K,59.8,0.4009
Satsunai,left,9.2,fluvial_scour,plus4K,60,0.4212
Satsunai,left,9.2,fluvial_scour,plus4K,60.2,0.4383
Satsunai,left,9.2,fluvial_scour,plus4K,60.4,0.4538
Satsunai,left,9.2,fluvial_scour,plus4K,60.6,0.4635
Satsunai,left,9.4,fluvial_scour,historical,54.2,0
Satsunai,left,9.4,fluvial_scour,historical,54.4,0
Satsunai,left,9.4,fluvial_scour,historical,54.6,0
Satsunai,left,9.4,fluvial_scour,historical,54.8,0
Satsunai,left,9.4,fluvial_scour,historical,55,0
Satsunai,left,9.4,fluvial_scour,historical,55.2,0
Satsunai,left,9.4,fluvial_scour,historical,55.4,0
Satsunai,left,9.4,fluvial_scour,historical,55.6,0
Satsunai,left,9.4,fluvial_scour,historical,55.8,0.0002
Satsunai,left,9.4,fluvial_scour,historical,56,0.0014
Satsunai,left,9.4,fluvial_scour,historical,56.2,0.0045
Satsunai,left,9.4,fluvial_scour,historical,56.4,0.0092
Satsunai,left,9.4,fluvial_scour,historical,56.6,0.0167
Satsunai,left,9.4,fluvial_scour,historical,56.8,0.0256
Satsunai,left,9.4,fluvial_scour,historical,57,0.0393
Satsunai,left,9.4,fluvial_scour,historical,57.2,0.059
Satsunai,left,9.4,fluvial_scour,historical,57.4,0.091
Satsunai,left,9.4,fluvial_scour,historical,57.6,0.1225
Satsunai,left,9.4,fluvial_scour,historical,57.8,0.1578
Satsunai,left,9.4,fluvial_scour,historical,58,0.2006
Satsunai,left,9.4,fluvial_scour,historical,58.2,0.2518
Satsunai,left,9.4,fluvial_scour,historical,58.4,0.2905
Satsunai,left,9.4,fluvial_scour,historical,58.6,0.3221
Satsunai,left,9.4,fluvial_scour,historical,58.8,0.3499
Satsunai,left,9.4,fluvial_scour,historical,59,0.3644
Satsunai,left,9.4,fluvial_scour,historical,59.2,0.3814
Satsunai,left,9.4,fluvial_scour,historical,59.4,0.3974
Satsunai,left,9.4,fluvial_scour,historical,59.6,0.4094
Satsunai,left,9.4,fluvial_scour,historical,59.8,0.4265
Satsunai,left,9.4,fluvial_scour,historical,60,0.4395
Satsunai,left,9.4,fluvial_scour,historical,60.2,0.4546
Satsunai,left,9.4,fluvial_scour,historical,60.4,0.4666
Satsunai,left,9.4,fluvial_scour,historical,60.6,0.4822
Satsunai,left,9.4,fluvial_scour,historical,60.8,0.5007
Satsunai,left,9.4,fluvial_scour,historical,61,0.5202
Satsunai,left,9.4,fluvial_scour,historical,61.2,0.5376
Satsunai,left,9.4,fluvial_scour,historical,61.4,0.5468
Satsunai,left,9.4,fluvial_scour,historical,61.6,0.5576
Satsunai,left,9.4,fluvial_scour,historical,61.8,0.5632
Satsunai,left,9.4,fluvial_scour,historical,62,0.5723
Satsunai,left,9.4,fluvial_scour,plus4K,54.2,0
Satsunai,left,9.4,fluvial_scour,plus4K,54.4,0
Satsunai,left,9.4,fluvial_scour,plus4K,54.6,0
Satsunai,left,9.4,fluvial_scour,plus4K,54.8,0
Satsunai,left,9.4,fluvial_scour,plus4K,55,0
Satsunai,left,9.4,fluvial_scour,plus4K,55.2,0
Satsunai,left,9.4,fluvial_scour,plus4K,55.4,0
Satsunai,left,9.4,fluvial_scour,plus4K,55.6,0
Satsunai,left,9.4,fluvial_scour,plus4K,55.8,0.0002
Satsunai,left,9.4,fluvial_scour,plus4K,56,0.0014
Satsunai,left,9.4,fluvial_scour,plus4K,56.2,0.0045
Satsunai,left,9.4,fluvial_scour,plus4K,56.4,0.0092
Satsunai,left,9.4,fluvial_scour,plus4K,56.6,0.0167
Satsunai,left,9.4,fluvial_scour,plus4K,56.8,0.0256
Satsunai,left,9.4,fluvial_scour,plus4K,57,0.0393
Satsunai,left,9.4,fluvial_scour,plus4K,57.2,0.059
Satsunai,left,9.4,fluvial_scour,plus4K,57.4,0.091
Satsunai,left,9.4,fluvial_scour,plus4K,57.6,0.1225
Satsunai,left,9.4,fluvial_scour,plus4K,57.8,0.1578
Satsunai,left,9.4,fluvial_scour,plus4K,58,0.2006
Satsunai,left,9.4,fluvial_scour,plus4K,58.2,0.2518
Satsunai,left,9.4,fluvial_scour,plus4K,58.4,0.2905
Satsunai,left,9.4,fluvial_scour,plus4K,58.6,0.3221
Satsunai,left,9.4,fluvial_scour,plus4K,58.8,0.3499
Satsunai,left,9.4,fluvial_scour,plus4K,59,0.3644
Satsunai,left,9.4,fluvial_scour,plus4K,59.2,0.3814
Satsunai,left,9.4,fluvial_scour,plus4K,59.4,0.3974
Satsunai,left,9.4,fluvial_scour,plus4K,59.6,0.4094
Satsunai,left,9.4,fluvial_scour,plus4K,59.8,0.4265
Satsunai,left,9.4,fluvial_scour,plus4K,60,0.4395
Satsunai,left,9.4,fluvial_scour,plus4K,60.2,0.4546
Satsunai,left,9.4,fluvial_scour,plus4K,60.4,0.4666
Satsunai,left,9.4,fluvial_scour,plus4K,60.6,0.4822
Satsunai,left,9.4,fluvial_scour,plus4K,60.8,0.5007
Satsunai,left,9.4,fluvial_scour,plus4K,61,0.5202
Satsunai,left,9.4,fluvial_scour,plus4K,61.2,0.5376
Satsunai,left,9.4,fluvial_scour,plus4K,61.4,0.5468
Satsunai,left,9.4,fluvial_scour,plus4K,61.6,0.5576
Satsunai,left,9.4,fluvial_scour,plus4K,61.8,0.5632
Satsunai,left,9.4,fluvial_scour,plus4K,62,0.5723
Satsunai,left,9.6,fluvial_scour,historical,55,0
Satsunai,left,9.6,fluvial_scour,historical,55.2,0
Satsunai,left,9.6,fluvial_scour,historical,55.4,0
Satsunai,left,9.6,fluvial_scour,historical,55.6,0
Satsunai,left,9.6,fluvial_scour,historical,55.8,0
Satsunai,left,9.6,fluvial_scour,historical,56,0
Satsunai,left,9.6,fluvial_scour,historical,56.2,0
Satsunai,left,9.6,fluvial_scour,historical,56.4,0
Satsunai,left,9.6,fluvial_scour,historical,56.6,0
Satsunai,left,9.6,fluvial_scour,historical,56.8,0
Satsunai,left,9.6,fluvial_scour,historical,57,0
Satsunai,left,9.6,fluvial_scour,historical,57.2,0
Satsunai,left,9.6,fluvial_scour,historical,57.4,0.0085
Satsunai,left,9.6,fluvial_scour,historical,57.6,0.0211
Satsunai,left,9.6,fluvial_scour,historical,57.8,0.0343
Satsunai,left,9.6,fluvial_scour,historical,58,0.0532
Satsunai,left,9.6,fluvial_scour,historical,58.2,0.0767
Satsunai,left,9.6,fluvial_scour,historical,58.4,0.1025
Satsunai,left,9.6,fluvial_scour,historical,58.6,0.1343
Satsunai,left,9.6,fluvial_scour,historical,58.8,0.1708
Satsunai,left,9.6,fluvial_scour,historical,59,0.2182
Satsunai,left,9.6,fluvial_scour,historical,59.2,0.2672
Satsunai,left,9.6,fluvial_scour,historical,59.4,0.3061
Satsunai,left,9.6,fluvial_scour,historical,59.6,0.3349
Satsunai,left,9.6,fluvial_scour,historical,59.8,0.359
Satsunai,left,9.6,fluvial_scour,historical,60,0.3766
Satsunai,left,9.6,fluvial_scour,historical,60.2,0.39
Satsunai,left,9.6,fluvial_scour,historical,60.4,0.4117
Satsunai,left,9.6,fluvial_scour,historical,60.6,0.4201
Satsunai,left,9.6,fluvial_scour,historical,60.8,0.4417
Satsunai,left,9.6,fluvial_scour,historical,61,0.4515
Satsunai,left,9.6,fluvial_scour,historical,61.2,0.4682
Satsunai,left,9.6,fluvial_scour,historical,61.4,0.4837
Satsunai,left,9.6,fluvial_scour,historical,61.6,0.5047
Satsunai,left,9.6,fluvial_scour,historical,61.8,0.5233
Satsunai,left,9.6,fluvial_scour,historical,62,0.5456
Satsunai,left,9.6,fluvial_scour,historical,62.2,0.5638
Satsunai,left,9.6,fluvial_scour,historical,62.4,0.5752
Satsunai,left,9.6,fluvial_scour,historical,62.6,0.5809
Satsunai,left,9.6,fluvial_scour,historical,62.8,0.5898
Satsunai,left,9.6,fluvial_scour,plus4K,55,0
Satsunai,left,9.6,fluvial_scour,plus4K,55.2,0
Satsunai,left,9.6,fluvial_scour,plus4K,55.4,0
Satsunai,left,9.6,fluvial_scour,plus4K,55.6,0
Satsunai,left,9.6,fluvial_scour,plus4K,55.8,0
Satsunai,left,9.6,fluvial_scour,plus4K,56,0
Satsunai,left,9.6,fluvial_scour,plus4K,56.2,0
Satsunai,left,9.6,fluvial_scour,plus4K,56.4,0
Satsunai,left,9.6,fluvial_scour,plus4K,56.6,0
Satsunai,left,9.6,fluvial_scour,plus4K,56.8,0
Satsunai,left,9.6,fluvial_scour,plus4K,57,0
Satsunai,left,9.6,fluvial_scour,plus4K,57.2,0
Satsunai,left,9.6,fluvial_scour,plus4K,57.4,0.0085
Satsunai,left,9.6,fluvial_scour,plus4K,57.6,0.0211
Satsunai,left,9.6,fluvial_scour,plus4K,57.8,0.0343
Satsunai,left,9.6,fluvial_scour,plus4K,58,0.0532
Satsunai,left,9.6,fluvial_scour,plus4K,58.2,0.0767
Satsunai,left,9.6,fluvial_scour,plus4K,58.4,0.1025
Satsunai,left,9.6,fluvial_scour,plus4K,58.6,0.1343
Satsunai,left,9.6,fluvial_scour,plus4K,58.8,0.1708
Satsunai,left,9.6,fluvial_scour,plus4K,59,0.2182
Satsunai,left,9.6,fluvial_scour,plus4K,59.2,0.2672
Satsunai,left,9.6,fluvial_scour,plus4K,59.4,0.3061
Satsunai,left,9.6,fluvial_scour,plus4K,59.6,0.3349
Satsunai,left,9.6,fluvial_scour,plus4K,59.8,0.359
Satsunai,left,9.6,fluvial_scour,plus4K,60,0.3766
Satsunai,left,9.6,fluvial_scour,plus4K,60.2,0.39
Satsunai,left,9.6,fluvial_scour,plus4K,60.4,0.4117
Satsunai,left,9.6,fluvial_scour,plus4K,60.6,0.4201
Satsunai,left,9.6,fluvial_scour,plus4K,60.8,0.4417
Satsunai,left,9.6,fluvial_scour,plus4K,61,0.4515
Satsunai,left,9.6,fluvial_scour,plus4K,61.2,0.4682
Satsunai,left,9.6,fluvial_scour,plus4K,61.4,0.4837
Satsunai,left,9.6,fluvial_scour,plus4K,61.6,0.5047
Satsunai,left,9.6,fluvial_scour,plus4K,61.8,0.5233
Satsunai,left,9.6,fluvial_scour,plus4K,62,0.5456
Satsunai,left,9.6,fluvial_scour,plus4K,62.2,0.5638
Satsunai,left,9.6,fluvial_scour,plus4K,62.4,0.5752
Satsunai,left,9.6,fluvial_scour,plus4K,62.6,0.5809
Satsunai,left,9.6,fluvial_scour,plus4K,62.8,0.5898
Satsunai,left,9.8,fluvial_scour,historical,56,0
Satsunai,left,9.8,fluvial_scour,historical,56.2,0
Satsunai,left,9.8,fluvial_scour,historical,56.4,0
Satsunai,left,9.8,fluvial_scour,historical,56.6,0
Satsunai,left,9.8,fluvial_scour,historical,56.8,0
Satsunai,left,9.8,fluvial_scour,historical,57,0
Satsunai,left,9.8,fluvial_scour,historical,57.2,0
Satsunai,left,9.8,fluvial_scour,historical,57.4,0
Satsunai,left,9.8,fluvial_scour,historical,57.6,0
Satsunai,left,9.8,fluvial_scour,historical,57.8,0.0004
Satsunai,left,9.8,fluvial_scour,historical,58,0.0032
Satsunai,left,9.8,fluvial_scour,historical,58.2,0.0067
Satsunai,left,9.8,fluvial_scour,historical,58.4,0.0136
Satsunai,left,9.8,fluvial_scour,historical,58.6,0.0243
Satsunai,left,9.8,fluvial_scour,historical,58.8,0.0379
Satsunai,left,9.8,fluvial_scour,historical,59,0.0561
Satsunai,left,9.8,fluvial_scour,historical,59.2,0.0814
Satsunai,left,9.8,fluvial_scour,historical,59.4,0.1127
Satsunai,left,9.8,fluvial_scour,historical,59.6,0.149
Satsunai,left,9.8,fluvial_scour,historical,59.8,0.1898
Satsunai,left,9.8,fluvial_scour,historical,60,0.2372
Satsunai,left,9.8,fluvial_scour,historical,60.2,0.2763
Satsunai,left,9.8,fluvial_scour,historical,60.4,0.309
Satsunai,left,9.8,fluvial_scour,historical,60.6,0.3332
Satsunai,left,9.8,fluvial_scour,historical,60.8,0.3507
Satsunai,left,9.8,fluvial_scour,historical,61,0.3736
Satsunai,left,9.8,fluvial_scour,historical,61.2,0.3815
Satsunai,left,9.8,fluvial_scour,historical,61.4,0.4027
Satsunai,left,9.8,fluvial_scour,historical,61.6,0.4085
Satsunai,left,9.8,fluvial_scour,historical,61.8,0.4283
Satsunai,left,9.8,fluvial_scour,historical,62,0.4366
Satsunai,left,9.8,fluvial_scour,historical,62.2,0.4535
Satsunai,left,9.8,fluvial_scour,historical,62.4,0.4641
Satsunai,left,9.8,fluvial_scour,historical,62.6,0.4831
Satsunai,left,9.8,fluvial_scour,historical,62.8,0.5047
Satsunai,left,9.8,fluvial_scour,historical,63,0.5239
Satsunai,left,9.8,fluvial_scour,historical,63.2,0.5407
Satsunai,left,9.8,fluvial_scour,historical,63.4,0.5513
Satsunai,left,9.8,fluvial_scour,historical,63.6,0.5612
Satsunai,left,9.8,fluvial_scour,plus4K,56,0
Satsunai,left,9.8,fluvial_scour,plus4K,56.2,0
Satsunai,left,9.8,fluvial_scour,plus4K,56.4,0
Satsunai,left,9.8,fluvial_scour,plus4K,56.6,0
Satsunai,left,9.8,fluvial_scour,plus4K,56.8,0
Satsunai,left,9.8,fluvial_scour,plus4K,57,0
Satsunai,left,9.8,fluvial_scour,plus4K,57.2,0
Satsunai,left,9.8,fluvial_scour,plus4K,57.4,0
Satsunai,left,9.8,fluvial_scour,plus4K,57.6,0
Satsunai,left,9.8,fluvial_scour,plus4K,57.8,0.0004
Satsunai,left,9.8,fluvial_scour,plus4K,58,0.0032
Satsunai,left,9.8,fluvial_scour,plus4K,58.2,0.0067
Satsunai,left,9.8,fluvial_scour,plus4K,58.4,0.0136
Satsunai,left,9.8,fluvial_scour,plus4K,58.6,0.0243
Satsunai,left,9.8,fluvial_scour,plus4K,58.8,0.0379
Satsunai,left,9.8,fluvial_scour,plus4K,59,0.0561
Satsunai,left,9.8,fluvial_scour,plus4K,59.2,0.0814
Satsunai,left,9.8,fluvial_scour,plus4K,59.4,0.1127
Satsunai,left,9.8,fluvial_scour,plus4K,59.6,0.149
Satsunai,left,9.8,fluvial_scour,plus4K,59.8,0.1898
Satsunai,left,9.8,fluvial_scour,plus4K,60,0.2372
Satsunai,left,9.8,fluvial_scour,plus4K,60.2,0.2763
Satsunai,left,9.8,fluvial_scour,plus4K,60.4,0.309
Satsunai,left,9.8,fluvial_scour,plus4K,60.6,0.3332
Satsunai,left,9.8,fluvial_scour,plus4K,60.8,0.3507
Satsunai,left,9.8,fluvial_scour,plus4K,61,0.3736
Satsunai,left,9.8,fluvial_scour,plus4K,61.2,0.3815
Satsunai,left,9.8,fluvial_scour,plus4K,61.4,0.4027
Satsunai,left,9.8,fluvial_scour,plus4K,61.6,0.4085
Satsunai,left,9.8,fluvial_scour,plus4K,61.8,0.4283
Satsunai,left,9.8,fluvial_scour,plus4K,62,0.4366
Satsunai,left,9.8,fluvial_scour,plus4K,62.2,0.4535
Satsunai,left,9.8,fluvial_scour,plus4K,62.4,0.4641
Satsunai,left,9.8,fluvial_scour,plus4K,62.6,0.4831
Satsunai,left,9.8,fluvial_scour,plus4K,62.8,0.5047
Satsunai,left,9.8,fluvial_scour,plus4K,63,0.5239
Satsunai,left,9.8,fluvial_scour,plus4K,63.2,0.5407
Satsunai,left,9.8,fluvial_scour,plus4K,63.4,0.5513
Satsunai,left,9.8,fluvial_scour,plus4K,63.6,0.5612
Satsunai,left,10,fluvial_scour,historical,56.4,0
Satsunai,left,10,fluvial_scour,historical,56.6,0
Satsunai,left,10,fluvial_scour,historical,56.8,0
Satsunai,left,10,fluvial_scour,historical,57,0
Satsunai,left,10,fluvial_scour,historical,57.2,0
Satsunai,left,10,fluvial_scour,historical,57.4,0
Satsunai,left,10,fluvial_scour,historical,57.6,0
Satsunai,left,10,fluvial_scour,historical,57.8,0
Satsunai,left,10,fluvial_scour,historical,58,0
Satsunai,left,10,fluvial_scour,historical,58.2,0
Satsunai,left,10,fluvial_scour,historical,58.4,0.0015
Satsunai,left,10,fluvial_scour,historical,58.6,0.0062
Satsunai,left,10,fluvial_scour,historical,58.8,0.0123
Satsunai,left,10,fluvial_scour,historical,59,0.022
Satsunai,left,10,fluvial_scour,historical,59.2,0.0341
Satsunai,left,10,fluvial_scour,historical,59.4,0.0507
Satsunai,left,10,fluvial_scour,historical,59.6,0.0707
Satsunai,left,10,fluvial_scour,historical,59.8,0.0964
Satsunai,left,10,fluvial_scour,historical,60,0.1282
Satsunai,left,10,fluvial_scour,historical,60.2,0.1635
Satsunai,left,10,fluvial_scour,historical,60.4,0.2072
Satsunai,left,10,fluvial_scour,historical,60.6,0.2541
Satsunai,left,10,fluvial_scour,historical,60.8,0.2985
Satsunai,left,10,fluvial_scour,historical,61,0.3367
Satsunai,left,10,fluvial_scour,historical,61.2,0.3597
Satsunai,left,10,fluvial_scour,historical,61.4,0.3894
Satsunai,left,10,fluvial_scour,historical,61.6,0.4041
Satsunai,left,10,fluvial_scour,historical,61.8,0.425
Satsunai,left,10,fluvial_scour,historical,62,0.4364
Satsunai,left,10,fluvial_scour,historical,62.2,0.4517
Satsunai,left,10,fluvial_scour,historical,62.4,0.458
Satsunai,left,10,fluvial_scour,historical,62.6,0.4755
Satsunai,left,10,fluvial_scour,historical,62.8,0.4839
Satsunai,left,10,fluvial_scour,historical,63,0.4997
Satsunai,left,10,fluvial_scour,historical,63.2,0.5094
Satsunai,left,10,fluvial_scour,historical,63.4,0.524
Satsunai,left,10,fluvial_scour,historical,63.6,0.5419
Satsunai,left,10,fluvial_scour,historical,63.8,0.5623
Satsunai,left,10,fluvial_scour,historical,64,0.579
Satsunai,left,10,fluvial_scour,historical,64.2,0.5935
Satsunai,left,10,fluvial_scour,plus4K,56.4,0
Satsunai,left,10,fluvial_scour,plus4K,56.6,0
Satsunai,left,10,fluvial_scour,plus4K,56.8,0
Satsunai,left,10,fluvial_scour,plus4K,57,0
Satsunai,left,10,fluvial_scour,plus4K,57.2,0
Satsunai,left,10,fluvial_scour,plus4K,57.4,0
Satsunai,left,10,fluvial_scour,plus4K,57.6,0
Satsunai,left,10,fluvial_scour,plus4K,57.8,0
Satsunai,left,10,fluvial_scour,plus4K,58,0
Satsunai,left,10,fluvial_scour,plus4K,58.2,0
Satsunai,left,10,fluvial_scour,plus4K,58.4,0.0015
Satsunai,left,10,fluvial_scour,plus4K,58.6,0.0062
Satsunai,left,10,fluvial_scour,plus4K,58.8,0.0123
Satsunai,left,10,fluvial_scour,plus4K,59,0.022
Satsunai,left,10,fluvial_scour,plus4K,59.2,0.0341
Satsunai,left,10,fluvial_scour,plus4K,59.4,0.0507
Satsunai,left,10,fluvial_scour,plus4K,59.6,0.0707
Satsunai,left,10,fluvial_scour,plus4K,59.8,0.0964
Satsunai,left,10,fluvial_scour,plus4K,60,0.1282
Satsunai,left,10,fluvial_scour,plus4K,60.2,0.1635
Satsunai,left,10,fluvial_scour,plus4K,60.4,0.2072
Satsunai,left,10,fluvial_scour,plus4K,60.6,0.2541
Satsunai,left,10,fluvial_scour,plus4K,60.8,0.2985
Satsunai,left,10,fluvial_scour,plus4K,61,0.3367
Satsunai,left,10,fluvial_scour,plus4K,61.2,0.3597
Satsunai,left,10,fluvial_scour,plus4K,61.4,0.3894
Satsunai,left,10,fluvial_scour,plus4K,61.6,0.4041
Satsunai,left,10,fluvial_scour,plus4K,61.8,0.425
Satsunai,left,10,fluvial_scour,plus4K,62,0.4364
Satsunai,left,10,fluvial_scour,plus4K,62.2,0.4517
Satsunai,left,10,fluvial_scour,plus4K,62.4,0.458
Satsunai,left,10,fluvial_scour,plus4K,62.6,0.4755
Satsunai,left,10,fluvial_scour,plus4K,62.8,0.4839
Satsunai,left,10,fluvial_scour,plus4K,63,0.4997
Satsunai,left,10,fluvial_scour,plus4K,63.2,0.5094
Satsunai,left,10,fluvial_scour,plus4K,63.4,0.524
Satsunai,left,10,fluvial_scour,plus4K,63.6,0.5419
Satsunai,left,10,fluvial_scour,plus4K,63.8,0.5623
Satsunai,left,10,fluvial_scour,plus4K,64,0.579
Satsunai,left,10,fluvial_scour,plus4K,64.2,0.5935
Satsunai,left,10.2,fluvial_scour,historical,57.6,0
Satsunai,left,10.2,fluvial_scour,historical,57.8,0
Satsunai,left,10.2,fluvial_scour,historical,58,0
Satsunai,left,10.2,fluvial_scour,historical,58.2,0
Satsunai,left,10.2,fluvial_scour,historical,58.4,0
Satsunai,left,10.2,fluvial_scour,historical,58.6,0
Satsunai,left,10.2,fluvial_scour,historical,58.8,0
Satsunai,left,10.2,fluvial_scour,historical,59,0
Satsunai,left,10.2,fluvial_scour,historical,59.2,0
Satsunai,left,10.2,fluvial_scour,historical,59.4,0.0002
Satsunai,left,10.2,fluvial_scour,historical,59.6,0.0016
Satsunai,left,10.2,fluvial_scour,historical,59.8,0.0046
Satsunai,left,10.2,fluvial_scour,historical,60,0.0099
Satsunai,left,10.2,fluvial_scour,historical,60.2,0.017
Satsunai,left,10.2,fluvial_scour,historical,60.4,0.0303
Satsunai,left,10.2,fluvial_scour,historical,60.6,0.047
Satsunai,left,10.2,fluvial_scour,historical,60.8,0.0693
Satsunai,left,10.2,fluvial_scour,historical,61,0.0992
Satsunai,left,10.2,fluvial_scour,historical,61.2,0.1369
Satsunai,left,10.2,fluvial_scour,historical,61.4,0.1772
Satsunai,left,10.2,fluvial_scour,historical,61.6,0.2142
Satsunai,left,10.2,fluvial_scour,historical,61.8,0.2448
Satsunai,left,10.2,fluvial_scour,historical,62,0.2678
Satsunai,left,10.2,fluvial_scour,historical,62.2,0.2921
Satsunai,left,10.2,fluvial_scour,historical,62.4,0.2987
Satsunai,left,10.2,fluvial_scour,historical,62.6,0.3208
Satsunai,left,10.2,fluvial_scour,historical,62.8,0.3268
Satsunai,left,10.2,fluvial_scour,historical,63,0.3446
Satsunai,left,10.2,fluvial_scour,historical,63.2,0.3498
Satsunai,left,10.2,fluvial_scour,historical,63.4,0.3658
Satsunai,left,10.2,fluvial_scour,historical,63.6,0.3728
Satsunai,left,10.2,fluvial_scour,historical,63.8,0.3806
Satsunai,left,10.2,fluvial_scour,historical,64,0.3937
Satsunai,left,10.2,fluvial_scour,historical,64.2,0.402
Satsunai,left,10.2,fluvial_scour,historical,64.4,0.4175
Satsunai,left,10.2,fluvial_scour,historical,64.6,0.4345
Satsunai,left,10.2,fluvial_scour,historical,64.8,0.452
Satsunai,left,10.2,fluvial_scour,historical,65,0.4705
Satsunai,left,10.2,fluvial_scour,plus4K,57.6,0
Satsunai,left,10.2,fluvial_scour,plus4K,57.8,0
Satsunai,left,10.2,fluvial_scour,plus4K,58,0
Satsunai,left,10.2,fluvial_scour,plus4K,58.2,0
Satsunai,left,10.2,fluvial_scour,plus4K,58.4,0
Satsunai,left,10.2,fluvial_scour,plus4K,58.6,0
Satsunai,left,10.2,fluvial_scour,plus4K,58.8,0
Satsunai,left,10.2,fluvial_scour,plus4K,59,0
Satsunai,left,10.2,fluvial_scour,plus4K,59.2,0
Satsunai,left,10.2,fluvial_scour,plus4K,59.4,0.0002
Satsunai,left,10.2,fluvial_scour,plus4K,59.6,0.0016
Satsunai,left,10.2,fluvial_scour,plus4K,59.8,0.0046
Satsunai,left,10.2,fluvial_scour,plus4K,60,0.0099
Satsunai,left,10.2,fluvial_scour,plus4K,60.2,0.017
Satsunai,left,10.2,fluvial_scour,plus4K,60.4,0.0303
Satsunai,left,10.2,fluvial_scour,plus4K,60.6,0.047
Satsunai,left,10.2,fluvial_scour,plus4K,60.8,0.0693
Satsunai,left,10.2,fluvial_scour,plus4K,61,0.0992
Satsunai,left,10.2,fluvial_scour,plus4K,61.2,0.1369
Satsunai,left,10.2,fluvial_scour,plus4K,61.4,0.1772
Satsunai,left,10.2,fluvial_scour,plus4K,61.6,0.2142
Satsunai,left,10.2,fluvial_scour,plus4K,61.8,0.2448
Satsunai,left,10.2,fluvial_scour,plus4K,62,0.2678
Satsunai,left,10.2,fluvial_scour,plus4K,62.2,0.2921
Satsunai,left,10.2,fluvial_scour,plus4K,62.4,0.2987
Satsunai,left,10.2,fluvial_scour,plus4K,62.6,0.3208
Satsunai,left,10.2,fluvial_scour,plus4K,62.8,0.3268
Satsunai,left,10.2,fluvial_scour,plus4K,63,0.3446
Satsunai,left,10.2,fluvial_scour,plus4K,63.2,0.3498
Satsunai,left,10.2,fluvial_scour,plus4K,63.4,0.3658
Satsunai,left,10.2,fluvial_scour,plus4K,63.6,0.3728
Satsunai,left,10.2,fluvial_scour,plus4K,63.8,0.3806
Satsunai,left,10.2,fluvial_scour,plus4K,64,0.3937
Satsunai,left,10.2,fluvial_scour,plus4K,64.2,0.402
Satsunai,left,10.2,fluvial_scour,plus4K,64.4,0.4175
Satsunai,left,10.2,fluvial_scour,plus4K,64.6,0.4345
Satsunai,left,10.2,fluvial_scour,plus4K,64.8,0.452
Satsunai,left,10.2,fluvial_scour,plus4K,65,0.4705
Satsunai,left,10.4,fluvial_scour,historical,58.2,0
Satsunai,left,10.4,fluvial_scour,historical,58.4,0
Satsunai,left,10.4,fluvial_scour,historical,58.6,0
Satsunai,left,10.4,fluvial_scour,historical,58.8,0
Satsunai,left,10.4,fluvial_scour,historical,59,0
Satsunai,left,10.4,fluvial_scour,historical,59.2,0
Satsunai,left,10.4,fluvial_scour,historical,59.4,0
Satsunai,left,10.4,fluvial_scour,historical,59.6,0
Satsunai,left,10.4,fluvial_scour,historical,59.8,0.0001
Satsunai,left,10.4,fluvial_scour,historical,60,0.0006
Satsunai,left,10.4,fluvial_scour,historical,60.2,0.0026
Satsunai,left,10.4,fluvial_scour,historical,60.4,0.0066
Satsunai,left,10.4,fluvial_scour,historical,60.6,0.0122
Satsunai,left,10.4,fluvial_scour,historical,60.8,0.0198
Satsunai,left,10.4,fluvial_scour,historical,61,0.0306
Satsunai,left,10.4,fluvial_scour,historical,61.2,0.0476
Satsunai,left,10.4,fluvial_scour,historical,61.4,0.069
Satsunai,left,10.4,fluvial_scour,historical,61.6,0.0966
Satsunai,left,10.4,fluvial_scour,historical,61.8,0.1282
Satsunai,left,10.4,fluvial_scour,historical,62,0.1702
Satsunai,left,10.4,fluvial_scour,historical,62.2,0.212
Satsunai,left,10.4,fluvial_scour,historical,62.4,0.2483
Satsunai,left,10.4,fluvial_scour,historical,62.6,0.2758
Satsunai,left,10.4,fluvial_scour,historical,62.8,0.2976
Satsunai,left,10.4,fluvial_scour,historical,63,0.3089
Satsunai,left,10.4,fluvial_scour,historical,63.2,0.3317
Satsunai,left,10.4,fluvial_scour,historical,63.4,0.339
Satsunai,left,10.4,fluvial_scour,historical,63.6,0.3571
Satsunai,left,10.4,fluvial_scour,historical,63.8,0.361
Satsunai,left,10.4,fluvial_scour,historical,64,0.378
Satsunai,left,10.4,fluvial_scour,historical,64.2,0.3854
Satsunai,left,10.4,fluvial_scour,historical,64.4,0.3966
Satsunai,left,10.4,fluvial_scour,historical,64.6,0.409
Satsunai,left,10.4,fluvial_scour,historical,64.8,0.4197
Satsunai,left,10.4,fluvial_scour,historical,65,0.4385
Satsunai,left,10.4,fluvial_scour,historical,65.2,0.4581
Satsunai,left,10.4,fluvial_scour,historical,65.4,0.4792
Satsunai,left,10.4,fluvial_scour,historical,65.6,0.4994
Satsunai,left,10.4,fluvial_scour,plus4K,58.2,0
Satsunai,left,10.4,fluvial_scour,plus4K,58.4,0
Satsunai,left,10.4,fluvial_scour,plus4K,58.6,0
Satsunai,left,10.4,fluvial_scour,plus4K,58.8,0
Satsunai,left,10.4,fluvial_scour,plus4K,59,0
Satsunai,left,10.4,fluvial_scour,plus4K,59.2,0
Satsunai,left,10.4,fluvial_scour,plus4K,59.4,0
Satsunai,left,10.4,fluvial_scour,plus4K,59.6,0
Satsunai,left,10.4,fluvial_scour,plus4K,59.8,0.0001
Satsunai,left,10.4,fluvial_scour,plus4K,60,0.0006
Satsunai,left,10.4,fluvial_scour,plus4K,60.2,0.0026
Satsunai,left,10.4,fluvial_scour,plus4K,60.4,0.0066
Satsunai,left,10.4,fluvial_scour,plus4K,60.6,0.0122
Satsunai,left,10.4,fluvial_scour,plus4K,60.8,0.0198
Satsunai,left,10.4,fluvial_scour,plus4K,61,0.0306
Satsunai,left,10.4,fluvial_scour,plus4K,61.2,0.0476
Satsunai,left,10.4,fluvial_scour,plus4K,61.4,0.069
Satsunai,left,10.4,fluvial_scour,plus4K,61.6,0.0966
Satsunai,left,10.4,fluvial_scour,plus4K,61.8,0.1282
Satsunai,left,10.4,fluvial_scour,plus4K,62,0.1702
Satsunai,left,10.4,fluvial_scour,plus4K,62.2,0.212
Satsunai,left,10.4,fluvial_scour,plus4K,62.4,0.2483
Satsunai,left,10.4,fluvial_scour,plus4K,62.6,0.2758
Satsunai,left,10.4,fluvial_scour,plus4K,62.8,0.2976
Satsunai,left,10.4,fluvial_scour,plus4K,63,0.3089
Satsunai,left,10.4,fluvial_scour,plus4K,63.2,0.3317
Satsunai,left,10.4,fluvial_scour,plus4K,63.4,0.339
Satsunai,left,10.4,fluvial_scour,plus4K,63.6,0.3571
Satsunai,left,10.4,fluvial_scour,plus4K,63.8,0.361
Satsunai,left,10.4,fluvial_scour,plus4K,64,0.378
Satsunai,left,10.4,fluvial_scour,plus4K,64.2,0.3854
Satsunai,left,10.4,fluvial_scour,plus4K,64.4,0.3966
Satsunai,left,10.4,fluvial_scour,plus4K,64.6,0.409
Satsunai,left,10.4,fluvial_scour,plus4K,64.8,0.4197
Satsunai,left,10.4,fluvial_scour,plus4K,65,0.4385
Satsunai,left,10.4,fluvial_scour,plus4K,65.2,0.4581
Satsunai,left,10.4,fluvial_scour,plus4K,65.4,0.4792
Satsunai,left,10.4,fluvial_scour,plus4K,65.6,0.4994
Satsunai,left,10.6,fluvial_scour,historical,58.8,0
Satsunai,left,10.6,fluvial_scour,historical,59,0
Satsunai,left,10.6,fluvial_scour,historical,59.2,0
Satsunai,left,10.6,fluvial_scour,historical,59.4,0
Satsunai,left,10.6,fluvial_scour,historical,59.6,0
Satsunai,left,10.6,fluvial_scour,historical,59.8,0
Satsunai,left,10.6,fluvial_scour,historical,60,0
Satsunai,left,10.6,fluvial_scour,historical,60.2,0
Satsunai,left,10.6,fluvial_scour,historical,60.4,0
Satsunai,left,10.6,fluvial_scour,historical,60.6,0.0004
Satsunai,left,10.6,fluvial_scour,historical,60.8,0.0015
Satsunai,left,10.6,fluvial_scour,historical,61,0.0039
Satsunai,left,10.6,fluvial_scour,historical,61.2,0.0101
Satsunai,left,10.6,fluvial_scour,historical,61.4,0.0202
Satsunai,left,10.6,fluvial_scour,historical,61.6,0.0329
Satsunai,left,10.6,fluvial_scour,historical,61.8,0.0499
Satsunai,left,10.6,fluvial_scour,historical,62,0.0713
Satsunai,left,10.6,fluvial_scour,historical,62.2,0.1002
Satsunai,left,10.6,fluvial_scour,historical,62.4,0.1361
Satsunai,left,10.6,fluvial_scour,historical,62.6,0.1781
Satsunai,left,10.6,fluvial_scour,historical,62.8,0.2123
Satsunai,left,10.6,fluvial_scour,historical,63,0.238
Satsunai,left,10.6,fluvial_scour,historical,63.2,0.2594
Satsunai,left,10.6,fluvial_scour,historical,63.4,0.2726
Satsunai,left,10.6,fluvial_scour,historical,63.6,0.2924
Satsunai,left,10.6,fluvial_scour,historical,63.8,0.2991
Satsunai,left,10.6,fluvial_scour,historical,64,0.319
Satsunai,left,10.6,fluvial_scour,historical,64.2,0.3238
Satsunai,left,10.6,fluvial_scour,historical,64.4,0.3422
Satsunai,left,10.6,fluvial_scour,historical,64.6,0.3477
Satsunai,left,10.6,fluvial_scour,historical,64.8,0.3624
Satsunai,left,10.6,fluvial_scour,historical,65,0.3725
Satsunai,left,10.6,fluvial_scour,historical,65.2,0.3871
Satsunai,left,10.6,fluvial_scour,historical,65.4,0.4035
Satsunai,left,10.6,fluvial_scour,historical,65.6,0.4225
Satsunai,left,10.6,fluvial_scour,historical,65.8,0.4407
Satsunai,left,10.6,fluvial_scour,historical,66,0.4573
Satsunai,left,10.6,fluvial_scour,historical,66.2,0.4682
Satsunai,left,10.6,fluvial_scour,historical,66.4,0.4745
Satsunai,left,10.6,fluvial_scour,plus4K,58.8,0
Satsunai,left,10.6,fluvial_scour,plus4K,59,0
Satsunai,left,10.6,fluvial_scour,plus4K,59.2,0
Satsunai,left,10.6,fluvial_scour,plus4K,59.4,0
Satsunai,left,10.6,fluvial_scour,plus4K,59.6,0
Satsunai,left,10.6,fluvial_scour,plus4K,59.8,0
Satsunai,left,10.6,fluvial_scour,plus4K,60,0
Satsunai,left,10.6,fluvial_scour,plus4K,60.2,0
Satsunai,left,10.6,fluvial_scour,plus4K,60.4,0
Satsunai,left,10.6,fluvial_scour,plus4K,60.6,0.0004
Satsunai,left,10.6,fluvial_scour,plus4K,60.8,0.0015
Satsunai,left,10.6,fluvial_scour,plus4K,61,0.0039
Satsunai,left,10.6,fluvial_scour,plus4K,61.2,0.0101
Satsunai,left,10.6,fluvial_scour,plus4K,61.4,0.0202
Satsunai,left,10.6,fluvial_scour,plus4K,61.6,0.0329
Satsunai,left,10.6,fluvial_scour,plus4K,61.8,0.0499
Satsunai,left,10.6,fluvial_scour,plus4K,62,0.0713
Satsunai,left,10.6,fluvial_scour,plus4K,62.2,0.1002
Satsunai,left,10.6,fluvial_scour,plus4K,62.4,0.1361
Satsunai,left,10.6,fluvial_scour,plus4K,62.6,0.1781
Satsunai,left,10.6,fluvial_scour,plus4K,62.8,0.2123
Satsunai,left,10.6,fluvial_scour,plus4K,63,0.238
Satsunai,left,10.6,fluvial_scour,plus4K,63.2,0.2594
Satsunai,left,10.6,fluvial_scour,plus4K,63.4,0.2726
Satsunai,left,10.6,fluvial_scour,plus4K,63.6,0.2924
Satsunai,left,10.6,fluvial_scour,plus4K,63.8,0.2991
Satsunai,left,10.6,fluvial_scour,plus4K,64,0.319
Satsunai,left,10.6,fluvial_scour,plus4K,64.2,0.3238
Satsunai,left,10.6,fluvial_scour,plus4K,64.4,0.3422
Satsunai,left,10.6,fluvial_scour,plus4K,64.6,0.3477
Satsunai,left,10.6,fluvial_scour,plus4K,64.8,0.3624
Satsunai,left,10.6,fluvial_scour,plus4K,65,0.3725
Satsunai,left,10.6,fluvial_scour,plus4K,65.2,0.3871
Satsunai,left,10.6,fluvial_scour,plus4K,65.4,0.4035
Satsunai,left,10.6,fluvial_scour,plus4K,65.6,0.4225
Satsunai,left,10.6,fluvial_scour,plus4K,65.8,0.4407
Satsunai,left,10.6,fluvial_scour,plus4K,66,0.4573
Satsunai,left,10.6,fluvial_scour,plus4K,66.2,0.4682
Satsunai,left,10.6,fluvial_scour,plus4K,66.4,0.4745
Satsunai,left,10.8,fluvial_scour,historical,61.4,0
Satsunai,left,10.8,fluvial_scour,historical,61.6,0
Satsunai,left,10.8,fluvial_scour,historical,61.8,0
Satsunai,left,10.8,fluvial_scour,historical,62,0
Satsunai,left,10.8,fluvial_scour,historical,62.2,0
Satsunai,left,10.8,fluvial_scour,historical,62.4,0
Satsunai,left,10.8,fluvial_scour,historical,62.6,0.0002
Satsunai,left,10.8,fluvial_scour,historical,62.8,0.0007
Satsunai,left,10.8,fluvial_scour,historical,63,0.0027
Satsunai,left,10.8,fluvial_scour,historical,63.2,0.0067
Satsunai,left,10.8,fluvial_scour,historical,63.4,0.0142
Satsunai,left,10.8,fluvial_scour,historical,63.6,0.0252
Satsunai,left,10.8,fluvial_scour,historical,63.8,0.0385
Satsunai,left,10.8,fluvial_scour,historical,64,0.0495
Satsunai,left,10.8,fluvial_scour,historical,64.2,0.0606
Satsunai,left,10.8,fluvial_scour,historical,64.4,0.0679
Satsunai,left,10.8,fluvial_scour,historical,64.6,0.0725
Satsunai,left,10.8,fluvial_scour,historical,64.8,0.0778
Satsunai,left,10.8,fluvial_scour,historical,65,0.084
Satsunai,left,10.8,fluvial_scour,historical,65.2,0.09
Satsunai,left,10.8,fluvial_scour,historical,65.4,0.1001
Satsunai,left,10.8,fluvial_scour,historical,65.6,0.1086
Satsunai,left,10.8,fluvial_scour,historical,65.8,0.1176
Satsunai,left,10.8,fluvial_scour,historical,66,0.1282
Satsunai,left,10.8,fluvial_scour,historical,66.2,0.1379
Satsunai,left,10.8,fluvial_scour,historical,66.4,0.1454
Satsunai,left,10.8,fluvial_scour,historical,66.6,0.1529
Satsunai,left,10.8,fluvial_scour,historical,66.8,0.1607
Satsunai,left,10.8,fluvial_scour,historical,67,0.1631
Satsunai,left,10.8,fluvial_scour,historical,67.2,0.1684
Satsunai,left,10.8,fluvial_scour,historical,67.4,0.1709
Satsunai,left,10.8,fluvial_scour,historical,67.6,0.1764
Satsunai,left,10.8,fluvial_scour,plus4K,61.4,0
Satsunai,left,10.8,fluvial_scour,plus4K,61.6,0
Satsunai,left,10.8,fluvial_scour,plus4K,61.8,0
Satsunai,left,10.8,fluvial_scour,plus4K,62,0
Satsunai,left,10.8,fluvial_scour,plus4K,62.2,0
Satsunai,left,10.8,fluvial_scour,plus4K,62.4,0
Satsunai,left,10.8,fluvial_scour,plus4K,62.6,0.0002
Satsunai,left,10.8,fluvial_scour,plus4K,62.8,0.0007
Satsunai,left,10.8,fluvial_scour,plus4K,63,0.0027
Satsunai,left,10.8,fluvial_scour,plus4K,63.2,0.0067
Satsunai,left,10.8,fluvial_scour,plus4K,63.4,0.0142
Satsunai,left,10.8,fluvial_scour,plus4K,63.6,0.0252
Satsunai,left,10.8,fluvial_scour,plus4K,63.8,0.0385
Satsunai,left,10.8,fluvial_scour,plus4K,64,0.0495
Satsunai,left,10.8,fluvial_scour,plus4K,64.2,0.0606
Satsunai,left,10.8,fluvial_scour,plus4K,64.4,0.0679
Satsunai,left,10.8,fluvial_scour,plus4K,64.6,0.0725
Satsunai,left,10.8,fluvial_scour,plus4K,64.8,0.0778
Satsunai,left,10.8,fluvial_scour,plus4K,65,0.084
Satsunai,left,10.8,fluvial_scour,plus4K,65.2,0.09
Satsunai,left,10.8,fluvial_scour,plus4K,65.4,0.1001
Satsunai,left,10.8,fluvial_scour,plus4K,65.6,0.1086
Satsunai,left,10.8,fluvial_scour,plus4K,65.8,0.1176
Satsunai,left,10.8,fluvial_scour,plus4K,66,0.1282
Satsunai,left,10.8,fluvial_scour,plus4K,66.2,0.1379
Satsunai,left,10.8,fluvial_scour,plus4K,66.4,0.1454
Satsunai,left,10.8,fluvial_scour,plus4K,66.6,0.1529
Satsunai,left,10.8,fluvial_scour,plus4K,66.8,0.1607
Satsunai,left,10.8,fluvial_scour,plus4K,67,0.1631
Satsunai,left,10.8,fluvial_scour,plus4K,67.2,0.1684
Satsunai,left,10.8,fluvial_scour,plus4K,67.4,0.1709
Satsunai,left,10.8,fluvial_scour,plus4K,67.6,0.1764
Satsunai,left,11,fluvial_scour,historical,61.6,0
Satsunai,left,11,fluvial_scour,historical,61.8,0
Satsunai,left,11,fluvial_scour,historical,62,0
Satsunai,left,11,fluvial_scour,historical,62.2,0
Satsunai,left,11,fluvial_scour,historical,62.4,0
Satsunai,left,11,fluvial_scour,historical,62.6,0
Satsunai,left,11,fluvial_scour,historical,62.8,0
Satsunai,left,11,fluvial_scour,historical,63,0.0001
Satsunai,left,11,fluvial_scour,historical,63.2,0.0011
Satsunai,left,11,fluvial_scour,historical,63.4,0.0031
Satsunai,left,11,fluvial_scour,historical,63.6,0.0078
Satsunai,left,11,fluvial_scour,historical,63.8,0.0162
Satsunai,left,11,fluvial_scour,historical,64,0.0287
Satsunai,left,11,fluvial_scour,historical,64.2,0.0468
Satsunai,left,11,fluvial_scour,historical,64.4,0.0653
Satsunai,left,11,fluvial_scour,historical,64.6,0.0799
Satsunai,left,11,fluvial_scour,historical,64.8,0.0931
Satsunai,left,11,fluvial_scour,historical,65,0.1032
Satsunai,left,11,fluvial_scour,historical,65.2,0.1159
Satsunai,left,11,fluvial_scour,historical,65.4,0.1244
Satsunai,left,11,fluvial_scour,historical,65.6,0.1318
Satsunai,left,11,fluvial_scour,historical,65.8,0.1406
Satsunai,left,11,fluvial_scour,historical,66,0.1475
Satsunai,left,11,fluvial_scour,historical,66.2,0.1559
Satsunai,left,11,fluvial_scour,historical,66.4,0.1637
Satsunai,left,11,fluvial_scour,historical,66.6,0.1744
Satsunai,left,11,fluvial_scour,historical,66.8,0.187
Satsunai,left,11,fluvial_scour,historical,67,0.2015
Satsunai,left,11,fluvial_scour,historical,67.2,0.213
Satsunai,left,11,fluvial_scour,historical,67.4,0.2216
Satsunai,left,11,fluvial_scour,historical,67.6,0.2277
Satsunai,left,11,fluvial_scour,historical,67.8,0.2354
Satsunai,left,11,fluvial_scour,plus4K,61.6,0
Satsunai,left,11,fluvial_scour,plus4K,61.8,0
Satsunai,left,11,fluvial_scour,plus4K,62,0
Satsunai,left,11,fluvial_scour,plus4K,62.2,0
Satsunai,left,11,fluvial_scour,plus4K,62.4,0
Satsunai,left,11,fluvial_scour,plus4K,62.6,0
Satsunai,left,11,fluvial_scour,plus4K,62.8,0
Satsunai,left,11,fluvial_scour,plus4K,63,0.0001
Satsunai,left,11,fluvial_scour,plus4K,63.2,0.0011
Satsunai,left,11,fluvial_scour,plus4K,63.4,0.0031
Satsunai,left,11,fluvial_scour,plus4K,63.6,0.0078
Satsunai,left,11,fluvial_scour,plus4K,63.8,0.0162
Satsunai,left,11,fluvial_scour,plus4K,64,0.0287
Satsunai,left,11,fluvial_scour,plus4K,64.2,0.0468
Satsunai,left,11,fluvial_scour,plus4K,64.4,0.0653
Satsunai,left,11,fluvial_scour,plus4K,64.6,0.0799
Satsunai,left,11,fluvial_scour,plus4K,64.8,0.0931
Satsunai,left,11,fluvial_scour,plus4K,65,0.1032
Satsunai,left,11,fluvial_scour,plus4K,65.2,0.1159
Satsunai,left,11,fluvial_scour,plus4K,65.4,0.1244
Satsunai,left,11,fluvial_scour,plus4K,65.6,0.1318
Satsunai,left,11,fluvial_scour,plus4K,65.8,0.1406
Satsunai,left,11,fluvial_scour,plus4K,66,0.1475
Satsunai,left,11,fluvial_scour,plus4K,66.2,0.1559
Satsunai,left,11,fluvial_scour,plus4K,66.4,0.1637
Satsunai,left,11,fluvial_scour,plus4K,66.6,0.1744
Satsunai,left,11,fluvial_scour,plus4K,66.8,0.187
Satsunai,left,11,fluvial_scour,plus4K,67,0.2015
Satsunai,left,11,fluvial_scour,plus4K,67.2,0.213
Satsunai,left,11,fluvial_scour,plus4K,67.4,0.2216
Satsunai,left,11,fluvial_scour,plus4K,67.6,0.2277
Satsunai,left,11,fluvial_scour,plus4K,67.8,0.2354
Satsunai,left,11.2,fluvial_scour,historical,61.6,0
Satsunai,left,11.2,fluvial_scour,historical,61.8,0
Satsunai,left,11.2,fluvial_scour,historical,62,0
Satsunai,left,11.2,fluvial_scour,historical,62.2,0
Satsunai,left,11.2,fluvial_scour,historical,62.4,0
Satsunai,left,11.2,fluvial_scour,historical,62.6,0
Satsunai,left,11.2,fluvial_scour,historical,62.8,0.0001
Satsunai,left,11.2,fluvial_scour,historical,63,0.0003
Satsunai,left,11.2,fluvial_scour,historical,63.2,0.0017
Satsunai,left,11.2,fluvial_scour,historical,63.4,0.0054
Satsunai,left,11.2,fluvial_scour,historical,63.6,0.0101
Satsunai,left,11.2,fluvial_scour,historical,63.8,0.0171
Satsunai,left,11.2,fluvial_scour,historical,64,0.0256
Satsunai,left,11.2,fluvial_scour,historical,64.2,0.0417
Satsunai,left,11.2,fluvial_scour,historical,64.4,0.0593
Satsunai,left,11.2,fluvial_scour,historical,64.6,0.0779
Satsunai,left,11.2,fluvial_scour,historical,64.8,0.108
Satsunai,left,11.2,fluvial_scour,historical,65,0.1418
Satsunai,left,11.2,fluvial_scour,historical,65.2,0.1824
Satsunai,left,11.2,fluvial_scour,historical,65.4,0.2221
Satsunai,left,11.2,fluvial_scour,historical,65.6,0.2535
Satsunai,left,11.2,fluvial_scour,historical,65.8,0.2784
Satsunai,left,11.2,fluvial_scour,historical,66,0.2946
Satsunai,left,11.2,fluvial_scour,historical,66.2,0.3158
Satsunai,left,11.2,fluvial_scour,historical,66.4,0.3267
Satsunai,left,11.2,fluvial_scour,historical,66.6,0.3427
Satsunai,left,11.2,fluvial_scour,historical,66.8,0.3532
Satsunai,left,11.2,fluvial_scour,historical,67,0.3674
Satsunai,left,11.2,fluvial_scour,historical,67.2,0.3802
Satsunai,left,11.2,fluvial_scour,historical,67.4,0.3933
Satsunai,left,11.2,fluvial_scour,historical,67.6,0.4102
Satsunai,left,11.2,fluvial_scour,historical,67.8,0.43
Satsunai,left,11.2,fluvial_scour,historical,68,0.4479
Satsunai,left,11.2,fluvial_scour,historical,68.2,0.4656
Satsunai,left,11.2,fluvial_scour,historical,68.4,0.4746
Satsunai,left,11.2,fluvial_scour,historical,68.6,0.4858
Satsunai,left,11.2,fluvial_scour,historical,68.8,0.4918
Satsunai,left,11.2,fluvial_scour,plus4K,61.6,0
Satsunai,left,11.2,fluvial_scour,plus4K,61.8,0
Satsunai,left,11.2,fluvial_scour,plus4K,62,0
Satsunai,left,11.2,fluvial_scour,plus4K,62.2,0
Satsunai,left,11.2,fluvial_scour,plus4K,62.4,0
Satsunai,left,11.2,fluvial_scour,plus4K,62.6,0
Satsunai,left,11.2,fluvial_scour,plus4K,62.8,0.0001
Satsunai,left,11.2,fluvial_scour,plus4K,63,0.0003
Satsunai,left,11.2,fluvial_scour,plus4K,63.2,0.0017
Satsunai,left,11.2,fluvial_scour,plus4K,63.4,0.0054
Satsunai,left,11.2,fluvial_scour,plus4K,63.6,0.0101
Satsunai,left,11.2,fluvial_scour,plus4K,63.8,0.0171
Satsunai,left,11.2,fluvial_scour,plus4K,64,0.0256
Satsunai,left,11.2,fluvial_scour,plus4K,64.2,0.0417
Satsunai,left,11.2,fluvial_scour,plus4K,64.4,0.0593
Satsunai,left,11.2,fluvial_scour,plus4K,64.6,0.0779
Satsunai,left,11.2,fluvial_scour,plus4K,64.8,0.108
Satsunai,left,11.2,fluvial_scour,plus4K,65,0.1418
Satsunai,left,11.2,fluvial_scour,plus4K,65.2,0.1824
Satsunai,left,11.2,fluvial_scour,plus4K,65.4,0.2221
Satsunai,left,11.2,fluvial_scour,plus4K,65.6,0.2535
Satsunai,left,11.2,fluvial_scour,plus4K,65.8,0.2784
Satsunai,left,11.2,fluvial_scour,plus4K,66,0.2946
Satsunai,left,11.2,fluvial_scour,plus4K,66.2,0.3158
Satsunai,left,11.2,fluvial_scour,plus4K,66.4,0.3267
Satsunai,left,11.2,fluvial_scour,plus4K,66.6,0.3427
Satsunai,left,11.2,fluvial_scour,plus4K,66.8,0.3532
Satsunai,left,11.2,fluvial_scour,plus4K,67,0.3674
Satsunai,left,11.2,fluvial_scour,plus4K,67.2,0.3802
Satsunai,left,11.2,fluvial_scour,plus4K,67.4,0.3933
Satsunai,left,11.2,fluvial_scour,plus4K,67.6,0.4102
Satsunai,left,11.2,fluvial_scour,plus4K,67.8,0.43
Satsunai,left,11.2,fluvial_scour,plus4K,68,0.4479
Satsunai,left,11.2,fluvial_scour,plus4K,68.2,0.4656
Satsunai,left,11.2,fluvial_scour,plus4K,68.4,0.4746
Satsunai,left,11.2,fluvial_scour,plus4K,68.6,0.4858
Satsunai,left,11.2,fluvial_scour,plus4K,68.8,0.4918
Satsunai,left,11.4,fluvial_scour,historical,62.2,0
Satsunai,left,11.4,fluvial_scour,historical,62.4,0
Satsunai,left,11.4,fluvial_scour,historical,62.6,0
Satsunai,left,11.4,fluvial_scour,historical,62.8,0
Satsunai,left,11.4,fluvial_scour,historical,63,0
Satsunai,left,11.4,fluvial_scour,historical,63.2,0
Satsunai,left,11.4,fluvial_scour,historical,63.4,0
Satsunai,left,11.4,fluvial_scour,historical,63.6,0
Satsunai,left,11.4,fluvial_scour,historical,63.8,0.0002
Satsunai,left,11.4,fluvial_scour,historical,64,0.0012
Satsunai,left,11.4,fluvial_scour,historical,64.2,0.0053
Satsunai,left,11.4,fluvial_scour,historical,64.4,0.0109
Satsunai,left,11.4,fluvial_scour,historical,64.6,0.0168
Satsunai,left,11.4,fluvial_scour,historical,64.8,0.0276
Satsunai,left,11.4,fluvial_scour,historical,65,0.0399
Satsunai,left,11.4,fluvial_scour,historical,65.2,0.0631
Satsunai,left,11.4,fluvial_scour,historical,65.4,0.0908
Satsunai,left,11.4,fluvial_scour,historical,65.6,0.1225
Satsunai,left,11.4,fluvial_scour,historical,65.8,0.1609
Satsunai,left,11.4,fluvial_scour,historical,66,0.1978
Satsunai,left,11.4,fluvial_scour,historical,66.2,0.2251
Satsunai,left,11.4,fluvial_scour,historical,66.4,0.2497
Satsunai,left,11.4,fluvial_scour,historical,66.6,0.2722
Satsunai,left,11.4,fluvial_scour,historical,66.8,0.2924
Satsunai,left,11.4,fluvial_scour,historical,67,0.3027
Satsunai,left,11.4,fluvial_scour,historical,67.2,0.3201
Satsunai,left,11.4,fluvial_scour,historical,67.4,0.3277
Satsunai,left,11.4,fluvial_scour,historical,67.6,0.3435
Satsunai,left,11.4,fluvial_scour,historical,67.8,0.3533
Satsunai,left,11.4,fluvial_scour,historical,68,0.3678
Satsunai,left,11.4,fluvial_scour,historical,68.2,0.3828
Satsunai,left,11.4,fluvial_scour,historical,68.4,0.401
Satsunai,left,11.4,fluvial_scour,historical,68.6,0.42
Satsunai,left,11.4,fluvial_scour,historical,68.8,0.4388
Satsunai,left,11.4,fluvial_scour,historical,69,0.4514
Satsunai,left,11.4,fluvial_scour,historical,69.2,0.4651
Satsunai,left,11.4,fluvial_scour,historical,69.4,0.469
Satsunai,left,11.4,fluvial_scour,plus4K,62.2,0
Satsunai,left,11.4,fluvial_scour,plus4K,62.4,0
Satsunai,left,11.4,fluvial_scour,plus4K,62.6,0
Satsunai,left,11.4,fluvial_scour,plus4K,62.8,0
Satsunai,left,11.4,fluvial_scour,plus4K,63,0
Satsunai,left,11.4,fluvial_scour,plus4K,63.2,0
Satsunai,left,11.4,fluvial_scour,plus4K,63.4,0
Satsunai,left,11.4,fluvial_scour,plus4K,63.6,0
Satsunai,left,11.4,fluvial_scour,plus4K,63.8,0.0002
Satsunai,left,11.4,fluvial_scour,plus4K,64,0.0012
Satsunai,left,11.4,fluvial_scour,plus4K,64.2,0.0053
Satsunai,left,11.4,fluvial_scour,plus4K,64.4,0.0109
Satsunai,left,11.4,fluvial_scour,plus4K,64.6,0.0168
Satsunai,left,11.4,fluvial_scour,plus4K,64.8,0.0276
Satsunai,left,11.4,fluvial_scour,plus4K,65,0.0399
Satsunai,left,11.4,fluvial_scour,plus4K,65.2,0.0631
Satsunai,left,11.4,fluvial_scour,plus4K,65.4,0.0908
Satsunai,left,11.4,fluvial_scour,plus4K,65.6,0.1225
Satsunai,left,11.4,fluvial_scour,plus4K,65.8,0.1609
Satsunai,left,11.4,fluvial_scour,plus4K,66,0.1978
Satsunai,left,11.4,fluvial_scour,plus4K,66.2,0.2251
Satsunai,left,11.4,fluvial_scour,plus4K,66.4,0.2497
Satsunai,left,11.4,fluvial_scour,plus4K,66.6,0.2722
Satsunai,left,11.4,fluvial_scour,plus4K,66.8,0.2924
Satsunai,left,11.4,fluvial_scour,plus4K,67,0.3027
Satsunai,left,11.4,fluvial_scour,plus4K,67.2,0.3201
Satsunai,left,11.4,fluvial_scour,plus4K,67.4,0.3277
Satsunai,left,11.4,fluvial_scour,plus4K,67.6,0.3435
Satsunai,left,11.4,fluvial_scour,plus4K,67.8,0.3533
Satsunai,left,11.4,fluvial_scour,plus4K,68,0.3678
Satsunai,left,11.4,fluvial_scour,plus4K,68.2,0.3828
Satsunai,left,11.4,fluvial_scour,plus4K,68.4,0.401
Satsunai,left,11.4,fluvial_scour,plus4K,68.6,0.42
Satsunai,left,11.4,fluvial_scour,plus4K,68.8,0.4388
Satsunai,left,11.4,fluvial_scour,plus4K,69,0.4514
Satsunai,left,11.4,fluvial_scour,plus4K,69.2,0.4651
Satsunai,left,11.4,fluvial_scour,plus4K,69.4,0.469
Satsunai,left,11.6,fluvial_scour,historical,62.8,0
Satsunai,left,11.6,fluvial_scour,historical,63,0
Satsunai,left,11.6,fluvial_scour,historical,63.2,0
Satsunai,left,11.6,fluvial_scour,historical,63.4,0
Satsunai,left,11.6,fluvial_scour,historical,63.6,0
Satsunai,left,11.6,fluvial_scour,historical,63.8,0
Satsunai,left,11.6,fluvial_scour,historical,64,0
Satsunai,left,11.6,fluvial_scour,historical,64.2,0
Satsunai,left,11.6,fluvial_scour,historical,64.4,0
Satsunai,left,11.6,fluvial_scour,historical,64.6,0.001
Satsunai,left,11.6,fluvial_scour,historical,64.8,0.0034
Satsunai,left,11.6,fluvial_scour,historical,65,0.0083
Satsunai,left,11.6,fluvial_scour,historical,65.2,0.0131
Satsunai,left,11.6,fluvial_scour,historical,65.4,0.0231
Satsunai,left,11.6,fluvial_scour,historical,65.6,0.0378
Satsunai,left,11.6,fluvial_scour,historical,65.8,0.0595
Satsunai,left,11.6,fluvial_scour,historical,66,0.0876
Satsunai,left,11.6,fluvial_scour,historical,66.2,0.118
Satsunai,left,11.6,fluvial_scour,historical,66.4,0.1544
Satsunai,left,11.6,fluvial_scour,historical,66.6,0.195
Satsunai,left,11.6,fluvial_scour,historical,66.8,0.2258
Satsunai,left,11.6,fluvial_scour,historical,67,0.2504
Satsunai,left,11.6,fluvial_scour,historical,67.2,0.2736
Satsunai,left,11.6,fluvial_scour,historical,67.4,0.2903
Satsunai,left,11.6,fluvial_scour,historical,67.6,0.3037
Satsunai,left,11.6,fluvial_scour,historical,67.8,0.3229
Satsunai,left,11.6,fluvial_scour,historical,68,0.3301
Satsunai,left,11.6,fluvial_scour,historical,68.2,0.3465
Satsunai,left,11.6,fluvial_scour,historical,68.4,0.355
Satsunai,left,11.6,fluvial_scour,historical,68.6,0.3733
Satsunai,left,11.6,fluvial_scour,historical,68.8,0.3864
Satsunai,left,11.6,fluvial_scour,historical,69,0.4049
Satsunai,left,11.6,fluvial_scour,historical,69.2,0.4245
Satsunai,left,11.6,fluvial_scour,historical,69.4,0.4463
Satsunai,left,11.6,fluvial_scour,historical,69.6,0.4621
Satsunai,left,11.6,fluvial_scour,historical,69.8,0.4734
Satsunai,left,11.6,fluvial_scour,historical,70,0.4802
Satsunai,left,11.6,fluvial_scour,historical,70.2,0.4889
Satsunai,left,11.6,fluvial_scour,historical,70.4,0.4932
Satsunai,left,11.6,fluvial_scour,plus4K,62.8,0
Satsunai,left,11.6,fluvial_scour,plus4K,63,0
Satsunai,left,11.6,fluvial_scour,plus4K,63.2,0
Satsunai,left,11.6,fluvial_scour,plus4K,63.4,0
Satsunai,left,11.6,fluvial_scour,plus4K,63.6,0
Satsunai,left,11.6,fluvial_scour,plus4K,63.8,0
Satsunai,left,11.6,fluvial_scour,plus4K,64,0
Satsunai,left,11.6,fluvial_scour,plus4K,64.2,0
Satsunai,left,11.6,fluvial_scour,plus4K,64.4,0
Satsunai,left,11.6,fluvial_scour,plus4K,64.6,0.001
Satsunai,left,11.6,fluvial_scour,plus4K,64.8,0.0034
Satsunai,left,11.6,fluvial_scour,plus4K,65,0.0083
Satsunai,left,11.6,fluvial_scour,plus4K,65.2,0.0131
Satsunai,left,11.6,fluvial_scour,plus4K,65.4,0.0231
Satsunai,left,11.6,fluvial_scour,plus4K,65.6,0.0378
Satsunai,left,11.6,fluvial_scour,plus4K,65.8,0.0595
Satsunai,left,11.6,fluvial_scour,plus4K,66,0.0876
Satsunai,left,11.6,fluvial_scour,plus4K,66.2,0.118
Satsunai,left,11.6,fluvial_scour,plus4K,66.4,0.1544
Satsunai,left,11.6,fluvial_scour,plus4K,66.6,0.195
Satsunai,left,11.6,fluvial_scour,plus4K,66.8,0.2258
Satsunai,left,11.6,fluvial_scour,plus4K,67,0.2504
Satsunai,left,11.6,fluvial_scour,plus4K,67.2,0.2736
Satsunai,left,11.6,fluvial_scour,plus4K,67.4,0.2903
Satsunai,left,11.6,fluvial_scour,plus4K,67.6,0.3037
Satsunai,left,11.6,fluvial_scour,plus4K,67.8,0.3229
Satsunai,left,11.6,fluvial_scour,plus4K,68,0.3301
Satsunai,left,11.6,fluvial_scour,plus4K,68.2,0.3465
Satsunai,left,11.6,fluvial_scour,plus4K,68.4,0.355
Satsunai,left,11.6,fluvial_scour,plus4K,68.6,0.3733
Satsunai,left,11.6,fluvial_scour,plus4K,68.8,0.3864
Satsunai,left,11.6,fluvial_scour,plus4K,69,0.4049
Satsunai,left,11.6,fluvial_scour,plus4K,69.2,0.4245
Satsunai,left,11.6,fluvial_scour,plus4K,69.4,0.4463
Satsunai,left,11.6,fluvial_scour,plus4K,69.6,0.4621
Satsunai,left,11.6,fluvial_scour,plus4K,69.8,0.4734
Satsunai,left,11.6,fluvial_scour,plus4K,70,0.4802
Satsunai,left,11.6,fluvial_scour,plus4K,70.2,0.4889
Satsunai,left,11.6,fluvial_scour,plus4K,70.4,0.4932
Satsunai,left,11.8,fluvial_scour,historical,63.6,0
Satsunai,left,11.8,fluvial_scour,historical,63.8,0
Satsunai,left,11.8,fluvial_scour,historical,64,0
Satsunai,left,11.8,fluvial_scour,historical,64.2,0
Satsunai,left,11.8,fluvial_scour,historical,64.4,0
Satsunai,left,11.8,fluvial_scour,historical,64.6,0
Satsunai,left,11.8,fluvial_scour,historical,64.8,0
Satsunai,left,11.8,fluvial_scour,historical,65,0
Satsunai,left,11.8,fluvial_scour,historical,65.2,0.0007
Satsunai,left,11.8,fluvial_scour,historical,65.4,0.0033
Satsunai,left,11.8,fluvial_scour,historical,65.6,0.0075
Satsunai,left,11.8,fluvial_scour,historical,65.8,0.0147
Satsunai,left,11.8,fluvial_scour,historical,66,0.0287
Satsunai,left,11.8,fluvial_scour,historical,66.2,0.0443
Satsunai,left,11.8,fluvial_scour,historical,66.4,0.061
Satsunai,left,11.8,fluvial_scour,historical,66.6,0.0844
Satsunai,left,11.8,fluvial_scour,historical,66.8,0.1135
Satsunai,left,11.8,fluvial_scour,historical,67,0.147
Satsunai,left,11.8,fluvial_scour,historical,67.2,0.1869
Satsunai,left,11.8,fluvial_scour,historical,67.4,0.2163
Satsunai,left,11.8,fluvial_scour,historical,67.6,0.2436
Satsunai,left,11.8,fluvial_scour,historical,67.8,0.2623
Satsunai,left,11.8,fluvial_scour,historical,68,0.2826
Satsunai,left,11.8,fluvial_scour,historical,68.2,0.2928
Satsunai,left,11.8,fluvial_scour,historical,68.4,0.3083
Satsunai,left,11.8,fluvial_scour,historical,68.6,0.3203
Satsunai,left,11.8,fluvial_scour,historical,68.8,0.3359
Satsunai,left,11.8,fluvial_scour,historical,69,0.3484
Satsunai,left,11.8,fluvial_scour,historical,69.2,0.3624
Satsunai,left,11.8,fluvial_scour,historical,69.4,0.3791
Satsunai,left,11.8,fluvial_scour,historical,69.6,0.3956
Satsunai,left,11.8,fluvial_scour,historical,69.8,0.4166
Satsunai,left,11.8,fluvial_scour,historical,70,0.4349
Satsunai,left,11.8,fluvial_scour,historical,70.2,0.4442
Satsunai,left,11.8,fluvial_scour,historical,70.4,0.4553
Satsunai,left,11.8,fluvial_scour,historical,70.6,0.464
Satsunai,left,11.8,fluvial_scour,historical,70.8,0.4724
Satsunai,left,11.8,fluvial_scour,plus4K,63.6,0
Satsunai,left,11.8,fluvial_scour,plus4K,63.8,0
Satsunai,left,11.8,fluvial_scour,plus4K,64,0
Satsunai,left,11.8,fluvial_scour,plus4K,64.2,0
Satsunai,left,11.8,fluvial_scour,plus4K,64.4,0
Satsunai,left,11.8,fluvial_scour,plus4K,64.6,0
Satsunai,left,11.8,fluvial_scour,plus4K,64.8,0
Satsunai,left,11.8,fluvial_scour,plus4K,65,0
Satsunai,left,11.8,fluvial_scour,plus4K,65.2,0.0007
Satsunai,left,11.8,fluvial_scour,plus4K,65.4,0.0033
Satsunai,left,11.8,fluvial_scour,plus4K,65.6,0.0075
Satsunai,left,11.8,fluvial_scour,plus4K,65.8,0.0147
Satsunai,left,11.8,fluvial_scour,plus4K,66,0.0287
Satsunai,left,11.8,fluvial_scour,plus4K,66.2,0.0443
Satsunai,left,11.8,fluvial_scour,plus4K,66.4,0.061
Satsunai,left,11.8,fluvial_scour,plus4K,66.6,0.0844
Satsunai,left,11.8,fluvial_scour,plus4K,66.8,0.1135
Satsunai,left,11.8,fluvial_scour,plus4K,67,0.147
Satsunai,left,11.8,fluvial_scour,plus4K,67.2,0.1869
Satsunai,left,11.8,fluvial_scour,plus4K,67.4,0.2163
Satsunai,left,11.8,fluvial_scour,plus4K,67.6,0.2436
Satsunai,left,11.8,fluvial_scour,plus4K,67.8,0.2623
Satsunai,left,11.8,fluvial_scour,plus4K,68,0.2826
Satsunai,left,11.8,fluvial_scour,plus4K,68.2,0.2928
Satsunai,left,11.8,fluvial_scour,plus4K,68.4,0.3083
Satsunai,left,11.8,fluvial_scour,plus4K,68.6,0.3203
Satsunai,left,11.8,fluvial_scour,plus4K,68.8,0.3359
Satsunai,left,11.8,fluvial_scour,plus4K,69,0.3484
Satsunai,left,11.8,fluvial_scour,plus4K,69.2,0.3624
Satsunai,left,11.8,fluvial_scour,plus4K,69.4,0.3791
Satsunai,left,11.8,fluvial_scour,plus4K,69.6,0.3956
Satsunai,left,11.8,fluvial_scour,plus4K,69.8,0.4166
Satsunai,left,11.8,fluvial_scour,plus4K,70,0.4349
Satsunai,left,11.8,fluvial_scour,plus4K,70.2,0.4442
Satsunai,left,11.8,fluvial_scour,plus4K,70.4,0.4553
Satsunai,left,11.8,fluvial_scour,plus4K,70.6,0.464
Satsunai,left,11.8,fluvial_scour,plus4K,70.8,0.4724
Satsunai,left,12,fluvial_scour,historical,64.2,0
Satsunai,left,12,fluvial_scour,historical,64.4,0
Satsunai,left,12,fluvial_scour,historical,64.6,0
Satsunai,left,12,fluvial_scour,historical,64.8,0
Satsunai,left,12,fluvial_scour,historical,65,0
Satsunai,left,12,fluvial_scour,historical,65.2,0
Satsunai,left,12,fluvial_scour,historical,65.4,0
Satsunai,left,12,fluvial_scour,historical,65.6,0
Satsunai,left,12,fluvial_scour,historical,65.8,0
Satsunai,left,12,fluvial_scour,historical,66,0.0006
Satsunai,left,12,fluvial_scour,historical,66.2,0.0033
Satsunai,left,12,fluvial_scour,historical,66.4,0.0091
Satsunai,left,12,fluvial_scour,historical,66.6,0.0207
Satsunai,left,12,fluvial_scour,historical,66.8,0.0309
Satsunai,left,12,fluvial_scour,historical,67,0.0479
Satsunai,left,12,fluvial_scour,historical,67.2,0.0708
Satsunai,left,12,fluvial_scour,historical,67.4,0.0954
Satsunai,left,12,fluvial_scour,historical,67.6,0.138
Satsunai,left,12,fluvial_scour,historical,67.8,0.1766
Satsunai,left,12,fluvial_scour,historical,68,0.2142
Satsunai,left,12,fluvial_scour,historical,68.2,0.2439
Satsunai,left,12,fluvial_scour,historical,68.4,0.2689
Satsunai,left,12,fluvial_scour,historical,68.6,0.2882
Satsunai,left,12,fluvial_scour,historical,68.8,0.306
Satsunai,left,12,fluvial_scour,historical,69,0.3244
Satsunai,left,12,fluvial_scour,historical,69.2,0.3346
Satsunai,left,12,fluvial_scour,historical,69.4,0.352
Satsunai,left,12,fluvial_scour,historical,69.6,0.3647
Satsunai,left,12,fluvial_scour,historical,69.8,0.3816
Satsunai,left,12,fluvial_scour,historical,70,0.3982
Satsunai,left,12,fluvial_scour,historical,70.2,0.4186
Satsunai,left,12,fluvial_scour,historical,70.4,0.438
Satsunai,left,12,fluvial_scour,historical,70.6,0.4559
Satsunai,left,12,fluvial_scour,historical,70.8,0.4671
Satsunai,left,12,fluvial_scour,historical,71,0.4774
Satsunai,left,12,fluvial_scour,historical,71.2,0.4874
Satsunai,left,12,fluvial_scour,historical,71.4,0.4936
Satsunai,left,12,fluvial_scour,plus4K,64.2,0
Satsunai,left,12,fluvial_scour,plus4K,64.4,0
Satsunai,left,12,fluvial_scour,plus4K,64.6,0
Satsunai,left,12,fluvial_scour,plus4K,64.8,0
Satsunai,left,12,fluvial_scour,plus4K,65,0
Satsunai,left,12,fluvial_scour,plus4K,65.2,0
Satsunai,left,12,fluvial_scour,plus4K,65.4,0
Satsunai,left,12,fluvial_scour,plus4K,65.6,0
Satsunai,left,12,fluvial_scour,plus4K,65.8,0
Satsunai,left,12,fluvial_scour,plus4K,66,0.0006
Satsunai,left,12,fluvial_scour,plus4K,66.2,0.0033
Satsunai,left,12,fluvial_scour,plus4K,66.4,0.0091
Satsunai,left,12,fluvial_scour,plus4K,66.6,0.0207
Satsunai,left,12,fluvial_scour,plus4K,66.8,0.0309
Satsunai,left,12,fluvial_scour,plus4K,67,0.0479
Satsunai,left,12,fluvial_scour,plus4K,67.2,0.0708
Satsunai,left,12,fluvial_scour,plus4K,67.4,0.0954
Satsunai,left,12,fluvial_scour,plus4K,67.6,0.138
Satsunai,left,12,fluvial_scour,plus4K,67.8,0.1766
Satsunai,left,12,fluvial_scour,plus4K,68,0.2142
Satsunai,left,12,fluvial_scour,plus4K,68.2,0.2439
Satsunai,left,12,fluvial_scour,plus4K,68.4,0.2689
Satsunai,left,12,fluvial_scour,plus4K,68.6,0.2882
Satsunai,left,12,fluvial_scour,plus4K,68.8,0.306
Satsunai,left,12,fluvial_scour,plus4K,69,0.3244
Satsunai,left,12,fluvial_scour,plus4K,69.2,0.3346
Satsunai,left,12,fluvial_scour,plus4K,69.4,0.352
Satsunai,left,12,fluvial_scour,plus4K,69.6,0.3647
Satsunai,left,12,fluvial_scour,plus4K,69.8,0.3816
Satsunai,left,12,fluvial_scour,plus4K,70,0.3982
Satsunai,left,12,fluvial_scour,plus4K,70.2,0.4186
Satsunai,left,12,fluvial_scour,plus4K,70.4,0.438
Satsunai,left,12,fluvial_scour,plus4K,70.6,0.4559
Satsunai,left,12,fluvial_scour,plus4K,70.8,0.4671
Satsunai,left,12,fluvial_scour,plus4K,71,0.4774
Satsunai,left,12,fluvial_scour,plus4K,71.2,0.4874
Satsunai,left,12,fluvial_scour,plus4K,71.4,0.4936
Satsunai,left,12.2,fluvial_scour,historical,66.2,0
Satsunai,left,12.2,fluvial_scour,historical,66.4,0
Satsunai,left,12.2,fluvial_scour,historical,66.6,0
Satsunai,left,12.2,fluvial_scour,historical,66.8,0
Satsunai,left,12.2,fluvial_scour,historical,67,0
Satsunai,left,12.2,fluvial_scour,historical,67.2,0
Satsunai,left,12.2,fluvial_scour,historical,67.4,0
Satsunai,left,12.2,fluvial_scour,historical,67.6,0.0003
Satsunai,left,12.2,fluvial_scour,historical,67.8,0.0012
Satsunai,left,12.2,fluvial_scour,historical,68,0.0039
Satsunai,left,12.2,fluvial_scour,historical,68.2,0.0075
Satsunai,left,12.2,fluvial_scour,historical,68.4,0.0127
Satsunai,left,12.2,fluvial_scour,historical,68.6,0.0254
Satsunai,left,12.2,fluvial_scour,historical,68.8,0.0381
Satsunai,left,12.2,fluvial_scour,historical,69,0.0611
Satsunai,left,12.2,fluvial_scour,historical,69.2,0.0835
Satsunai,left,12.2,fluvial_scour,historical,69.4,0.1021
Satsunai,left,12.2,fluvial_scour,historical,69.6,0.1152
Satsunai,left,12.2,fluvial_scour,historical,69.8,0.126
Satsunai,left,12.2,fluvial_scour,historical,70,0.1371
Satsunai,left,12.2,fluvial_scour,historical,70.2,0.1508
Satsunai,left,12.2,fluvial_scour,historical,70.4,0.1583
Satsunai,left,12.2,fluvial_scour,historical,70.6,0.1688
Satsunai,left,12.2,fluvial_scour,historical,70.8,0.1747
Satsunai,left,12.2,fluvial_scour,historical,71,0.1882
Satsunai,left,12.2,fluvial_scour,historical,71.2,0.1979
Satsunai,left,12.2,fluvial_scour,historical,71.4,0.2115
Satsunai,left,12.2,fluvial_scour,historical,71.6,0.2286
Satsunai,left,12.2,fluvial_scour,historical,71.8,0.2428
Satsunai,left,12.2,fluvial_scour,historical,72,0.253
Satsunai,left,12.2,fluvial_scour,historical,72.2,0.2619
Satsunai,left,12.2,fluvial_scour,historical,72.4,0.2664
Satsunai,left,12.2,fluvial_scour,historical,72.6,0.2728
Satsunai,left,12.2,fluvial_scour,historical,72.8,0.2771
Satsunai,left,12.2,fluvial_scour,plus4K,66.2,0
Satsunai,left,12.2,fluvial_scour,plus4K,66.4,0
Satsunai,left,12.2,fluvial_scour,plus4K,66.6,0
Satsunai,left,12.2,fluvial_scour,plus4K,66.8,0
Satsunai,left,12.2,fluvial_scour,plus4K,67,0
Satsunai,left,12.2,fluvial_scour,plus4K,67.2,0
Satsunai,left,12.2,fluvial_scour,plus4K,67.4,0
Satsunai,left,12.2,fluvial_scour,plus4K,67.6,0.0003
Satsunai,left,12.2,fluvial_scour,plus4K,67.8,0.0012
Satsunai,left,12.2,fluvial_scour,plus4K,68,0.0039
Satsunai,left,12.2,fluvial_scour,plus4K,68.2,0.0075
Satsunai,left,12.2,fluvial_scour,plus4K,68.4,0.0127
Satsunai,left,12.2,fluvial_scour,plus4K,68.6,0.0254
Satsunai,left,12.2,fluvial_scour,plus4K,68.8,0.0381
Satsunai,left,12.2,fluvial_scour,plus4K,69,0.0611
Satsunai,left,12.2,fluvial_scour,plus4K,69.2,0.0835
Satsunai,left,12.2,fluvial_scour,plus4K,69.4,0.1021
Satsunai,left,12.2,fluvial_scour,plus4K,69.6,0.1152
Satsunai,left,12.2,fluvial_scour,plus4K,69.8,0.126
Satsunai,left,12.2,fluvial_scour,plus4K,70,0.1371
Satsunai,left,12.2,fluvial_scour,plus4K,70.2,0.1508
Satsunai,left,12.2,fluvial_scour,plus4K,70.4,0.1583
Satsunai,left,12.2,fluvial_scour,plus4K,70.6,0.1688
Satsunai,left,12.2,fluvial_scour,plus4K,70.8,0.1747
Satsunai,left,12.2,fluvial_scour,plus4K,71,0.1882
Satsunai,left,12.2,fluvial_scour,plus4K,71.2,0.1979
Satsunai,left,12.2,fluvial_scour,plus4K,71.4,0.2115
Satsunai,left,12.2,fluvial_scour,plus4K,71.6,0.2286
Satsunai,left,12.2,fluvial_scour,plus4K,71.8,0.2428
Satsunai,left,12.2,fluvial_scour,plus4K,72,0.253
Satsunai,left,12.2,fluvial_scour,plus4K,72.2,0.2619
Satsunai,left,12.2,fluvial_scour,plus4K,72.4,0.2664
Satsunai,left,12.2,fluvial_scour,plus4K,72.6,0.2728
Satsunai,left,12.2,fluvial_scour,plus4K,72.8,0.2771
Satsunai,left,12.4,fluvial_scour,historical,66.8,0
Satsunai,left,12.4,fluvial_scour,historical,67,0
Satsunai,left,12.4,fluvial_scour,historical,67.2,0
Satsunai,left,12.4,fluvial_scour,historical,67.4,0
Satsunai,left,12.4,fluvial_scour,historical,67.6,0
Satsunai,left,12.4,fluvial_scour,historical,67.8,0
Satsunai,left,12.4,fluvial_scour,historical,68,0
Satsunai,left,12.4,fluvial_scour,historical,68.2,0.0001
Satsunai,left,12.4,fluvial_scour,historical,68.4,0.0007
Satsunai,left,12.4,fluvial_scour,historical,68.6,0.003
Satsunai,left,12.4,fluvial_scour,historical,68.8,0.0077
Satsunai,left,12.4,fluvial_scour,historical,69,0.0145
Satsunai,left,12.4,fluvial_scour,historical,69.2,0.0266
Satsunai,left,12.4,fluvial_scour,historical,69.4,0.0417
Satsunai,left,12.4,fluvial_scour,historical,69.6,0.0577
Satsunai,left,12.4,fluvial_scour,historical,69.8,0.0804
Satsunai,left,12.4,fluvial_scour,historical,70,0.1103
Satsunai,left,12.4,fluvial_scour,historical,70.2,0.1307
Satsunai,left,12.4,fluvial_scour,historical,70.4,0.1477
Satsunai,left,12.4,fluvial_scour,historical,70.6,0.1597
Satsunai,left,12.4,fluvial_scour,historical,70.8,0.1751
Satsunai,left,12.4,fluvial_scour,historical,71,0.1898
Satsunai,left,12.4,fluvial_scour,historical,71.2,0.1977
Satsunai,left,12.4,fluvial_scour,historical,71.4,0.2115
Satsunai,left,12.4,fluvial_scour,historical,71.6,0.221
Satsunai,left,12.4,fluvial_scour,historical,71.8,0.2335
Satsunai,left,12.4,fluvial_scour,historical,72,0.2448
Satsunai,left,12.4,fluvial_scour,historical,72.2,0.2618
Satsunai,left,12.4,fluvial_scour,historical,72.4,0.2783
Satsunai,left,12.4,fluvial_scour,historical,72.6,0.2958
Satsunai,left,12.4,fluvial_scour,historical,72.8,0.3046
Satsunai,left,12.4,fluvial_scour,historical,73,0.3152
Satsunai,left,12.4,fluvial_scour,historical,73.2,0.3247
Satsunai,left,12.4,fluvial_scour,historical,73.4,0.3295
Satsunai,left,12.4,fluvial_scour,historical,73.6,0.3374
Satsunai,left,12.4,fluvial_scour,historical,73.8,0.3416
Satsunai,left,12.4,fluvial_scour,plus4K,66.8,0
Satsunai,left,12.4,fluvial_scour,plus4K,67,0
Satsunai,left,12.4,fluvial_scour,plus4K,67.2,0
Satsunai,left,12.4,fluvial_scour,plus4K,67.4,0
Satsunai,left,12.4,fluvial_scour,plus4K,67.6,0
Satsunai,left,12.4,fluvial_scour,plus4K,67.8,0
Satsunai,left,12.4,fluvial_scour,plus4K,68,0
Satsunai,left,12.4,fluvial_scour,plus4K,68.2,0.0001
Satsunai,left,12.4,fluvial_scour,plus4K,68.4,0.0007
Satsunai,left,12.4,fluvial_scour,plus4K,68.6,0.003
Satsunai,left,12.4,fluvial_scour,plus4K,68.8,0.0077
Satsunai,left,12.4,fluvial_scour,plus4K,69,0.0145
Satsunai,left,12.4,fluvial_scour,plus4K,69.2,0.0266
Satsunai,left,12.4,fluvial_scour,plus4K,69.4,0.0417
Satsunai,left,12.4,fluvial_scour,plus4K,69.6,0.0577
Satsunai,left,12.4,fluvial_scour,plus4K,69.8,0.0804
Satsunai,left,12.4,fluvial_scour,plus4K,70,0.1103
Satsunai,left,12.4,fluvial_scour,plus4K,70.2,0.1307
Satsunai,left,12.4,fluvial_scour,plus4K,70.4,0.1477
Satsunai,left,12.4,fluvial_scour,plus4K,70.6,0.1597
Satsunai,left,12.4,fluvial_scour,plus4K,70.8,0.1751
Satsunai,left,12.4,fluvial_scour,plus4K,71,0.1898
Satsunai,left,12.4,fluvial_scour,plus4K,71.2,0.1977
Satsunai,left,12.4,fluvial_scour,plus4K,71.4,0.2115
Satsunai,left,12.4,fluvial_scour,plus4K,71.6,0.221
Satsunai,left,12.4,fluvial_scour,plus4K,71.8,0.2335
Satsunai,left,12.4,fluvial_scour,plus4K,72,0.2448
Satsunai,left,12.4,fluvial_scour,plus4K,72.2,0.2618
Satsunai,left,12.4,fluvial_scour,plus4K,72.4,0.2783
Satsunai,left,12.4,fluvial_scour,plus4K,72.6,0.2958
Satsunai,left,12.4,fluvial_scour,plus4K,72.8,0.3046
Satsunai,left,12.4,fluvial_scour,plus4K,73,0.3152
Satsunai,left,12.4,fluvial_scour,plus4K,73.2,0.3247
Satsunai,left,12.4,fluvial_scour,plus4K,73.4,0.3295
Satsunai,left,12.4,fluvial_scour,plus4K,73.6,0.3374
Satsunai,left,12.4,fluvial_scour,plus4K,73.8,0.3416
Satsunai,left,12.6,fluvial_scour,historical,67.4,0
Satsunai,left,12.6,fluvial_scour,historical,67.6,0
Satsunai,left,12.6,fluvial_scour,historical,67.8,0
Satsunai,left,12.6,fluvial_scour,historical,68,0
Satsunai,left,12.6,fluvial_scour,historical,68.2,0
Satsunai,left,12.6,fluvial_scour,historical,68.4,0
Satsunai,left,12.6,fluvial_scour,historical,68.6,0
Satsunai,left,12.6,fluvial_scour,historical,68.8,0
Satsunai,left,12.6,fluvial_scour,historical,69,0.0004
Satsunai,left,12.6,fluvial_scour,historical,69.2,0.0028
Satsunai,left,12.6,fluvial_scour,historical,69.4,0.0069
Satsunai,left,12.6,fluvial_scour,historical,69.6,0.0142
Satsunai,left,12.6,fluvial_scour,historical,69.8,0.0263
Satsunai,left,12.6,fluvial_scour,historical,70,0.0436
Satsunai,left,12.6,fluvial_scour,historical,70.2,0.0648
Satsunai,left,12.6,fluvial_scour,historical,70.4,0.0926
Satsunai,left,12.6,fluvial_scour,historical,70.6,0.1202
Satsunai,left,12.6,fluvial_scour,historical,70.8,0.1514
Satsunai,left,12.6,fluvial_scour,historical,71,0.178
Satsunai,left,12.6,fluvial_scour,historical,71.2,0.1978
Satsunai,left,12.6,fluvial_scour,historical,71.4,0.2152
Satsunai,left,12.6,fluvial_scour,historical,71.6,0.2332
Satsunai,left,12.6,fluvial_scour,historical,71.8,0.248
Satsunai,left,12.6,fluvial_scour,historical,72,0.2568
Satsunai,left,12.6,fluvial_scour,historical,72.2,0.2733
Satsunai,left,12.6,fluvial_scour,historical,72.4,0.2839
Satsunai,left,12.6,fluvial_scour,historical,72.6,0.2986
Satsunai,left,12.6,fluvial_scour,historical,72.8,0.3119
Satsunai,left,12.6,fluvial_scour,historical,73,0.3324
Satsunai,left,12.6,fluvial_scour,historical,73.2,0.3524
Satsunai,left,12.6,fluvial_scour,historical,73.4,0.3714
Satsunai,left,12.6,fluvial_scour,historical,73.6,0.3838
Satsunai,left,12.6,fluvial_scour,historical,73.8,0.3946
Satsunai,left,12.6,fluvial_scour,historical,74,0.4035
Satsunai,left,12.6,fluvial_scour,historical,74.2,0.4112
Satsunai,left,12.6,fluvial_scour,historical,74.4,0.4187
Satsunai,left,12.6,fluvial_scour,historical,74.6,0.4235
Satsunai,left,12.6,fluvial_scour,historical,74.8,0.4298
Satsunai,left,12.6,fluvial_scour,plus4K,67.4,0
Satsunai,left,12.6,fluvial_scour,plus4K,67.6,0
Satsunai,left,12.6,fluvial_scour,plus4K,67.8,0
Satsunai,left,12.6,fluvial_scour,plus4K,68,0
Satsunai,left,12.6,fluvial_scour,plus4K,68.2,0
Satsunai,left,12.6,fluvial_scour,plus4K,68.4,0
Satsunai,left,12.6,fluvial_scour,plus4K,68.6,0
Satsunai,left,12.6,fluvial_scour,plus4K,68.8,0
Satsunai,left,12.6,fluvial_scour,plus4K,69,0.0004
Satsunai,left,12.6,fluvial_scour,plus4K,69.2,0.0028
Satsunai,left,12.6,fluvial_scour,plus4K,69.4,0.0069
Satsunai,left,12.6,fluvial_scour,plus4K,69.6,0.0142
Satsunai,left,12.6,fluvial_scour,plus4K,69.8,0.0263
Satsunai,left,12.6,fluvial_scour,plus4K,70,0.0436
Satsunai,left,12.6,fluvial_scour,plus4K,70.2,0.0648
Satsunai,left,12.6,fluvial_scour,plus4K,70.4,0.0926
Satsunai,left,12.6,fluvial_scour,plus4K,70.6,0.1202
Satsunai,left,12.6,fluvial_scour,plus4K,70.8,0.1514
Satsunai,left,12.6,fluvial_scour,plus4K,71,0.178
Satsunai,left,12.6,fluvial_scour,plus4K,71.2,0.1978
Satsunai,left,12.6,fluvial_scour,plus4K,71.4,0.2152
Satsunai,left,12.6,fluvial_scour,plus4K,71.6,0.2332
Satsunai,left,12.6,fluvial_scour,plus4K,71.8,0.248
Satsunai,left,12.6,fluvial_scour,plus4K,72,0.2568
Satsunai,left,12.6,fluvial_scour,plus4K,72.2,0.2733
Satsunai,left,12.6,fluvial_scour,plus4K,72.4,0.2839
Satsunai,left,12.6,fluvial_scour,plus4K,72.6,0.2986
Satsunai,left,12.6,fluvial_scour,plus4K,72.8,0.3119
Satsunai,left,12.6,fluvial_scour,plus4K,73,0.3324
Satsunai,left,12.6,fluvial_scour,plus4K,73.2,0.3524
Satsunai,left,12.6,fluvial_scour,plus4K,73.4,0.3714
Satsunai,left,12.6,fluvial_scour,plus4K,73.6,0.3838
Satsunai,left,12.6,fluvial_scour,plus4K,73.8,0.3946
Satsunai,left,12.6,fluvial_scour,plus4K,74,0.4035
Satsunai,left,12.6,fluvial_scour,plus4K,74.2,0.4112
Satsunai,left,12.6,fluvial_scour,plus4K,74.4,0.4187
Satsunai,left,12.6,fluvial_scour,plus4K,74.6,0.4235
Satsunai,left,12.6,fluvial_scour,plus4K,74.8,0.4298
Satsunai,left,12.8,fluvial_scour,historical,69,0
Satsunai,left,12.8,fluvial_scour,historical,69.2,0
Satsunai,left,12.8,fluvial_scour,historical,69.4,0
Satsunai,left,12.8,fluvial_scour,historical,69.6,0
Satsunai,left,12.8,fluvial_scour,historical,69.8,0
Satsunai,left,12.8,fluvial_scour,historical,70,0
Satsunai,left,12.8,fluvial_scour,historical,70.2,0
Satsunai,left,12.8,fluvial_scour,historical,70.4,0
Satsunai,left,12.8,fluvial_scour,historical,70.6,0
Satsunai,left,12.8,fluvial_scour,historical,70.8,0
Satsunai,left,12.8,fluvial_scour,historical,71,0
Satsunai,left,12.8,fluvial_scour,historical,71.2,0
Satsunai,left,12.8,fluvial_scour,historical,71.4,0
Satsunai,left,12.8,fluvial_scour,historical,71.6,0
Satsunai,left,12.8,fluvial_scour,historical,71.8,0
Satsunai,left,12.8,fluvial_scour,historical,72,0.0382
Satsunai,left,12.8,fluvial_scour,historical,72.2,0.0573
Satsunai,left,12.8,fluvial_scour,historical,72.4,0.0695
Satsunai,left,12.8,fluvial_scour,historical,72.6,0.0718
Satsunai,left,12.8,fluvial_scour,historical,72.8,0.0812
Satsunai,left,12.8,fluvial_scour,historical,73,0.0911
Satsunai,left,12.8,fluvial_scour,historical,73.2,0.0931
Satsunai,left,12.8,fluvial_scour,historical,73.4,0.103
Satsunai,left,12.8,fluvial_scour,historical,73.6,0.1048
Satsunai,left,12.8,fluvial_scour,historical,73.8,0.1123
Satsunai,left,12.8,fluvial_scour,historical,74,0.1131
Satsunai,left,12.8,fluvial_scour,historical,74.2,0.122
Satsunai,left,12.8,fluvial_scour,historical,74.4,0.123
Satsunai,left,12.8,fluvial_scour,historical,74.6,0.1311
Satsunai,left,12.8,fluvial_scour,historical,74.8,0.132
Satsunai,left,12.8,fluvial_scour,historical,75,0.1817
Satsunai,left,12.8,fluvial_scour,historical,75.2,0.1879
Satsunai,left,12.8,fluvial_scour,historical,75.4,0.1948
Satsunai,left,12.8,fluvial_scour,plus4K,69,0
Satsunai,left,12.8,fluvial_scour,plus4K,69.2,0
Satsunai,left,12.8,fluvial_scour,plus4K,69.4,0
Satsunai,left,12.8,fluvial_scour,plus4K,69.6,0
Satsunai,left,12.8,fluvial_scour,plus4K,69.8,0
Satsunai,left,12.8,fluvial_scour,plus4K,70,0
Satsunai,left,12.8,fluvial_scour,plus4K,70.2,0
Satsunai,left,12.8,fluvial_scour,plus4K,70.4,0
Satsunai,left,12.8,fluvial_scour,plus4K,70.6,0
Satsunai,left,12.8,fluvial_scour,plus4K,70.8,0
Satsunai,left,12.8,fluvial_scour,plus4K,71,0
Satsunai,left,12.8,fluvial_scour,plus4K,71.2,0
Satsunai,left,12.8,fluvial_scour,plus4K,71.4,0
Satsunai,left,12.8,fluvial_scour,plus4K,71.6,0
Satsunai,left,12.8,fluvial_scour,plus4K,71.8,0
Satsunai,left,12.8,fluvial_scour,plus4K,72,0.0382
Satsunai,left,12.8,fluvial_scour,plus4K,72.2,0.0573
Satsunai,left,12.8,fluvial_scour,plus4K,72.4,0.0695
Satsunai,left,12.8,fluvial_scour,plus4K,72.6,0.0718
Satsunai,left,12.8,fluvial_scour,plus4K,72.8,0.0812
Satsunai,left,12.8,fluvial_scour,plus4K,73,0.0911
Satsunai,left,12.8,fluvial_scour,plus4K,73.2,0.0931
Satsunai,left,12.8,fluvial_scour,plus4K,73.4,0.103
Satsunai,left,12.8,fluvial_scour,plus4K,73.6,0.1048
Satsunai,left,12.8,fluvial_scour,plus4K,73.8,0.1123
Satsunai,left,12.8,fluvial_scour,plus4K,74,0.1131
Satsunai,left,12.8,fluvial_scour,plus4K,74.2,0.122
Satsunai,left,12.8,fluvial_scour,plus4K,74.4,0.123
Satsunai,left,12.8,fluvial_scour,plus4K,74.6,0.1311
Satsunai,left,12.8,fluvial_scour,plus4K,74.8,0.132
Satsunai,left,12.8,fluvial_scour,plus4K,75,0.1817
Satsunai,left,12.8,fluvial_scour,plus4K,75.2,0.1879
Satsunai,left,12.8,fluvial_scour,plus4K,75.4,0.1948
Satsunai,left,13,fluvial_scour,historical,69.6,0
Satsunai,left,13,fluvial_scour,historical,69.8,0
Satsunai,left,13,fluvial_scour,historical,70,0
Satsunai,left,13,fluvial_scour,historical,70.2,0
Satsunai,left,13,fluvial_scour,historical,70.4,0
Satsunai,left,13,fluvial_scour,historical,70.6,0
Satsunai,left,13,fluvial_scour,historical,70.8,0.0002
Satsunai,left,13,fluvial_scour,historical,71,0.0007
Satsunai,left,13,fluvial_scour,historical,71.2,0.0031
Satsunai,left,13,fluvial_scour,historical,71.4,0.0087
Satsunai,left,13,fluvial_scour,historical,71.6,0.0169
Satsunai,left,13,fluvial_scour,historical,71.8,0.0287
Satsunai,left,13,fluvial_scour,historical,72,0.0466
Satsunai,left,13,fluvial_scour,historical,72.2,0.0718
Satsunai,left,13,fluvial_scour,historical,72.4,0.0925
Satsunai,left,13,fluvial_scour,historical,72.6,0.1113
Satsunai,left,13,fluvial_scour,historical,72.8,0.1293
Satsunai,left,13,fluvial_scour,historical,73,0.1417
Satsunai,left,13,fluvial_scour,historical,73.2,0.1513
Satsunai,left,13,fluvial_scour,historical,73.4,0.1665
Satsunai,left,13,fluvial_scour,historical,73.6,0.1736
Satsunai,left,13,fluvial_scour,historical,73.8,0.1843
Satsunai,left,13,fluvial_scour,historical,74,0.1934
Satsunai,left,13,fluvial_scour,historical,74.2,0.2033
Satsunai,left,13,fluvial_scour,historical,74.4,0.2174
Satsunai,left,13,fluvial_scour,historical,74.6,0.2336
Satsunai,left,13,fluvial_scour,historical,74.8,0.2504
Satsunai,left,13,fluvial_scour,historical,75,0.2623
Satsunai,left,13,fluvial_scour,historical,75.2,0.2737
Satsunai,left,13,fluvial_scour,historical,75.4,0.2786
Satsunai,left,13,fluvial_scour,historical,75.6,0.2872
Satsunai,left,13,fluvial_scour,historical,75.8,0.2906
Satsunai,left,13,fluvial_scour,historical,76,0.2975
Satsunai,left,13,fluvial_scour,plus4K,69.6,0
Satsunai,left,13,fluvial_scour,plus4K,69.8,0
Satsunai,left,13,fluvial_scour,plus4K,70,0
Satsunai,left,13,fluvial_scour,plus4K,70.2,0
Satsunai,left,13,fluvial_scour,plus4K,70.4,0
Satsunai,left,13,fluvial_scour,plus4K,70.6,0
Satsunai,left,13,fluvial_scour,plus4K,70.8,0.0002
Satsunai,left,13,fluvial_scour,plus4K,71,0.0007
Satsunai,left,13,fluvial_scour,plus4K,71.2,0.0031
Satsunai,left,13,fluvial_scour,plus4K,71.4,0.0087
Satsunai,left,13,fluvial_scour,plus4K,71.6,0.0169
Satsunai,left,13,fluvial_scour,plus4K,71.8,0.0287
Satsunai,left,13,fluvial_scour,plus4K,72,0.0466
Satsunai,left,13,fluvial_scour,plus4K,72.2,0.0718
Satsunai,left,13,fluvial_scour,plus4K,72.4,0.0925
Satsunai,left,13,fluvial_scour,plus4K,72.6,0.1113
Satsunai,left,13,fluvial_scour,plus4K,72.8,0.1293
Satsunai,left,13,fluvial_scour,plus4K,73,0.1417
Satsunai,left,13,fluvial_scour,plus4K,73.2,0.1513
Satsunai,left,13,fluvial_scour,plus4K,73.4,0.1665
Satsunai,left,13,fluvial_scour,plus4K,73.6,0.1736
Satsunai,left,13,fluvial_scour,plus4K,73.8,0.1843
Satsunai,left,13,fluvial_scour,plus4K,74,0.1934
Satsunai,left,13,fluvial_scour,plus4K,74.2,0.2033
Satsunai,left,13,fluvial_scour,plus4K,74.4,0.2174
Satsunai,left,13,fluvial_scour,plus4K,74.6,0.2336
Satsunai,left,13,fluvial_scour,plus4K,74.8,0.2504
Satsunai,left,13,fluvial_scour,plus4K,75,0.2623
Satsunai,left,13,fluvial_scour,plus4K,75.2,0.2737
Satsunai,left,13,fluvial_scour,plus4K,75.4,0.2786
Satsunai,left,13,fluvial_scour,plus4K,75.6,0.2872
Satsunai,left,13,fluvial_scour,plus4K,75.8,0.2906
Satsunai,left,13,fluvial_scour,plus4K,76,0.2975
Satsunai,left,13.2,fluvial_scour,historical,70,0
Satsunai,left,13.2,fluvial_scour,historical,70.2,0
Satsunai,left,13.2,fluvial_scour,historical,70.4,0
Satsunai,left,13.2,fluvial_scour,historical,70.6,0
Satsunai,left,13.2,fluvial_scour,historical,70.8,0
Satsunai,left,13.2,fluvial_scour,historical,71,0
Satsunai,left,13.2,fluvial_scour,historical,71.2,0
Satsunai,left,13.2,fluvial_scour,historical,71.4,0
Satsunai,left,13.2,fluvial_scour,historical,71.6,0.0009
Satsunai,left,13.2,fluvial_scour,historical,71.8,0.0035
Satsunai,left,13.2,fluvial_scour,historical,72,0.0087
Satsunai,left,13.2,fluvial_scour,historical,72.2,0.0162
Satsunai,left,13.2,fluvial_scour,historical,72.4,0.0289
Satsunai,left,13.2,fluvial_scour,historical,72.6,0.0483
Satsunai,left,13.2,fluvial_scour,historical,72.8,0.0725
Satsunai,left,13.2,fluvial_scour,historical,73,0.1034
Satsunai,left,13.2,fluvial_scour,historical,73.2,0.1298
Satsunai,left,13.2,fluvial_scour,historical,73.4,0.1507
Satsunai,left,13.2,fluvial_scour,historical,73.6,0.1693
Satsunai,left,13.2,fluvial_scour,historical,73.8,0.1815
Satsunai,left,13.2,fluvial_scour,historical,74,0.1926
Satsunai,left,13.2,fluvial_scour,historical,74.2,0.2066
Satsunai,left,13.2,fluvial_scour,historical,74.4,0.212
Satsunai,left,13.2,fluvial_scour,historical,74.6,0.2254
Satsunai,left,13.2,fluvial_scour,historical,74.8,0.2315
Satsunai,left,13.2,fluvial_scour,historical,75,0.2464
Satsunai,left,13.2,fluvial_scour,historical,75.2,0.2558
Satsunai,left,13.2,fluvial_scour,historical,75.4,0.2704
Satsunai,left,13.2,fluvial_scour,historical,75.6,0.2865
Satsunai,left,13.2,fluvial_scour,historical,75.8,0.3034
Satsunai,left,13.2,fluvial_scour,historical,76,0.3198
Satsunai,left,13.2,fluvial_scour,historical,76.2,0.327
Satsunai,left,13.2,fluvial_scour,historical,76.4,0.3349
Satsunai,left,13.2,fluvial_scour,historical,76.6,0.3438
Satsunai,left,13.2,fluvial_scour,plus4K,70,0
Satsunai,left,13.2,fluvial_scour,plus4K,70.2,0
Satsunai,left,13.2,fluvial_scour,plus4K,70.4,0
Satsunai,left,13.2,fluvial_scour,plus4K,70.6,0
Satsunai,left,13.2,fluvial_scour,plus4K,70.8,0
Satsunai,left,13.2,fluvial_scour,plus4K,71,0
Satsunai,left,13.2,fluvial_scour,plus4K,71.2,0
Satsunai,left,13.2,fluvial_scour,plus4K,71.4,0
Satsunai,left,13.2,fluvial_scour,plus4K,71.6,0.0009
Satsunai,left,13.2,fluvial_scour,plus4K,71.8,0.0035
Satsunai,left,13.2,fluvial_scour,plus4K,72,0.0087
Satsunai,left,13.2,fluvial_scour,plus4K,72.2,0.0162
Satsunai,left,13.2,fluvial_scour,plus4K,72.4,0.0289
Satsunai,left,13.2,fluvial_scour,plus4K,72.6,0.0483
Satsunai,left,13.2,fluvial_scour,plus4K,72.8,0.0725
Satsunai,left,13.2,fluvial_scour,plus4K,73,0.1034
Satsunai,left,13.2,fluvial_scour,plus4K,73.2,0.1298
Satsunai,left,13.2,fluvial_scour,plus4K,73.4,0.1507
Satsunai,left,13.2,fluvial_scour,plus4K,73.6,0.1693
Satsunai,left,13.2,fluvial_scour,plus4K,73.8,0.1815
Satsunai,left,13.2,fluvial_scour,plus4K,74,0.1926
Satsunai,left,13.2,fluvial_scour,plus4K,74.2,0.2066
Satsunai,left,13.2,fluvial_scour,plus4K,74.4,0.212
Satsunai,left,13.2,fluvial_scour,plus4K,74.6,0.2254
Satsunai,left,13.2,fluvial_scour,plus4K,74.8,0.2315
Satsunai,left,13.2,fluvial_scour,plus4K,75,0.2464
Satsunai,left,13.2,fluvial_scour,plus4K,75.2,0.2558
Satsunai,left,13.2,fluvial_scour,plus4K,75.4,0.2704
Satsunai,left,13.2,fluvial_scour,plus4K,75.6,0.2865
Satsunai,left,13.2,fluvial_scour,plus4K,75.8,0.3034
Satsunai,left,13.2,fluvial_scour,plus4K,76,0.3198
Satsunai,left,13.2,fluvial_scour,plus4K,76.2,0.327
Satsunai,left,13.2,fluvial_scour,plus4K,76.4,0.3349
Satsunai,left,13.2,fluvial_scour,plus4K,76.6,0.3438
Satsunai,left,13.4,fluvial_scour,historical,71,0
Satsunai,left,13.4,fluvial_scour,historical,71.2,0
Satsunai,left,13.4,fluvial_scour,historical,71.4,0
Satsunai,left,13.4,fluvial_scour,historical,71.6,0
Satsunai,left,13.4,fluvial_scour,historical,71.8,0
Satsunai,left,13.4,fluvial_scour,historical,72,0
Satsunai,left,13.4,fluvial_scour,historical,72.2,0
Satsunai,left,13.4,fluvial_scour,historical,72.4,0.0002
Satsunai,left,13.4,fluvial_scour,historical,72.6,0.0013
Satsunai,left,13.4,fluvial_scour,historical,72.8,0.0043
Satsunai,left,13.4,fluvial_scour,historical,73,0.0099
Satsunai,left,13.4,fluvial_scour,historical,73.2,0.0187
Satsunai,left,13.4,fluvial_scour,historical,73.4,0.0326
Satsunai,left,13.4,fluvial_scour,historical,73.6,0.0491
Satsunai,left,13.4,fluvial_scour,historical,73.8,0.076
Satsunai,left,13.4,fluvial_scour,historical,74,0.1057
Satsunai,left,13.4,fluvial_scour,historical,74.2,0.1285
Satsunai,left,13.4,fluvial_scour,historical,74.4,0.1458
Satsunai,left,13.4,fluvial_scour,historical,74.6,0.1649
Satsunai,left,13.4,fluvial_scour,historical,74.8,0.1778
Satsunai,left,13.4,fluvial_scour,historical,75,0.1892
Satsunai,left,13.4,fluvial_scour,historical,75.2,0.2041
Satsunai,left,13.4,fluvial_scour,historical,75.4,0.2096
Satsunai,left,13.4,fluvial_scour,historical,75.6,0.2233
Satsunai,left,13.4,fluvial_scour,historical,75.8,0.2284
Satsunai,left,13.4,fluvial_scour,historical,76,0.2407
Satsunai,left,13.4,fluvial_scour,historical,76.2,0.2491
Satsunai,left,13.4,fluvial_scour,historical,76.4,0.2619
Satsunai,left,13.4,fluvial_scour,historical,76.6,0.2794
Satsunai,left,13.4,fluvial_scour,historical,76.8,0.2955
Satsunai,left,13.4,fluvial_scour,historical,77,0.3098
Satsunai,left,13.4,fluvial_scour,historical,77.2,0.3188
Satsunai,left,13.4,fluvial_scour,historical,77.4,0.3309
Satsunai,left,13.4,fluvial_scour,plus4K,71,0
Satsunai,left,13.4,fluvial_scour,plus4K,71.2,0
Satsunai,left,13.4,fluvial_scour,plus4K,71.4,0
Satsunai,left,13.4,fluvial_scour,plus4K,71.6,0
Satsunai,left,13.4,fluvial_scour,plus4K,71.8,0
Satsunai,left,13.4,fluvial_scour,plus4K,72,0
Satsunai,left,13.4,fluvial_scour,plus4K,72.2,0
Satsunai,left,13.4,fluvial_scour,plus4K,72.4,0.0002
Satsunai,left,13.4,fluvial_scour,plus4K,72.6,0.0013
Satsunai,left,13.4,fluvial_scour,plus4K,72.8,0.0043
Satsunai,left,13.4,fluvial_scour,plus4K,73,0.0099
Satsunai,left,13.4,fluvial_scour,plus4K,73.2,0.0187
Satsunai,left,13.4,fluvial_scour,plus4K,73.4,0.0326
Satsunai,left,13.4,fluvial_scour,plus4K,73.6,0.0491
Satsunai,left,13.4,fluvial_scour,plus4K,73.8,0.076
Satsunai,left,13.4,fluvial_scour,plus4K,74,0.1057
Satsunai,left,13.4,fluvial_scour,plus4K,74.2,0.1285
Satsunai,left,13.4,fluvial_scour,plus4K,74.4,0.1458
Satsunai,left,13.4,fluvial_scour,plus4K,74.6,0.1649
Satsunai,left,13.4,fluvial_scour,plus4K,74.8,0.1778
Satsunai,left,13.4,fluvial_scour,plus4K,75,0.1892
Satsunai,left,13.4,fluvial_scour,plus4K,75.2,0.2041
Satsunai,left,13.4,fluvial_scour,plus4K,75.4,0.2096
Satsunai,left,13.4,fluvial_scour,plus4K,75.6,0.2233
Satsunai,left,13.4,fluvial_scour,plus4K,75.8,0.2284
Satsunai,left,13.4,fluvial_scour,plus4K,76,0.2407
Satsunai,left,13.4,fluvial_scour,plus4K,76.2,0.2491
Satsunai,left,13.4,fluvial_scour,plus4K,76.4,0.2619
Satsunai,left,13.4,fluvial_scour,plus4K,76.6,0.2794
Satsunai,left,13.4,fluvial_scour,plus4K,76.8,0.2955
Satsunai,left,13.4,fluvial_scour,plus4K,77,0.3098
Satsunai,left,13.4,fluvial_scour,plus4K,77.2,0.3188
Satsunai,left,13.4,fluvial_scour,plus4K,77.4,0.3309
Satsunai,left,13.6,fluvial_scour,historical,71,0
Satsunai,left,13.6,fluvial_scour,historical,71.2,0
Satsunai,left,13.6,fluvial_scour,historical,71.4,0
Satsunai,left,13.6,fluvial_scour,historical,71.6,0
Satsunai,left,13.6,fluvial_scour,historical,71.8,0
Satsunai,left,13.6,fluvial_scour,historical,72,0
Satsunai,left,13.6,fluvial_scour,historical,72.2,0
Satsunai,left,13.6,fluvial_scour,historical,72.4,0.0003
Satsunai,left,13.6,fluvial_scour,historical,72.6,0.0017
Satsunai,left,13.6,fluvial_scour,historical,72.8,0.0042
Satsunai,left,13.6,fluvial_scour,historical,73,0.0105
Satsunai,left,13.6,fluvial_scour,historical,73.2,0.0207
Satsunai,left,13.6,fluvial_scour,historical,73.4,0.031
Satsunai,left,13.6,fluvial_scour,historical,73.6,0.0471
Satsunai,left,13.6,fluvial_scour,historical,73.8,0.0714
Satsunai,left,13.6,fluvial_scour,historical,74,0.0971
Satsunai,left,13.6,fluvial_scour,historical,74.2,0.1319
Satsunai,left,13.6,fluvial_scour,historical,74.4,0.1734
Satsunai,left,13.6,fluvial_scour,historical,74.6,0.2097
Satsunai,left,13.6,fluvial_scour,historical,74.8,0.2412
Satsunai,left,13.6,fluvial_scour,historical,75,0.272
Satsunai,left,13.6,fluvial_scour,historical,75.2,0.2885
Satsunai,left,13.6,fluvial_scour,historical,75.4,0.3061
Satsunai,left,13.6,fluvial_scour,historical,75.6,0.3212
Satsunai,left,13.6,fluvial_scour,historical,75.8,0.3301
Satsunai,left,13.6,fluvial_scour,historical,76,0.3456
Satsunai,left,13.6,fluvial_scour,historical,76.2,0.355
Satsunai,left,13.6,fluvial_scour,historical,76.4,0.3686
Satsunai,left,13.6,fluvial_scour,historical,76.6,0.3806
Satsunai,left,13.6,fluvial_scour,historical,76.8,0.4003
Satsunai,left,13.6,fluvial_scour,historical,77,0.4187
Satsunai,left,13.6,fluvial_scour,historical,77.2,0.4377
Satsunai,left,13.6,fluvial_scour,historical,77.4,0.4562
Satsunai,left,13.6,fluvial_scour,historical,77.6,0.4649
Satsunai,left,13.6,fluvial_scour,historical,77.8,0.477
Satsunai,left,13.6,fluvial_scour,plus4K,71,0
Satsunai,left,13.6,fluvial_scour,plus4K,71.2,0
Satsunai,left,13.6,fluvial_scour,plus4K,71.4,0
Satsunai,left,13.6,fluvial_scour,plus4K,71.6,0
Satsunai,left,13.6,fluvial_scour,plus4K,71.8,0
Satsunai,left,13.6,fluvial_scour,plus4K,72,0
Satsunai,left,13.6,fluvial_scour,plus4K,72.2,0
Satsunai,left,13.6,fluvial_scour,plus4K,72.4,0.0003
Satsunai,left,13.6,fluvial_scour,plus4K,72.6,0.0017
Satsunai,left,13.6,fluvial_scour,plus4K,72.8,0.0042
Satsunai,left,13.6,fluvial_scour,plus4K,73,0.0105
Satsunai,left,13.6,fluvial_scour,plus4K,73.2,0.0207
Satsunai,left,13.6,fluvial_scour,plus4K,73.4,0.031
Satsunai,left,13.6,fluvial_scour,plus4K,73.6,0.0471
Satsunai,left,13.6,fluvial_scour,plus4K,73.8,0.0714
Satsunai,left,13.6,fluvial_scour,plus4K,74,0.0971
Satsunai,left,13.6,fluvial_scour,plus4K,74.2,0.1319
Satsunai,left,13.6,fluvial_scour,plus4K,74.4,0.1734
Satsunai,left,13.6,fluvial_scour,plus4K,74.6,0.2097
Satsunai,left,13.6,fluvial_scour,plus4K,74.8,0.2412
Satsunai,left,13.6,fluvial_scour,plus4K,75,0.272
Satsunai,left,13.6,fluvial_scour,plus4K,75.2,0.2885
Satsunai,left,13.6,fluvial_scour,plus4K,75.4,0.3061
Satsunai,left,13.6,fluvial_scour,plus4K,75.6,0.3212
Satsunai,left,13.6,fluvial_scour,plus4K,75.8,0.3301
Satsunai,left,13.6,fluvial_scour,plus4K,76,0.3456
Satsunai,left,13.6,fluvial_scour,plus4K,76.2,0.355
Satsunai,left,13.6,fluvial_scour,plus4K,76.4,0.3686
Satsunai,left,13.6,fluvial_scour,plus4K,76.6,0.3806
Satsunai,left,13.6,fluvial_scour,plus4K,76.8,0.4003
Satsunai,left,13.6,fluvial_scour,plus4K,77,0.4187
Satsunai,left,13.6,fluvial_scour,plus4K,77.2,0.4377
Satsunai,left,13.6,fluvial_scour,plus4K,77.4,0.4562
Satsunai,left,13.6,fluvial_scour,plus4K,77.6,0.4649
Satsunai,left,13.6,fluvial_scour,plus4K,77.8,0.477
Satsunai,left,13.8,fluvial_scour,historical,71.6,0
Satsunai,left,13.8,fluvial_scour,historical,71.8,0
Satsunai,left,13.8,fluvial_scour,historical,72,0
Satsunai,left,13.8,fluvial_scour,historical,72.2,0
Satsunai,left,13.8,fluvial_scour,historical,72.4,0
Satsunai,left,13.8,fluvial_scour,historical,72.6,0
Satsunai,left,13.8,fluvial_scour,historical,72.8,0
Satsunai,left,13.8,fluvial_scour,historical,73,0.0005
Satsunai,left,13.8,fluvial_scour,historical,73.2,0.0017
Satsunai,left,13.8,fluvial_scour,historical,73.4,0.005
Satsunai,left,13.8,fluvial_scour,historical,73.6,0.01
Satsunai,left,13.8,fluvial_scour,historical,73.8,0.0166
Satsunai,left,13.8,fluvial_scour,historical,74,0.0307
Satsunai,left,13.8,fluvial_scour,historical,74.2,0.05
Satsunai,left,13.8,fluvial_scour,historical,74.4,0.0736
Satsunai,left,13.8,fluvial_scour,historical,74.6,0.1035
Satsunai,left,13.8,fluvial_scour,historical,74.8,0.1408
Satsunai,left,13.8,fluvial_scour,historical,75,0.1873
Satsunai,left,13.8,fluvial_scour,historical,75.2,0.2278
Satsunai,left,13.8,fluvial_scour,historical,75.4,0.2632
Satsunai,left,13.8,fluvial_scour,historical,75.6,0.2912
Satsunai,left,13.8,fluvial_scour,historical,75.8,0.307
Satsunai,left,13.8,fluvial_scour,historical,76,0.3275
Satsunai,left,13.8,fluvial_scour,historical,76.2,0.341
Satsunai,left,13.8,fluvial_scour,historical,76.4,0.3558
Satsunai,left,13.8,fluvial_scour,historical,76.6,0.3678
Satsunai,left,13.8,fluvial_scour,historical,76.8,0.3795
Satsunai,left,13.8,fluvial_scour,historical,77,0.3902
Satsunai,left,13.8,fluvial_scour,historical,77.2,0.4039
Satsunai,left,13.8,fluvial_scour,historical,77.4,0.4218
Satsunai,left,13.8,fluvial_scour,historical,77.6,0.4427
Satsunai,left,13.8,fluvial_scour,historical,77.8,0.4624
Satsunai,left,13.8,fluvial_scour,historical,78,0.4799
Satsunai,left,13.8,fluvial_scour,historical,78.2,0.4918
Satsunai,left,13.8,fluvial_scour,historical,78.4,0.5041
Satsunai,left,13.8,fluvial_scour,historical,78.6,0.5093
Satsunai,left,13.8,fluvial_scour,plus4K,71.6,0
Satsunai,left,13.8,fluvial_scour,plus4K,71.8,0
Satsunai,left,13.8,fluvial_scour,plus4K,72,0
Satsunai,left,13.8,fluvial_scour,plus4K,72.2,0
Satsunai,left,13.8,fluvial_scour,plus4K,72.4,0
Satsunai,left,13.8,fluvial_scour,plus4K,72.6,0
Satsunai,left,13.8,fluvial_scour,plus4K,72.8,0
Satsunai,left,13.8,fluvial_scour,plus4K,73,0.0005
Satsunai,left,13.8,fluvial_scour,plus4K,73.2,0.0017
Satsunai,left,13.8,fluvial_scour,plus4K,73.4,0.005
Satsunai,left,13.8,fluvial_scour,plus4K,73.6,0.01
Satsunai,left,13.8,fluvial_scour,plus4K,73.8,0.0166
Satsunai,left,13.8,fluvial_scour,plus4K,74,0.0307
Satsunai,left,13.8,fluvial_scour,plus4K,74.2,0.05
Satsunai,left,13.8,fluvial_scour,plus4K,74.4,0.0736
Satsunai,left,13.8,fluvial_scour,plus4K,74.6,0.1035
Satsunai,left,13.8,fluvial_scour,plus4K,74.8,0.1408
Satsunai,left,13.8,fluvial_scour,plus4K,75,0.1873
Satsunai,left,13.8,fluvial_scour,plus4K,75.2,0.2278
Satsunai,left,13.8,fluvial_scour,plus4K,75.4,0.2632
Satsunai,left,13.8,fluvial_scour,plus4K,75.6,0.2912
Satsunai,left,13.8,fluvial_scour,plus4K,75.8,0.307
Satsunai,left,13.8,fluvial_scour,plus4K,76,0.3275
Satsunai,left,13.8,fluvial_scour,plus4K,76.2,0.341
Satsunai,left,13.8,fluvial_scour,plus4K,76.4,0.3558
Satsunai,left,13.8,fluvial_scour,plus4K,76.6,0.3678
Satsunai,left,13.8,fluvial_scour,plus4K,76.8,0.3795
Satsunai,left,13.8,fluvial_scour,plus4K,77,0.3902
Satsunai,left,13.8,fluvial_scour,plus4K,77.2,0.4039
Satsunai,left,13.8,fluvial_scour,plus4K,77.4,0.4218
Satsunai,left,13.8,fluvial_scour,plus4K,77.6,0.4427
Satsunai,left,13.8,fluvial_scour,plus4K,77.8,0.4624
Satsunai,left,13.8,fluvial_scour,plus4K,78,0.4799
Satsunai,left,13.8,fluvial_scour,plus4K,78.2,0.4918
Satsunai,left,13.8,fluvial_scour,plus4K,78.4,0.5041
Satsunai,left,13.8,fluvial_scour,plus4K,78.6,0.5093
Satsunai,left,14,fluvial_scour,historical,72.2,0
Satsunai,left,14,fluvial_scour,historical,72.4,0
Satsunai,left,14,fluvial_scour,historical,72.6,0
Satsunai,left,14,fluvial_scour,historical,72.8,0
Satsunai,left,14,fluvial_scour,historical,73,0
Satsunai,left,14,fluvial_scour,historical,73.2,0
Satsunai,left,14,fluvial_scour,historical,73.4,0
Satsunai,left,14,fluvial_scour,historical,73.6,0.0002
Satsunai,left,14,fluvial_scour,historical,73.8,0.0005
Satsunai,left,14,fluvial_scour,historical,74,0.0025
Satsunai,left,14,fluvial_scour,historical,74.2,0.0054
Satsunai,left,14,fluvial_scour,historical,74.4,0.0106
Satsunai,left,14,fluvial_scour,historical,74.6,0.0222
Satsunai,left,14,fluvial_scour,historical,74.8,0.0394
Satsunai,left,14,fluvial_scour,historical,75,0.0609
Satsunai,left,14,fluvial_scour,historical,75.2,0.0855
Satsunai,left,14,fluvial_scour,historical,75.4,0.1179
Satsunai,left,14,fluvial_scour,historical,75.6,0.1603
Satsunai,left,14,fluvial_scour,historical,75.8,0.2043
Satsunai,left,14,fluvial_scour,historical,76,0.2476
Satsunai,left,14,fluvial_scour,historical,76.2,0.2784
Satsunai,left,14,fluvial_scour,historical,76.4,0.3031
Satsunai,left,14,fluvial_scour,historical,76.6,0.3195
Satsunai,left,14,fluvial_scour,historical,76.8,0.3425
Satsunai,left,14,fluvial_scour,historical,77,0.3541
Satsunai,left,14,fluvial_scour,historical,77.2,0.3709
Satsunai,left,14,fluvial_scour,historical,77.4,0.383
Satsunai,left,14,fluvial_scour,historical,77.6,0.3989
Satsunai,left,14,fluvial_scour,historical,77.8,0.4098
Satsunai,left,14,fluvial_scour,historical,78,0.4242
Satsunai,left,14,fluvial_scour,historical,78.2,0.4366
Satsunai,left,14,fluvial_scour,historical,78.4,0.4546
Satsunai,left,14,fluvial_scour,historical,78.6,0.474
Satsunai,left,14,fluvial_scour,historical,78.8,0.4928
Satsunai,left,14,fluvial_scour,historical,79,0.5075
Satsunai,left,14,fluvial_scour,historical,79.2,0.5182
Satsunai,left,14,fluvial_scour,plus4K,72.2,0
Satsunai,left,14,fluvial_scour,plus4K,72.4,0
Satsunai,left,14,fluvial_scour,plus4K,72.6,0
Satsunai,left,14,fluvial_scour,plus4K,72.8,0
Satsunai,left,14,fluvial_scour,plus4K,73,0
Satsunai,left,14,fluvial_scour,plus4K,73.2,0
Satsunai,left,14,fluvial_scour,plus4K,73.4,0
Satsunai,left,14,fluvial_scour,plus4K,73.6,0.0002
Satsunai,left,14,fluvial_scour,plus4K,73.8,0.0005
Satsunai,left,14,fluvial_scour,plus4K,74,0.0025
Satsunai,left,14,fluvial_scour,plus4K,74.2,0.0054
Satsunai,left,14,fluvial_scour,plus4K,74.4,0.0106
Satsunai,left,14,fluvial_scour,plus4K,74.6,0.0222
Satsunai,left,14,fluvial_scour,plus4K,74.8,0.0394
Satsunai,left,14,fluvial_scour,plus4K,75,0.0609
Satsunai,left,14,fluvial_scour,plus4K,75.2,0.0855
Satsunai,left,14,fluvial_scour,plus4K,75.4,0.1179
Satsunai,left,14,fluvial_scour,plus4K,75.6,0.1603
Satsunai,left,14,fluvial_scour,plus4K,75.8,0.2043
Satsunai,left,14,fluvial_scour,plus4K,76,0.2476
Satsunai,left,14,fluvial_scour,plus4K,76.2,0.2784
Satsunai,left,14,fluvial_scour,plus4K,76.4,0.3031
Satsunai,left,14,fluvial_scour,plus4K,76.6,0.3195
Satsunai,left,14,fluvial_scour,plus4K,76.8,0.3425
Satsunai,left,14,fluvial_scour,plus4K,77,0.3541
Satsunai,left,14,fluvial_scour,plus4K,77.2,0.3709
Satsunai,left,14,fluvial_scour,plus4K,77.4,0.383
Satsunai,left,14,fluvial_scour,plus4K,77.6,0.3989
Satsunai,left,14,fluvial_scour,plus4K,77.8,0.4098
Satsunai,left,14,fluvial_scour,plus4K,78,0.4242
Satsunai,left,14,fluvial_scour,plus4K,78.2,0.4366
Satsunai,left,14,fluvial_scour,plus4K,78.4,0.4546
Satsunai,left,14,fluvial_scour,plus4K,78.6,0.474
Satsunai,left,14,fluvial_scour,plus4K,78.8,0.4928
Satsunai,left,14,fluvial_scour,plus4K,79,0.5075
Satsunai,left,14,fluvial_scour,plus4K,79.2,0.5182
Satsunai,left,14.2,fluvial_scour,historical,73.4,0
Satsunai,left,14.2,fluvial_scour,historical,73.6,0
Satsunai,left,14.2,fluvial_scour,historical,73.8,0
Satsunai,left,14.2,fluvial_scour,historical,74,0
Satsunai,left,14.2,fluvial_scour,historical,74.2,0
Satsunai,left,14.2,fluvial_scour,historical,74.4,0
Satsunai,left,14.2,fluvial_scour,historical,74.6,0.0002
Satsunai,left,14.2,fluvial_scour,historical,74.8,0.0005
Satsunai,left,14.2,fluvial_scour,historical,75,0.0028
Satsunai,left,14.2,fluvial_scour,historical,75.2,0.0079
Satsunai,left,14.2,fluvial_scour,historical,75.4,0.0149
Satsunai,left,14.2,fluvial_scour,historical,75.6,0.0302
Satsunai,left,14.2,fluvial_scour,historical,75.8,0.0468
Satsunai,left,14.2,fluvial_scour,historical,76,0.0683
Satsunai,left,14.2,fluvial_scour,historical,76.2,0.0929
Satsunai,left,14.2,fluvial_scour,historical,76.4,0.1261
Satsunai,left,14.2,fluvial_scour,historical,76.6,0.169
Satsunai,left,14.2,fluvial_scour,historical,76.8,0.2104
Satsunai,left,14.2,fluvial_scour,historical,77,0.2534
Satsunai,left,14.2,fluvial_scour,historical,77.2,0.287
Satsunai,left,14.2,fluvial_scour,historical,77.4,0.3156
Satsunai,left,14.2,fluvial_scour,historical,77.6,0.3345
Satsunai,left,14.2,fluvial_scour,historical,77.8,0.3483
Satsunai,left,14.2,fluvial_scour,historical,78,0.3697
Satsunai,left,14.2,fluvial_scour,historical,78.2,0.3806
Satsunai,left,14.2,fluvial_scour,historical,78.4,0.3994
Satsunai,left,14.2,fluvial_scour,historical,78.6,0.4119
Satsunai,left,14.2,fluvial_scour,historical,78.8,0.4267
Satsunai,left,14.2,fluvial_scour,historical,79,0.4476
Satsunai,left,14.2,fluvial_scour,historical,79.2,0.47
Satsunai,left,14.2,fluvial_scour,historical,79.4,0.4898
Satsunai,left,14.2,fluvial_scour,historical,79.6,0.5078
Satsunai,left,14.2,fluvial_scour,historical,79.8,0.5198
Satsunai,left,14.2,fluvial_scour,historical,80,0.5277
Satsunai,left,14.2,fluvial_scour,historical,80.2,0.538
Satsunai,left,14.2,fluvial_scour,historical,80.4,0.5419
Satsunai,left,14.2,fluvial_scour,plus4K,73.4,0
Satsunai,left,14.2,fluvial_scour,plus4K,73.6,0
Satsunai,left,14.2,fluvial_scour,plus4K,73.8,0
Satsunai,left,14.2,fluvial_scour,plus4K,74,0
Satsunai,left,14.2,fluvial_scour,plus4K,74.2,0
Satsunai,left,14.2,fluvial_scour,plus4K,74.4,0
Satsunai,left,14.2,fluvial_scour,plus4K,74.6,0.0002
Satsunai,left,14.2,fluvial_scour,plus4K,74.8,0.0005
Satsunai,left,14.2,fluvial_scour,plus4K,75,0.0028
Satsunai,left,14.2,fluvial_scour,plus4K,75.2,0.0079
Satsunai,left,14.2,fluvial_scour,plus4K,75.4,0.0149
Satsunai,left,14.2,fluvial_scour,plus4K,75.6,0.0302
Satsunai,left,14.2,fluvial_scour,plus4K,75.8,0.0468
Satsunai,left,14.2,fluvial_scour,plus4K,76,0.0683
Satsunai,left,14.2,fluvial_scour,plus4K,76.2,0.0929
Satsunai,left,14.2,fluvial_scour,plus4K,76.4,0.1261
Satsunai,left,14.2,fluvial_scour,plus4K,76.6,0.169
Satsunai,left,14.2,fluvial_scour,plus4K,76.8,0.2104
Satsunai,left,14.2,fluvial_scour,plus4K,77,0.2534
Satsunai,left,14.2,fluvial_scour,plus4K,77.2,0.287
Satsunai,left,14.2,fluvial_scour,plus4K,77.4,0.3156
Satsunai,left,14.2,fluvial_scour,plus4K,77.6,0.3345
Satsunai,left,14.2,fluvial_scour,plus4K,77.8,0.3483
Satsunai,left,14.2,fluvial_scour,plus4K,78,0.3697
Satsunai,left,14.2,fluvial_scour,plus4K,78.2,0.3806
Satsunai,left,14.2,fluvial_scour,plus4K,78.4,0.3994
Satsunai,left,14.2,fluvial_scour,plus4K,78.6,0.4119
Satsunai,left,14.2,fluvial_scour,plus4K,78.8,0.4267
Satsunai,left,14.2,fluvial_scour,plus4K,79,0.4476
Satsunai,left,14.2,fluvial_scour,plus4K,79.2,0.47
Satsunai,left,14.2,fluvial_scour,plus4K,79.4,0.4898
Satsunai,left,14.2,fluvial_scour,plus4K,79.6,0.5078
Satsunai,left,14.2,fluvial_scour,plus4K,79.8,0.5198
Satsunai,left,14.2,fluvial_scour,plus4K,80,0.5277
Satsunai,left,14.2,fluvial_scour,plus4K,80.2,0.538
Satsunai,left,14.2,fluvial_scour,plus4K,80.4,0.5419
Satsunai,left,14.4,fluvial_scour,historical,74.6,0
Satsunai,left,14.4,fluvial_scour,historical,74.8,0
Satsunai,left,14.4,fluvial_scour,historical,75,0
Satsunai,left,14.4,fluvial_scour,historical,75.2,0
Satsunai,left,14.4,fluvial_scour,historical,75.4,0
Satsunai,left,14.4,fluvial_scour,historical,75.6,0
Satsunai,left,14.4,fluvial_scour,historical,75.8,0
Satsunai,left,14.4,fluvial_scour,historical,76,0.0001
Satsunai,left,14.4,fluvial_scour,historical,76.2,0.0019
Satsunai,left,14.4,fluvial_scour,historical,76.4,0.0048
Satsunai,left,14.4,fluvial_scour,historical,76.6,0.0113
Satsunai,left,14.4,fluvial_scour,historical,76.8,0.0215
Satsunai,left,14.4,fluvial_scour,historical,77,0.0365
Satsunai,left,14.4,fluvial_scour,historical,77.2,0.0549
Satsunai,left,14.4,fluvial_scour,historical,77.4,0.0788
Satsunai,left,14.4,fluvial_scour,historical,77.6,0.112
Satsunai,left,14.4,fluvial_scour,historical,77.8,0.1497
Satsunai,left,14.4,fluvial_scour,historical,78,0.1875
Satsunai,left,14.4,fluvial_scour,historical,78.2,0.221
Satsunai,left,14.4,fluvial_scour,historical,78.4,0.2451
Satsunai,left,14.4,fluvial_scour,historical,78.6,0.2599
Satsunai,left,14.4,fluvial_scour,historical,78.8,0.2782
Satsunai,left,14.4,fluvial_scour,historical,79,0.2963
Satsunai,left,14.4,fluvial_scour,historical,79.2,0.3057
Satsunai,left,14.4,fluvial_scour,historical,79.4,0.3253
Satsunai,left,14.4,fluvial_scour,historical,79.6,0.3342
Satsunai,left,14.4,fluvial_scour,historical,79.8,0.3493
Satsunai,left,14.4,fluvial_scour,historical,80,0.3619
Satsunai,left,14.4,fluvial_scour,historical,80.2,0.3824
Satsunai,left,14.4,fluvial_scour,historical,80.4,0.4035
Satsunai,left,14.4,fluvial_scour,historical,80.6,0.4239
Satsunai,left,14.4,fluvial_scour,historical,80.8,0.4363
Satsunai,left,14.4,fluvial_scour,historical,81,0.4484
Satsunai,left,14.4,fluvial_scour,historical,81.2,0.455
Satsunai,left,14.4,fluvial_scour,historical,81.4,0.465
Satsunai,left,14.4,fluvial_scour,plus4K,74.6,0
Satsunai,left,14.4,fluvial_scour,plus4K,74.8,0
Satsunai,left,14.4,fluvial_scour,plus4K,75,0
Satsunai,left,14.4,fluvial_scour,plus4K,75.2,0
Satsunai,left,14.4,fluvial_scour,plus4K,75.4,0
Satsunai,left,14.4,fluvial_scour,plus4K,75.6,0
Satsunai,left,14.4,fluvial_scour,plus4K,75.8,0
Satsunai,left,14.4,fluvial_scour,plus4K,76,0.0001
Satsunai,left,14.4,fluvial_scour,plus4K,76.2,0.0019
Satsunai,left,14.4,fluvial_scour,plus4K,76.4,0.0048
Satsunai,left,14.4,fluvial_scour,plus4K,76.6,0.0113
Satsunai,left,14.4,fluvial_scour,plus4K,76.8,0.0215
Satsunai,left,14.4,fluvial_scour,plus4K,77,0.0365
Satsunai,left,14.4,fluvial_scour,plus4K,77.2,0.0549
Satsunai,left,14.4,fluvial_scour,plus4K,77.4,0.0788
Satsunai,left,14.4,fluvial_scour,plus4K,77.6,0.112
Satsunai,left,14.4,fluvial_scour,plus4K,77.8,0.1497
Satsunai,left,14.4,fluvial_scour,plus4K,78,0.1875
Satsunai,left,14.4,fluvial_scour,plus4K,78.2,0.221
Satsunai,left,14.4,fluvial_scour,plus4K,78.4,0.2451
Satsunai,left,14.4,fluvial_scour,plus4K,78.6,0.2599
Satsunai,left,14.4,fluvial_scour,plus4K,78.8,0.2782
Satsunai,left,14.4,fluvial_scour,plus4K,79,0.2963
Satsunai,left,14.4,fluvial_scour,plus4K,79.2,0.3057
Satsunai,left,14.4,fluvial_scour,plus4K,79.4,0.3253
Satsunai,left,14.4,fluvial_scour,plus4K,79.6,0.3342
Satsunai,left,14.4,fluvial_scour,plus4K,79.8,0.3493
Satsunai,left,14.4,fluvial_scour,plus4K,80,0.3619
Satsunai,left,14.4,fluvial_scour,plus4K,80.2,0.3824
Satsunai,left,14.4,fluvial_scour,plus4K,80.4,0.4035
Satsunai,left,14.4,fluvial_scour,plus4K,80.6,0.4239
Satsunai,left,14.4,fluvial_scour,plus4K,80.8,0.4363
Satsunai,left,14.4,fluvial_scour,plus4K,81,0.4484
Satsunai,left,14.4,fluvial_scour,plus4K,81.2,0.455
Satsunai,left,14.4,fluvial_scour,plus4K,81.4,0.465
Satsunai,left,14.6,fluvial_scour,historical,75.4,0
Satsunai,left,14.6,fluvial_scour,historical,75.6,0
Satsunai,left,14.6,fluvial_scour,historical,75.8,0
Satsunai,left,14.6,fluvial_scour,historical,76,0
Satsunai,left,14.6,fluvial_scour,historical,76.2,0
Satsunai,left,14.6,fluvial_scour,historical,76.4,0
Satsunai,left,14.6,fluvial_scour,historical,76.6,0
Satsunai,left,14.6,fluvial_scour,historical,76.8,0.0001
Satsunai,left,14.6,fluvial_scour,historical,77,0.0008
Satsunai,left,14.6,fluvial_scour,historical,77.2,0.0035
Satsunai,left,14.6,fluvial_scour,historical,77.4,0.0084
Satsunai,left,14.6,fluvial_scour,historical,77.6,0.0165
Satsunai,left,14.6,fluvial_scour,historical,77.8,0.026
Satsunai,left,14.6,fluvial_scour,historical,78,0.0436
Satsunai,left,14.6,fluvial_scour,historical,78.2,0.0684
Satsunai,left,14.6,fluvial_scour,historical,78.4,0.1013
Satsunai,left,14.6,fluvial_scour,historical,78.6,0.1355
Satsunai,left,14.6,fluvial_scour,historical,78.8,0.1746
Satsunai,left,14.6,fluvial_scour,historical,79,0.2092
Satsunai,left,14.6,fluvial_scour,historical,79.2,0.2363
Satsunai,left,14.6,fluvial_scour,historical,79.4,0.2601
Satsunai,left,14.6,fluvial_scour,historical,79.6,0.2777
Satsunai,left,14.6,fluvial_scour,historical,79.8,0.2892
Satsunai,left,14.6,fluvial_scour,historical,80,0.3071
Satsunai,left,14.6,fluvial_scour,historical,80.2,0.3159
Satsunai,left,14.6,fluvial_scour,historical,80.4,0.3342
Satsunai,left,14.6,fluvial_scour,historical,80.6,0.3416
Satsunai,left,14.6,fluvial_scour,historical,80.8,0.356
Satsunai,left,14.6,fluvial_scour,historical,81,0.3672
Satsunai,left,14.6,fluvial_scour,historical,81.2,0.3866
Satsunai,left,14.6,fluvial_scour,historical,81.4,0.407
Satsunai,left,14.6,fluvial_scour,historical,81.6,0.4284
Satsunai,left,14.6,fluvial_scour,historical,81.8,0.4433
Satsunai,left,14.6,fluvial_scour,historical,82,0.4554
Satsunai,left,14.6,fluvial_scour,historical,82.2,0.464
Satsunai,left,14.6,fluvial_scour,historical,82.4,0.473
Satsunai,left,14.6,fluvial_scour,plus4K,75.4,0
Satsunai,left,14.6,fluvial_scour,plus4K,75.6,0
Satsunai,left,14.6,fluvial_scour,plus4K,75.8,0
Satsunai,left,14.6,fluvial_scour,plus4K,76,0
Satsunai,left,14.6,fluvial_scour,plus4K,76.2,0
Satsunai,left,14.6,fluvial_scour,plus4K,76.4,0
Satsunai,left,14.6,fluvial_scour,plus4K,76.6,0
Satsunai,left,14.6,fluvial_scour,plus4K,76.8,0.0001
Satsunai,left,14.6,fluvial_scour,plus4K,77,0.0008
Satsunai,left,14.6,fluvial_scour,plus4K,77.2,0.0035
Satsunai,left,14.6,fluvial_scour,plus4K,77.4,0.0084
Satsunai,left,14.6,fluvial_scour,plus4K,77.6,0.0165
Satsunai,left,14.6,fluvial_scour,plus4K,77.8,0.026
Satsunai,left,14.6,fluvial_scour,plus4K,78,0.0436
Satsunai,left,14.6,fluvial_scour,plus4K,78.2,0.0684
Satsunai,left,14.6,fluvial_scour,plus4K,78.4,0.1013
Satsunai,left,14.6,fluvial_scour,plus4K,78.6,0.1355
Satsunai,left,14.6,fluvial_scour,plus4K,78.8,0.1746
Satsunai,left,14.6,fluvial_scour,plus4K,79,0.2092
Satsunai,left,14.6,fluvial_scour,plus4K,79.2,0.2363
Satsunai,left,14.6,fluvial_scour,plus4K,79.4,0.2601
Satsunai,left,14.6,fluvial_scour,plus4K,79.6,0.2777
Satsunai,left,14.6,fluvial_scour,plus4K,79.8,0.2892
Satsunai,left,14.6,fluvial_scour,plus4K,80,0.3071
Satsunai,left,14.6,fluvial_scour,plus4K,80.2,0.3159
Satsunai,left,14.6,fluvial_scour,plus4K,80.4,0.3342
Satsunai,left,14.6,fluvial_scour,plus4K,80.6,0.3416
Satsunai,left,14.6,fluvial_scour,plus4K,80.8,0.356
Satsunai,left,14.6,fluvial_scour,plus4K,81,0.3672
Satsunai,left,14.6,fluvial_scour,plus4K,81.2,0.3866
Satsunai,left,14.6,fluvial_scour,plus4K,81.4,0.407
Satsunai,left,14.6,fluvial_scour,plus4K,81.6,0.4284
Satsunai,left,14.6,fluvial_scour,plus4K,81.8,0.4433
Satsunai,left,14.6,fluvial_scour,plus4K,82,0.4554
Satsunai,left,14.6,fluvial_scour,plus4K,82.2,0.464
Satsunai,left,14.6,fluvial_scour,plus4K,82.4,0.473
Satsunai,left,14.8,fluvial_scour,historical,76.4,0
Satsunai,left,14.8,fluvial_scour,historical,76.6,0
Satsunai,left,14.8,fluvial_scour,historical,76.8,0
Satsunai,left,14.8,fluvial_scour,historical,77,0
Satsunai,left,14.8,fluvial_scour,historical,77.2,0
Satsunai,left,14.8,fluvial_scour,historical,77.4,0
Satsunai,left,14.8,fluvial_scour,historical,77.6,0
Satsunai,left,14.8,fluvial_scour,historical,77.8,0
Satsunai,left,14.8,fluvial_scour,historical,78,0.0002
Satsunai,left,14.8,fluvial_scour,historical,78.2,0.0012
Satsunai,left,14.8,fluvial_scour,historical,78.4,0.005
Satsunai,left,14.8,fluvial_scour,historical,78.6,0.0111
Satsunai,left,14.8,fluvial_scour,historical,78.8,0.02
Satsunai,left,14.8,fluvial_scour,historical,79,0.0366
Satsunai,left,14.8,fluvial_scour,historical,79.2,0.0553
Satsunai,left,14.8,fluvial_scour,historical,79.4,0.0827
Satsunai,left,14.8,fluvial_scour,historical,79.6,0.1186
Satsunai,left,14.8,fluvial_scour,historical,79.8,0.1575
Satsunai,left,14.8,fluvial_scour,historical,80,0.1919
Satsunai,left,14.8,fluvial_scour,historical,80.2,0.2184
Satsunai,left,14.8,fluvial_scour,historical,80.4,0.2385
Satsunai,left,14.8,fluvial_scour,historical,80.6,0.2513
Satsunai,left,14.8,fluvial_scour,historical,80.8,0.2718
Satsunai,left,14.8,fluvial_scour,historical,81,0.2776
Satsunai,left,14.8,fluvial_scour,historical,81.2,0.2924
Satsunai,left,14.8,fluvial_scour,historical,81.4,0.2975
Satsunai,left,14.8,fluvial_scour,historical,81.6,0.3091
Satsunai,left,14.8,fluvial_scour,historical,81.8,0.3182
Satsunai,left,14.8,fluvial_scour,historical,82,0.3241
Satsunai,left,14.8,fluvial_scour,historical,82.2,0.3374
Satsunai,left,14.8,fluvial_scour,historical,82.4,0.3452
Satsunai,left,14.8,fluvial_scour,historical,82.6,0.361
Satsunai,left,14.8,fluvial_scour,historical,82.8,0.3762
Satsunai,left,14.8,fluvial_scour,historical,83,0.3971
Satsunai,left,14.8,fluvial_scour,historical,83.2,0.4128
Satsunai,left,14.8,fluvial_scour,historical,83.4,0.4242
Satsunai,left,14.8,fluvial_scour,historical,83.6,0.4341
Satsunai,left,14.8,fluvial_scour,plus4K,76.4,0
Satsunai,left,14.8,fluvial_scour,plus4K,76.6,0
Satsunai,left,14.8,fluvial_scour,plus4K,76.8,0
Satsunai,left,14.8,fluvial_scour,plus4K,77,0
Satsunai,left,14.8,fluvial_scour,plus4K,77.2,0
Satsunai,left,14.8,fluvial_scour,plus4K,77.4,0
Satsunai,left,14.8,fluvial_scour,plus4K,77.6,0
Satsunai,left,14.8,fluvial_scour,plus4K,77.8,0
Satsunai,left,14.8,fluvial_scour,plus4K,78,0.0002
Satsunai,left,14.8,fluvial_scour,plus4K,78.2,0.0012
Satsunai,left,14.8,fluvial_scour,plus4K,78.4,0.005
Satsunai,left,14.8,fluvial_scour,plus4K,78.6,0.0111
Satsunai,left,14.8,fluvial_scour,plus4K,78.8,0.02
Satsunai,left,14.8,fluvial_scour,plus4K,79,0.0366
Satsunai,left,14.8,fluvial_scour,plus4K,79.2,0.0553
Satsunai,left,14.8,fluvial_scour,plus4K,79.4,0.0827
Satsunai,left,14.8,fluvial_scour,plus4K,79.6,0.1186
Satsunai,left,14.8,fluvial_scour,plus4K,79.8,0.1575
Satsunai,left,14.8,fluvial_scour,plus4K,80,0.1919
Satsunai,left,14.8,fluvial_scour,plus4K,80.2,0.2184
Satsunai,left,14.8,fluvial_scour,plus4K,80.4,0.2385
Satsunai,left,14.8,fluvial_scour,plus4K,80.6,0.2513
Satsunai,left,14.8,fluvial_scour,plus4K,80.8,0.2718
Satsunai,left,14.8,fluvial_scour,plus4K,81,0.2776
Satsunai,left,14.8,fluvial_scour,plus4K,81.2,0.2924
Satsunai,left,14.8,fluvial_scour,plus4K,81.4,0.2975
Satsunai,left,14.8,fluvial_scour,plus4K,81.6,0.3091
Satsunai,left,14.8,fluvial_scour,plus4K,81.8,0.3182
Satsunai,left,14.8,fluvial_scour,plus4K,82,0.3241
Satsunai,left,14.8,fluvial_scour,plus4K,82.2,0.3374
Satsunai,left,14.8,fluvial_scour,plus4K,82.4,0.3452
Satsunai,left,14.8,fluvial_scour,plus4K,82.6,0.361
Satsunai,left,14.8,fluvial_scour,plus4K,82.8,0.3762
Satsunai,left,14.8,fluvial_scour,plus4K,83,0.3971
Satsunai,left,14.8,fluvial_scour,plus4K,83.2,0.4128
Satsunai,left,14.8,fluvial_scour,plus4K,83.4,0.4242
Satsunai,left,14.8,fluvial_scour,plus4K,83.6,0.4341
Satsunai,left,15,fluvial_scour,historical,77.8,0
Satsunai,left,15,fluvial_scour,historical,78,0
Satsunai,left,15,fluvial_scour,historical,78.2,0
Satsunai,left,15,fluvial_scour,historical,78.4,0
Satsunai,left,15,fluvial_scour,historical,78.6,0
Satsunai,left,15,fluvial_scour,historical,78.8,0
Satsunai,left,15,fluvial_scour,historical,79,0
Satsunai,left,15,fluvial_scour,historical,79.2,0.0001
Satsunai,left,15,fluvial_scour,historical,79.4,0.0013
Satsunai,left,15,fluvial_scour,historical,79.6,0.004
Satsunai,left,15,fluvial_scour,historical,79.8,0.0083
Satsunai,left,15,fluvial_scour,historical,80,0.017
Satsunai,left,15,fluvial_scour,historical,80.2,0.0307
Satsunai,left,15,fluvial_scour,historical,80.4,0.0508
Satsunai,left,15,fluvial_scour,historical,80.6,0.0768
Satsunai,left,15,fluvial_scour,historical,80.8,0.1074
Satsunai,left,15,fluvial_scour,historical,81,0.1358
Satsunai,left,15,fluvial_scour,historical,81.2,0.16
Satsunai,left,15,fluvial_scour,historical,81.4,0.1764
Satsunai,left,15,fluvial_scour,historical,81.6,0.1931
Satsunai,left,15,fluvial_scour,historical,81.8,0.2095
Satsunai,left,15,fluvial_scour,historical,82,0.2179
Satsunai,left,15,fluvial_scour,historical,82.2,0.2311
Satsunai,left,15,fluvial_scour,historical,82.4,0.2405
Satsunai,left,15,fluvial_scour,historical,82.6,0.2503
Satsunai,left,15,fluvial_scour,historical,82.8,0.2616
Satsunai,left,15,fluvial_scour,historical,83,0.2648
Satsunai,left,15,fluvial_scour,historical,83.2,0.2771
Satsunai,left,15,fluvial_scour,historical,83.4,0.2824
Satsunai,left,15,fluvial_scour,historical,83.6,0.2938
Satsunai,left,15,fluvial_scour,historical,83.8,0.3067
Satsunai,left,15,fluvial_scour,historical,84,0.3246
Satsunai,left,15,fluvial_scour,historical,84.2,0.3416
Satsunai,left,15,fluvial_scour,historical,84.4,0.3543
Satsunai,left,15,fluvial_scour,historical,84.6,0.3644
Satsunai,left,15,fluvial_scour,historical,84.8,0.3716
Satsunai,left,15,fluvial_scour,historical,85,0.3757
Satsunai,left,15,fluvial_scour,plus4K,77.8,0
Satsunai,left,15,fluvial_scour,plus4K,78,0
Satsunai,left,15,fluvial_scour,plus4K,78.2,0
Satsunai,left,15,fluvial_scour,plus4K,78.4,0
Satsunai,left,15,fluvial_scour,plus4K,78.6,0
Satsunai,left,15,fluvial_scour,plus4K,78.8,0
Satsunai,left,15,fluvial_scour,plus4K,79,0
Satsunai,left,15,fluvial_scour,plus4K,79.2,0.0001
Satsunai,left,15,fluvial_scour,plus4K,79.4,0.0013
Satsunai,left,15,fluvial_scour,plus4K,79.6,0.004
Satsunai,left,15,fluvial_scour,plus4K,79.8,0.0083
Satsunai,left,15,fluvial_scour,plus4K,80,0.017
Satsunai,left,15,fluvial_scour,plus4K,80.2,0.0307
Satsunai,left,15,fluvial_scour,plus4K,80.4,0.0508
Satsunai,left,15,fluvial_scour,plus4K,80.6,0.0768
Satsunai,left,15,fluvial_scour,plus4K,80.8,0.1074
Satsunai,left,15,fluvial_scour,plus4K,81,0.1358
Satsunai,left,15,fluvial_scour,plus4K,81.2,0.16
Satsunai,left,15,fluvial_scour,plus4K,81.4,0.1764
Satsunai,left,15,fluvial_scour,plus4K,81.6,0.1931
Satsunai,left,15,fluvial_scour,plus4K,81.8,0.2095
Satsunai,left,15,fluvial_scour,plus4K,82,0.2179
Satsunai,left,15,fluvial_scour,plus4K,82.2,0.2311
Satsunai,left,15,fluvial_scour,plus4K,82.4,0.2405
Satsunai,left,15,fluvial_scour,plus4K,82.6,0.2503
Satsunai,left,15,fluvial_scour,plus4K,82.8,0.2616
Satsunai,left,15,fluvial_scour,plus4K,83,0.2648
Satsunai,left,15,fluvial_scour,plus4K,83.2,0.2771
Satsunai,left,15,fluvial_scour,plus4K,83.4,0.2824
Satsunai,left,15,fluvial_scour,plus4K,83.6,0.2938
Satsunai,left,15,fluvial_scour,plus4K,83.8,0.3067
Satsunai,left,15,fluvial_scour,plus4K,84,0.3246
Satsunai,left,15,fluvial_scour,plus4K,84.2,0.3416
Satsunai,left,15,fluvial_scour,plus4K,84.4,0.3543
Satsunai,left,15,fluvial_scour,plus4K,84.6,0.3644
Satsunai,left,15,fluvial_scour,plus4K,84.8,0.3716
Satsunai,left,15,fluvial_scour,plus4K,85,0.3757
Satsunai,left,15.2,fluvial_scour,historical,78.4,0
Satsunai,left,15.2,fluvial_scour,historical,78.6,0
Satsunai,left,15.2,fluvial_scour,historical,78.8,0
Satsunai,left,15.2,fluvial_scour,historical,79,0
Satsunai,left,15.2,fluvial_scour,historical,79.2,0
Satsunai,left,15.2,fluvial_scour,historical,79.4,0
Satsunai,left,15.2,fluvial_scour,historical,79.6,0
Satsunai,left,15.2,fluvial_scour,historical,79.8,0.0002
Satsunai,left,15.2,fluvial_scour,historical,80,0.0009
Satsunai,left,15.2,fluvial_scour,historical,80.2,0.0028
Satsunai,left,15.2,fluvial_scour,historical,80.4,0.0079
Satsunai,left,15.2,fluvial_scour,historical,80.6,0.0142
Satsunai,left,15.2,fluvial_scour,historical,80.8,0.0247
Satsunai,left,15.2,fluvial_scour,historical,81,0.0431
Satsunai,left,15.2,fluvial_scour,historical,81.2,0.0675
Satsunai,left,15.2,fluvial_scour,historical,81.4,0.1033
Satsunai,left,15.2,fluvial_scour,historical,81.6,0.1368
Satsunai,left,15.2,fluvial_scour,historical,81.8,0.1595
Satsunai,left,15.2,fluvial_scour,historical,82,0.1833
Satsunai,left,15.2,fluvial_scour,historical,82.2,0.1936
Satsunai,left,15.2,fluvial_scour,historical,82.4,0.2075
Satsunai,left,15.2,fluvial_scour,historical,82.6,0.2154
Satsunai,left,15.2,fluvial_scour,historical,82.8,0.231
Satsunai,left,15.2,fluvial_scour,historical,83,0.2336
Satsunai,left,15.2,fluvial_scour,historical,83.2,0.2489
Satsunai,left,15.2,fluvial_scour,historical,83.4,0.2514
Satsunai,left,15.2,fluvial_scour,historical,83.6,0.2561
Satsunai,left,15.2,fluvial_scour,historical,83.8,0.2696
Satsunai,left,15.2,fluvial_scour,historical,84,0.2714
Satsunai,left,15.2,fluvial_scour,historical,84.2,0.2774
Satsunai,left,15.2,fluvial_scour,historical,84.4,0.2871
Satsunai,left,15.2,fluvial_scour,historical,84.6,0.292
Satsunai,left,15.2,fluvial_scour,historical,84.8,0.3017
Satsunai,left,15.2,fluvial_scour,historical,85,0.3142
Satsunai,left,15.2,fluvial_scour,historical,85.2,0.3287
Satsunai,left,15.2,fluvial_scour,plus4K,78.4,0
Satsunai,left,15.2,fluvial_scour,plus4K,78.6,0
Satsunai,left,15.2,fluvial_scour,plus4K,78.8,0
Satsunai,left,15.2,fluvial_scour,plus4K,79,0
Satsunai,left,15.2,fluvial_scour,plus4K,79.2,0
Satsunai,left,15.2,fluvial_scour,plus4K,79.4,0
Satsunai,left,15.2,fluvial_scour,plus4K,79.6,0
Satsunai,left,15.2,fluvial_scour,plus4K,79.8,0.0002
Satsunai,left,15.2,fluvial_scour,plus4K,80,0.0009
Satsunai,left,15.2,fluvial_scour,plus4K,80.2,0.0028
Satsunai,left,15.2,fluvial_scour,plus4K,80.4,0.0079
Satsunai,left,15.2,fluvial_scour,plus4K,80.6,0.0142
Satsunai,left,15.2,fluvial_scour,plus4K,80.8,0.0247
Satsunai,left,15.2,fluvial_scour,plus4K,81,0.0431
Satsunai,left,15.2,fluvial_scour,plus4K,81.2,0.0675
Satsunai,left,15.2,fluvial_scour,plus4K,81.4,0.1033
Satsunai,left,15.2,fluvial_scour,plus4K,81.6,0.1368
Satsunai,left,15.2,fluvial_scour,plus4K,81.8,0.1595
Satsunai,left,15.2,fluvial_scour,plus4K,82,0.1833
Satsunai,left,15.2,fluvial_scour,plus4K,82.2,0.1936
Satsunai,left,15.2,fluvial_scour,plus4K,82.4,0.2075
Satsunai,left,15.2,fluvial_scour,plus4K,82.6,0.2154
Satsunai,left,15.2,fluvial_scour,plus4K,82.8,0.231
Satsunai,left,15.2,fluvial_scour,plus4K,83,0.2336
Satsunai,left,15.2,fluvial_scour,plus4K,83.2,0.2489
Satsunai,left,15.2,fluvial_scour,plus4K,83.4,0.2514
Satsunai,left,15.2,fluvial_scour,plus4K,83.6,0.2561
Satsunai,left,15.2,fluvial_scour,plus4K,83.8,0.2696
Satsunai,left,15.2,fluvial_scour,plus4K,84,0.2714
Satsunai,left,15.2,fluvial_scour,plus4K,84.2,0.2774
Satsunai,left,15.2,fluvial_scour,plus4K,84.4,0.2871
Satsunai,left,15.2,fluvial_scour,plus4K,84.6,0.292
Satsunai,left,15.2,fluvial_scour,plus4K,84.8,0.3017
Satsunai,left,15.2,fluvial_scour,plus4K,85,0.3142
Satsunai,left,15.2,fluvial_scour,plus4K,85.2,0.3287
Satsunai,left,15.4,fluvial_scour,historical,79.2,0
Satsunai,left,15.4,fluvial_scour,historical,79.4,0
Satsunai,left,15.4,fluvial_scour,historical,79.6,0
Satsunai,left,15.4,fluvial_scour,historical,79.8,0
Satsunai,left,15.4,fluvial_scour,historical,80,0
Satsunai,left,15.4,fluvial_scour,historical,80.2,0
Satsunai,left,15.4,fluvial_scour,historical,80.4,0
Satsunai,left,15.4,fluvial_scour,historical,80.6,0
Satsunai,left,15.4,fluvial_scour,historical,80.8,0.0001
Satsunai,left,15.4,fluvial_scour,historical,81,0.0011
Satsunai,left,15.4,fluvial_scour,historical,81.2,0.003
Satsunai,left,15.4,fluvial_scour,historical,81.4,0.0086
Satsunai,left,15.4,fluvial_scour,historical,81.6,0.0182
Satsunai,left,15.4,fluvial_scour,historical,81.8,0.0311
Satsunai,left,15.4,fluvial_scour,historical,82,0.0509
Satsunai,left,15.4,fluvial_scour,historical,82.2,0.0759
Satsunai,left,15.4,fluvial_scour,historical,82.4,0.1087
Satsunai,left,15.4,fluvial_scour,historical,82.6,0.1403
Satsunai,left,15.4,fluvial_scour,historical,82.8,0.1619
Satsunai,left,15.4,fluvial_scour,historical,83,0.1819
Satsunai,left,15.4,fluvial_scour,historical,83.2,0.1992
Satsunai,left,15.4,fluvial_scour,historical,83.4,0.2116
Satsunai,left,15.4,fluvial_scour,historical,83.6,0.2224
Satsunai,left,15.4,fluvial_scour,historical,83.8,0.2354
Satsunai,left,15.4,fluvial_scour,historical,84,0.2397
Satsunai,left,15.4,fluvial_scour,historical,84.2,0.2585
Satsunai,left,15.4,fluvial_scour,historical,84.4,0.2611
Satsunai,left,15.4,fluvial_scour,historical,84.6,0.2666
Satsunai,left,15.4,fluvial_scour,historical,84.8,0.2797
Satsunai,left,15.4,fluvial_scour,historical,85,0.2823
Satsunai,left,15.4,fluvial_scour,historical,85.2,0.288
Satsunai,left,15.4,fluvial_scour,historical,85.4,0.2966
Satsunai,left,15.4,fluvial_scour,historical,85.6,0.3002
Satsunai,left,15.4,fluvial_scour,historical,85.8,0.3095
Satsunai,left,15.4,fluvial_scour,historical,86,0.3223
Satsunai,left,15.4,fluvial_scour,plus4K,79.2,0
Satsunai,left,15.4,fluvial_scour,plus4K,79.4,0
Satsunai,left,15.4,fluvial_scour,plus4K,79.6,0
Satsunai,left,15.4,fluvial_scour,plus4K,79.8,0
Satsunai,left,15.4,fluvial_scour,plus4K,80,0
Satsunai,left,15.4,fluvial_scour,plus4K,80.2,0
Satsunai,left,15.4,fluvial_scour,plus4K,80.4,0
Satsunai,left,15.4,fluvial_scour,plus4K,80.6,0
Satsunai,left,15.4,fluvial_scour,plus4K,80.8,0.0001
Satsunai,left,15.4,fluvial_scour,plus4K,81,0.0011
Satsunai,left,15.4,fluvial_scour,plus4K,81.2,0.003
Satsunai,left,15.4,fluvial_scour,plus4K,81.4,0.0086
Satsunai,left,15.4,fluvial_scour,plus4K,81.6,0.0182
Satsunai,left,15.4,fluvial_scour,plus4K,81.8,0.0311
Satsunai,left,15.4,fluvial_scour,plus4K,82,0.0509
Satsunai,left,15.4,fluvial_scour,plus4K,82.2,0.0759
Satsunai,left,15.4,fluvial_scour,plus4K,82.4,0.1087
Satsunai,left,15.4,fluvial_scour,plus4K,82.6,0.1403
Satsunai,left,15.4,fluvial_scour,plus4K,82.8,0.1619
Satsunai,left,15.4,fluvial_scour,plus4K,83,0.1819
Satsunai,left,15.4,fluvial_scour,plus4K,83.2,0.1992
Satsunai,left,15.4,fluvial_scour,plus4K,83.4,0.2116
Satsunai,left,15.4,fluvial_scour,plus4K,83.6,0.2224
Satsunai,left,15.4,fluvial_scour,plus4K,83.8,0.2354
Satsunai,left,15.4,fluvial_scour,plus4K,84,0.2397
Satsunai,left,15.4,fluvial_scour,plus4K,84.2,0.2585
Satsunai,left,15.4,fluvial_scour,plus4K,84.4,0.2611
Satsunai,left,15.4,fluvial_scour,plus4K,84.6,0.2666
Satsunai,left,15.4,fluvial_scour,plus4K,84.8,0.2797
Satsunai,left,15.4,fluvial_scour,plus4K,85,0.2823
Satsunai,left,15.4,fluvial_scour,plus4K,85.2,0.288
Satsunai,left,15.4,fluvial_scour,plus4K,85.4,0.2966
Satsunai,left,15.4,fluvial_scour,plus4K,85.6,0.3002
Satsunai,left,15.4,fluvial_scour,plus4K,85.8,0.3095
Satsunai,left,15.4,fluvial_scour,plus4K,86,0.3223
Satsunai,left,15.6,fluvial_scour,historical,80,0
Satsunai,left,15.6,fluvial_scour,historical,80.2,0
Satsunai,left,15.6,fluvial_scour,historical,80.4,0
Satsunai,left,15.6,fluvial_scour,historical,80.6,0
Satsunai,left,15.6,fluvial_scour,historical,80.8,0
Satsunai,left,15.6,fluvial_scour,historical,81,0
Satsunai,left,15.6,fluvial_scour,historical,81.2,0
Satsunai,left,15.6,fluvial_scour,historical,81.4,0.0001
Satsunai,left,15.6,fluvial_scour,historical,81.6,0.001
Satsunai,left,15.6,fluvial_scour,historical,81.8,0.0022
Satsunai,left,15.6,fluvial_scour,historical,82,0.0066
Satsunai,left,15.6,fluvial_scour,historical,82.2,0.015
Satsunai,left,15.6,fluvial_scour,historical,82.4,0.0259
Satsunai,left,15.6,fluvial_scour,historical,82.6,0.0418
Satsunai,left,15.6,fluvial_scour,historical,82.8,0.0642
Satsunai,left,15.6,fluvial_scour,historical,83,0.0915
Satsunai,left,15.6,fluvial_scour,historical,83.2,0.1312
Satsunai,left,15.6,fluvial_scour,historical,83.4,0.1766
Satsunai,left,15.6,fluvial_scour,historical,83.6,0.2115
Satsunai,left,15.6,fluvial_scour,historical,83.8,0.2437
Satsunai,left,15.6,fluvial_scour,historical,84,0.2629
Satsunai,left,15.6,fluvial_scour,historical,84.2,0.2799
Satsunai,left,15.6,fluvial_scour,historical,84.4,0.296
Satsunai,left,15.6,fluvial_scour,historical,84.6,0.3077
Satsunai,left,15.6,fluvial_scour,historical,84.8,0.3215
Satsunai,left,15.6,fluvial_scour,historical,85,0.333
Satsunai,left,15.6,fluvial_scour,historical,85.2,0.34
Satsunai,left,15.6,fluvial_scour,historical,85.4,0.3578
Satsunai,left,15.6,fluvial_scour,historical,85.6,0.3621
Satsunai,left,15.6,fluvial_scour,historical,85.8,0.3754
Satsunai,left,15.6,fluvial_scour,historical,86,0.3832
Satsunai,left,15.6,fluvial_scour,historical,86.2,0.3973
Satsunai,left,15.6,fluvial_scour,historical,86.4,0.4167
Satsunai,left,15.6,fluvial_scour,historical,86.6,0.4356
Satsunai,left,15.6,fluvial_scour,historical,86.8,0.4554
Satsunai,left,15.6,fluvial_scour,historical,87,0.4724
Satsunai,left,15.6,fluvial_scour,plus4K,80,0
Satsunai,left,15.6,fluvial_scour,plus4K,80.2,0
Satsunai,left,15.6,fluvial_scour,plus4K,80.4,0
Satsunai,left,15.6,fluvial_scour,plus4K,80.6,0
Satsunai,left,15.6,fluvial_scour,plus4K,80.8,0
Satsunai,left,15.6,fluvial_scour,plus4K,81,0
Satsunai,left,15.6,fluvial_scour,plus4K,81.2,0
Satsunai,left,15.6,fluvial_scour,plus4K,81.4,0.0001
Satsunai,left,15.6,fluvial_scour,plus4K,81.6,0.001
Satsunai,left,15.6,fluvial_scour,plus4K,81.8,0.0022
Satsunai,left,15.6,fluvial_scour,plus4K,82,0.0066
Satsunai,left,15.6,fluvial_scour,plus4K,82.2,0.015
Satsunai,left,15.6,fluvial_scour,plus4K,82.4,0.0259
Satsunai,left,15.6,fluvial_scour,plus4K,82.6,0.0418
Satsunai,left,15.6,fluvial_scour,plus4K,82.8,0.0642
Satsunai,left,15.6,fluvial_scour,plus4K,83,0.0915
Satsunai,left,15.6,fluvial_scour,plus4K,83.2,0.1312
Satsunai,left,15.6,fluvial_scour,plus4K,83.4,0.1766
Satsunai,left,15.6,fluvial_scour,plus4K,83.6,0.2115
Satsunai,left,15.6,fluvial_scour,plus4K,83.8,0.2437
Satsunai,left,15.6,fluvial_scour,plus4K,84,0.2629
Satsunai,left,15.6,fluvial_scour,plus4K,84.2,0.2799
Satsunai,left,15.6,fluvial_scour,plus4K,84.4,0.296
Satsunai,left,15.6,fluvial_scour,plus4K,84.6,0.3077
Satsunai,left,15.6,fluvial_scour,plus4K,84.8,0.3215
Satsunai,left,15.6,fluvial_scour,plus4K,85,0.333
Satsunai,left,15.6,fluvial_scour,plus4K,85.2,0.34
Satsunai,left,15.6,fluvial_scour,plus4K,85.4,0.3578
Satsunai,left,15.6,fluvial_scour,plus4K,85.6,0.3621
Satsunai,left,15.6,fluvial_scour,plus4K,85.8,0.3754
Satsunai,left,15.6,fluvial_scour,plus4K,86,0.3832
Satsunai,left,15.6,fluvial_scour,plus4K,86.2,0.3973
Satsunai,left,15.6,fluvial_scour,plus4K,86.4,0.4167
Satsunai,left,15.6,fluvial_scour,plus4K,86.6,0.4356
Satsunai,left,15.6,fluvial_scour,plus4K,86.8,0.4554
Satsunai,left,15.6,fluvial_scour,plus4K,87,0.4724
Satsunai,left,15.8,fluvial_scour,historical,81.2,0
Satsunai,left,15.8,fluvial_scour,historical,81.4,0
Satsunai,left,15.8,fluvial_scour,historical,81.6,0
Satsunai,left,15.8,fluvial_scour,historical,81.8,0
Satsunai,left,15.8,fluvial_scour,historical,82,0
Satsunai,left,15.8,fluvial_scour,historical,82.2,0
Satsunai,left,15.8,fluvial_scour,historical,82.4,0
Satsunai,left,15.8,fluvial_scour,historical,82.6,0
Satsunai,left,15.8,fluvial_scour,historical,82.8,0.0015
Satsunai,left,15.8,fluvial_scour,historical,83,0.005
Satsunai,left,15.8,fluvial_scour,historical,83.2,0.0099
Satsunai,left,15.8,fluvial_scour,historical,83.4,0.0186
Satsunai,left,15.8,fluvial_scour,historical,83.6,0.0301
Satsunai,left,15.8,fluvial_scour,historical,83.8,0.048
Satsunai,left,15.8,fluvial_scour,historical,84,0.0703
Satsunai,left,15.8,fluvial_scour,historical,84.2,0.0999
Satsunai,left,15.8,fluvial_scour,historical,84.4,0.1371
Satsunai,left,15.8,fluvial_scour,historical,84.6,0.1705
Satsunai,left,15.8,fluvial_scour,historical,84.8,0.198
Satsunai,left,15.8,fluvial_scour,historical,85,0.2225
Satsunai,left,15.8,fluvial_scour,historical,85.2,0.2383
Satsunai,left,15.8,fluvial_scour,historical,85.4,0.259
Satsunai,left,15.8,fluvial_scour,historical,85.6,0.2667
Satsunai,left,15.8,fluvial_scour,historical,85.8,0.2827
Satsunai,left,15.8,fluvial_scour,historical,86,0.2905
Satsunai,left,15.8,fluvial_scour,historical,86.2,0.3053
Satsunai,left,15.8,fluvial_scour,historical,86.4,0.3103
Satsunai,left,15.8,fluvial_scour,historical,86.6,0.3257
Satsunai,left,15.8,fluvial_scour,historical,86.8,0.3357
Satsunai,left,15.8,fluvial_scour,historical,87,0.3533
Satsunai,left,15.8,fluvial_scour,historical,87.2,0.3714
Satsunai,left,15.8,fluvial_scour,historical,87.4,0.39
Satsunai,left,15.8,fluvial_scour,historical,87.6,0.4073
Satsunai,left,15.8,fluvial_scour,historical,87.8,0.4153
Satsunai,left,15.8,fluvial_scour,historical,88,0.4247
Satsunai,left,15.8,fluvial_scour,historical,88.2,0.4307
Satsunai,left,15.8,fluvial_scour,plus4K,81.2,0
Satsunai,left,15.8,fluvial_scour,plus4K,81.4,0
Satsunai,left,15.8,fluvial_scour,plus4K,81.6,0
Satsunai,left,15.8,fluvial_scour,plus4K,81.8,0
Satsunai,left,15.8,fluvial_scour,plus4K,82,0
Satsunai,left,15.8,fluvial_scour,plus4K,82.2,0
Satsunai,left,15.8,fluvial_scour,plus4K,82.4,0
Satsunai,left,15.8,fluvial_scour,plus4K,82.6,0
Satsunai,left,15.8,fluvial_scour,plus4K,82.8,0.0015
Satsunai,left,15.8,fluvial_scour,plus4K,83,0.005
Satsunai,left,15.8,fluvial_scour,plus4K,83.2,0.0099
Satsunai,left,15.8,fluvial_scour,plus4K,83.4,0.0186
Satsunai,left,15.8,fluvial_scour,plus4K,83.6,0.0301
Satsunai,left,15.8,fluvial_scour,plus4K,83.8,0.048
Satsunai,left,15.8,fluvial_scour,plus4K,84,0.0703
Satsunai,left,15.8,fluvial_scour,plus4K,84.2,0.0999
Satsunai,left,15.8,fluvial_scour,plus4K,84.4,0.1371
Satsunai,left,15.8,fluvial_scour,plus4K,84.6,0.1705
Satsunai,left,15.8,fluvial_scour,plus4K,84.8,0.198
Satsunai,left,15.8,fluvial_scour,plus4K,85,0.2225
Satsunai,left,15.8,fluvial_scour,plus4K,85.2,0.2383
Satsunai,left,15.8,fluvial_scour,plus4K,85.4,0.259
Satsunai,left,15.8,fluvial_scour,plus4K,85.6,0.2667
Satsunai,left,15.8,fluvial_scour,plus4K,85.8,0.2827
Satsunai,left,15.8,fluvial_scour,plus4K,86,0.2905
Satsunai,left,15.8,fluvial_scour,plus4K,86.2,0.3053
Satsunai,left,15.8,fluvial_scour,plus4K,86.4,0.3103
Satsunai,left,15.8,fluvial_scour,plus4K,86.6,0.3257
Satsunai,left,15.8,fluvial_scour,plus4K,86.8,0.3357
Satsunai,left,15.8,fluvial_scour,plus4K,87,0.3533
Satsunai,left,15.8,fluvial_scour,plus4K,87.2,0.3714
Satsunai,left,15.8,fluvial_scour,plus4K,87.4,0.39
Satsunai,left,15.8,fluvial_scour,plus4K,87.6,0.4073
Satsunai,left,15.8,fluvial_scour,plus4K,87.8,0.4153
Satsunai,left,15.8,fluvial_scour,plus4K,88,0.4247
Satsunai,left,15.8,fluvial_scour,plus4K,88.2,0.4307
Satsunai,left,16,fluvial_scour,historical,81.8,0
Satsunai,left,16,fluvial_scour,historical,82,0
Satsunai,left,16,fluvial_scour,historical,82.2,0
Satsunai,left,16,fluvial_scour,historical,82.4,0
Satsunai,left,16,fluvial_scour,historical,82.6,0
Satsunai,left,16,fluvial_scour,historical,82.8,0
Satsunai,left,16,fluvial_scour,historical,83,0
Satsunai,left,16,fluvial_scour,historical,83.2,0.0002
Satsunai,left,16,fluvial_scour,historical,83.4,0.0009
Satsunai,left,16,fluvial_scour,historical,83.6,0.0022
Satsunai,left,16,fluvial_scour,historical,83.8,0.0054
Satsunai,left,16,fluvial_scour,historical,84,0.0098
Satsunai,left,16,fluvial_scour,historical,84.2,0.0183
Satsunai,left,16,fluvial_scour,historical,84.4,0.0338
Satsunai,left,16,fluvial_scour,historical,84.6,0.0567
Satsunai,left,16,fluvial_scour,historical,84.8,0.0841
Satsunai,left,16,fluvial_scour,historical,85,0.1184
Satsunai,left,16,fluvial_scour,historical,85.2,0.1509
Satsunai,left,16,fluvial_scour,historical,85.4,0.1761
Satsunai,left,16,fluvial_scour,historical,85.6,0.1907
Satsunai,left,16,fluvial_scour,historical,85.8,0.2136
Satsunai,left,16,fluvial_scour,historical,86,0.2213
Satsunai,left,16,fluvial_scour,historical,86.2,0.2393
Satsunai,left,16,fluvial_scour,historical,86.4,0.2447
Satsunai,left,16,fluvial_scour,historical,86.6,0.2638
Satsunai,left,16,fluvial_scour,historical,86.8,0.2673
Satsunai,left,16,fluvial_scour,historical,87,0.278
Satsunai,left,16,fluvial_scour,historical,87.2,0.287
Satsunai,left,16,fluvial_scour,historical,87.4,0.2899
Satsunai,left,16,fluvial_scour,historical,87.6,0.3024
Satsunai,left,16,fluvial_scour,historical,87.8,0.308
Satsunai,left,16,fluvial_scour,historical,88,0.3181
Satsunai,left,16,fluvial_scour,historical,88.2,0.3317
Satsunai,left,16,fluvial_scour,historical,88.4,0.3498
Satsunai,left,16,fluvial_scour,historical,88.6,0.3672
Satsunai,left,16,fluvial_scour,plus4K,81.8,0
Satsunai,left,16,fluvial_scour,plus4K,82,0
Satsunai,left,16,fluvial_scour,plus4K,82.2,0
Satsunai,left,16,fluvial_scour,plus4K,82.4,0
Satsunai,left,16,fluvial_scour,plus4K,82.6,0
Satsunai,left,16,fluvial_scour,plus4K,82.8,0
Satsunai,left,16,fluvial_scour,plus4K,83,0
Satsunai,left,16,fluvial_scour,plus4K,83.2,0.0002
Satsunai,left,16,fluvial_scour,plus4K,83.4,0.0009
Satsunai,left,16,fluvial_scour,plus4K,83.6,0.0022
Satsunai,left,16,fluvial_scour,plus4K,83.8,0.0054
Satsunai,left,16,fluvial_scour,plus4K,84,0.0098
Satsunai,left,16,fluvial_scour,plus4K,84.2,0.0183
Satsunai,left,16,fluvial_scour,plus4K,84.4,0.0338
Satsunai,left,16,fluvial_scour,plus4K,84.6,0.0567
Satsunai,left,16,fluvial_scour,plus4K,84.8,0.0841
Satsunai,left,16,fluvial_scour,plus4K,85,0.1184
Satsunai,left,16,fluvial_scour,plus4K,85.2,0.1509
Satsunai,left,16,fluvial_scour,plus4K,85.4,0.1761
Satsunai,left,16,fluvial_scour,plus4K,85.6,0.1907
Satsunai,left,16,fluvial_scour,plus4K,85.8,0.2136
Satsunai,left,16,fluvial_scour,plus4K,86,0.2213
Satsunai,left,16,fluvial_scour,plus4K,86.2,0.2393
Satsunai,left,16,fluvial_scour,plus4K,86.4,0.2447
Satsunai,left,16,fluvial_scour,plus4K,86.6,0.2638
Satsunai,left,16,fluvial_scour,plus4K,86.8,0.2673
Satsunai,left,16,fluvial_scour,plus4K,87,0.278
Satsunai,left,16,fluvial_scour,plus4K,87.2,0.287
Satsunai,left,16,fluvial_scour,plus4K,87.4,0.2899
Satsunai,left,16,fluvial_scour,plus4K,87.6,0.3024
Satsunai,left,16,fluvial_scour,plus4K,87.8,0.308
Satsunai,left,16,fluvial_scour,plus4K,88,0.3181
Satsunai,left,16,fluvial_scour,plus4K,88.2,0.3317
Satsunai,left,16,fluvial_scour,plus4K,88.4,0.3498
Satsunai,left,16,fluvial_scour,plus4K,88.6,0.3672
Satsunai,left,16.2,fluvial_scour,historical,83.2,0
Satsunai,left,16.2,fluvial_scour,historical,83.4,0
Satsunai,left,16.2,fluvial_scour,historical,83.6,0
Satsunai,left,16.2,fluvial_scour,historical,83.8,0
Satsunai,left,16.2,fluvial_scour,historical,84,0
Satsunai,left,16.2,fluvial_scour,historical,84.2,0
Satsunai,left,16.2,fluvial_scour,historical,84.4,0
Satsunai,left,16.2,fluvial_scour,historical,84.6,0
Satsunai,left,16.2,fluvial_scour,historical,84.8,0.0003
Satsunai,left,16.2,fluvial_scour,historical,85,0.0011
Satsunai,left,16.2,fluvial_scour,historical,85.2,0.0046
Satsunai,left,16.2,fluvial_scour,historical,85.4,0.0108
Satsunai,left,16.2,fluvial_scour,historical,85.6,0.0222
Satsunai,left,16.2,fluvial_scour,historical,85.8,0.0398
Satsunai,left,16.2,fluvial_scour,historical,86,0.061
Satsunai,left,16.2,fluvial_scour,historical,86.2,0.0824
Satsunai,left,16.2,fluvial_scour,historical,86.4,0.0994
Satsunai,left,16.2,fluvial_scour,historical,86.6,0.109
Satsunai,left,16.2,fluvial_scour,historical,86.8,0.1259
Satsunai,left,16.2,fluvial_scour,historical,87,0.1314
Satsunai,left,16.2,fluvial_scour,historical,87.2,0.1428
Satsunai,left,16.2,fluvial_scour,historical,87.4,0.1466
Satsunai,left,16.2,fluvial_scour,historical,87.6,0.1588
Satsunai,left,16.2,fluvial_scour,historical,87.8,0.1616
Satsunai,left,16.2,fluvial_scour,historical,88,0.1708
Satsunai,left,16.2,fluvial_scour,historical,88.2,0.1772
Satsunai,left,16.2,fluvial_scour,historical,88.4,0.1809
Satsunai,left,16.2,fluvial_scour,historical,88.6,0.1917
Satsunai,left,16.2,fluvial_scour,historical,88.8,0.1944
Satsunai,left,16.2,fluvial_scour,historical,89,0.2047
Satsunai,left,16.2,fluvial_scour,historical,89.2,0.2153
Satsunai,left,16.2,fluvial_scour,historical,89.4,0.2307
Satsunai,left,16.2,fluvial_scour,historical,89.6,0.2463
Satsunai,left,16.2,fluvial_scour,plus4K,83.2,0
Satsunai,left,16.2,fluvial_scour,plus4K,83.4,0
Satsunai,left,16.2,fluvial_scour,plus4K,83.6,0
Satsunai,left,16.2,fluvial_scour,plus4K,83.8,0
Satsunai,left,16.2,fluvial_scour,plus4K,84,0
Satsunai,left,16.2,fluvial_scour,plus4K,84.2,0
Satsunai,left,16.2,fluvial_scour,plus4K,84.4,0
Satsunai,left,16.2,fluvial_scour,plus4K,84.6,0
Satsunai,left,16.2,fluvial_scour,plus4K,84.8,0.0003
Satsunai,left,16.2,fluvial_scour,plus4K,85,0.0011
Satsunai,left,16.2,fluvial_scour,plus4K,85.2,0.0046
Satsunai,left,16.2,fluvial_scour,plus4K,85.4,0.0108
Satsunai,left,16.2,fluvial_scour,plus4K,85.6,0.0222
Satsunai,left,16.2,fluvial_scour,plus4K,85.8,0.0398
Satsunai,left,16.2,fluvial_scour,plus4K,86,0.061
Satsunai,left,16.2,fluvial_scour,plus4K,86.2,0.0824
Satsunai,left,16.2,fluvial_scour,plus4K,86.4,0.0994
Satsunai,left,16.2,fluvial_scour,plus4K,86.6,0.109
Satsunai,left,16.2,fluvial_scour,plus4K,86.8,0.1259
Satsunai,left,16.2,fluvial_scour,plus4K,87,0.1314
Satsunai,left,16.2,fluvial_scour,plus4K,87.2,0.1428
Satsunai,left,16.2,fluvial_scour,plus4K,87.4,0.1466
Satsunai,left,16.2,fluvial_scour,plus4K,87.6,0.1588
Satsunai,left,16.2,fluvial_scour,plus4K,87.8,0.1616
Satsunai,left,16.2,fluvial_scour,plus4K,88,0.1708
Satsunai,left,16.2,fluvial_scour,plus4K,88.2,0.1772
Satsunai,left,16.2,fluvial_scour,plus4K,88.4,0.1809
Satsunai,left,16.2,fluvial_scour,plus4K,88.6,0.1917
Satsunai,left,16.2,fluvial_scour,plus4K,88.8,0.1944
Satsunai,left,16.2,fluvial_scour,plus4K,89,0.2047
Satsunai,left,16.2,fluvial_scour,plus4K,89.2,0.2153
Satsunai,left,16.2,fluvial_scour,plus4K,89.4,0.2307
Satsunai,left,16.2,fluvial_scour,plus4K,89.6,0.2463
Satsunai,left,16.4,fluvial_scour,historical,82,0
Satsunai,left,16.4,fluvial_scour,historical,82.2,0
Satsunai,left,16.4,fluvial_scour,historical,82.4,0
Satsunai,left,16.4,fluvial_scour,historical,82.6,0
Satsunai,left,16.4,fluvial_scour,historical,82.8,0
Satsunai,left,16.4,fluvial_scour,historical,83,0
Satsunai,left,16.4,fluvial_scour,historical,83.2,0
Satsunai,left,16.4,fluvial_scour,historical,83.4,0
Satsunai,left,16.4,fluvial_scour,historical,83.6,0
Satsunai,left,16.4,fluvial_scour,historical,83.8,0
Satsunai,left,16.4,fluvial_scour,historical,84,0
Satsunai,left,16.4,fluvial_scour,historical,84.2,0
Satsunai,left,16.4,fluvial_scour,historical,84.4,0
Satsunai,left,16.4,fluvial_scour,historical,84.6,0
Satsunai,left,16.4,fluvial_scour,historical,84.8,0
Satsunai,left,16.4,fluvial_scour,historical,85,0
Satsunai,left,16.4,fluvial_scour,historical,85.2,0
Satsunai,left,16.4,fluvial_scour,historical,85.4,0
Satsunai,left,16.4,fluvial_scour,historical,85.6,0
Satsunai,left,16.4,fluvial_scour,historical,85.8,0
Satsunai,left,16.4,fluvial_scour,historical,86,0
Satsunai,left,16.4,fluvial_scour,historical,86.2,0
Satsunai,left,16.4,fluvial_scour,historical,86.4,0
Satsunai,left,16.4,fluvial_scour,historical,86.6,0
Satsunai,left,16.4,fluvial_scour,historical,86.8,0
Satsunai,left,16.4,fluvial_scour,historical,87,0
Satsunai,left,16.4,fluvial_scour,historical,87.2,0
Satsunai,left,16.4,fluvial_scour,historical,87.4,0
Satsunai,left,16.4,fluvial_scour,historical,87.6,0.5635
Satsunai,left,16.4,fluvial_scour,historical,87.8,0.6091
Satsunai,left,16.4,fluvial_scour,historical,88,0.6433
Satsunai,left,16.4,fluvial_scour,historical,88.2,0.6748
Satsunai,left,16.4,fluvial_scour,historical,88.4,0.6966
Satsunai,left,16.4,fluvial_scour,historical,88.6,0.7008
Satsunai,left,16.4,fluvial_scour,historical,88.8,0.7187
Satsunai,left,16.4,fluvial_scour,historical,89,0.7231
Satsunai,left,16.4,fluvial_scour,historical,89.2,0.7371
Satsunai,left,16.4,fluvial_scour,historical,89.4,0.7389
Satsunai,left,16.4,fluvial_scour,historical,89.6,0.7539
Satsunai,left,16.4,fluvial_scour,historical,89.8,0.7555
Satsunai,left,16.4,fluvial_scour,historical,90,0.7705
Satsunai,left,16.4,fluvial_scour,historical,90.2,0.7719
Satsunai,left,16.4,fluvial_scour,historical,90.4,0.7739
Satsunai,left,16.4,fluvial_scour,historical,90.6,0.7832
Satsunai,left,16.4,fluvial_scour,historical,90.8,0.7848
Satsunai,left,16.4,fluvial_scour,historical,91,0.7929
Satsunai,left,16.4,fluvial_scour,plus4K,82,0
Satsunai,left,16.4,fluvial_scour,plus4K,82.2,0
Satsunai,left,16.4,fluvial_scour,plus4K,82.4,0
Satsunai,left,16.4,fluvial_scour,plus4K,82.6,0
Satsunai,left,16.4,fluvial_scour,plus4K,82.8,0
Satsunai,left,16.4,fluvial_scour,plus4K,83,0
Satsunai,left,16.4,fluvial_scour,plus4K,83.2,0
Satsunai,left,16.4,fluvial_scour,plus4K,83.4,0
Satsunai,left,16.4,fluvial_scour,plus4K,83.6,0
Satsunai,left,16.4,fluvial_scour,plus4K,83.8,0
Satsunai,left,16.4,fluvial_scour,plus4K,84,0
Satsunai,left,16.4,fluvial_scour,plus4K,84.2,0
Satsunai,left,16.4,fluvial_scour,plus4K,84.4,0
Satsunai,left,16.4,fluvial_scour,plus4K,84.6,0
Satsunai,left,16.4,fluvial_scour,plus4K,84.8,0
Satsunai,left,16.4,fluvial_scour,plus4K,85,0
Satsunai,left,16.4,fluvial_scour,plus4K,85.2,0
Satsunai,left,16.4,fluvial_scour,plus4K,85.4,0
Satsunai,left,16.4,fluvial_scour,plus4K,85.6,0
Satsunai,left,16.4,fluvial_scour,plus4K,85.8,0
Satsunai,left,16.4,fluvial_scour,plus4K,86,0
Satsunai,left,16.4,fluvial_scour,plus4K,86.2,0
Satsunai,left,16.4,fluvial_scour,plus4K,86.4,0
Satsunai,left,16.4,fluvial_scour,plus4K,86.6,0
Satsunai,left,16.4,fluvial_scour,plus4K,86.8,0
Satsunai,left,16.4,fluvial_scour,plus4K,87,0
Satsunai,left,16.4,fluvial_scour,plus4K,87.2,0
Satsunai,left,16.4,fluvial_scour,plus4K,87.4,0
Satsunai,left,16.4,fluvial_scour,plus4K,87.6,0.5635
Satsunai,left,16.4,fluvial_scour,plus4K,87.8,0.6091
Satsunai,left,16.4,fluvial_scour,plus4K,88,0.6433
Satsunai,left,16.4,fluvial_scour,plus4K,88.2,0.6748
Satsunai,left,16.4,fluvial_scour,plus4K,88.4,0.6966
Satsunai,left,16.4,fluvial_scour,plus4K,88.6,0.7008
Satsunai,left,16.4,fluvial_scour,plus4K,88.8,0.7187
Satsunai,left,16.4,fluvial_scour,plus4K,89,0.7231
Satsunai,left,16.4,fluvial_scour,plus4K,89.2,0.7371
Satsunai,left,16.4,fluvial_scour,plus4K,89.4,0.7389
Satsunai,left,16.4,fluvial_scour,plus4K,89.6,0.7539
Satsunai,left,16.4,fluvial_scour,plus4K,89.8,0.7555
Satsunai,left,16.4,fluvial_scour,plus4K,90,0.7705
Satsunai,left,16.4,fluvial_scour,plus4K,90.2,0.7719
Satsunai,left,16.4,fluvial_scour,plus4K,90.4,0.7739
Satsunai,left,16.4,fluvial_scour,plus4K,90.6,0.7832
Satsunai,left,16.4,fluvial_scour,plus4K,90.8,0.7848
Satsunai,left,16.4,fluvial_scour,plus4K,91,0.7929
Satsunai,left,16.6,fluvial_scour,historical,82.6,0
Satsunai,left,16.6,fluvial_scour,historical,82.8,0
Satsunai,left,16.6,fluvial_scour,historical,83,0
Satsunai,left,16.6,fluvial_scour,historical,83.2,0
Satsunai,left,16.6,fluvial_scour,historical,83.4,0
Satsunai,left,16.6,fluvial_scour,historical,83.6,0
Satsunai,left,16.6,fluvial_scour,historical,83.8,0
Satsunai,left,16.6,fluvial_scour,historical,84,0
Satsunai,left,16.6,fluvial_scour,historical,84.2,0
Satsunai,left,16.6,fluvial_scour,historical,84.4,0
Satsunai,left,16.6,fluvial_scour,historical,84.6,0
Satsunai,left,16.6,fluvial_scour,historical,84.8,0.0035
Satsunai,left,16.6,fluvial_scour,historical,85,0.0131
Satsunai,left,16.6,fluvial_scour,historical,85.2,0.0249
Satsunai,left,16.6,fluvial_scour,historical,85.4,0.0388
Satsunai,left,16.6,fluvial_scour,historical,85.6,0.0553
Satsunai,left,16.6,fluvial_scour,historical,85.8,0.0761
Satsunai,left,16.6,fluvial_scour,historical,86,0.1013
Satsunai,left,16.6,fluvial_scour,historical,86.2,0.1366
Satsunai,left,16.6,fluvial_scour,historical,86.4,0.1869
Satsunai,left,16.6,fluvial_scour,historical,86.6,0.2297
Satsunai,left,16.6,fluvial_scour,historical,86.8,0.2776
Satsunai,left,16.6,fluvial_scour,historical,87,0.3341
Satsunai,left,16.6,fluvial_scour,historical,87.2,0.3922
Satsunai,left,16.6,fluvial_scour,historical,87.4,0.4527
Satsunai,left,16.6,fluvial_scour,historical,87.6,0.5193
Satsunai,left,16.6,fluvial_scour,historical,87.8,0.5742
Satsunai,left,16.6,fluvial_scour,historical,88,0.6153
Satsunai,left,16.6,fluvial_scour,historical,88.2,0.6419
Satsunai,left,16.6,fluvial_scour,historical,88.4,0.6737
Satsunai,left,16.6,fluvial_scour,historical,88.6,0.6833
Satsunai,left,16.6,fluvial_scour,historical,88.8,0.7054
Satsunai,left,16.6,fluvial_scour,historical,89,0.7117
Satsunai,left,16.6,fluvial_scour,historical,89.2,0.7316
Satsunai,left,16.6,fluvial_scour,historical,89.4,0.7371
Satsunai,left,16.6,fluvial_scour,historical,89.6,0.7489
Satsunai,left,16.6,fluvial_scour,historical,89.8,0.7561
Satsunai,left,16.6,fluvial_scour,historical,90,0.766
Satsunai,left,16.6,fluvial_scour,historical,90.2,0.7816
Satsunai,left,16.6,fluvial_scour,historical,90.4,0.7899
Satsunai,left,16.6,fluvial_scour,historical,90.6,0.8037
Satsunai,left,16.6,fluvial_scour,historical,90.8,0.8156
Satsunai,left,16.6,fluvial_scour,historical,91,0.828
Satsunai,left,16.6,fluvial_scour,historical,91.2,0.8404
Satsunai,left,16.6,fluvial_scour,historical,91.4,0.8482
Satsunai,left,16.6,fluvial_scour,historical,91.6,0.8539
Satsunai,left,16.6,fluvial_scour,plus4K,82.6,0
Satsunai,left,16.6,fluvial_scour,plus4K,82.8,0
Satsunai,left,16.6,fluvial_scour,plus4K,83,0
Satsunai,left,16.6,fluvial_scour,plus4K,83.2,0
Satsunai,left,16.6,fluvial_scour,plus4K,83.4,0
Satsunai,left,16.6,fluvial_scour,plus4K,83.6,0
Satsunai,left,16.6,fluvial_scour,plus4K,83.8,0
Satsunai,left,16.6,fluvial_scour,plus4K,84,0
Satsunai,left,16.6,fluvial_scour,plus4K,84.2,0
Satsunai,left,16.6,fluvial_scour,plus4K,84.4,0
Satsunai,left,16.6,fluvial_scour,plus4K,84.6,0
Satsunai,left,16.6,fluvial_scour,plus4K,84.8,0.0035
Satsunai,left,16.6,fluvial_scour,plus4K,85,0.0131
Satsunai,left,16.6,fluvial_scour,plus4K,85.2,0.0249
Satsunai,left,16.6,fluvial_scour,plus4K,85.4,0.0388
Satsunai,left,16.6,fluvial_scour,plus4K,85.6,0.0553
Satsunai,left,16.6,fluvial_scour,plus4K,85.8,0.0761
Satsunai,left,16.6,fluvial_scour,plus4K,86,0.1013
Satsunai,left,16.6,fluvial_scour,plus4K,86.2,0.1366
Satsunai,left,16.6,fluvial_scour,plus4K,86.4,0.1869
Satsunai,left,16.6,fluvial_scour,plus4K,86.6,0.2297
Satsunai,left,16.6,fluvial_scour,plus4K,86.8,0.2776
Satsunai,left,16.6,fluvial_scour,plus4K,87,0.3341
Satsunai,left,16.6,fluvial_scour,plus4K,87.2,0.3922
Satsunai,left,16.6,fluvial_scour,plus4K,87.4,0.4527
Satsunai,left,16.6,fluvial_scour,plus4K,87.6,0.5193
Satsunai,left,16.6,fluvial_scour,plus4K,87.8,0.5742
Satsunai,left,16.6,fluvial_scour,plus4K,88,0.6153
Satsunai,left,16.6,fluvial_scour,plus4K,88.2,0.6419
Satsunai,left,16.6,fluvial_scour,plus4K,88.4,0.6737
Satsunai,left,16.6,fluvial_scour,plus4K,88.6,0.6833
Satsunai,left,16.6,fluvial_scour,plus4K,88.8,0.7054
Satsunai,left,16.6,fluvial_scour,plus4K,89,0.7117
Satsunai,left,16.6,fluvial_scour,plus4K,89.2,0.7316
Satsunai,left,16.6,fluvial_scour,plus4K,89.4,0.7371
Satsunai,left,16.6,fluvial_scour,plus4K,89.6,0.7489
Satsunai,left,16.6,fluvial_scour,plus4K,89.8,0.7561
Satsunai,left,16.6,fluvial_scour,plus4K,90,0.766
Satsunai,left,16.6,fluvial_scour,plus4K,90.2,0.7816
Satsunai,left,16.6,fluvial_scour,plus4K,90.4,0.7899
Satsunai,left,16.6,fluvial_scour,plus4K,90.6,0.8037
Satsunai,left,16.6,fluvial_scour,plus4K,90.8,0.8156
Satsunai,left,16.6,fluvial_scour,plus4K,91,0.828
Satsunai,left,16.6,fluvial_scour,plus4K,91.2,0.8404
Satsunai,left,16.6,fluvial_scour,plus4K,91.4,0.8482
Satsunai,left,16.6,fluvial_scour,plus4K,91.6,0.8539
Tokachi,right,53.8,fluvial_scour,historical,30.8,0
Tokachi,right,53.8,fluvial_scour,historical,31,0
Tokachi,right,53.8,fluvial_scour,historical,31.2,0
Tokachi,right,53.8,fluvial_scour,historical,31.4,0
Tokachi,right,53.8,fluvial_scour,historical,31.6,0
Tokachi,right,53.8,fluvial_scour,historical,31.8,0
Tokachi,right,53.8,fluvial_scour,historical,32,0
Tokachi,right,53.8,fluvial_scour,historical,32.2,0
Tokachi,right,53.8,fluvial_scour,historical,32.4,0
Tokachi,right,53.8,fluvial_scour,historical,32.6,0
Tokachi,right,53.8,fluvial_scour,historical,32.8,0
Tokachi,right,53.8,fluvial_scour,historical,33,0
Tokachi,right,53.8,fluvial_scour,historical,33.2,0
Tokachi,right,53.8,fluvial_scour,historical,33.4,0
Tokachi,right,53.8,fluvial_scour,historical,33.6,0
Tokachi,right,53.8,fluvial_scour,historical,33.8,0
Tokachi,right,53.8,fluvial_scour,historical,34,0.0001
Tokachi,right,53.8,fluvial_scour,historical,34.2,0.0001
Tokachi,right,53.8,fluvial_scour,historical,34.4,0.0032
Tokachi,right,53.8,fluvial_scour,historical,34.6,0.0053
Tokachi,right,53.8,fluvial_scour,historical,34.8,0.0071
Tokachi,right,53.8,fluvial_scour,historical,35,0.0093
Tokachi,right,53.8,fluvial_scour,historical,35.2,0.0128
Tokachi,right,53.8,fluvial_scour,historical,35.4,0.0154
Tokachi,right,53.8,fluvial_scour,historical,35.6,0.0185
Tokachi,right,53.8,fluvial_scour,historical,35.8,0.0218
Tokachi,right,53.8,fluvial_scour,historical,36,0.0251
Tokachi,right,53.8,fluvial_scour,historical,36.2,0.0287
Tokachi,right,53.8,fluvial_scour,historical,36.4,0.0324
Tokachi,right,53.8,fluvial_scour,historical,36.6,0.0364
Tokachi,right,53.8,fluvial_scour,historical,36.8,0.0403
Tokachi,right,53.8,fluvial_scour,historical,37,0.0456
Tokachi,right,53.8,fluvial_scour,historical,37.2,0.0511
Tokachi,right,53.8,fluvial_scour,historical,37.4,0.0558
Tokachi,right,53.8,fluvial_scour,historical,37.6,0.0592
Tokachi,right,53.8,fluvial_scour,historical,37.8,0.0631
Tokachi,right,53.8,fluvial_scour,historical,38,0.0653
Tokachi,right,53.8,fluvial_scour,historical,38.2,0.0688
Tokachi,right,53.8,fluvial_scour,historical,38.4,0.071
Tokachi,right,53.8,fluvial_scour,historical,38.6,0.0727
Tokachi,right,53.8,fluvial_scour,historical,38.8,0.075
Tokachi,right,53.8,fluvial_scour,historical,39,0.0768
Tokachi,right,53.8,fluvial_scour,historical,39.2,0.0805
Tokachi,right,53.8,fluvial_scour,historical,39.4,0.0822
Tokachi,right,53.8,fluvial_scour,plus4K,30.8,0
Tokachi,right,53.8,fluvial_scour,plus4K,31,0
Tokachi,right,53.8,fluvial_scour,plus4K,31.2,0
Tokachi,right,53.8,fluvial_scour,plus4K,31.4,0
Tokachi,right,53.8,fluvial_scour,plus4K,31.6,0
Tokachi,right,53.8,fluvial_scour,plus4K,31.8,0
Tokachi,right,53.8,fluvial_scour,plus4K,32,0
Tokachi,right,53.8,fluvial_scour,plus4K,32.2,0
Tokachi,right,53.8,fluvial_scour,plus4K,32.4,0
Tokachi,right,53.8,fluvial_scour,plus4K,32.6,0
Tokachi,right,53.8,fluvial_scour,plus4K,32.8,0
Tokachi,right,53.8,fluvial_scour,plus4K,33,0
Tokachi,right,53.8,fluvial_scour,plus4K,33.2,0
Tokachi,right,53.8,fluvial_scour,plus4K,33.4,0
Tokachi,right,53.8,fluvial_scour,plus4K,33.6,0
Tokachi,right,53.8,fluvial_scour,plus4K,33.8,0
Tokachi,right,53.8,fluvial_scour,plus4K,34,0.0001
Tokachi,right,53.8,fluvial_scour,plus4K,34.2,0.0001
Tokachi,right,53.8,fluvial_scour,plus4K,34.4,0.0032
Tokachi,right,53.8,fluvial_scour,plus4K,34.6,0.0053
Tokachi,right,53.8,fluvial_scour,plus4K,34.8,0.0071
Tokachi,right,53.8,fluvial_scour,plus4K,35,0.0093
Tokachi,right,53.8,fluvial_scour,plus4K,35.2,0.0128
Tokachi,right,53.8,fluvial_scour,plus4K,35.4,0.0154
Tokachi,right,53.8,fluvial_scour,plus4K,35.6,0.0185
Tokachi,right,53.8,fluvial_scour,plus4K,35.8,0.0218
Tokachi,right,53.8,fluvial_scour,plus4K,36,0.0251
Tokachi,right,53.8,fluvial_scour,plus4K,36.2,0.0287
Tokachi,right,53.8,fluvial_scour,plus4K,36.4,0.0324
Tokachi,right,53.8,fluvial_scour,plus4K,36.6,0.0364
Tokachi,right,53.8,fluvial_scour,plus4K,36.8,0.0403
Tokachi,right,53.8,fluvial_scour,plus4K,37,0.0456
Tokachi,right,53.8,fluvial_scour,plus4K,37.2,0.0511
Tokachi,right,53.8,fluvial_scour,plus4K,37.4,0.0558
Tokachi,right,53.8,fluvial_scour,plus4K,37.6,0.0592
Tokachi,right,53.8,fluvial_scour,plus4K,37.8,0.0631
Tokachi,right,53.8,fluvial_scour,plus4K,38,0.0653
Tokachi,right,53.8,fluvial_scour,plus4K,38.2,0.0688
Tokachi,right,53.8,fluvial_scour,plus4K,38.4,0.071
Tokachi,right,53.8,fluvial_scour,plus4K,38.6,0.0727
Tokachi,right,53.8,fluvial_scour,plus4K,38.8,0.075
Tokachi,right,53.8,fluvial_scour,plus4K,39,0.0768
Tokachi,right,53.8,fluvial_scour,plus4K,39.2,0.0805
Tokachi,right,53.8,fluvial_scour,plus4K,39.4,0.0822
Tokachi,right,54,fluvial_scour,historical,31.2,0
Tokachi,right,54,fluvial_scour,historical,31.4,0
Tokachi,right,54,fluvial_scour,historical,31.6,0
Tokachi,right,54,fluvial_scour,historical,31.8,0
Tokachi,right,54,fluvial_scour,historical,32,0
Tokachi,right,54,fluvial_scour,historical,32.2,0
Tokachi,right,54,fluvial_scour,historical,32.4,0
Tokachi,right,54,fluvial_scour,historical,32.6,0
Tokachi,right,54,fluvial_scour,historical,32.8,0
Tokachi,right,54,fluvial_scour,historical,33,0
Tokachi,right,54,fluvial_scour,historical,33.2,0
Tokachi,right,54,fluvial_scour,historical,33.4,0
Tokachi,right,54,fluvial_scour,historical,33.6,0
Tokachi,right,54,fluvial_scour,historical,33.8,0
Tokachi,right,54,fluvial_scour,historical,34,0
Tokachi,right,54,fluvial_scour,historical,34.2,0
Tokachi,right,54,fluvial_scour,historical,34.4,0.0003
Tokachi,right,54,fluvial_scour,historical,34.6,0.0009
Tokachi,right,54,fluvial_scour,historical,34.8,0.0067
Tokachi,right,54,fluvial_scour,historical,35,0.0089
Tokachi,right,54,fluvial_scour,historical,35.2,0.0121
Tokachi,right,54,fluvial_scour,historical,35.4,0.0155
Tokachi,right,54,fluvial_scour,historical,35.6,0.0201
Tokachi,right,54,fluvial_scour,historical,35.8,0.0254
Tokachi,right,54,fluvial_scour,historical,36,0.0304
Tokachi,right,54,fluvial_scour,historical,36.2,0.0364
Tokachi,right,54,fluvial_scour,historical,36.4,0.0428
Tokachi,right,54,fluvial_scour,historical,36.6,0.0479
Tokachi,right,54,fluvial_scour,historical,36.8,0.0532
Tokachi,right,54,fluvial_scour,historical,37,0.0602
Tokachi,right,54,fluvial_scour,historical,37.2,0.0665
Tokachi,right,54,fluvial_scour,historical,37.4,0.0742
Tokachi,right,54,fluvial_scour,historical,37.6,0.0798
Tokachi,right,54,fluvial_scour,historical,37.8,0.0858
Tokachi,right,54,fluvial_scour,historical,38,0.0882
Tokachi,right,54,fluvial_scour,historical,38.2,0.0925
Tokachi,right,54,fluvial_scour,historical,38.4,0.0944
Tokachi,right,54,fluvial_scour,historical,38.6,0.0991
Tokachi,right,54,fluvial_scour,historical,38.8,0.1012
Tokachi,right,54,fluvial_scour,historical,39,0.105
Tokachi,right,54,fluvial_scour,historical,39.2,0.1078
Tokachi,right,54,fluvial_scour,historical,39.4,0.1099
Tokachi,right,54,fluvial_scour,plus4K,31.2,0
Tokachi,right,54,fluvial_scour,plus4K,31.4,0
Tokachi,right,54,fluvial_scour,plus4K,31.6,0
Tokachi,right,54,fluvial_scour,plus4K,31.8,0
Tokachi,right,54,fluvial_scour,plus4K,32,0
Tokachi,right,54,fluvial_scour,plus4K,32.2,0
Tokachi,right,54,fluvial_scour,plus4K,32.4,0
Tokachi,right,54,fluvial_scour,plus4K,32.6,0
Tokachi,right,54,fluvial_scour,plus4K,32.8,0
Tokachi,right,54,fluvial_scour,plus4K,33,0
Tokachi,right,54,fluvial_scour,plus4K,33.2,0
Tokachi,right,54,fluvial_scour,plus4K,33.4,0
Tokachi,right,54,fluvial_scour,plus4K,33.6,0
Tokachi,right,54,fluvial_scour,plus4K,33.8,0
Tokachi,right,54,fluvial_scour,plus4K,34,0
Tokachi,right,54,fluvial_scour,plus4K,34.2,0
Tokachi,right,54,fluvial_scour,plus4K,34.4,0.0003
Tokachi,right,54,fluvial_scour,plus4K,34.6,0.0009
Tokachi,right,54,fluvial_scour,plus4K,34.8,0.0067
Tokachi,right,54,fluvial_scour,plus4K,35,0.0089
Tokachi,right,54,fluvial_scour,plus4K,35.2,0.0121
Tokachi,right,54,fluvial_scour,plus4K,35.4,0.0155
Tokachi,right,54,fluvial_scour,plus4K,35.6,0.0201
Tokachi,right,54,fluvial_scour,plus4K,35.8,0.0254
Tokachi,right,54,fluvial_scour,plus4K,36,0.0304
Tokachi,right,54,fluvial_scour,plus4K,36.2,0.0364
Tokachi,right,54,fluvial_scour,plus4K,36.4,0.0428
Tokachi,right,54,fluvial_scour,plus4K,36.6,0.0479
Tokachi,right,54,fluvial_scour,plus4K,36.8,0.0532
Tokachi,right,54,fluvial_scour,plus4K,37,0.0602
Tokachi,right,54,fluvial_scour,plus4K,37.2,0.0665
Tokachi,right,54,fluvial_scour,plus4K,37.4,0.0742
Tokachi,right,54,fluvial_scour,plus4K,37.6,0.0798
Tokachi,right,54,fluvial_scour,plus4K,37.8,0.0858
Tokachi,right,54,fluvial_scour,plus4K,38,0.0882
Tokachi,right,54,fluvial_scour,plus4K,38.2,0.0925
Tokachi,right,54,fluvial_scour,plus4K,38.4,0.0944
Tokachi,right,54,fluvial_scour,plus4K,38.6,0.0991
Tokachi,right,54,fluvial_scour,plus4K,38.8,0.1012
Tokachi,right,54,fluvial_scour,plus4K,39,0.105
Tokachi,right,54,fluvial_scour,plus4K,39.2,0.1078
Tokachi,right,54,fluvial_scour,plus4K,39.4,0.1099
Tokachi,right,54.2,fluvial_scour,historical,31.8,0
Tokachi,right,54.2,fluvial_scour,historical,32,0
Tokachi,right,54.2,fluvial_scour,historical,32.2,0
Tokachi,right,54.2,fluvial_scour,historical,32.4,0
Tokachi,right,54.2,fluvial_scour,historical,32.6,0
Tokachi,right,54.2,fluvial_scour,historical,32.8,0
Tokachi,right,54.2,fluvial_scour,historical,33,0
Tokachi,right,54.2,fluvial_scour,historical,33.2,0
Tokachi,right,54.2,fluvial_scour,historical,33.4,0
Tokachi,right,54.2,fluvial_scour,historical,33.6,0
Tokachi,right,54.2,fluvial_scour,historical,33.8,0
Tokachi,right,54.2,fluvial_scour,historical,34,0
Tokachi,right,54.2,fluvial_scour,historical,34.2,0
Tokachi,right,54.2,fluvial_scour,historical,34.4,0
Tokachi,right,54.2,fluvial_scour,historical,34.6,0.0001
Tokachi,right,54.2,fluvial_scour,historical,34.8,0.0001
Tokachi,right,54.2,fluvial_scour,historical,35,0.0003
Tokachi,right,54.2,fluvial_scour,historical,35.2,0.0007
Tokachi,right,54.2,fluvial_scour,historical,35.4,0.0012
Tokachi,right,54.2,fluvial_scour,historical,35.6,0.0024
Tokachi,right,54.2,fluvial_scour,historical,35.8,0.0075
Tokachi,right,54.2,fluvial_scour,historical,36,0.011
Tokachi,right,54.2,fluvial_scour,historical,36.2,0.0137
Tokachi,right,54.2,fluvial_scour,historical,36.4,0.0161
Tokachi,right,54.2,fluvial_scour,historical,36.6,0.0208
Tokachi,right,54.2,fluvial_scour,historical,36.8,0.0242
Tokachi,right,54.2,fluvial_scour,historical,37,0.029
Tokachi,right,54.2,fluvial_scour,historical,37.2,0.0343
Tokachi,right,54.2,fluvial_scour,historical,37.4,0.0387
Tokachi,right,54.2,fluvial_scour,historical,37.6,0.0439
Tokachi,right,54.2,fluvial_scour,historical,37.8,0.0492
Tokachi,right,54.2,fluvial_scour,historical,38,0.0558
Tokachi,right,54.2,fluvial_scour,historical,38.2,0.0603
Tokachi,right,54.2,fluvial_scour,historical,38.4,0.0631
Tokachi,right,54.2,fluvial_scour,historical,38.6,0.0662
Tokachi,right,54.2,fluvial_scour,historical,38.8,0.0689
Tokachi,right,54.2,fluvial_scour,historical,39,0.0721
Tokachi,right,54.2,fluvial_scour,historical,39.2,0.0741
Tokachi,right,54.2,fluvial_scour,historical,39.4,0.078
Tokachi,right,54.2,fluvial_scour,historical,39.6,0.0798
Tokachi,right,54.2,fluvial_scour,historical,39.8,0.0815
Tokachi,right,54.2,fluvial_scour,plus4K,31.8,0
Tokachi,right,54.2,fluvial_scour,plus4K,32,0
Tokachi,right,54.2,fluvial_scour,plus4K,32.2,0
Tokachi,right,54.2,fluvial_scour,plus4K,32.4,0
Tokachi,right,54.2,fluvial_scour,plus4K,32.6,0
Tokachi,right,54.2,fluvial_scour,plus4K,32.8,0
Tokachi,right,54.2,fluvial_scour,plus4K,33,0
Tokachi,right,54.2,fluvial_scour,plus4K,33.2,0
Tokachi,right,54.2,fluvial_scour,plus4K,33.4,0
Tokachi,right,54.2,fluvial_scour,plus4K,33.6,0
Tokachi,right,54.2,fluvial_scour,plus4K,33.8,0
Tokachi,right,54.2,fluvial_scour,plus4K,34,0
Tokachi,right,54.2,fluvial_scour,plus4K,34.2,0
Tokachi,right,54.2,fluvial_scour,plus4K,34.4,0
Tokachi,right,54.2,fluvial_scour,plus4K,34.6,0.0001
Tokachi,right,54.2,fluvial_scour,plus4K,34.8,0.0001
Tokachi,right,54.2,fluvial_scour,plus4K,35,0.0003
Tokachi,right,54.2,fluvial_scour,plus4K,35.2,0.0007
Tokachi,right,54.2,fluvial_scour,plus4K,35.4,0.0012
Tokachi,right,54.2,fluvial_scour,plus4K,35.6,0.0024
Tokachi,right,54.2,fluvial_scour,plus4K,35.8,0.0075
Tokachi,right,54.2,fluvial_scour,plus4K,36,0.011
Tokachi,right,54.2,fluvial_scour,plus4K,36.2,0.0137
Tokachi,right,54.2,fluvial_scour,plus4K,36.4,0.0161
Tokachi,right,54.2,fluvial_scour,plus4K,36.6,0.0208
Tokachi,right,54.2,fluvial_scour,plus4K,36.8,0.0242
Tokachi,right,54.2,fluvial_scour,plus4K,37,0.029
Tokachi,right,54.2,fluvial_scour,plus4K,37.2,0.0343
Tokachi,right,54.2,fluvial_scour,plus4K,37.4,0.0387
Tokachi,right,54.2,fluvial_scour,plus4K,37.6,0.0439
Tokachi,right,54.2,fluvial_scour,plus4K,37.8,0.0492
Tokachi,right,54.2,fluvial_scour,plus4K,38,0.0558
Tokachi,right,54.2,fluvial_scour,plus4K,38.2,0.0603
Tokachi,right,54.2,fluvial_scour,plus4K,38.4,0.0631
Tokachi,right,54.2,fluvial_scour,plus4K,38.6,0.0662
Tokachi,right,54.2,fluvial_scour,plus4K,38.8,0.0689
Tokachi,right,54.2,fluvial_scour,plus4K,39,0.0721
Tokachi,right,54.2,fluvial_scour,plus4K,39.2,0.0741
Tokachi,right,54.2,fluvial_scour,plus4K,39.4,0.078
Tokachi,right,54.2,fluvial_scour,plus4K,39.6,0.0798
Tokachi,right,54.2,fluvial_scour,plus4K,39.8,0.0815
Tokachi,right,54.4,fluvial_scour,historical,32.2,0
Tokachi,right,54.4,fluvial_scour,historical,32.4,0
Tokachi,right,54.4,fluvial_scour,historical,32.6,0
Tokachi,right,54.4,fluvial_scour,historical,32.8,0
Tokachi,right,54.4,fluvial_scour,historical,33,0
Tokachi,right,54.4,fluvial_scour,historical,33.2,0
Tokachi,right,54.4,fluvial_scour,historical,33.4,0
Tokachi,right,54.4,fluvial_scour,historical,33.6,0
Tokachi,right,54.4,fluvial_scour,historical,33.8,0
Tokachi,right,54.4,fluvial_scour,historical,34,0
Tokachi,right,54.4,fluvial_scour,historical,34.2,0
Tokachi,right,54.4,fluvial_scour,historical,34.4,0
Tokachi,right,54.4,fluvial_scour,historical,34.6,0.0001
Tokachi,right,54.4,fluvial_scour,historical,34.8,0.0006
Tokachi,right,54.4,fluvial_scour,historical,35,0.0011
Tokachi,right,54.4,fluvial_scour,historical,35.2,0.0018
Tokachi,right,54.4,fluvial_scour,historical,35.4,0.0032
Tokachi,right,54.4,fluvial_scour,historical,35.6,0.0046
Tokachi,right,54.4,fluvial_scour,historical,35.8,0.0062
Tokachi,right,54.4,fluvial_scour,historical,36,0.0091
Tokachi,right,54.4,fluvial_scour,historical,36.2,0.0131
Tokachi,right,54.4,fluvial_scour,historical,36.4,0.0161
Tokachi,right,54.4,fluvial_scour,historical,36.6,0.0188
Tokachi,right,54.4,fluvial_scour,historical,36.8,0.0237
Tokachi,right,54.4,fluvial_scour,historical,37,0.0282
Tokachi,right,54.4,fluvial_scour,historical,37.2,0.0329
Tokachi,right,54.4,fluvial_scour,historical,37.4,0.037
Tokachi,right,54.4,fluvial_scour,historical,37.6,0.0418
Tokachi,right,54.4,fluvial_scour,historical,37.8,0.0473
Tokachi,right,54.4,fluvial_scour,historical,38,0.0526
Tokachi,right,54.4,fluvial_scour,historical,38.2,0.058
Tokachi,right,54.4,fluvial_scour,historical,38.4,0.0635
Tokachi,right,54.4,fluvial_scour,historical,38.6,0.0664
Tokachi,right,54.4,fluvial_scour,historical,38.8,0.0705
Tokachi,right,54.4,fluvial_scour,historical,39,0.0734
Tokachi,right,54.4,fluvial_scour,historical,39.2,0.0764
Tokachi,right,54.4,fluvial_scour,historical,39.4,0.0783
Tokachi,right,54.4,fluvial_scour,historical,39.6,0.0808
Tokachi,right,54.4,fluvial_scour,historical,39.8,0.083
Tokachi,right,54.4,fluvial_scour,historical,40,0.0844
Tokachi,right,54.4,fluvial_scour,plus4K,32.2,0
Tokachi,right,54.4,fluvial_scour,plus4K,32.4,0
Tokachi,right,54.4,fluvial_scour,plus4K,32.6,0
Tokachi,right,54.4,fluvial_scour,plus4K,32.8,0
Tokachi,right,54.4,fluvial_scour,plus4K,33,0
Tokachi,right,54.4,fluvial_scour,plus4K,33.2,0
Tokachi,right,54.4,fluvial_scour,plus4K,33.4,0
Tokachi,right,54.4,fluvial_scour,plus4K,33.6,0
Tokachi,right,54.4,fluvial_scour,plus4K,33.8,0
Tokachi,right,54.4,fluvial_scour,plus4K,34,0
Tokachi,right,54.4,fluvial_scour,plus4K,34.2,0
Tokachi,right,54.4,fluvial_scour,plus4K,34.4,0
Tokachi,right,54.4,fluvial_scour,plus4K,34.6,0.0001
Tokachi,right,54.4,fluvial_scour,plus4K,34.8,0.0006
Tokachi,right,54.4,fluvial_scour,plus4K,35,0.0011
Tokachi,right,54.4,fluvial_scour,plus4K,35.2,0.0018
Tokachi,right,54.4,fluvial_scour,plus4K,35.4,0.0032
Tokachi,right,54.4,fluvial_scour,plus4K,35.6,0.0046
Tokachi,right,54.4,fluvial_scour,plus4K,35.8,0.0062
Tokachi,right,54.4,fluvial_scour,plus4K,36,0.0091
Tokachi,right,54.4,fluvial_scour,plus4K,36.2,0.0131
Tokachi,right,54.4,fluvial_scour,plus4K,36.4,0.0161
Tokachi,right,54.4,fluvial_scour,plus4K,36.6,0.0188
Tokachi,right,54.4,fluvial_scour,plus4K,36.8,0.0237
Tokachi,right,54.4,fluvial_scour,plus4K,37,0.0282
Tokachi,right,54.4,fluvial_scour,plus4K,37.2,0.0329
Tokachi,right,54.4,fluvial_scour,plus4K,37.4,0.037
Tokachi,right,54.4,fluvial_scour,plus4K,37.6,0.0418
Tokachi,right,54.4,fluvial_scour,plus4K,37.8,0.0473
Tokachi,right,54.4,fluvial_scour,plus4K,38,0.0526
Tokachi,right,54.4,fluvial_scour,plus4K,38.2,0.058
Tokachi,right,54.4,fluvial_scour,plus4K,38.4,0.0635
Tokachi,right,54.4,fluvial_scour,plus4K,38.6,0.0664
Tokachi,right,54.4,fluvial_scour,plus4K,38.8,0.0705
Tokachi,right,54.4,fluvial_scour,plus4K,39,0.0734
Tokachi,right,54.4,fluvial_scour,plus4K,39.2,0.0764
Tokachi,right,54.4,fluvial_scour,plus4K,39.4,0.0783
Tokachi,right,54.4,fluvial_scour,plus4K,39.6,0.0808
Tokachi,right,54.4,fluvial_scour,plus4K,39.8,0.083
Tokachi,right,54.4,fluvial_scour,plus4K,40,0.0844
Tokachi,right,54.6,fluvial_scour,historical,32.4,0
Tokachi,right,54.6,fluvial_scour,historical,32.6,0
Tokachi,right,54.6,fluvial_scour,historical,32.8,0
Tokachi,right,54.6,fluvial_scour,historical,33,0
Tokachi,right,54.6,fluvial_scour,historical,33.2,0
Tokachi,right,54.6,fluvial_scour,historical,33.4,0
Tokachi,right,54.6,fluvial_scour,historical,33.6,0
Tokachi,right,54.6,fluvial_scour,historical,33.8,0
Tokachi,right,54.6,fluvial_scour,historical,34,0
Tokachi,right,54.6,fluvial_scour,historical,34.2,0
Tokachi,right,54.6,fluvial_scour,historical,34.4,0
Tokachi,right,54.6,fluvial_scour,historical,34.6,0
Tokachi,right,54.6,fluvial_scour,historical,34.8,0.0001
Tokachi,right,54.6,fluvial_scour,historical,35,0.0002
Tokachi,right,54.6,fluvial_scour,historical,35.2,0.0005
Tokachi,right,54.6,fluvial_scour,historical,35.4,0.0012
Tokachi,right,54.6,fluvial_scour,historical,35.6,0.0016
Tokachi,right,54.6,fluvial_scour,historical,35.8,0.0028
Tokachi,right,54.6,fluvial_scour,historical,36,0.0042
Tokachi,right,54.6,fluvial_scour,historical,36.2,0.0061
Tokachi,right,54.6,fluvial_scour,historical,36.4,0.0085
Tokachi,right,54.6,fluvial_scour,historical,36.6,0.0116
Tokachi,right,54.6,fluvial_scour,historical,36.8,0.0143
Tokachi,right,54.6,fluvial_scour,historical,37,0.0185
Tokachi,right,54.6,fluvial_scour,historical,37.2,0.0223
Tokachi,right,54.6,fluvial_scour,historical,37.4,0.0266
Tokachi,right,54.6,fluvial_scour,historical,37.6,0.0313
Tokachi,right,54.6,fluvial_scour,historical,37.8,0.0359
Tokachi,right,54.6,fluvial_scour,historical,38,0.0413
Tokachi,right,54.6,fluvial_scour,historical,38.2,0.0466
Tokachi,right,54.6,fluvial_scour,historical,38.4,0.0526
Tokachi,right,54.6,fluvial_scour,historical,38.6,0.058
Tokachi,right,54.6,fluvial_scour,historical,38.8,0.0627
Tokachi,right,54.6,fluvial_scour,historical,39,0.0659
Tokachi,right,54.6,fluvial_scour,historical,39.2,0.0689
Tokachi,right,54.6,fluvial_scour,historical,39.4,0.0721
Tokachi,right,54.6,fluvial_scour,historical,39.6,0.0741
Tokachi,right,54.6,fluvial_scour,historical,39.8,0.0757
Tokachi,right,54.6,fluvial_scour,historical,40,0.0788
Tokachi,right,54.6,fluvial_scour,historical,40.2,0.0807
Tokachi,right,54.6,fluvial_scour,historical,40.4,0.0832
Tokachi,right,54.6,fluvial_scour,plus4K,32.4,0
Tokachi,right,54.6,fluvial_scour,plus4K,32.6,0
Tokachi,right,54.6,fluvial_scour,plus4K,32.8,0
Tokachi,right,54.6,fluvial_scour,plus4K,33,0
Tokachi,right,54.6,fluvial_scour,plus4K,33.2,0
Tokachi,right,54.6,fluvial_scour,plus4K,33.4,0
Tokachi,right,54.6,fluvial_scour,plus4K,33.6,0
Tokachi,right,54.6,fluvial_scour,plus4K,33.8,0
Tokachi,right,54.6,fluvial_scour,plus4K,34,0
Tokachi,right,54.6,fluvial_scour,plus4K,34.2,0
Tokachi,right,54.6,fluvial_scour,plus4K,34.4,0
Tokachi,right,54.6,fluvial_scour,plus4K,34.6,0
Tokachi,right,54.6,fluvial_scour,plus4K,34.8,0.0001
Tokachi,right,54.6,fluvial_scour,plus4K,35,0.0002
Tokachi,right,54.6,fluvial_scour,plus4K,35.2,0.0005
Tokachi,right,54.6,fluvial_scour,plus4K,35.4,0.0012
Tokachi,right,54.6,fluvial_scour,plus4K,35.6,0.0016
Tokachi,right,54.6,fluvial_scour,plus4K,35.8,0.0028
Tokachi,right,54.6,fluvial_scour,plus4K,36,0.0042
Tokachi,right,54.6,fluvial_scour,plus4K,36.2,0.0061
Tokachi,right,54.6,fluvial_scour,plus4K,36.4,0.0085
Tokachi,right,54.6,fluvial_scour,plus4K,36.6,0.0116
Tokachi,right,54.6,fluvial_scour,plus4K,36.8,0.0143
Tokachi,right,54.6,fluvial_scour,plus4K,37,0.0185
Tokachi,right,54.6,fluvial_scour,plus4K,37.2,0.0223
Tokachi,right,54.6,fluvial_scour,plus4K,37.4,0.0266
Tokachi,right,54.6,fluvial_scour,plus4K,37.6,0.0313
Tokachi,right,54.6,fluvial_scour,plus4K,37.8,0.0359
Tokachi,right,54.6,fluvial_scour,plus4K,38,0.0413
Tokachi,right,54.6,fluvial_scour,plus4K,38.2,0.0466
Tokachi,right,54.6,fluvial_scour,plus4K,38.4,0.0526
Tokachi,right,54.6,fluvial_scour,plus4K,38.6,0.058
Tokachi,right,54.6,fluvial_scour,plus4K,38.8,0.0627
Tokachi,right,54.6,fluvial_scour,plus4K,39,0.0659
Tokachi,right,54.6,fluvial_scour,plus4K,39.2,0.0689
Tokachi,right,54.6,fluvial_scour,plus4K,39.4,0.0721
Tokachi,right,54.6,fluvial_scour,plus4K,39.6,0.0741
Tokachi,right,54.6,fluvial_scour,plus4K,39.8,0.0757
Tokachi,right,54.6,fluvial_scour,plus4K,40,0.0788
Tokachi,right,54.6,fluvial_scour,plus4K,40.2,0.0807
Tokachi,right,54.6,fluvial_scour,plus4K,40.4,0.0832
Tokachi,right,54.8,fluvial_scour,historical,32.6,0
Tokachi,right,54.8,fluvial_scour,historical,32.8,0
Tokachi,right,54.8,fluvial_scour,historical,33,0
Tokachi,right,54.8,fluvial_scour,historical,33.2,0
Tokachi,right,54.8,fluvial_scour,historical,33.4,0
Tokachi,right,54.8,fluvial_scour,historical,33.6,0
Tokachi,right,54.8,fluvial_scour,historical,33.8,0
Tokachi,right,54.8,fluvial_scour,historical,34,0
Tokachi,right,54.8,fluvial_scour,historical,34.2,0
Tokachi,right,54.8,fluvial_scour,historical,34.4,0
Tokachi,right,54.8,fluvial_scour,historical,34.6,0
Tokachi,right,54.8,fluvial_scour,historical,34.8,0
Tokachi,right,54.8,fluvial_scour,historical,35,0
Tokachi,right,54.8,fluvial_scour,historical,35.2,0.0004
Tokachi,right,54.8,fluvial_scour,historical,35.4,0.0007
Tokachi,right,54.8,fluvial_scour,historical,35.6,0.0009
Tokachi,right,54.8,fluvial_scour,historical,35.8,0.0014
Tokachi,right,54.8,fluvial_scour,historical,36,0.0026
Tokachi,right,54.8,fluvial_scour,historical,36.2,0.0042
Tokachi,right,54.8,fluvial_scour,historical,36.4,0.0058
Tokachi,right,54.8,fluvial_scour,historical,36.6,0.0089
Tokachi,right,54.8,fluvial_scour,historical,36.8,0.0134
Tokachi,right,54.8,fluvial_scour,historical,37,0.0174
Tokachi,right,54.8,fluvial_scour,historical,37.2,0.0219
Tokachi,right,54.8,fluvial_scour,historical,37.4,0.0265
Tokachi,right,54.8,fluvial_scour,historical,37.6,0.0308
Tokachi,right,54.8,fluvial_scour,historical,37.8,0.0361
Tokachi,right,54.8,fluvial_scour,historical,38,0.042
Tokachi,right,54.8,fluvial_scour,historical,38.2,0.0475
Tokachi,right,54.8,fluvial_scour,historical,38.4,0.0531
Tokachi,right,54.8,fluvial_scour,historical,38.6,0.0582
Tokachi,right,54.8,fluvial_scour,historical,38.8,0.0636
Tokachi,right,54.8,fluvial_scour,historical,39,0.0675
Tokachi,right,54.8,fluvial_scour,historical,39.2,0.0708
Tokachi,right,54.8,fluvial_scour,historical,39.4,0.074
Tokachi,right,54.8,fluvial_scour,historical,39.6,0.0791
Tokachi,right,54.8,fluvial_scour,historical,39.8,0.0814
Tokachi,right,54.8,fluvial_scour,historical,40,0.0833
Tokachi,right,54.8,fluvial_scour,historical,40.2,0.0862
Tokachi,right,54.8,fluvial_scour,historical,40.4,0.0874
Tokachi,right,54.8,fluvial_scour,historical,40.6,0.0901
Tokachi,right,54.8,fluvial_scour,plus4K,32.6,0
Tokachi,right,54.8,fluvial_scour,plus4K,32.8,0
Tokachi,right,54.8,fluvial_scour,plus4K,33,0
Tokachi,right,54.8,fluvial_scour,plus4K,33.2,0
Tokachi,right,54.8,fluvial_scour,plus4K,33.4,0
Tokachi,right,54.8,fluvial_scour,plus4K,33.6,0
Tokachi,right,54.8,fluvial_scour,plus4K,33.8,0
Tokachi,right,54.8,fluvial_scour,plus4K,34,0
Tokachi,right,54.8,fluvial_scour,plus4K,34.2,0
Tokachi,right,54.8,fluvial_scour,plus4K,34.4,0
Tokachi,right,54.8,fluvial_scour,plus4K,34.6,0
Tokachi,right,54.8,fluvial_scour,plus4K,34.8,0
Tokachi,right,54.8,fluvial_scour,plus4K,35,0
Tokachi,right,54.8,fluvial_scour,plus4K,35.2,0.0004
Tokachi,right,54.8,fluvial_scour,plus4K,35.4,0.0007
Tokachi,right,54.8,fluvial_scour,plus4K,35.6,0.0009
Tokachi,right,54.8,fluvial_scour,plus4K,35.8,0.0014
Tokachi,right,54.8,fluvial_scour,plus4K,36,0.0026
Tokachi,right,54.8,fluvial_scour,plus4K,36.2,0.0042
Tokachi,right,54.8,fluvial_scour,plus4K,36.4,0.0058
Tokachi,right,54.8,fluvial_scour,plus4K,36.6,0.0089
Tokachi,right,54.8,fluvial_scour,plus4K,36.8,0.0134
Tokachi,right,54.8,fluvial_scour,plus4K,37,0.0174
Tokachi,right,54.8,fluvial_scour,plus4K,37.2,0.0219
Tokachi,right,54.8,fluvial_scour,plus4K,37.4,0.0265
Tokachi,right,54.8,fluvial_scour,plus4K,37.6,0.0308
Tokachi,right,54.8,fluvial_scour,plus4K,37.8,0.0361
Tokachi,right,54.8,fluvial_scour,plus4K,38,0.042
Tokachi,right,54.8,fluvial_scour,plus4K,38.2,0.0475
Tokachi,right,54.8,fluvial_scour,plus4K,38.4,0.0531
Tokachi,right,54.8,fluvial_scour,plus4K,38.6,0.0582
Tokachi,right,54.8,fluvial_scour,plus4K,38.8,0.0636
Tokachi,right,54.8,fluvial_scour,plus4K,39,0.0675
Tokachi,right,54.8,fluvial_scour,plus4K,39.2,0.0708
Tokachi,right,54.8,fluvial_scour,plus4K,39.4,0.074
Tokachi,right,54.8,fluvial_scour,plus4K,39.6,0.0791
Tokachi,right,54.8,fluvial_scour,plus4K,39.8,0.0814
Tokachi,right,54.8,fluvial_scour,plus4K,40,0.0833
Tokachi,right,54.8,fluvial_scour,plus4K,40.2,0.0862
Tokachi,right,54.8,fluvial_scour,plus4K,40.4,0.0874
Tokachi,right,54.8,fluvial_scour,plus4K,40.6,0.0901
Tokachi,right,55,fluvial_scour,historical,33,0
Tokachi,right,55,fluvial_scour,historical,33.2,0
Tokachi,right,55,fluvial_scour,historical,33.4,0
Tokachi,right,55,fluvial_scour,historical,33.6,0
Tokachi,right,55,fluvial_scour,historical,33.8,0
Tokachi,right,55,fluvial_scour,historical,34,0
Tokachi,right,55,fluvial_scour,historical,34.2,0
Tokachi,right,55,fluvial_scour,historical,34.4,0
Tokachi,right,55,fluvial_scour,historical,34.6,0
Tokachi,right,55,fluvial_scour,historical,34.8,0
Tokachi,right,55,fluvial_scour,historical,35,0
Tokachi,right,55,fluvial_scour,historical,35.2,0
Tokachi,right,55,fluvial_scour,historical,35.4,0
Tokachi,right,55,fluvial_scour,historical,35.6,0.0004
Tokachi,right,55,fluvial_scour,historical,35.8,0.0008
Tokachi,right,55,fluvial_scour,historical,36,0.0018
Tokachi,right,55,fluvial_scour,historical,36.2,0.0023
Tokachi,right,55,fluvial_scour,historical,36.4,0.0039
Tokachi,right,55,fluvial_scour,historical,36.6,0.0058
Tokachi,right,55,fluvial_scour,historical,36.8,0.0085
Tokachi,right,55,fluvial_scour,historical,37,0.0123
Tokachi,right,55,fluvial_scour,historical,37.2,0.017
Tokachi,right,55,fluvial_scour,historical,37.4,0.0207
Tokachi,right,55,fluvial_scour,historical,37.6,0.024
Tokachi,right,55,fluvial_scour,historical,37.8,0.0283
Tokachi,right,55,fluvial_scour,historical,38,0.0329
Tokachi,right,55,fluvial_scour,historical,38.2,0.0378
Tokachi,right,55,fluvial_scour,historical,38.4,0.0431
Tokachi,right,55,fluvial_scour,historical,38.6,0.0481
Tokachi,right,55,fluvial_scour,historical,38.8,0.0523
Tokachi,right,55,fluvial_scour,historical,39,0.0575
Tokachi,right,55,fluvial_scour,historical,39.2,0.0637
Tokachi,right,55,fluvial_scour,historical,39.4,0.0686
Tokachi,right,55,fluvial_scour,historical,39.6,0.0719
Tokachi,right,55,fluvial_scour,historical,39.8,0.0743
Tokachi,right,55,fluvial_scour,historical,40,0.0777
Tokachi,right,55,fluvial_scour,historical,40.2,0.0806
Tokachi,right,55,fluvial_scour,historical,40.4,0.0819
Tokachi,right,55,fluvial_scour,historical,40.6,0.0845
Tokachi,right,55,fluvial_scour,historical,40.8,0.0859
Tokachi,right,55,fluvial_scour,historical,41,0.0887
Tokachi,right,55,fluvial_scour,plus4K,33,0
Tokachi,right,55,fluvial_scour,plus4K,33.2,0
Tokachi,right,55,fluvial_scour,plus4K,33.4,0
Tokachi,right,55,fluvial_scour,plus4K,33.6,0
Tokachi,right,55,fluvial_scour,plus4K,33.8,0
Tokachi,right,55,fluvial_scour,plus4K,34,0
Tokachi,right,55,fluvial_scour,plus4K,34.2,0
Tokachi,right,55,fluvial_scour,plus4K,34.4,0
Tokachi,right,55,fluvial_scour,plus4K,34.6,0
Tokachi,right,55,fluvial_scour,plus4K,34.8,0
Tokachi,right,55,fluvial_scour,plus4K,35,0
Tokachi,right,55,fluvial_scour,plus4K,35.2,0
Tokachi,right,55,fluvial_scour,plus4K,35.4,0
Tokachi,right,55,fluvial_scour,plus4K,35.6,0.0004
Tokachi,right,55,fluvial_scour,plus4K,35.8,0.0008
Tokachi,right,55,fluvial_scour,plus4K,36,0.0018
Tokachi,right,55,fluvial_scour,plus4K,36.2,0.0023
Tokachi,right,55,fluvial_scour,plus4K,36.4,0.0039
Tokachi,right,55,fluvial_scour,plus4K,36.6,0.0058
Tokachi,right,55,fluvial_scour,plus4K,36.8,0.0085
Tokachi,right,55,fluvial_scour,plus4K,37,0.0123
Tokachi,right,55,fluvial_scour,plus4K,37.2,0.017
Tokachi,right,55,fluvial_scour,plus4K,37.4,0.0207
Tokachi,right,55,fluvial_scour,plus4K,37.6,0.024
Tokachi,right,55,fluvial_scour,plus4K,37.8,0.0283
Tokachi,right,55,fluvial_scour,plus4K,38,0.0329
Tokachi,right,55,fluvial_scour,plus4K,38.2,0.0378
Tokachi,right,55,fluvial_scour,plus4K,38.4,0.0431
Tokachi,right,55,fluvial_scour,plus4K,38.6,0.0481
Tokachi,right,55,fluvial_scour,plus4K,38.8,0.0523
Tokachi,right,55,fluvial_scour,plus4K,39,0.0575
Tokachi,right,55,fluvial_scour,plus4K,39.2,0.0637
Tokachi,right,55,fluvial_scour,plus4K,39.4,0.0686
Tokachi,right,55,fluvial_scour,plus4K,39.6,0.0719
Tokachi,right,55,fluvial_scour,plus4K,39.8,0.0743
Tokachi,right,55,fluvial_scour,plus4K,40,0.0777
Tokachi,right,55,fluvial_scour,plus4K,40.2,0.0806
Tokachi,right,55,fluvial_scour,plus4K,40.4,0.0819
Tokachi,right,55,fluvial_scour,plus4K,40.6,0.0845
Tokachi,right,55,fluvial_scour,plus4K,40.8,0.0859
Tokachi,right,55,fluvial_scour,plus4K,41,0.0887
Tokachi,right,55.2,fluvial_scour,historical,33.4,0
Tokachi,right,55.2,fluvial_scour,historical,33.6,0
Tokachi,right,55.2,fluvial_scour,historical,33.8,0
Tokachi,right,55.2,fluvial_scour,historical,34,0
Tokachi,right,55.2,fluvial_scour,historical,34.2,0
Tokachi,right,55.2,fluvial_scour,historical,34.4,0
Tokachi,right,55.2,fluvial_scour,historical,34.6,0
Tokachi,right,55.2,fluvial_scour,historical,34.8,0
Tokachi,right,55.2,fluvial_scour,historical,35,0
Tokachi,right,55.2,fluvial_scour,historical,35.2,0
Tokachi,right,55.2,fluvial_scour,historical,35.4,0
Tokachi,right,55.2,fluvial_scour,historical,35.6,0
Tokachi,right,55.2,fluvial_scour,historical,35.8,0.0005
Tokachi,right,55.2,fluvial_scour,historical,36,0.0012
Tokachi,right,55.2,fluvial_scour,historical,36.2,0.0015
Tokachi,right,55.2,fluvial_scour,historical,36.4,0.0019
Tokachi,right,55.2,fluvial_scour,historical,36.6,0.003
Tokachi,right,55.2,fluvial_scour,historical,36.8,0.0052
Tokachi,right,55.2,fluvial_scour,historical,37,0.007
Tokachi,right,55.2,fluvial_scour,historical,37.2,0.0094
Tokachi,right,55.2,fluvial_scour,historical,37.4,0.0136
Tokachi,right,55.2,fluvial_scour,historical,37.6,0.0174
Tokachi,right,55.2,fluvial_scour,historical,37.8,0.0217
Tokachi,right,55.2,fluvial_scour,historical,38,0.0251
Tokachi,right,55.2,fluvial_scour,historical,38.2,0.0291
Tokachi,right,55.2,fluvial_scour,historical,38.4,0.0339
Tokachi,right,55.2,fluvial_scour,historical,38.6,0.0393
Tokachi,right,55.2,fluvial_scour,historical,38.8,0.0452
Tokachi,right,55.2,fluvial_scour,historical,39,0.0504
Tokachi,right,55.2,fluvial_scour,historical,39.2,0.0544
Tokachi,right,55.2,fluvial_scour,historical,39.4,0.0613
Tokachi,right,55.2,fluvial_scour,historical,39.6,0.0681
Tokachi,right,55.2,fluvial_scour,historical,39.8,0.0712
Tokachi,right,55.2,fluvial_scour,historical,40,0.0747
Tokachi,right,55.2,fluvial_scour,historical,40.2,0.0765
Tokachi,right,55.2,fluvial_scour,historical,40.4,0.0804
Tokachi,right,55.2,fluvial_scour,historical,40.6,0.083
Tokachi,right,55.2,fluvial_scour,historical,40.8,0.0862
Tokachi,right,55.2,fluvial_scour,historical,41,0.089
Tokachi,right,55.2,fluvial_scour,historical,41.2,0.0911
Tokachi,right,55.2,fluvial_scour,plus4K,33.4,0
Tokachi,right,55.2,fluvial_scour,plus4K,33.6,0
Tokachi,right,55.2,fluvial_scour,plus4K,33.8,0
Tokachi,right,55.2,fluvial_scour,plus4K,34,0
Tokachi,right,55.2,fluvial_scour,plus4K,34.2,0
Tokachi,right,55.2,fluvial_scour,plus4K,34.4,0
Tokachi,right,55.2,fluvial_scour,plus4K,34.6,0
Tokachi,right,55.2,fluvial_scour,plus4K,34.8,0
Tokachi,right,55.2,fluvial_scour,plus4K,35,0
Tokachi,right,55.2,fluvial_scour,plus4K,35.2,0
Tokachi,right,55.2,fluvial_scour,plus4K,35.4,0
Tokachi,right,55.2,fluvial_scour,plus4K,35.6,0
Tokachi,right,55.2,fluvial_scour,plus4K,35.8,0.0005
Tokachi,right,55.2,fluvial_scour,plus4K,36,0.0012
Tokachi,right,55.2,fluvial_scour,plus4K,36.2,0.0015
Tokachi,right,55.2,fluvial_scour,plus4K,36.4,0.0019
Tokachi,right,55.2,fluvial_scour,plus4K,36.6,0.003
Tokachi,right,55.2,fluvial_scour,plus4K,36.8,0.0052
Tokachi,right,55.2,fluvial_scour,plus4K,37,0.007
Tokachi,right,55.2,fluvial_scour,plus4K,37.2,0.0094
Tokachi,right,55.2,fluvial_scour,plus4K,37.4,0.0136
Tokachi,right,55.2,fluvial_scour,plus4K,37.6,0.0174
Tokachi,right,55.2,fluvial_scour,plus4K,37.8,0.0217
Tokachi,right,55.2,fluvial_scour,plus4K,38,0.0251
Tokachi,right,55.2,fluvial_scour,plus4K,38.2,0.0291
Tokachi,right,55.2,fluvial_scour,plus4K,38.4,0.0339
Tokachi,right,55.2,fluvial_scour,plus4K,38.6,0.0393
Tokachi,right,55.2,fluvial_scour,plus4K,38.8,0.0452
Tokachi,right,55.2,fluvial_scour,plus4K,39,0.0504
Tokachi,right,55.2,fluvial_scour,plus4K,39.2,0.0544
Tokachi,right,55.2,fluvial_scour,plus4K,39.4,0.0613
Tokachi,right,55.2,fluvial_scour,plus4K,39.6,0.0681
Tokachi,right,55.2,fluvial_scour,plus4K,39.8,0.0712
Tokachi,right,55.2,fluvial_scour,plus4K,40,0.0747
Tokachi,right,55.2,fluvial_scour,plus4K,40.2,0.0765
Tokachi,right,55.2,fluvial_scour,plus4K,40.4,0.0804
Tokachi,right,55.2,fluvial_scour,plus4K,40.6,0.083
Tokachi,right,55.2,fluvial_scour,plus4K,40.8,0.0862
Tokachi,right,55.2,fluvial_scour,plus4K,41,0.089
Tokachi,right,55.2,fluvial_scour,plus4K,41.2,0.0911
Tokachi,right,55.4,fluvial_scour,historical,33.8,0
Tokachi,right,55.4,fluvial_scour,historical,34,0
Tokachi,right,55.4,fluvial_scour,historical,34.2,0
Tokachi,right,55.4,fluvial_scour,historical,34.4,0
Tokachi,right,55.4,fluvial_scour,historical,34.6,0
Tokachi,right,55.4,fluvial_scour,historical,34.8,0
Tokachi,right,55.4,fluvial_scour,historical,35,0
Tokachi,right,55.4,fluvial_scour,historical,35.2,0
Tokachi,right,55.4,fluvial_scour,historical,35.4,0
Tokachi,right,55.4,fluvial_scour,historical,35.6,0
Tokachi,right,55.4,fluvial_scour,historical,35.8,0
Tokachi,right,55.4,fluvial_scour,historical,36,0
Tokachi,right,55.4,fluvial_scour,historical,36.2,0
Tokachi,right,55.4,fluvial_scour,historical,36.4,0
Tokachi,right,55.4,fluvial_scour,historical,36.6,0
Tokachi,right,55.4,fluvial_scour,historical,36.8,0.0002
Tokachi,right,55.4,fluvial_scour,historical,37,0.0006
Tokachi,right,55.4,fluvial_scour,historical,37.2,0.001
Tokachi,right,55.4,fluvial_scour,historical,37.4,0.0064
Tokachi,right,55.4,fluvial_scour,historical,37.6,0.0095
Tokachi,right,55.4,fluvial_scour,historical,37.8,0.0122
Tokachi,right,55.4,fluvial_scour,historical,38,0.016
Tokachi,right,55.4,fluvial_scour,historical,38.2,0.0204
Tokachi,right,55.4,fluvial_scour,historical,38.4,0.0253
Tokachi,right,55.4,fluvial_scour,historical,38.6,0.0304
Tokachi,right,55.4,fluvial_scour,historical,38.8,0.0345
Tokachi,right,55.4,fluvial_scour,historical,39,0.0397
Tokachi,right,55.4,fluvial_scour,historical,39.2,0.0459
Tokachi,right,55.4,fluvial_scour,historical,39.4,0.0501
Tokachi,right,55.4,fluvial_scour,historical,39.6,0.0564
Tokachi,right,55.4,fluvial_scour,historical,39.8,0.0607
Tokachi,right,55.4,fluvial_scour,historical,40,0.0673
Tokachi,right,55.4,fluvial_scour,historical,40.2,0.0696
Tokachi,right,55.4,fluvial_scour,historical,40.4,0.0745
Tokachi,right,55.4,fluvial_scour,historical,40.6,0.0769
Tokachi,right,55.4,fluvial_scour,historical,40.8,0.0813
Tokachi,right,55.4,fluvial_scour,historical,41,0.0834
Tokachi,right,55.4,fluvial_scour,historical,41.2,0.0863
Tokachi,right,55.4,fluvial_scour,historical,41.4,0.0883
Tokachi,right,55.4,fluvial_scour,historical,41.6,0.0907
Tokachi,right,55.4,fluvial_scour,plus4K,33.8,0
Tokachi,right,55.4,fluvial_scour,plus4K,34,0
Tokachi,right,55.4,fluvial_scour,plus4K,34.2,0
Tokachi,right,55.4,fluvial_scour,plus4K,34.4,0
Tokachi,right,55.4,fluvial_scour,plus4K,34.6,0
Tokachi,right,55.4,fluvial_scour,plus4K,34.8,0
Tokachi,right,55.4,fluvial_scour,plus4K,35,0
Tokachi,right,55.4,fluvial_scour,plus4K,35.2,0
Tokachi,right,55.4,fluvial_scour,plus4K,35.4,0
Tokachi,right,55.4,fluvial_scour,plus4K,35.6,0
Tokachi,right,55.4,fluvial_scour,plus4K,35.8,0
Tokachi,right,55.4,fluvial_scour,plus4K,36,0
Tokachi,right,55.4,fluvial_scour,plus4K,36.2,0
Tokachi,right,55.4,fluvial_scour,plus4K,36.4,0
Tokachi,right,55.4,fluvial_scour,plus4K,36.6,0
Tokachi,right,55.4,fluvial_scour,plus4K,36.8,0.0002
Tokachi,right,55.4,fluvial_scour,plus4K,37,0.0006
Tokachi,right,55.4,fluvial_scour,plus4K,37.2,0.001
Tokachi,right,55.4,fluvial_scour,plus4K,37.4,0.0064
Tokachi,right,55.4,fluvial_scour,plus4K,37.6,0.0095
Tokachi,right,55.4,fluvial_scour,plus4K,37.8,0.0122
Tokachi,right,55.4,fluvial_scour,plus4K,38,0.016
Tokachi,right,55.4,fluvial_scour,plus4K,38.2,0.0204
Tokachi,right,55.4,fluvial_scour,plus4K,38.4,0.0253
Tokachi,right,55.4,fluvial_scour,plus4K,38.6,0.0304
Tokachi,right,55.4,fluvial_scour,plus4K,38.8,0.0345
Tokachi,right,55.4,fluvial_scour,plus4K,39,0.0397
Tokachi,right,55.4,fluvial_scour,plus4K,39.2,0.0459
Tokachi,right,55.4,fluvial_scour,plus4K,39.4,0.0501
Tokachi,right,55.4,fluvial_scour,plus4K,39.6,0.0564
Tokachi,right,55.4,fluvial_scour,plus4K,39.8,0.0607
Tokachi,right,55.4,fluvial_scour,plus4K,40,0.0673
Tokachi,right,55.4,fluvial_scour,plus4K,40.2,0.0696
Tokachi,right,55.4,fluvial_scour,plus4K,40.4,0.0745
Tokachi,right,55.4,fluvial_scour,plus4K,40.6,0.0769
Tokachi,right,55.4,fluvial_scour,plus4K,40.8,0.0813
Tokachi,right,55.4,fluvial_scour,plus4K,41,0.0834
Tokachi,right,55.4,fluvial_scour,plus4K,41.2,0.0863
Tokachi,right,55.4,fluvial_scour,plus4K,41.4,0.0883
Tokachi,right,55.4,fluvial_scour,plus4K,41.6,0.0907
Tokachi,right,55.6,fluvial_scour,historical,34,0
Tokachi,right,55.6,fluvial_scour,historical,34.2,0
Tokachi,right,55.6,fluvial_scour,historical,34.4,0
Tokachi,right,55.6,fluvial_scour,historical,34.6,0
Tokachi,right,55.6,fluvial_scour,historical,34.8,0
Tokachi,right,55.6,fluvial_scour,historical,35,0
Tokachi,right,55.6,fluvial_scour,historical,35.2,0
Tokachi,right,55.6,fluvial_scour,historical,35.4,0
Tokachi,right,55.6,fluvial_scour,historical,35.6,0
Tokachi,right,55.6,fluvial_scour,historical,35.8,0
Tokachi,right,55.6,fluvial_scour,historical,36,0
Tokachi,right,55.6,fluvial_scour,historical,36.2,0
Tokachi,right,55.6,fluvial_scour,historical,36.4,0
Tokachi,right,55.6,fluvial_scour,historical,36.6,0
Tokachi,right,55.6,fluvial_scour,historical,36.8,0
Tokachi,right,55.6,fluvial_scour,historical,37,0
Tokachi,right,55.6,fluvial_scour,historical,37.2,0
Tokachi,right,55.6,fluvial_scour,historical,37.4,0
Tokachi,right,55.6,fluvial_scour,historical,37.6,0
Tokachi,right,55.6,fluvial_scour,historical,37.8,0
Tokachi,right,55.6,fluvial_scour,historical,38,0
Tokachi,right,55.6,fluvial_scour,historical,38.2,0
Tokachi,right,55.6,fluvial_scour,historical,38.4,0.0072
Tokachi,right,55.6,fluvial_scour,historical,38.6,0.0103
Tokachi,right,55.6,fluvial_scour,historical,38.8,0.0146
Tokachi,right,55.6,fluvial_scour,historical,39,0.0201
Tokachi,right,55.6,fluvial_scour,historical,39.2,0.0235
Tokachi,right,55.6,fluvial_scour,historical,39.4,0.0244
Tokachi,right,55.6,fluvial_scour,historical,39.6,0.0294
Tokachi,right,55.6,fluvial_scour,historical,39.8,0.0329
Tokachi,right,55.6,fluvial_scour,historical,40,0.0336
Tokachi,right,55.6,fluvial_scour,historical,40.2,0.0376
Tokachi,right,55.6,fluvial_scour,historical,40.4,0.0658
Tokachi,right,55.6,fluvial_scour,historical,40.6,0.0698
Tokachi,right,55.6,fluvial_scour,historical,40.8,0.0737
Tokachi,right,55.6,fluvial_scour,historical,41,0.0747
Tokachi,right,55.6,fluvial_scour,historical,41.2,0.0788
Tokachi,right,55.6,fluvial_scour,historical,41.4,0.0812
Tokachi,right,55.6,fluvial_scour,historical,41.6,0.0828
Tokachi,right,55.6,fluvial_scour,historical,41.8,0.0862
Tokachi,right,55.6,fluvial_scour,plus4K,34,0
Tokachi,right,55.6,fluvial_scour,plus4K,34.2,0
Tokachi,right,55.6,fluvial_scour,plus4K,34.4,0
Tokachi,right,55.6,fluvial_scour,plus4K,34.6,0
Tokachi,right,55.6,fluvial_scour,plus4K,34.8,0
Tokachi,right,55.6,fluvial_scour,plus4K,35,0
Tokachi,right,55.6,fluvial_scour,plus4K,35.2,0
Tokachi,right,55.6,fluvial_scour,plus4K,35.4,0
Tokachi,right,55.6,fluvial_scour,plus4K,35.6,0
Tokachi,right,55.6,fluvial_scour,plus4K,35.8,0
Tokachi,right,55.6,fluvial_scour,plus4K,36,0
Tokachi,right,55.6,fluvial_scour,plus4K,36.2,0
Tokachi,right,55.6,fluvial_scour,plus4K,36.4,0
Tokachi,right,55.6,fluvial_scour,plus4K,36.6,0
Tokachi,right,55.6,fluvial_scour,plus4K,36.8,0
Tokachi,right,55.6,fluvial_scour,plus4K,37,0
Tokachi,right,55.6,fluvial_scour,plus4K,37.2,0
Tokachi,right,55.6,fluvial_scour,plus4K,37.4,0
Tokachi,right,55.6,fluvial_scour,plus4K,37.6,0
Tokachi,right,55.6,fluvial_scour,plus4K,37.8,0
Tokachi,right,55.6,fluvial_scour,plus4K,38,0
Tokachi,right,55.6,fluvial_scour,plus4K,38.2,0
Tokachi,right,55.6,fluvial_scour,plus4K,38.4,0.0072
Tokachi,right,55.6,fluvial_scour,plus4K,38.6,0.0103
Tokachi,right,55.6,fluvial_scour,plus4K,38.8,0.0146
Tokachi,right,55.6,fluvial_scour,plus4K,39,0.0201
Tokachi,right,55.6,fluvial_scour,plus4K,39.2,0.0235
Tokachi,right,55.6,fluvial_scour,plus4K,39.4,0.0244
Tokachi,right,55.6,fluvial_scour,plus4K,39.6,0.0294
Tokachi,right,55.6,fluvial_scour,plus4K,39.8,0.0329
Tokachi,right,55.6,fluvial_scour,plus4K,40,0.0336
Tokachi,right,55.6,fluvial_scour,plus4K,40.2,0.0376
Tokachi,right,55.6,fluvial_scour,plus4K,40.4,0.0658
Tokachi,right,55.6,fluvial_scour,plus4K,40.6,0.0698
Tokachi,right,55.6,fluvial_scour,plus4K,40.8,0.0737
Tokachi,right,55.6,fluvial_scour,plus4K,41,0.0747
Tokachi,right,55.6,fluvial_scour,plus4K,41.2,0.0788
Tokachi,right,55.6,fluvial_scour,plus4K,41.4,0.0812
Tokachi,right,55.6,fluvial_scour,plus4K,41.6,0.0828
Tokachi,right,55.6,fluvial_scour,plus4K,41.8,0.0862
Tokachi,right,55.8,fluvial_scour,historical,34.4,0
Tokachi,right,55.8,fluvial_scour,historical,34.6,0
Tokachi,right,55.8,fluvial_scour,historical,34.8,0
Tokachi,right,55.8,fluvial_scour,historical,35,0
Tokachi,right,55.8,fluvial_scour,historical,35.2,0
Tokachi,right,55.8,fluvial_scour,historical,35.4,0
Tokachi,right,55.8,fluvial_scour,historical,35.6,0
Tokachi,right,55.8,fluvial_scour,historical,35.8,0
Tokachi,right,55.8,fluvial_scour,historical,36,0
Tokachi,right,55.8,fluvial_scour,historical,36.2,0
Tokachi,right,55.8,fluvial_scour,historical,36.4,0
Tokachi,right,55.8,fluvial_scour,historical,36.6,0
Tokachi,right,55.8,fluvial_scour,historical,36.8,0
Tokachi,right,55.8,fluvial_scour,historical,37,0
Tokachi,right,55.8,fluvial_scour,historical,37.2,0
Tokachi,right,55.8,fluvial_scour,historical,37.4,0
Tokachi,right,55.8,fluvial_scour,historical,37.6,0
Tokachi,right,55.8,fluvial_scour,historical,37.8,0
Tokachi,right,55.8,fluvial_scour,historical,38,0
Tokachi,right,55.8,fluvial_scour,historical,38.2,0
Tokachi,right,55.8,fluvial_scour,historical,38.4,0
Tokachi,right,55.8,fluvial_scour,historical,38.6,0
Tokachi,right,55.8,fluvial_scour,historical,38.8,0
Tokachi,right,55.8,fluvial_scour,historical,39,0.0076
Tokachi,right,55.8,fluvial_scour,historical,39.2,0.0107
Tokachi,right,55.8,fluvial_scour,historical,39.4,0.0148
Tokachi,right,55.8,fluvial_scour,historical,39.6,0.0191
Tokachi,right,55.8,fluvial_scour,historical,39.8,0.0233
Tokachi,right,55.8,fluvial_scour,historical,40,0.0244
Tokachi,right,55.8,fluvial_scour,historical,40.2,0.0287
Tokachi,right,55.8,fluvial_scour,historical,40.4,0.0297
Tokachi,right,55.8,fluvial_scour,historical,40.6,0.0326
Tokachi,right,55.8,fluvial_scour,historical,40.8,0.033
Tokachi,right,55.8,fluvial_scour,historical,41,0.0376
Tokachi,right,55.8,fluvial_scour,historical,41.2,0.0732
Tokachi,right,55.8,fluvial_scour,historical,41.4,0.0753
Tokachi,right,55.8,fluvial_scour,historical,41.6,0.0794
Tokachi,right,55.8,fluvial_scour,historical,41.8,0.0811
Tokachi,right,55.8,fluvial_scour,historical,42,0.0846
Tokachi,right,55.8,fluvial_scour,historical,42.2,0.0864
Tokachi,right,55.8,fluvial_scour,plus4K,34.4,0
Tokachi,right,55.8,fluvial_scour,plus4K,34.6,0
Tokachi,right,55.8,fluvial_scour,plus4K,34.8,0
Tokachi,right,55.8,fluvial_scour,plus4K,35,0
Tokachi,right,55.8,fluvial_scour,plus4K,35.2,0
Tokachi,right,55.8,fluvial_scour,plus4K,35.4,0
Tokachi,right,55.8,fluvial_scour,plus4K,35.6,0
Tokachi,right,55.8,fluvial_scour,plus4K,35.8,0
Tokachi,right,55.8,fluvial_scour,plus4K,36,0
Tokachi,right,55.8,fluvial_scour,plus4K,36.2,0
Tokachi,right,55.8,fluvial_scour,plus4K,36.4,0
Tokachi,right,55.8,fluvial_scour,plus4K,36.6,0
Tokachi,right,55.8,fluvial_scour,plus4K,36.8,0
Tokachi,right,55.8,fluvial_scour,plus4K,37,0
Tokachi,right,55.8,fluvial_scour,plus4K,37.2,0
Tokachi,right,55.8,fluvial_scour,plus4K,37.4,0
Tokachi,right,55.8,fluvial_scour,plus4K,37.6,0
Tokachi,right,55.8,fluvial_scour,plus4K,37.8,0
Tokachi,right,55.8,fluvial_scour,plus4K,38,0
Tokachi,right,55.8,fluvial_scour,plus4K,38.2,0
Tokachi,right,55.8,fluvial_scour,plus4K,38.4,0
Tokachi,right,55.8,fluvial_scour,plus4K,38.6,0
Tokachi,right,55.8,fluvial_scour,plus4K,38.8,0
Tokachi,right,55.8,fluvial_scour,plus4K,39,0.0076
Tokachi,right,55.8,fluvial_scour,plus4K,39.2,0.0107
Tokachi,right,55.8,fluvial_scour,plus4K,39.4,0.0148
Tokachi,right,55.8,fluvial_scour,plus4K,39.6,0.0191
Tokachi,right,55.8,fluvial_scour,plus4K,39.8,0.0233
Tokachi,right,55.8,fluvial_scour,plus4K,40,0.0244
Tokachi,right,55.8,fluvial_scour,plus4K,40.2,0.0287
Tokachi,right,55.8,fluvial_scour,plus4K,40.4,0.0297
Tokachi,right,55.8,fluvial_scour,plus4K,40.6,0.0326
Tokachi,right,55.8,fluvial_scour,plus4K,40.8,0.033
Tokachi,right,55.8,fluvial_scour,plus4K,41,0.0376
Tokachi,right,55.8,fluvial_scour,plus4K,41.2,0.0732
Tokachi,right,55.8,fluvial_scour,plus4K,41.4,0.0753
Tokachi,right,55.8,fluvial_scour,plus4K,41.6,0.0794
Tokachi,right,55.8,fluvial_scour,plus4K,41.8,0.0811
Tokachi,right,55.8,fluvial_scour,plus4K,42,0.0846
Tokachi,right,55.8,fluvial_scour,plus4K,42.2,0.0864
Tokachi,right,56,fluvial_scour,historical,34.6,0
Tokachi,right,56,fluvial_scour,historical,34.8,0
Tokachi,right,56,fluvial_scour,historical,35,0
Tokachi,right,56,fluvial_scour,historical,35.2,0
Tokachi,right,56,fluvial_scour,historical,35.4,0
Tokachi,right,56,fluvial_scour,historical,35.6,0
Tokachi,right,56,fluvial_scour,historical,35.8,0
Tokachi,right,56,fluvial_scour,historical,36,0
Tokachi,right,56,fluvial_scour,historical,36.2,0
Tokachi,right,56,fluvial_scour,historical,36.4,0
Tokachi,right,56,fluvial_scour,historical,36.6,0
Tokachi,right,56,fluvial_scour,historical,36.8,0
Tokachi,right,56,fluvial_scour,historical,37,0
Tokachi,right,56,fluvial_scour,historical,37.2,0
Tokachi,right,56,fluvial_scour,historical,37.4,0
Tokachi,right,56,fluvial_scour,historical,37.6,0
Tokachi,right,56,fluvial_scour,historical,37.8,0
Tokachi,right,56,fluvial_scour,historical,38,0
Tokachi,right,56,fluvial_scour,historical,38.2,0
Tokachi,right,56,fluvial_scour,historical,38.4,0
Tokachi,right,56,fluvial_scour,historical,38.6,0
Tokachi,right,56,fluvial_scour,historical,38.8,0
Tokachi,right,56,fluvial_scour,historical,39,0
Tokachi,right,56,fluvial_scour,historical,39.2,0
Tokachi,right,56,fluvial_scour,historical,39.4,0
Tokachi,right,56,fluvial_scour,historical,39.6,0
Tokachi,right,56,fluvial_scour,historical,39.8,0
Tokachi,right,56,fluvial_scour,historical,40,0.0167
Tokachi,right,56,fluvial_scour,historical,40.2,0.0203
Tokachi,right,56,fluvial_scour,historical,40.4,0.0211
Tokachi,right,56,fluvial_scour,historical,40.6,0.0257
Tokachi,right,56,fluvial_scour,historical,40.8,0.0297
Tokachi,right,56,fluvial_scour,historical,41,0.0304
Tokachi,right,56,fluvial_scour,historical,41.2,0.0346
Tokachi,right,56,fluvial_scour,historical,41.4,0.0354
Tokachi,right,56,fluvial_scour,historical,41.6,0.0396
Tokachi,right,56,fluvial_scour,historical,41.8,0.0405
Tokachi,right,56,fluvial_scour,historical,42,0.0448
Tokachi,right,56,fluvial_scour,historical,42.2,0.09
Tokachi,right,56,fluvial_scour,historical,42.4,0.0943
Tokachi,right,56,fluvial_scour,plus4K,34.6,0
Tokachi,right,56,fluvial_scour,plus4K,34.8,0
Tokachi,right,56,fluvial_scour,plus4K,35,0
Tokachi,right,56,fluvial_scour,plus4K,35.2,0
Tokachi,right,56,fluvial_scour,plus4K,35.4,0
Tokachi,right,56,fluvial_scour,plus4K,35.6,0
Tokachi,right,56,fluvial_scour,plus4K,35.8,0
Tokachi,right,56,fluvial_scour,plus4K,36,0
Tokachi,right,56,fluvial_scour,plus4K,36.2,0
Tokachi,right,56,fluvial_scour,plus4K,36.4,0
Tokachi,right,56,fluvial_scour,plus4K,36.6,0
Tokachi,right,56,fluvial_scour,plus4K,36.8,0
Tokachi,right,56,fluvial_scour,plus4K,37,0
Tokachi,right,56,fluvial_scour,plus4K,37.2,0
Tokachi,right,56,fluvial_scour,plus4K,37.4,0
Tokachi,right,56,fluvial_scour,plus4K,37.6,0
Tokachi,right,56,fluvial_scour,plus4K,37.8,0
Tokachi,right,56,fluvial_scour,plus4K,38,0
Tokachi,right,56,fluvial_scour,plus4K,38.2,0
Tokachi,right,56,fluvial_scour,plus4K,38.4,0
Tokachi,right,56,fluvial_scour,plus4K,38.6,0
Tokachi,right,56,fluvial_scour,plus4K,38.8,0
Tokachi,right,56,fluvial_scour,plus4K,39,0
Tokachi,right,56,fluvial_scour,plus4K,39.2,0
Tokachi,right,56,fluvial_scour,plus4K,39.4,0
Tokachi,right,56,fluvial_scour,plus4K,39.6,0
Tokachi,right,56,fluvial_scour,plus4K,39.8,0
Tokachi,right,56,fluvial_scour,plus4K,40,0.0167
Tokachi,right,56,fluvial_scour,plus4K,40.2,0.0203
Tokachi,right,56,fluvial_scour,plus4K,40.4,0.0211
Tokachi,right,56,fluvial_scour,plus4K,40.6,0.0257
Tokachi,right,56,fluvial_scour,plus4K,40.8,0.0297
Tokachi,right,56,fluvial_scour,plus4K,41,0.0304
Tokachi,right,56,fluvial_scour,plus4K,41.2,0.0346
Tokachi,right,56,fluvial_scour,plus4K,41.4,0.0354
Tokachi,right,56,fluvial_scour,plus4K,41.6,0.0396
Tokachi,right,56,fluvial_scour,plus4K,41.8,0.0405
Tokachi,right,56,fluvial_scour,plus4K,42,0.0448
Tokachi,right,56,fluvial_scour,plus4K,42.2,0.09
Tokachi,right,56,fluvial_scour,plus4K,42.4,0.0943
Tokachi,right,56.2,fluvial_scour,historical,34.6,0
Tokachi,right,56.2,fluvial_scour,historical,34.8,0
Tokachi,right,56.2,fluvial_scour,historical,35,0
Tokachi,right,56.2,fluvial_scour,historical,35.2,0
Tokachi,right,56.2,fluvial_scour,historical,35.4,0
Tokachi,right,56.2,fluvial_scour,historical,35.6,0
Tokachi,right,56.2,fluvial_scour,historical,35.8,0
Tokachi,right,56.2,fluvial_scour,historical,36,0
Tokachi,right,56.2,fluvial_scour,historical,36.2,0
Tokachi,right,56.2,fluvial_scour,historical,36.4,0
Tokachi,right,56.2,fluvial_scour,historical,36.6,0
Tokachi,right,56.2,fluvial_scour,historical,36.8,0
Tokachi,right,56.2,fluvial_scour,historical,37,0
Tokachi,right,56.2,fluvial_scour,historical,37.2,0
Tokachi,right,56.2,fluvial_scour,historical,37.4,0.0003
Tokachi,right,56.2,fluvial_scour,historical,37.6,0.0006
Tokachi,right,56.2,fluvial_scour,historical,37.8,0.0013
Tokachi,right,56.2,fluvial_scour,historical,38,0.0023
Tokachi,right,56.2,fluvial_scour,historical,38.2,0.0043
Tokachi,right,56.2,fluvial_scour,historical,38.4,0.0062
Tokachi,right,56.2,fluvial_scour,historical,38.6,0.009
Tokachi,right,56.2,fluvial_scour,historical,38.8,0.0125
Tokachi,right,56.2,fluvial_scour,historical,39,0.0168
Tokachi,right,56.2,fluvial_scour,historical,39.2,0.0221
Tokachi,right,56.2,fluvial_scour,historical,39.4,0.0265
Tokachi,right,56.2,fluvial_scour,historical,39.6,0.0312
Tokachi,right,56.2,fluvial_scour,historical,39.8,0.0364
Tokachi,right,56.2,fluvial_scour,historical,40,0.0419
Tokachi,right,56.2,fluvial_scour,historical,40.2,0.0469
Tokachi,right,56.2,fluvial_scour,historical,40.4,0.0516
Tokachi,right,56.2,fluvial_scour,historical,40.6,0.0594
Tokachi,right,56.2,fluvial_scour,historical,40.8,0.0688
Tokachi,right,56.2,fluvial_scour,historical,41,0.0756
Tokachi,right,56.2,fluvial_scour,historical,41.2,0.0807
Tokachi,right,56.2,fluvial_scour,historical,41.4,0.0855
Tokachi,right,56.2,fluvial_scour,historical,41.6,0.0887
Tokachi,right,56.2,fluvial_scour,historical,41.8,0.0932
Tokachi,right,56.2,fluvial_scour,historical,42,0.0962
Tokachi,right,56.2,fluvial_scour,historical,42.2,0.0979
Tokachi,right,56.2,fluvial_scour,historical,42.4,0.1025
Tokachi,right,56.2,fluvial_scour,historical,42.6,0.1041
Tokachi,right,56.2,fluvial_scour,historical,42.8,0.1068
Tokachi,right,56.2,fluvial_scour,historical,43,0.1104
Tokachi,right,56.2,fluvial_scour,plus4K,34.6,0
Tokachi,right,56.2,fluvial_scour,plus4K,34.8,0
Tokachi,right,56.2,fluvial_scour,plus4K,35,0
Tokachi,right,56.2,fluvial_scour,plus4K,35.2,0
Tokachi,right,56.2,fluvial_scour,plus4K,35.4,0
Tokachi,right,56.2,fluvial_scour,plus4K,35.6,0
Tokachi,right,56.2,fluvial_scour,plus4K,35.8,0
Tokachi,right,56.2,fluvial_scour,plus4K,36,0
Tokachi,right,56.2,fluvial_scour,plus4K,36.2,0
Tokachi,right,56.2,fluvial_scour,plus4K,36.4,0
Tokachi,right,56.2,fluvial_scour,plus4K,36.6,0
Tokachi,right,56.2,fluvial_scour,plus4K,36.8,0
Tokachi,right,56.2,fluvial_scour,plus4K,37,0
Tokachi,right,56.2,fluvial_scour,plus4K,37.2,0
Tokachi,right,56.2,fluvial_scour,plus4K,37.4,0.0003
Tokachi,right,56.2,fluvial_scour,plus4K,37.6,0.0006
Tokachi,right,56.2,fluvial_scour,plus4K,37.8,0.0013
Tokachi,right,56.2,fluvial_scour,plus4K,38,0.0023
Tokachi,right,56.2,fluvial_scour,plus4K,38.2,0.0043
Tokachi,right,56.2,fluvial_scour,plus4K,38.4,0.0062
Tokachi,right,56.2,fluvial_scour,plus4K,38.6,0.009
Tokachi,right,56.2,fluvial_scour,plus4K,38.8,0.0125
Tokachi,right,56.2,fluvial_scour,plus4K,39,0.0168
Tokachi,right,56.2,fluvial_scour,plus4K,39.2,0.0221
Tokachi,right,56.2,fluvial_scour,plus4K,39.4,0.0265
Tokachi,right,56.2,fluvial_scour,plus4K,39.6,0.0312
Tokachi,right,56.2,fluvial_scour,plus4K,39.8,0.0364
Tokachi,right,56.2,fluvial_scour,plus4K,40,0.0419
Tokachi,right,56.2,fluvial_scour,plus4K,40.2,0.0469
Tokachi,right,56.2,fluvial_scour,plus4K,40.4,0.0516
Tokachi,right,56.2,fluvial_scour,plus4K,40.6,0.0594
Tokachi,right,56.2,fluvial_scour,plus4K,40.8,0.0688
Tokachi,right,56.2,fluvial_scour,plus4K,41,0.0756
Tokachi,right,56.2,fluvial_scour,plus4K,41.2,0.0807
Tokachi,right,56.2,fluvial_scour,plus4K,41.4,0.0855
Tokachi,right,56.2,fluvial_scour,plus4K,41.6,0.0887
Tokachi,right,56.2,fluvial_scour,plus4K,41.8,0.0932
Tokachi,right,56.2,fluvial_scour,plus4K,42,0.0962
Tokachi,right,56.2,fluvial_scour,plus4K,42.2,0.0979
Tokachi,right,56.2,fluvial_scour,plus4K,42.4,0.1025
Tokachi,right,56.2,fluvial_scour,plus4K,42.6,0.1041
Tokachi,right,56.2,fluvial_scour,plus4K,42.8,0.1068
Tokachi,right,56.2,fluvial_scour,plus4K,43,0.1104
Tokachi,right,56.4,fluvial_scour,historical,35.2,0
Tokachi,right,56.4,fluvial_scour,historical,35.4,0
Tokachi,right,56.4,fluvial_scour,historical,35.6,0
Tokachi,right,56.4,fluvial_scour,historical,35.8,0
Tokachi,right,56.4,fluvial_scour,historical,36,0
Tokachi,right,56.4,fluvial_scour,historical,36.2,0
Tokachi,right,56.4,fluvial_scour,historical,36.4,0
Tokachi,right,56.4,fluvial_scour,historical,36.6,0
Tokachi,right,56.4,fluvial_scour,historical,36.8,0
Tokachi,right,56.4,fluvial_scour,historical,37,0
Tokachi,right,56.4,fluvial_scour,historical,37.2,0
Tokachi,right,56.4,fluvial_scour,historical,37.4,0
Tokachi,right,56.4,fluvial_scour,historical,37.6,0
Tokachi,right,56.4,fluvial_scour,historical,37.8,0.0001
Tokachi,right,56.4,fluvial_scour,historical,38,0.0008
Tokachi,right,56.4,fluvial_scour,historical,38.2,0.0014
Tokachi,right,56.4,fluvial_scour,historical,38.4,0.0023
Tokachi,right,56.4,fluvial_scour,historical,38.6,0.0036
Tokachi,right,56.4,fluvial_scour,historical,38.8,0.0057
Tokachi,right,56.4,fluvial_scour,historical,39,0.0085
Tokachi,right,56.4,fluvial_scour,historical,39.2,0.0107
Tokachi,right,56.4,fluvial_scour,historical,39.4,0.0145
Tokachi,right,56.4,fluvial_scour,historical,39.6,0.0181
Tokachi,right,56.4,fluvial_scour,historical,39.8,0.0221
Tokachi,right,56.4,fluvial_scour,historical,40,0.0272
Tokachi,right,56.4,fluvial_scour,historical,40.2,0.032
Tokachi,right,56.4,fluvial_scour,historical,40.4,0.0359
Tokachi,right,56.4,fluvial_scour,historical,40.6,0.0403
Tokachi,right,56.4,fluvial_scour,historical,40.8,0.0467
Tokachi,right,56.4,fluvial_scour,historical,41,0.0526
Tokachi,right,56.4,fluvial_scour,historical,41.2,0.0593
Tokachi,right,56.4,fluvial_scour,historical,41.4,0.0652
Tokachi,right,56.4,fluvial_scour,historical,41.6,0.068
Tokachi,right,56.4,fluvial_scour,historical,41.8,0.0736
Tokachi,right,56.4,fluvial_scour,historical,42,0.0766
Tokachi,right,56.4,fluvial_scour,historical,42.2,0.0803
Tokachi,right,56.4,fluvial_scour,historical,42.4,0.0817
Tokachi,right,56.4,fluvial_scour,historical,42.6,0.086
Tokachi,right,56.4,fluvial_scour,historical,42.8,0.0881
Tokachi,right,56.4,fluvial_scour,historical,43,0.0901
Tokachi,right,56.4,fluvial_scour,historical,43.2,0.0935
Tokachi,right,56.4,fluvial_scour,historical,43.4,0.0953
Tokachi,right,56.4,fluvial_scour,plus4K,35.2,0
Tokachi,right,56.4,fluvial_scour,plus4K,35.4,0
Tokachi,right,56.4,fluvial_scour,plus4K,35.6,0
Tokachi,right,56.4,fluvial_scour,plus4K,35.8,0
Tokachi,right,56.4,fluvial_scour,plus4K,36,0
Tokachi,right,56.4,fluvial_scour,plus4K,36.2,0
Tokachi,right,56.4,fluvial_scour,plus4K,36.4,0
Tokachi,right,56.4,fluvial_scour,plus4K,36.6,0
Tokachi,right,56.4,fluvial_scour,plus4K,36.8,0
Tokachi,right,56.4,fluvial_scour,plus4K,37,0
Tokachi,right,56.4,fluvial_scour,plus4K,37.2,0
Tokachi,right,56.4,fluvial_scour,plus4K,37.4,0
Tokachi,right,56.4,fluvial_scour,plus4K,37.6,0
Tokachi,right,56.4,fluvial_scour,plus4K,37.8,0.0001
Tokachi,right,56.4,fluvial_scour,plus4K,38,0.0008
Tokachi,right,56.4,fluvial_scour,plus4K,38.2,0.0014
Tokachi,right,56.4,fluvial_scour,plus4K,38.4,0.0023
Tokachi,right,56.4,fluvial_scour,plus4K,38.6,0.0036
Tokachi,right,56.4,fluvial_scour,plus4K,38.8,0.0057
Tokachi,right,56.4,fluvial_scour,plus4K,39,0.0085
Tokachi,right,56.4,fluvial_scour,plus4K,39.2,0.0107
Tokachi,right,56.4,fluvial_scour,plus4K,39.4,0.0145
Tokachi,right,56.4,fluvial_scour,plus4K,39.6,0.0181
Tokachi,right,56.4,fluvial_scour,plus4K,39.8,0.0221
Tokachi,right,56.4,fluvial_scour,plus4K,40,0.0272
Tokachi,right,56.4,fluvial_scour,plus4K,40.2,0.032
Tokachi,right,56.4,fluvial_scour,plus4K,40.4,0.0359
Tokachi,right,56.4,fluvial_scour,plus4K,40.6,0.0403
Tokachi,right,56.4,fluvial_scour,plus4K,40.8,0.0467
Tokachi,right,56.4,fluvial_scour,plus4K,41,0.0526
Tokachi,right,56.4,fluvial_scour,plus4K,41.2,0.0593
Tokachi,right,56.4,fluvial_scour,plus4K,41.4,0.0652
Tokachi,right,56.4,fluvial_scour,plus4K,41.6,0.068
Tokachi,right,56.4,fluvial_scour,plus4K,41.8,0.0736
Tokachi,right,56.4,fluvial_scour,plus4K,42,0.0766
Tokachi,right,56.4,fluvial_scour,plus4K,42.2,0.0803
Tokachi,right,56.4,fluvial_scour,plus4K,42.4,0.0817
Tokachi,right,56.4,fluvial_scour,plus4K,42.6,0.086
Tokachi,right,56.4,fluvial_scour,plus4K,42.8,0.0881
Tokachi,right,56.4,fluvial_scour,plus4K,43,0.0901
Tokachi,right,56.4,fluvial_scour,plus4K,43.2,0.0935
Tokachi,right,56.4,fluvial_scour,plus4K,43.4,0.0953
Tokachi,right,56.6,fluvial_scour,historical,35.2,0
Tokachi,right,56.6,fluvial_scour,historical,35.4,0
Tokachi,right,56.6,fluvial_scour,historical,35.6,0
Tokachi,right,56.6,fluvial_scour,historical,35.8,0
Tokachi,right,56.6,fluvial_scour,historical,36,0
Tokachi,right,56.6,fluvial_scour,historical,36.2,0
Tokachi,right,56.6,fluvial_scour,historical,36.4,0
Tokachi,right,56.6,fluvial_scour,historical,36.6,0
Tokachi,right,56.6,fluvial_scour,historical,36.8,0
Tokachi,right,56.6,fluvial_scour,historical,37,0
Tokachi,right,56.6,fluvial_scour,historical,37.2,0
Tokachi,right,56.6,fluvial_scour,historical,37.4,0
Tokachi,right,56.6,fluvial_scour,historical,37.6,0
Tokachi,right,56.6,fluvial_scour,historical,37.8,0
Tokachi,right,56.6,fluvial_scour,historical,38,0
Tokachi,right,56.6,fluvial_scour,historical,38.2,0
Tokachi,right,56.6,fluvial_scour,historical,38.4,0
Tokachi,right,56.6,fluvial_scour,historical,38.6,0
Tokachi,right,56.6,fluvial_scour,historical,38.8,0
Tokachi,right,56.6,fluvial_scour,historical,39,0
Tokachi,right,56.6,fluvial_scour,historical,39.2,0.0016
Tokachi,right,56.6,fluvial_scour,historical,39.4,0.004
Tokachi,right,56.6,fluvial_scour,historical,39.6,0.0081
Tokachi,right,56.6,fluvial_scour,historical,39.8,0.0108
Tokachi,right,56.6,fluvial_scour,historical,40,0.0142
Tokachi,right,56.6,fluvial_scour,historical,40.2,0.0173
Tokachi,right,56.6,fluvial_scour,historical,40.4,0.0201
Tokachi,right,56.6,fluvial_scour,historical,40.6,0.0222
Tokachi,right,56.6,fluvial_scour,historical,40.8,0.0405
Tokachi,right,56.6,fluvial_scour,historical,41,0.0451
Tokachi,right,56.6,fluvial_scour,historical,41.2,0.0512
Tokachi,right,56.6,fluvial_scour,historical,41.4,0.0573
Tokachi,right,56.6,fluvial_scour,historical,41.6,0.0615
Tokachi,right,56.6,fluvial_scour,historical,41.8,0.0645
Tokachi,right,56.6,fluvial_scour,historical,42,0.0677
Tokachi,right,56.6,fluvial_scour,historical,42.2,0.069
Tokachi,right,56.6,fluvial_scour,historical,42.4,0.0724
Tokachi,right,56.6,fluvial_scour,historical,42.6,0.0739
Tokachi,right,56.6,fluvial_scour,historical,42.8,0.0774
Tokachi,right,56.6,fluvial_scour,historical,43,0.0797
Tokachi,right,56.6,fluvial_scour,historical,43.2,0.081
Tokachi,right,56.6,fluvial_scour,historical,43.4,0.0833
Tokachi,right,56.6,fluvial_scour,historical,43.6,0.0855
Tokachi,right,56.6,fluvial_scour,historical,43.8,0.0868
Tokachi,right,56.6,fluvial_scour,historical,44,0.0902
Tokachi,right,56.6,fluvial_scour,historical,44.2,0.0916
Tokachi,right,56.6,fluvial_scour,plus4K,35.2,0
Tokachi,right,56.6,fluvial_scour,plus4K,35.4,0
Tokachi,right,56.6,fluvial_scour,plus4K,35.6,0
Tokachi,right,56.6,fluvial_scour,plus4K,35.8,0
Tokachi,right,56.6,fluvial_scour,plus4K,36,0
Tokachi,right,56.6,fluvial_scour,plus4K,36.2,0
Tokachi,right,56.6,fluvial_scour,plus4K,36.4,0
Tokachi,right,56.6,fluvial_scour,plus4K,36.6,0
Tokachi,right,56.6,fluvial_scour,plus4K,36.8,0
Tokachi,right,56.6,fluvial_scour,plus4K,37,0
Tokachi,right,56.6,fluvial_scour,plus4K,37.2,0
Tokachi,right,56.6,fluvial_scour,plus4K,37.4,0
Tokachi,right,56.6,fluvial_scour,plus4K,37.6,0
Tokachi,right,56.6,fluvial_scour,plus4K,37.8,0
Tokachi,right,56.6,fluvial_scour,plus4K,38,0
Tokachi,right,56.6,fluvial_scour,plus4K,38.2,0
Tokachi,right,56.6,fluvial_scour,plus4K,38.4,0
Tokachi,right,56.6,fluvial_scour,plus4K,38.6,0
Tokachi,right,56.6,fluvial_scour,plus4K,38.8,0
Tokachi,right,56.6,fluvial_scour,plus4K,39,0
Tokachi,right,56.6,fluvial_scour,plus4K,39.2,0.0016
Tokachi,right,56.6,fluvial_scour,plus4K,39.4,0.004
Tokachi,right,56.6,fluvial_scour,plus4K,39.6,0.0081
Tokachi,right,56.6,fluvial_scour,plus4K,39.8,0.0108
Tokachi,right,56.6,fluvial_scour,plus4K,40,0.0142
Tokachi,right,56.6,fluvial_scour,plus4K,40.2,0.0173
Tokachi,right,56.6,fluvial_scour,plus4K,40.4,0.0201
Tokachi,right,56.6,fluvial_scour,plus4K,40.6,0.0222
Tokachi,right,56.6,fluvial_scour,plus4K,40.8,0.0405
Tokachi,right,56.6,fluvial_scour,plus4K,41,0.0451
Tokachi,right,56.6,fluvial_scour,plus4K,41.2,0.0512
Tokachi,right,56.6,fluvial_scour,plus4K,41.4,0.0573
Tokachi,right,56.6,fluvial_scour,plus4K,41.6,0.0615
Tokachi,right,56.6,fluvial_scour,plus4K,41.8,0.0645
Tokachi,right,56.6,fluvial_scour,plus4K,42,0.0677
Tokachi,right,56.6,fluvial_scour,plus4K,42.2,0.069
Tokachi,right,56.6,fluvial_scour,plus4K,42.4,0.0724
Tokachi,right,56.6,fluvial_scour,plus4K,42.6,0.0739
Tokachi,right,56.6,fluvial_scour,plus4K,42.8,0.0774
Tokachi,right,56.6,fluvial_scour,plus4K,43,0.0797
Tokachi,right,56.6,fluvial_scour,plus4K,43.2,0.081
Tokachi,right,56.6,fluvial_scour,plus4K,43.4,0.0833
Tokachi,right,56.6,fluvial_scour,plus4K,43.6,0.0855
Tokachi,right,56.6,fluvial_scour,plus4K,43.8,0.0868
Tokachi,right,56.6,fluvial_scour,plus4K,44,0.0902
Tokachi,right,56.6,fluvial_scour,plus4K,44.2,0.0916
Tokachi,right,56.8,fluvial_scour,historical,35.6,0
Tokachi,right,56.8,fluvial_scour,historical,35.8,0
Tokachi,right,56.8,fluvial_scour,historical,36,0
Tokachi,right,56.8,fluvial_scour,historical,36.2,0
Tokachi,right,56.8,fluvial_scour,historical,36.4,0
Tokachi,right,56.8,fluvial_scour,historical,36.6,0
Tokachi,right,56.8,fluvial_scour,historical,36.8,0
Tokachi,right,56.8,fluvial_scour,historical,37,0
Tokachi,right,56.8,fluvial_scour,historical,37.2,0
Tokachi,right,56.8,fluvial_scour,historical,37.4,0
Tokachi,right,56.8,fluvial_scour,historical,37.6,0
Tokachi,right,56.8,fluvial_scour,historical,37.8,0
Tokachi,right,56.8,fluvial_scour,historical,38,0
Tokachi,right,56.8,fluvial_scour,historical,38.2,0.0001
Tokachi,right,56.8,fluvial_scour,historical,38.4,0.0002
Tokachi,right,56.8,fluvial_scour,historical,38.6,0.0004
Tokachi,right,56.8,fluvial_scour,historical,38.8,0.001
Tokachi,right,56.8,fluvial_scour,historical,39,0.0017
Tokachi,right,56.8,fluvial_scour,historical,39.2,0.0029
Tokachi,right,56.8,fluvial_scour,historical,39.4,0.0048
Tokachi,right,56.8,fluvial_scour,historical,39.6,0.0068
Tokachi,right,56.8,fluvial_scour,historical,39.8,0.0102
Tokachi,right,56.8,fluvial_scour,historical,40,0.0147
Tokachi,right,56.8,fluvial_scour,historical,40.2,0.0184
Tokachi,right,56.8,fluvial_scour,historical,40.4,0.0221
Tokachi,right,56.8,fluvial_scour,historical,40.6,0.0267
Tokachi,right,56.8,fluvial_scour,historical,40.8,0.032
Tokachi,right,56.8,fluvial_scour,historical,41,0.0356
Tokachi,right,56.8,fluvial_scour,historical,41.2,0.0397
Tokachi,right,56.8,fluvial_scour,historical,41.4,0.0441
Tokachi,right,56.8,fluvial_scour,historical,41.6,0.0491
Tokachi,right,56.8,fluvial_scour,historical,41.8,0.0539
Tokachi,right,56.8,fluvial_scour,historical,42,0.0582
Tokachi,right,56.8,fluvial_scour,historical,42.2,0.0609
Tokachi,right,56.8,fluvial_scour,historical,42.4,0.0639
Tokachi,right,56.8,fluvial_scour,historical,42.6,0.0664
Tokachi,right,56.8,fluvial_scour,historical,42.8,0.0713
Tokachi,right,56.8,fluvial_scour,historical,43,0.0725
Tokachi,right,56.8,fluvial_scour,historical,43.2,0.0746
Tokachi,right,56.8,fluvial_scour,historical,43.4,0.0764
Tokachi,right,56.8,fluvial_scour,historical,43.6,0.0782
Tokachi,right,56.8,fluvial_scour,historical,43.8,0.0824
Tokachi,right,56.8,fluvial_scour,historical,44,0.0841
Tokachi,right,56.8,fluvial_scour,historical,44.2,0.085
Tokachi,right,56.8,fluvial_scour,historical,44.4,0.0888
Tokachi,right,56.8,fluvial_scour,plus4K,35.6,0
Tokachi,right,56.8,fluvial_scour,plus4K,35.8,0
Tokachi,right,56.8,fluvial_scour,plus4K,36,0
Tokachi,right,56.8,fluvial_scour,plus4K,36.2,0
Tokachi,right,56.8,fluvial_scour,plus4K,36.4,0
Tokachi,right,56.8,fluvial_scour,plus4K,36.6,0
Tokachi,right,56.8,fluvial_scour,plus4K,36.8,0
Tokachi,right,56.8,fluvial_scour,plus4K,37,0
Tokachi,right,56.8,fluvial_scour,plus4K,37.2,0
Tokachi,right,56.8,fluvial_scour,plus4K,37.4,0
Tokachi,right,56.8,fluvial_scour,plus4K,37.6,0
Tokachi,right,56.8,fluvial_scour,plus4K,37.8,0
Tokachi,right,56.8,fluvial_scour,plus4K,38,0
Tokachi,right,56.8,fluvial_scour,plus4K,38.2,0.0001
Tokachi,right,56.8,fluvial_scour,plus4K,38.4,0.0002
Tokachi,right,56.8,fluvial_scour,plus4K,38.6,0.0004
Tokachi,right,56.8,fluvial_scour,plus4K,38.8,0.001
Tokachi,right,56.8,fluvial_scour,plus4K,39,0.0017
Tokachi,right,56.8,fluvial_scour,plus4K,39.2,0.0029
Tokachi,right,56.8,fluvial_scour,plus4K,39.4,0.0048
Tokachi,right,56.8,fluvial_scour,plus4K,39.6,0.0068
Tokachi,right,56.8,fluvial_scour,plus4K,39.8,0.0102
Tokachi,right,56.8,fluvial_scour,plus4K,40,0.0147
Tokachi,right,56.8,fluvial_scour,plus4K,40.2,0.0184
Tokachi,right,56.8,fluvial_scour,plus4K,40.4,0.0221
Tokachi,right,56.8,fluvial_scour,plus4K,40.6,0.0267
Tokachi,right,56.8,fluvial_scour,plus4K,40.8,0.032
Tokachi,right,56.8,fluvial_scour,plus4K,41,0.0356
Tokachi,right,56.8,fluvial_scour,plus4K,41.2,0.0397
Tokachi,right,56.8,fluvial_scour,plus4K,41.4,0.0441
Tokachi,right,56.8,fluvial_scour,plus4K,41.6,0.0491
Tokachi,right,56.8,fluvial_scour,plus4K,41.8,0.0539
Tokachi,right,56.8,fluvial_scour,plus4K,42,0.0582
Tokachi,right,56.8,fluvial_scour,plus4K,42.2,0.0609
Tokachi,right,56.8,fluvial_scour,plus4K,42.4,0.0639
Tokachi,right,56.8,fluvial_scour,plus4K,42.6,0.0664
Tokachi,right,56.8,fluvial_scour,plus4K,42.8,0.0713
Tokachi,right,56.8,fluvial_scour,plus4K,43,0.0725
Tokachi,right,56.8,fluvial_scour,plus4K,43.2,0.0746
Tokachi,right,56.8,fluvial_scour,plus4K,43.4,0.0764
Tokachi,right,56.8,fluvial_scour,plus4K,43.6,0.0782
Tokachi,right,56.8,fluvial_scour,plus4K,43.8,0.0824
Tokachi,right,56.8,fluvial_scour,plus4K,44,0.0841
Tokachi,right,56.8,fluvial_scour,plus4K,44.2,0.085
Tokachi,right,56.8,fluvial_scour,plus4K,44.4,0.0888
Tokachi,right,57,fluvial_scour,historical,35.6,0
Tokachi,right,57,fluvial_scour,historical,35.8,0
Tokachi,right,57,fluvial_scour,historical,36,0
Tokachi,right,57,fluvial_scour,historical,36.2,0
Tokachi,right,57,fluvial_scour,historical,36.4,0
Tokachi,right,57,fluvial_scour,historical,36.6,0
Tokachi,right,57,fluvial_scour,historical,36.8,0
Tokachi,right,57,fluvial_scour,historical,37,0
Tokachi,right,57,fluvial_scour,historical,37.2,0
Tokachi,right,57,fluvial_scour,historical,37.4,0
Tokachi,right,57,fluvial_scour,historical,37.6,0
Tokachi,right,57,fluvial_scour,historical,37.8,0
Tokachi,right,57,fluvial_scour,historical,38,0
Tokachi,right,57,fluvial_scour,historical,38.2,0
Tokachi,right,57,fluvial_scour,historical,38.4,0.0001
Tokachi,right,57,fluvial_scour,historical,38.6,0.0005
Tokachi,right,57,fluvial_scour,historical,38.8,0.0011
Tokachi,right,57,fluvial_scour,historical,39,0.0014
Tokachi,right,57,fluvial_scour,historical,39.2,0.0022
Tokachi,right,57,fluvial_scour,historical,39.4,0.004
Tokachi,right,57,fluvial_scour,historical,39.6,0.0062
Tokachi,right,57,fluvial_scour,historical,39.8,0.0093
Tokachi,right,57,fluvial_scour,historical,40,0.0112
Tokachi,right,57,fluvial_scour,historical,40.2,0.0145
Tokachi,right,57,fluvial_scour,historical,40.4,0.0178
Tokachi,right,57,fluvial_scour,historical,40.6,0.0216
Tokachi,right,57,fluvial_scour,historical,40.8,0.0254
Tokachi,right,57,fluvial_scour,historical,41,0.0309
Tokachi,right,57,fluvial_scour,historical,41.2,0.0362
Tokachi,right,57,fluvial_scour,historical,41.4,0.04
Tokachi,right,57,fluvial_scour,historical,41.6,0.0457
Tokachi,right,57,fluvial_scour,historical,41.8,0.0514
Tokachi,right,57,fluvial_scour,historical,42,0.0583
Tokachi,right,57,fluvial_scour,historical,42.2,0.0633
Tokachi,right,57,fluvial_scour,historical,42.4,0.0665
Tokachi,right,57,fluvial_scour,historical,42.6,0.0696
Tokachi,right,57,fluvial_scour,historical,42.8,0.0719
Tokachi,right,57,fluvial_scour,historical,43,0.0762
Tokachi,right,57,fluvial_scour,historical,43.2,0.0778
Tokachi,right,57,fluvial_scour,historical,43.4,0.0813
Tokachi,right,57,fluvial_scour,historical,43.6,0.0832
Tokachi,right,57,fluvial_scour,historical,43.8,0.0847
Tokachi,right,57,fluvial_scour,historical,44,0.0876
Tokachi,right,57,fluvial_scour,historical,44.2,0.0894
Tokachi,right,57,fluvial_scour,historical,44.4,0.0912
Tokachi,right,57,fluvial_scour,plus4K,35.6,0
Tokachi,right,57,fluvial_scour,plus4K,35.8,0
Tokachi,right,57,fluvial_scour,plus4K,36,0
Tokachi,right,57,fluvial_scour,plus4K,36.2,0
Tokachi,right,57,fluvial_scour,plus4K,36.4,0
Tokachi,right,57,fluvial_scour,plus4K,36.6,0
Tokachi,right,57,fluvial_scour,plus4K,36.8,0
Tokachi,right,57,fluvial_scour,plus4K,37,0
Tokachi,right,57,fluvial_scour,plus4K,37.2,0
Tokachi,right,57,fluvial_scour,plus4K,37.4,0
Tokachi,right,57,fluvial_scour,plus4K,37.6,0
Tokachi,right,57,fluvial_scour,plus4K,37.8,0
Tokachi,right,57,fluvial_scour,plus4K,38,0
Tokachi,right,57,fluvial_scour,plus4K,38.2,0
Tokachi,right,57,fluvial_scour,plus4K,38.4,0.0001
Tokachi,right,57,fluvial_scour,plus4K,38.6,0.0005
Tokachi,right,57,fluvial_scour,plus4K,38.8,0.0011
Tokachi,right,57,fluvial_scour,plus4K,39,0.0014
Tokachi,right,57,fluvial_scour,plus4K,39.2,0.0022
Tokachi,right,57,fluvial_scour,plus4K,39.4,0.004
Tokachi,right,57,fluvial_scour,plus4K,39.6,0.0062
Tokachi,right,57,fluvial_scour,plus4K,39.8,0.0093
Tokachi,right,57,fluvial_scour,plus4K,40,0.0112
Tokachi,right,57,fluvial_scour,plus4K,40.2,0.0145
Tokachi,right,57,fluvial_scour,plus4K,40.4,0.0178
Tokachi,right,57,fluvial_scour,plus4K,40.6,0.0216
Tokachi,right,57,fluvial_scour,plus4K,40.8,0.0254
Tokachi,right,57,fluvial_scour,plus4K,41,0.0309
Tokachi,right,57,fluvial_scour,plus4K,41.2,0.0362
Tokachi,right,57,fluvial_scour,plus4K,41.4,0.04
Tokachi,right,57,fluvial_scour,plus4K,41.6,0.0457
Tokachi,right,57,fluvial_scour,plus4K,41.8,0.0514
Tokachi,right,57,fluvial_scour,plus4K,42,0.0583
Tokachi,right,57,fluvial_scour,plus4K,42.2,0.0633
Tokachi,right,57,fluvial_scour,plus4K,42.4,0.0665
Tokachi,right,57,fluvial_scour,plus4K,42.6,0.0696
Tokachi,right,57,fluvial_scour,plus4K,42.8,0.0719
Tokachi,right,57,fluvial_scour,plus4K,43,0.0762
Tokachi,right,57,fluvial_scour,plus4K,43.2,0.0778
Tokachi,right,57,fluvial_scour,plus4K,43.4,0.0813
Tokachi,right,57,fluvial_scour,plus4K,43.6,0.0832
Tokachi,right,57,fluvial_scour,plus4K,43.8,0.0847
Tokachi,right,57,fluvial_scour,plus4K,44,0.0876
Tokachi,right,57,fluvial_scour,plus4K,44.2,0.0894
Tokachi,right,57,fluvial_scour,plus4K,44.4,0.0912
Tokachi,right,57.2,fluvial_scour,historical,36.2,0
Tokachi,right,57.2,fluvial_scour,historical,36.4,0
Tokachi,right,57.2,fluvial_scour,historical,36.6,0
Tokachi,right,57.2,fluvial_scour,historical,36.8,0
Tokachi,right,57.2,fluvial_scour,historical,37,0
Tokachi,right,57.2,fluvial_scour,historical,37.2,0
Tokachi,right,57.2,fluvial_scour,historical,37.4,0
Tokachi,right,57.2,fluvial_scour,historical,37.6,0
Tokachi,right,57.2,fluvial_scour,historical,37.8,0
Tokachi,right,57.2,fluvial_scour,historical,38,0
Tokachi,right,57.2,fluvial_scour,historical,38.2,0
Tokachi,right,57.2,fluvial_scour,historical,38.4,0
Tokachi,right,57.2,fluvial_scour,historical,38.6,0
Tokachi,right,57.2,fluvial_scour,historical,38.8,0
Tokachi,right,57.2,fluvial_scour,historical,39,0.0003
Tokachi,right,57.2,fluvial_scour,historical,39.2,0.0009
Tokachi,right,57.2,fluvial_scour,historical,39.4,0.0013
Tokachi,right,57.2,fluvial_scour,historical,39.6,0.002
Tokachi,right,57.2,fluvial_scour,historical,39.8,0.0039
Tokachi,right,57.2,fluvial_scour,historical,40,0.0059
Tokachi,right,57.2,fluvial_scour,historical,40.2,0.0083
Tokachi,right,57.2,fluvial_scour,historical,40.4,0.0115
Tokachi,right,57.2,fluvial_scour,historical,40.6,0.0145
Tokachi,right,57.2,fluvial_scour,historical,40.8,0.0171
Tokachi,right,57.2,fluvial_scour,historical,41,0.0214
Tokachi,right,57.2,fluvial_scour,historical,41.2,0.0251
Tokachi,right,57.2,fluvial_scour,historical,41.4,0.0288
Tokachi,right,57.2,fluvial_scour,historical,41.6,0.0329
Tokachi,right,57.2,fluvial_scour,historical,41.8,0.0382
Tokachi,right,57.2,fluvial_scour,historical,42,0.0435
Tokachi,right,57.2,fluvial_scour,historical,42.2,0.0479
Tokachi,right,57.2,fluvial_scour,historical,42.4,0.0517
Tokachi,right,57.2,fluvial_scour,historical,42.6,0.0548
Tokachi,right,57.2,fluvial_scour,historical,42.8,0.0574
Tokachi,right,57.2,fluvial_scour,historical,43,0.0602
Tokachi,right,57.2,fluvial_scour,historical,43.2,0.0625
Tokachi,right,57.2,fluvial_scour,historical,43.4,0.065
Tokachi,right,57.2,fluvial_scour,historical,43.6,0.0681
Tokachi,right,57.2,fluvial_scour,historical,43.8,0.0699
Tokachi,right,57.2,fluvial_scour,historical,44,0.072
Tokachi,right,57.2,fluvial_scour,historical,44.2,0.0736
Tokachi,right,57.2,fluvial_scour,historical,44.4,0.0752
Tokachi,right,57.2,fluvial_scour,historical,44.6,0.0775
Tokachi,right,57.2,fluvial_scour,historical,44.8,0.0785
Tokachi,right,57.2,fluvial_scour,plus4K,36.2,0
Tokachi,right,57.2,fluvial_scour,plus4K,36.4,0
Tokachi,right,57.2,fluvial_scour,plus4K,36.6,0
Tokachi,right,57.2,fluvial_scour,plus4K,36.8,0
Tokachi,right,57.2,fluvial_scour,plus4K,37,0
Tokachi,right,57.2,fluvial_scour,plus4K,37.2,0
Tokachi,right,57.2,fluvial_scour,plus4K,37.4,0
Tokachi,right,57.2,fluvial_scour,plus4K,37.6,0
Tokachi,right,57.2,fluvial_scour,plus4K,37.8,0
Tokachi,right,57.2,fluvial_scour,plus4K,38,0
Tokachi,right,57.2,fluvial_scour,plus4K,38.2,0
Tokachi,right,57.2,fluvial_scour,plus4K,38.4,0
Tokachi,right,57.2,fluvial_scour,plus4K,38.6,0
Tokachi,right,57.2,fluvial_scour,plus4K,38.8,0
Tokachi,right,57.2,fluvial_scour,plus4K,39,0.0003
Tokachi,right,57.2,fluvial_scour,plus4K,39.2,0.0009
Tokachi,right,57.2,fluvial_scour,plus4K,39.4,0.0013
Tokachi,right,57.2,fluvial_scour,plus4K,39.6,0.002
Tokachi,right,57.2,fluvial_scour,plus4K,39.8,0.0039
Tokachi,right,57.2,fluvial_scour,plus4K,40,0.0059
Tokachi,right,57.2,fluvial_scour,plus4K,40.2,0.0083
Tokachi,right,57.2,fluvial_scour,plus4K,40.4,0.0115
Tokachi,right,57.2,fluvial_scour,plus4K,40.6,0.0145
Tokachi,right,57.2,fluvial_scour,plus4K,40.8,0.0171
Tokachi,right,57.2,fluvial_scour,plus4K,41,0.0214
Tokachi,right,57.2,fluvial_scour,plus4K,41.2,0.0251
Tokachi,right,57.2,fluvial_scour,plus4K,41.4,0.0288
Tokachi,right,57.2,fluvial_scour,plus4K,41.6,0.0329
Tokachi,right,57.2,fluvial_scour,plus4K,41.8,0.0382
Tokachi,right,57.2,fluvial_scour,plus4K,42,0.0435
Tokachi,right,57.2,fluvial_scour,plus4K,42.2,0.0479
Tokachi,right,57.2,fluvial_scour,plus4K,42.4,0.0517
Tokachi,right,57.2,fluvial_scour,plus4K,42.6,0.0548
Tokachi,right,57.2,fluvial_scour,plus4K,42.8,0.0574
Tokachi,right,57.2,fluvial_scour,plus4K,43,0.0602
Tokachi,right,57.2,fluvial_scour,plus4K,43.2,0.0625
Tokachi,right,57.2,fluvial_scour,plus4K,43.4,0.065
Tokachi,right,57.2,fluvial_scour,plus4K,43.6,0.0681
Tokachi,right,57.2,fluvial_scour,plus4K,43.8,0.0699
Tokachi,right,57.2,fluvial_scour,plus4K,44,0.072
Tokachi,right,57.2,fluvial_scour,plus4K,44.2,0.0736
Tokachi,right,57.2,fluvial_scour,plus4K,44.4,0.0752
Tokachi,right,57.2,fluvial_scour,plus4K,44.6,0.0775
Tokachi,right,57.2,fluvial_scour,plus4K,44.8,0.0785
Tokachi,right,57.4,fluvial_scour,historical,36.4,0
Tokachi,right,57.4,fluvial_scour,historical,36.6,0
Tokachi,right,57.4,fluvial_scour,historical,36.8,0
Tokachi,right,57.4,fluvial_scour,historical,37,0
Tokachi,right,57.4,fluvial_scour,historical,37.2,0
Tokachi,right,57.4,fluvial_scour,historical,37.4,0
Tokachi,right,57.4,fluvial_scour,historical,37.6,0
Tokachi,right,57.4,fluvial_scour,historical,37.8,0
Tokachi,right,57.4,fluvial_scour,historical,38,0
Tokachi,right,57.4,fluvial_scour,historical,38.2,0
Tokachi,right,57.4,fluvial_scour,historical,38.4,0
Tokachi,right,57.4,fluvial_scour,historical,38.6,0
Tokachi,right,57.4,fluvial_scour,historical,38.8,0.0003
Tokachi,right,57.4,fluvial_scour,historical,39,0.0004
Tokachi,right,57.4,fluvial_scour,historical,39.2,0.0006
Tokachi,right,57.4,fluvial_scour,historical,39.4,0.0012
Tokachi,right,57.4,fluvial_scour,historical,39.6,0.0025
Tokachi,right,57.4,fluvial_scour,historical,39.8,0.0042
Tokachi,right,57.4,fluvial_scour,historical,40,0.0062
Tokachi,right,57.4,fluvial_scour,historical,40.2,0.0085
Tokachi,right,57.4,fluvial_scour,historical,40.4,0.0116
Tokachi,right,57.4,fluvial_scour,historical,40.6,0.0145
Tokachi,right,57.4,fluvial_scour,historical,40.8,0.0184
Tokachi,right,57.4,fluvial_scour,historical,41,0.0223
Tokachi,right,57.4,fluvial_scour,historical,41.2,0.027
Tokachi,right,57.4,fluvial_scour,historical,41.4,0.031
Tokachi,right,57.4,fluvial_scour,historical,41.6,0.0367
Tokachi,right,57.4,fluvial_scour,historical,41.8,0.0412
Tokachi,right,57.4,fluvial_scour,historical,42,0.0465
Tokachi,right,57.4,fluvial_scour,historical,42.2,0.0535
Tokachi,right,57.4,fluvial_scour,historical,42.4,0.0603
Tokachi,right,57.4,fluvial_scour,historical,42.6,0.0657
Tokachi,right,57.4,fluvial_scour,historical,42.8,0.0693
Tokachi,right,57.4,fluvial_scour,historical,43,0.0734
Tokachi,right,57.4,fluvial_scour,historical,43.2,0.0763
Tokachi,right,57.4,fluvial_scour,historical,43.4,0.0797
Tokachi,right,57.4,fluvial_scour,historical,43.6,0.0827
Tokachi,right,57.4,fluvial_scour,historical,43.8,0.0858
Tokachi,right,57.4,fluvial_scour,historical,44,0.0876
Tokachi,right,57.4,fluvial_scour,historical,44.2,0.0903
Tokachi,right,57.4,fluvial_scour,historical,44.4,0.0914
Tokachi,right,57.4,fluvial_scour,historical,44.6,0.0938
Tokachi,right,57.4,fluvial_scour,historical,44.8,0.0964
Tokachi,right,57.4,fluvial_scour,historical,45,0.0974
Tokachi,right,57.4,fluvial_scour,historical,45.2,0.0985
Tokachi,right,57.4,fluvial_scour,historical,45.4,0.1004
Tokachi,right,57.4,fluvial_scour,plus4K,36.4,0
Tokachi,right,57.4,fluvial_scour,plus4K,36.6,0
Tokachi,right,57.4,fluvial_scour,plus4K,36.8,0
Tokachi,right,57.4,fluvial_scour,plus4K,37,0
Tokachi,right,57.4,fluvial_scour,plus4K,37.2,0
Tokachi,right,57.4,fluvial_scour,plus4K,37.4,0
Tokachi,right,57.4,fluvial_scour,plus4K,37.6,0
Tokachi,right,57.4,fluvial_scour,plus4K,37.8,0
Tokachi,right,57.4,fluvial_scour,plus4K,38,0
Tokachi,right,57.4,fluvial_scour,plus4K,38.2,0
Tokachi,right,57.4,fluvial_scour,plus4K,38.4,0
Tokachi,right,57.4,fluvial_scour,plus4K,38.6,0
Tokachi,right,57.4,fluvial_scour,plus4K,38.8,0.0003
Tokachi,right,57.4,fluvial_scour,plus4K,39,0.0004
Tokachi,right,57.4,fluvial_scour,plus4K,39.2,0.0006
Tokachi,right,57.4,fluvial_scour,plus4K,39.4,0.0012
Tokachi,right,57.4,fluvial_scour,plus4K,39.6,0.0025
Tokachi,right,57.4,fluvial_scour,plus4K,39.8,0.0042
Tokachi,right,57.4,fluvial_scour,plus4K,40,0.0062
Tokachi,right,57.4,fluvial_scour,plus4K,40.2,0.0085
Tokachi,right,57.4,fluvial_scour,plus4K,40.4,0.0116
Tokachi,right,57.4,fluvial_scour,plus4K,40.6,0.0145
Tokachi,right,57.4,fluvial_scour,plus4K,40.8,0.0184
Tokachi,right,57.4,fluvial_scour,plus4K,41,0.0223
Tokachi,right,57.4,fluvial_scour,plus4K,41.2,0.027
Tokachi,right,57.4,fluvial_scour,plus4K,41.4,0.031
Tokachi,right,57.4,fluvial_scour,plus4K,41.6,0.0367
Tokachi,right,57.4,fluvial_scour,plus4K,41.8,0.0412
Tokachi,right,57.4,fluvial_scour,plus4K,42,0.0465
Tokachi,right,57.4,fluvial_scour,plus4K,42.2,0.0535
Tokachi,right,57.4,fluvial_scour,plus4K,42.4,0.0603
Tokachi,right,57.4,fluvial_scour,plus4K,42.6,0.0657
Tokachi,right,57.4,fluvial_scour,plus4K,42.8,0.0693
Tokachi,right,57.4,fluvial_scour,plus4K,43,0.0734
Tokachi,right,57.4,fluvial_scour,plus4K,43.2,0.0763
Tokachi,right,57.4,fluvial_scour,plus4K,43.4,0.0797
Tokachi,right,57.4,fluvial_scour,plus4K,43.6,0.0827
Tokachi,right,57.4,fluvial_scour,plus4K,43.8,0.0858
Tokachi,right,57.4,fluvial_scour,plus4K,44,0.0876
Tokachi,right,57.4,fluvial_scour,plus4K,44.2,0.0903
Tokachi,right,57.4,fluvial_scour,plus4K,44.4,0.0914
Tokachi,right,57.4,fluvial_scour,plus4K,44.6,0.0938
Tokachi,right,57.4,fluvial_scour,plus4K,44.8,0.0964
Tokachi,right,57.4,fluvial_scour,plus4K,45,0.0974
Tokachi,right,57.4,fluvial_scour,plus4K,45.2,0.0985
Tokachi,right,57.4,fluvial_scour,plus4K,45.4,0.1004
Tokachi,right,57.6,fluvial_scour,historical,36.2,0
Tokachi,right,57.6,fluvial_scour,historical,36.4,0
Tokachi,right,57.6,fluvial_scour,historical,36.6,0
Tokachi,right,57.6,fluvial_scour,historical,36.8,0
Tokachi,right,57.6,fluvial_scour,historical,37,0
Tokachi,right,57.6,fluvial_scour,historical,37.2,0
Tokachi,right,57.6,fluvial_scour,historical,37.4,0
Tokachi,right,57.6,fluvial_scour,historical,37.6,0
Tokachi,right,57.6,fluvial_scour,historical,37.8,0
Tokachi,right,57.6,fluvial_scour,historical,38,0
Tokachi,right,57.6,fluvial_scour,historical,38.2,0
Tokachi,right,57.6,fluvial_scour,historical,38.4,0
Tokachi,right,57.6,fluvial_scour,historical,38.6,0
Tokachi,right,57.6,fluvial_scour,historical,38.8,0
Tokachi,right,57.6,fluvial_scour,historical,39,0.0003
Tokachi,right,57.6,fluvial_scour,historical,39.2,0.0009
Tokachi,right,57.6,fluvial_scour,historical,39.4,0.0017
Tokachi,right,57.6,fluvial_scour,historical,39.6,0.0027
Tokachi,right,57.6,fluvial_scour,historical,39.8,0.0043
Tokachi,right,57.6,fluvial_scour,historical,40,0.0067
Tokachi,right,57.6,fluvial_scour,historical,40.2,0.0096
Tokachi,right,57.6,fluvial_scour,historical,40.4,0.0129
Tokachi,right,57.6,fluvial_scour,historical,40.6,0.0172
Tokachi,right,57.6,fluvial_scour,historical,40.8,0.0213
Tokachi,right,57.6,fluvial_scour,historical,41,0.0262
Tokachi,right,57.6,fluvial_scour,historical,41.2,0.0317
Tokachi,right,57.6,fluvial_scour,historical,41.4,0.036
Tokachi,right,57.6,fluvial_scour,historical,41.6,0.0393
Tokachi,right,57.6,fluvial_scour,historical,41.8,0.0455
Tokachi,right,57.6,fluvial_scour,historical,42,0.0526
Tokachi,right,57.6,fluvial_scour,historical,42.2,0.0577
Tokachi,right,57.6,fluvial_scour,historical,42.4,0.0638
Tokachi,right,57.6,fluvial_scour,historical,42.6,0.07
Tokachi,right,57.6,fluvial_scour,historical,42.8,0.0754
Tokachi,right,57.6,fluvial_scour,historical,43,0.0785
Tokachi,right,57.6,fluvial_scour,historical,43.2,0.0828
Tokachi,right,57.6,fluvial_scour,historical,43.4,0.0847
Tokachi,right,57.6,fluvial_scour,historical,43.6,0.0899
Tokachi,right,57.6,fluvial_scour,historical,43.8,0.0925
Tokachi,right,57.6,fluvial_scour,historical,44,0.0962
Tokachi,right,57.6,fluvial_scour,historical,44.2,0.0984
Tokachi,right,57.6,fluvial_scour,historical,44.4,0.1006
Tokachi,right,57.6,fluvial_scour,historical,44.6,0.1033
Tokachi,right,57.6,fluvial_scour,historical,44.8,0.1059
Tokachi,right,57.6,fluvial_scour,historical,45,0.1086
Tokachi,right,57.6,fluvial_scour,historical,45.2,0.1116
Tokachi,right,57.6,fluvial_scour,plus4K,36.2,0
Tokachi,right,57.6,fluvial_scour,plus4K,36.4,0
Tokachi,right,57.6,fluvial_scour,plus4K,36.6,0
Tokachi,right,57.6,fluvial_scour,plus4K,36.8,0
Tokachi,right,57.6,fluvial_scour,plus4K,37,0
Tokachi,right,57.6,fluvial_scour,plus4K,37.2,0
Tokachi,right,57.6,fluvial_scour,plus4K,37.4,0
Tokachi,right,57.6,fluvial_scour,plus4K,37.6,0
Tokachi,right,57.6,fluvial_scour,plus4K,37.8,0
Tokachi,right,57.6,fluvial_scour,plus4K,38,0
Tokachi,right,57.6,fluvial_scour,plus4K,38.2,0
Tokachi,right,57.6,fluvial_scour,plus4K,38.4,0
Tokachi,right,57.6,fluvial_scour,plus4K,38.6,0
Tokachi,right,57.6,fluvial_scour,plus4K,38.8,0
Tokachi,right,57.6,fluvial_scour,plus4K,39,0.0003
Tokachi,right,57.6,fluvial_scour,plus4K,39.2,0.0009
Tokachi,right,57.6,fluvial_scour,plus4K,39.4,0.0017
Tokachi,right,57.6,fluvial_scour,plus4K,39.6,0.0027
Tokachi,right,57.6,fluvial_scour,plus4K,39.8,0.0043
Tokachi,right,57.6,fluvial_scour,plus4K,40,0.0067
Tokachi,right,57.6,fluvial_scour,plus4K,40.2,0.0096
Tokachi,right,57.6,fluvial_scour,plus4K,40.4,0.0129
Tokachi,right,57.6,fluvial_scour,plus4K,40.6,0.0172
Tokachi,right,57.6,fluvial_scour,plus4K,40.8,0.0213
Tokachi,right,57.6,fluvial_scour,plus4K,41,0.0262
Tokachi,right,57.6,fluvial_scour,plus4K,41.2,0.0317
Tokachi,right,57.6,fluvial_scour,plus4K,41.4,0.036
Tokachi,right,57.6,fluvial_scour,plus4K,41.6,0.0393
Tokachi,right,57.6,fluvial_scour,plus4K,41.8,0.0455
Tokachi,right,57.6,fluvial_scour,plus4K,42,0.0526
Tokachi,right,57.6,fluvial_scour,plus4K,42.2,0.0577
Tokachi,right,57.6,fluvial_scour,plus4K,42.4,0.0638
Tokachi,right,57.6,fluvial_scour,plus4K,42.6,0.07
Tokachi,right,57.6,fluvial_scour,plus4K,42.8,0.0754
Tokachi,right,57.6,fluvial_scour,plus4K,43,0.0785
Tokachi,right,57.6,fluvial_scour,plus4K,43.2,0.0828
Tokachi,right,57.6,fluvial_scour,plus4K,43.4,0.0847
Tokachi,right,57.6,fluvial_scour,plus4K,43.6,0.0899
Tokachi,right,57.6,fluvial_scour,plus4K,43.8,0.0925
Tokachi,right,57.6,fluvial_scour,plus4K,44,0.0962
Tokachi,right,57.6,fluvial_scour,plus4K,44.2,0.0984
Tokachi,right,57.6,fluvial_scour,plus4K,44.4,0.1006
Tokachi,right,57.6,fluvial_scour,plus4K,44.6,0.1033
Tokachi,right,57.6,fluvial_scour,plus4K,44.8,0.1059
Tokachi,right,57.6,fluvial_scour,plus4K,45,0.1086
Tokachi,right,57.6,fluvial_scour,plus4K,45.2,0.1116
Tokachi,right,57.8,fluvial_scour,historical,36.8,0
Tokachi,right,57.8,fluvial_scour,historical,37,0
Tokachi,right,57.8,fluvial_scour,historical,37.2,0
Tokachi,right,57.8,fluvial_scour,historical,37.4,0
Tokachi,right,57.8,fluvial_scour,historical,37.6,0
Tokachi,right,57.8,fluvial_scour,historical,37.8,0
Tokachi,right,57.8,fluvial_scour,historical,38,0
Tokachi,right,57.8,fluvial_scour,historical,38.2,0
Tokachi,right,57.8,fluvial_scour,historical,38.4,0
Tokachi,right,57.8,fluvial_scour,historical,38.6,0
Tokachi,right,57.8,fluvial_scour,historical,38.8,0
Tokachi,right,57.8,fluvial_scour,historical,39,0
Tokachi,right,57.8,fluvial_scour,historical,39.2,0.0001
Tokachi,right,57.8,fluvial_scour,historical,39.4,0.0002
Tokachi,right,57.8,fluvial_scour,historical,39.6,0.0004
Tokachi,right,57.8,fluvial_scour,historical,39.8,0.001
Tokachi,right,57.8,fluvial_scour,historical,40,0.0013
Tokachi,right,57.8,fluvial_scour,historical,40.2,0.003
Tokachi,right,57.8,fluvial_scour,historical,40.4,0.0043
Tokachi,right,57.8,fluvial_scour,historical,40.6,0.0057
Tokachi,right,57.8,fluvial_scour,historical,40.8,0.0079
Tokachi,right,57.8,fluvial_scour,historical,41,0.0102
Tokachi,right,57.8,fluvial_scour,historical,41.2,0.0128
Tokachi,right,57.8,fluvial_scour,historical,41.4,0.0169
Tokachi,right,57.8,fluvial_scour,historical,41.6,0.0202
Tokachi,right,57.8,fluvial_scour,historical,41.8,0.0239
Tokachi,right,57.8,fluvial_scour,historical,42,0.0287
Tokachi,right,57.8,fluvial_scour,historical,42.2,0.033
Tokachi,right,57.8,fluvial_scour,historical,42.4,0.0378
Tokachi,right,57.8,fluvial_scour,historical,42.6,0.0431
Tokachi,right,57.8,fluvial_scour,historical,42.8,0.0479
Tokachi,right,57.8,fluvial_scour,historical,43,0.0534
Tokachi,right,57.8,fluvial_scour,historical,43.2,0.0581
Tokachi,right,57.8,fluvial_scour,historical,43.4,0.0601
Tokachi,right,57.8,fluvial_scour,historical,43.6,0.0628
Tokachi,right,57.8,fluvial_scour,historical,43.8,0.0656
Tokachi,right,57.8,fluvial_scour,historical,44,0.0692
Tokachi,right,57.8,fluvial_scour,historical,44.2,0.071
Tokachi,right,57.8,fluvial_scour,historical,44.4,0.0739
Tokachi,right,57.8,fluvial_scour,historical,44.6,0.0746
Tokachi,right,57.8,fluvial_scour,historical,44.8,0.0767
Tokachi,right,57.8,fluvial_scour,historical,45,0.0787
Tokachi,right,57.8,fluvial_scour,historical,45.2,0.0802
Tokachi,right,57.8,fluvial_scour,historical,45.4,0.0816
Tokachi,right,57.8,fluvial_scour,plus4K,36.8,0
Tokachi,right,57.8,fluvial_scour,plus4K,37,0
Tokachi,right,57.8,fluvial_scour,plus4K,37.2,0
Tokachi,right,57.8,fluvial_scour,plus4K,37.4,0
Tokachi,right,57.8,fluvial_scour,plus4K,37.6,0
Tokachi,right,57.8,fluvial_scour,plus4K,37.8,0
Tokachi,right,57.8,fluvial_scour,plus4K,38,0
Tokachi,right,57.8,fluvial_scour,plus4K,38.2,0
Tokachi,right,57.8,fluvial_scour,plus4K,38.4,0
Tokachi,right,57.8,fluvial_scour,plus4K,38.6,0
Tokachi,right,57.8,fluvial_scour,plus4K,38.8,0
Tokachi,right,57.8,fluvial_scour,plus4K,39,0
Tokachi,right,57.8,fluvial_scour,plus4K,39.2,0.0001
Tokachi,right,57.8,fluvial_scour,plus4K,39.4,0.0002
Tokachi,right,57.8,fluvial_scour,plus4K,39.6,0.0004
Tokachi,right,57.8,fluvial_scour,plus4K,39.8,0.001
Tokachi,right,57.8,fluvial_scour,plus4K,40,0.0013
Tokachi,right,57.8,fluvial_scour,plus4K,40.2,0.003
Tokachi,right,57.8,fluvial_scour,plus4K,40.4,0.0043
Tokachi,right,57.8,fluvial_scour,plus4K,40.6,0.0057
Tokachi,right,57.8,fluvial_scour,plus4K,40.8,0.0079
Tokachi,right,57.8,fluvial_scour,plus4K,41,0.0102
Tokachi,right,57.8,fluvial_scour,plus4K,41.2,0.0128
Tokachi,right,57.8,fluvial_scour,plus4K,41.4,0.0169
Tokachi,right,57.8,fluvial_scour,plus4K,41.6,0.0202
Tokachi,right,57.8,fluvial_scour,plus4K,41.8,0.0239
Tokachi,right,57.8,fluvial_scour,plus4K,42,0.0287
Tokachi,right,57.8,fluvial_scour,plus4K,42.2,0.033
Tokachi,right,57.8,fluvial_scour,plus4K,42.4,0.0378
Tokachi,right,57.8,fluvial_scour,plus4K,42.6,0.0431
Tokachi,right,57.8,fluvial_scour,plus4K,42.8,0.0479
Tokachi,right,57.8,fluvial_scour,plus4K,43,0.0534
Tokachi,right,57.8,fluvial_scour,plus4K,43.2,0.0581
Tokachi,right,57.8,fluvial_scour,plus4K,43.4,0.0601
Tokachi,right,57.8,fluvial_scour,plus4K,43.6,0.0628
Tokachi,right,57.8,fluvial_scour,plus4K,43.8,0.0656
Tokachi,right,57.8,fluvial_scour,plus4K,44,0.0692
Tokachi,right,57.8,fluvial_scour,plus4K,44.2,0.071
Tokachi,right,57.8,fluvial_scour,plus4K,44.4,0.0739
Tokachi,right,57.8,fluvial_scour,plus4K,44.6,0.0746
Tokachi,right,57.8,fluvial_scour,plus4K,44.8,0.0767
Tokachi,right,57.8,fluvial_scour,plus4K,45,0.0787
Tokachi,right,57.8,fluvial_scour,plus4K,45.2,0.0802
Tokachi,right,57.8,fluvial_scour,plus4K,45.4,0.0816
Tokachi,right,58,fluvial_scour,historical,37.2,0
Tokachi,right,58,fluvial_scour,historical,37.4,0
Tokachi,right,58,fluvial_scour,historical,37.6,0
Tokachi,right,58,fluvial_scour,historical,37.8,0
Tokachi,right,58,fluvial_scour,historical,38,0
Tokachi,right,58,fluvial_scour,historical,38.2,0
Tokachi,right,58,fluvial_scour,historical,38.4,0
Tokachi,right,58,fluvial_scour,historical,38.6,0
Tokachi,right,58,fluvial_scour,historical,38.8,0
Tokachi,right,58,fluvial_scour,historical,39,0
Tokachi,right,58,fluvial_scour,historical,39.2,0
Tokachi,right,58,fluvial_scour,historical,39.4,0
Tokachi,right,58,fluvial_scour,historical,39.6,0
Tokachi,right,58,fluvial_scour,historical,39.8,0.0001
Tokachi,right,58,fluvial_scour,historical,40,0.0003
Tokachi,right,58,fluvial_scour,historical,40.2,0.0007
Tokachi,right,58,fluvial_scour,historical,40.4,0.0011
Tokachi,right,58,fluvial_scour,historical,40.6,0.0018
Tokachi,right,58,fluvial_scour,historical,40.8,0.003
Tokachi,right,58,fluvial_scour,historical,41,0.0045
Tokachi,right,58,fluvial_scour,historical,41.2,0.0064
Tokachi,right,58,fluvial_scour,historical,41.4,0.0096
Tokachi,right,58,fluvial_scour,historical,41.6,0.0111
Tokachi,right,58,fluvial_scour,historical,41.8,0.0151
Tokachi,right,58,fluvial_scour,historical,42,0.02
Tokachi,right,58,fluvial_scour,historical,42.2,0.0233
Tokachi,right,58,fluvial_scour,historical,42.4,0.0279
Tokachi,right,58,fluvial_scour,historical,42.6,0.0323
Tokachi,right,58,fluvial_scour,historical,42.8,0.0369
Tokachi,right,58,fluvial_scour,historical,43,0.0411
Tokachi,right,58,fluvial_scour,historical,43.2,0.0454
Tokachi,right,58,fluvial_scour,historical,43.4,0.0493
Tokachi,right,58,fluvial_scour,historical,43.6,0.0512
Tokachi,right,58,fluvial_scour,historical,43.8,0.0549
Tokachi,right,58,fluvial_scour,historical,44,0.0567
Tokachi,right,58,fluvial_scour,historical,44.2,0.0603
Tokachi,right,58,fluvial_scour,historical,44.4,0.0616
Tokachi,right,58,fluvial_scour,historical,44.6,0.065
Tokachi,right,58,fluvial_scour,historical,44.8,0.0664
Tokachi,right,58,fluvial_scour,historical,45,0.0684
Tokachi,right,58,fluvial_scour,historical,45.2,0.0702
Tokachi,right,58,fluvial_scour,historical,45.4,0.0721
Tokachi,right,58,fluvial_scour,historical,45.6,0.073
Tokachi,right,58,fluvial_scour,historical,45.8,0.0748
Tokachi,right,58,fluvial_scour,plus4K,37.2,0
Tokachi,right,58,fluvial_scour,plus4K,37.4,0
Tokachi,right,58,fluvial_scour,plus4K,37.6,0
Tokachi,right,58,fluvial_scour,plus4K,37.8,0
Tokachi,right,58,fluvial_scour,plus4K,38,0
Tokachi,right,58,fluvial_scour,plus4K,38.2,0
Tokachi,right,58,fluvial_scour,plus4K,38.4,0
Tokachi,right,58,fluvial_scour,plus4K,38.6,0
Tokachi,right,58,fluvial_scour,plus4K,38.8,0
Tokachi,right,58,fluvial_scour,plus4K,39,0
Tokachi,right,58,fluvial_scour,plus4K,39.2,0
Tokachi,right,58,fluvial_scour,plus4K,39.4,0
Tokachi,right,58,fluvial_scour,plus4K,39.6,0
Tokachi,right,58,fluvial_scour,plus4K,39.8,0.0001
Tokachi,right,58,fluvial_scour,plus4K,40,0.0003
Tokachi,right,58,fluvial_scour,plus4K,40.2,0.0007
Tokachi,right,58,fluvial_scour,plus4K,40.4,0.0011
Tokachi,right,58,fluvial_scour,plus4K,40.6,0.0018
Tokachi,right,58,fluvial_scour,plus4K,40.8,0.003
Tokachi,right,58,fluvial_scour,plus4K,41,0.0045
Tokachi,right,58,fluvial_scour,plus4K,41.2,0.0064
Tokachi,right,58,fluvial_scour,plus4K,41.4,0.0096
Tokachi,right,58,fluvial_scour,plus4K,41.6,0.0111
Tokachi,right,58,fluvial_scour,plus4K,41.8,0.0151
Tokachi,right,58,fluvial_scour,plus4K,42,0.02
Tokachi,right,58,fluvial_scour,plus4K,42.2,0.0233
Tokachi,right,58,fluvial_scour,plus4K,42.4,0.0279
Tokachi,right,58,fluvial_scour,plus4K,42.6,0.0323
Tokachi,right,58,fluvial_scour,plus4K,42.8,0.0369
Tokachi,right,58,fluvial_scour,plus4K,43,0.0411
Tokachi,right,58,fluvial_scour,plus4K,43.2,0.0454
Tokachi,right,58,fluvial_scour,plus4K,43.4,0.0493
Tokachi,right,58,fluvial_scour,plus4K,43.6,0.0512
Tokachi,right,58,fluvial_scour,plus4K,43.8,0.0549
Tokachi,right,58,fluvial_scour,plus4K,44,0.0567
Tokachi,right,58,fluvial_scour,plus4K,44.2,0.0603
Tokachi,right,58,fluvial_scour,plus4K,44.4,0.0616
Tokachi,right,58,fluvial_scour,plus4K,44.6,0.065
Tokachi,right,58,fluvial_scour,plus4K,44.8,0.0664
Tokachi,right,58,fluvial_scour,plus4K,45,0.0684
Tokachi,right,58,fluvial_scour,plus4K,45.2,0.0702
Tokachi,right,58,fluvial_scour,plus4K,45.4,0.0721
Tokachi,right,58,fluvial_scour,plus4K,45.6,0.073
Tokachi,right,58,fluvial_scour,plus4K,45.8,0.0748
Tokachi,right,58.2,fluvial_scour,historical,37.8,0
Tokachi,right,58.2,fluvial_scour,historical,38,0
Tokachi,right,58.2,fluvial_scour,historical,38.2,0
Tokachi,right,58.2,fluvial_scour,historical,38.4,0
Tokachi,right,58.2,fluvial_scour,historical,38.6,0
Tokachi,right,58.2,fluvial_scour,historical,38.8,0
Tokachi,right,58.2,fluvial_scour,historical,39,0
Tokachi,right,58.2,fluvial_scour,historical,39.2,0
Tokachi,right,58.2,fluvial_scour,historical,39.4,0
Tokachi,right,58.2,fluvial_scour,historical,39.6,0
Tokachi,right,58.2,fluvial_scour,historical,39.8,0
Tokachi,right,58.2,fluvial_scour,historical,40,0
Tokachi,right,58.2,fluvial_scour,historical,40.2,0
Tokachi,right,58.2,fluvial_scour,historical,40.4,0.0003
Tokachi,right,58.2,fluvial_scour,historical,40.6,0.0005
Tokachi,right,58.2,fluvial_scour,historical,40.8,0.0008
Tokachi,right,58.2,fluvial_scour,historical,41,0.0021
Tokachi,right,58.2,fluvial_scour,historical,41.2,0.0034
Tokachi,right,58.2,fluvial_scour,historical,41.4,0.005
Tokachi,right,58.2,fluvial_scour,historical,41.6,0.0066
Tokachi,right,58.2,fluvial_scour,historical,41.8,0.0087
Tokachi,right,58.2,fluvial_scour,historical,42,0.0113
Tokachi,right,58.2,fluvial_scour,historical,42.2,0.014
Tokachi,right,58.2,fluvial_scour,historical,42.4,0.0165
Tokachi,right,58.2,fluvial_scour,historical,42.6,0.0201
Tokachi,right,58.2,fluvial_scour,historical,42.8,0.0245
Tokachi,right,58.2,fluvial_scour,historical,43,0.0291
Tokachi,right,58.2,fluvial_scour,historical,43.2,0.0337
Tokachi,right,58.2,fluvial_scour,historical,43.4,0.0375
Tokachi,right,58.2,fluvial_scour,historical,43.6,0.0415
Tokachi,right,58.2,fluvial_scour,historical,43.8,0.0431
Tokachi,right,58.2,fluvial_scour,historical,44,0.0475
Tokachi,right,58.2,fluvial_scour,historical,44.2,0.0496
Tokachi,right,58.2,fluvial_scour,historical,44.4,0.0517
Tokachi,right,58.2,fluvial_scour,historical,44.6,0.0538
Tokachi,right,58.2,fluvial_scour,historical,44.8,0.0562
Tokachi,right,58.2,fluvial_scour,historical,45,0.0583
Tokachi,right,58.2,fluvial_scour,historical,45.2,0.0599
Tokachi,right,58.2,fluvial_scour,historical,45.4,0.0626
Tokachi,right,58.2,fluvial_scour,historical,45.6,0.0642
Tokachi,right,58.2,fluvial_scour,historical,45.8,0.066
Tokachi,right,58.2,fluvial_scour,historical,46,0.0678
Tokachi,right,58.2,fluvial_scour,plus4K,37.8,0
Tokachi,right,58.2,fluvial_scour,plus4K,38,0
Tokachi,right,58.2,fluvial_scour,plus4K,38.2,0
Tokachi,right,58.2,fluvial_scour,plus4K,38.4,0
Tokachi,right,58.2,fluvial_scour,plus4K,38.6,0
Tokachi,right,58.2,fluvial_scour,plus4K,38.8,0
Tokachi,right,58.2,fluvial_scour,plus4K,39,0
Tokachi,right,58.2,fluvial_scour,plus4K,39.2,0
Tokachi,right,58.2,fluvial_scour,plus4K,39.4,0
Tokachi,right,58.2,fluvial_scour,plus4K,39.6,0
Tokachi,right,58.2,fluvial_scour,plus4K,39.8,0
Tokachi,right,58.2,fluvial_scour,plus4K,40,0
Tokachi,right,58.2,fluvial_scour,plus4K,40.2,0
Tokachi,right,58.2,fluvial_scour,plus4K,40.4,0.0003
Tokachi,right,58.2,fluvial_scour,plus4K,40.6,0.0005
Tokachi,right,58.2,fluvial_scour,plus4K,40.8,0.0008
Tokachi,right,58.2,fluvial_scour,plus4K,41,0.0021
Tokachi,right,58.2,fluvial_scour,plus4K,41.2,0.0034
Tokachi,right,58.2,fluvial_scour,plus4K,41.4,0.005
Tokachi,right,58.2,fluvial_scour,plus4K,41.6,0.0066
Tokachi,right,58.2,fluvial_scour,plus4K,41.8,0.0087
Tokachi,right,58.2,fluvial_scour,plus4K,42,0.0113
Tokachi,right,58.2,fluvial_scour,plus4K,42.2,0.014
Tokachi,right,58.2,fluvial_scour,plus4K,42.4,0.0165
Tokachi,right,58.2,fluvial_scour,plus4K,42.6,0.0201
Tokachi,right,58.2,fluvial_scour,plus4K,42.8,0.0245
Tokachi,right,58.2,fluvial_scour,plus4K,43,0.0291
Tokachi,right,58.2,fluvial_scour,plus4K,43.2,0.0337
Tokachi,right,58.2,fluvial_scour,plus4K,43.4,0.0375
Tokachi,right,58.2,fluvial_scour,plus4K,43.6,0.0415
Tokachi,right,58.2,fluvial_scour,plus4K,43.8,0.0431
Tokachi,right,58.2,fluvial_scour,plus4K,44,0.0475
Tokachi,right,58.2,fluvial_scour,plus4K,44.2,0.0496
Tokachi,right,58.2,fluvial_scour,plus4K,44.4,0.0517
Tokachi,right,58.2,fluvial_scour,plus4K,44.6,0.0538
Tokachi,right,58.2,fluvial_scour,plus4K,44.8,0.0562
Tokachi,right,58.2,fluvial_scour,plus4K,45,0.0583
Tokachi,right,58.2,fluvial_scour,plus4K,45.2,0.0599
Tokachi,right,58.2,fluvial_scour,plus4K,45.4,0.0626
Tokachi,right,58.2,fluvial_scour,plus4K,45.6,0.0642
Tokachi,right,58.2,fluvial_scour,plus4K,45.8,0.066
Tokachi,right,58.2,fluvial_scour,plus4K,46,0.0678
Tokachi,right,58.4,fluvial_scour,historical,38,0
Tokachi,right,58.4,fluvial_scour,historical,38.2,0
Tokachi,right,58.4,fluvial_scour,historical,38.4,0
Tokachi,right,58.4,fluvial_scour,historical,38.6,0
Tokachi,right,58.4,fluvial_scour,historical,38.8,0
Tokachi,right,58.4,fluvial_scour,historical,39,0
Tokachi,right,58.4,fluvial_scour,historical,39.2,0
Tokachi,right,58.4,fluvial_scour,historical,39.4,0
Tokachi,right,58.4,fluvial_scour,historical,39.6,0
Tokachi,right,58.4,fluvial_scour,historical,39.8,0
Tokachi,right,58.4,fluvial_scour,historical,40,0
Tokachi,right,58.4,fluvial_scour,historical,40.2,0
Tokachi,right,58.4,fluvial_scour,historical,40.4,0
Tokachi,right,58.4,fluvial_scour,historical,40.6,0.0002
Tokachi,right,58.4,fluvial_scour,historical,40.8,0.0005
Tokachi,right,58.4,fluvial_scour,historical,41,0.0012
Tokachi,right,58.4,fluvial_scour,historical,41.2,0.002
Tokachi,right,58.4,fluvial_scour,historical,41.4,0.0033
Tokachi,right,58.4,fluvial_scour,historical,41.6,0.0053
Tokachi,right,58.4,fluvial_scour,historical,41.8,0.0069
Tokachi,right,58.4,fluvial_scour,historical,42,0.0098
Tokachi,right,58.4,fluvial_scour,historical,42.2,0.0129
Tokachi,right,58.4,fluvial_scour,historical,42.4,0.016
Tokachi,right,58.4,fluvial_scour,historical,42.6,0.0197
Tokachi,right,58.4,fluvial_scour,historical,42.8,0.0229
Tokachi,right,58.4,fluvial_scour,historical,43,0.0258
Tokachi,right,58.4,fluvial_scour,historical,43.2,0.0293
Tokachi,right,58.4,fluvial_scour,historical,43.4,0.034
Tokachi,right,58.4,fluvial_scour,historical,43.6,0.0382
Tokachi,right,58.4,fluvial_scour,historical,43.8,0.0421
Tokachi,right,58.4,fluvial_scour,historical,44,0.0447
Tokachi,right,58.4,fluvial_scour,historical,44.2,0.0481
Tokachi,right,58.4,fluvial_scour,historical,44.4,0.05
Tokachi,right,58.4,fluvial_scour,historical,44.6,0.0525
Tokachi,right,58.4,fluvial_scour,historical,44.8,0.0537
Tokachi,right,58.4,fluvial_scour,historical,45,0.0567
Tokachi,right,58.4,fluvial_scour,historical,45.2,0.0582
Tokachi,right,58.4,fluvial_scour,historical,45.4,0.0599
Tokachi,right,58.4,fluvial_scour,historical,45.6,0.0622
Tokachi,right,58.4,fluvial_scour,historical,45.8,0.0636
Tokachi,right,58.4,fluvial_scour,historical,46,0.0661
Tokachi,right,58.4,fluvial_scour,plus4K,38,0
Tokachi,right,58.4,fluvial_scour,plus4K,38.2,0
Tokachi,right,58.4,fluvial_scour,plus4K,38.4,0
Tokachi,right,58.4,fluvial_scour,plus4K,38.6,0
Tokachi,right,58.4,fluvial_scour,plus4K,38.8,0
Tokachi,right,58.4,fluvial_scour,plus4K,39,0
Tokachi,right,58.4,fluvial_scour,plus4K,39.2,0
Tokachi,right,58.4,fluvial_scour,plus4K,39.4,0
Tokachi,right,58.4,fluvial_scour,plus4K,39.6,0
Tokachi,right,58.4,fluvial_scour,plus4K,39.8,0
Tokachi,right,58.4,fluvial_scour,plus4K,40,0
Tokachi,right,58.4,fluvial_scour,plus4K,40.2,0
Tokachi,right,58.4,fluvial_scour,plus4K,40.4,0
Tokachi,right,58.4,fluvial_scour,plus4K,40.6,0.0002
Tokachi,right,58.4,fluvial_scour,plus4K,40.8,0.0005
Tokachi,right,58.4,fluvial_scour,plus4K,41,0.0012
Tokachi,right,58.4,fluvial_scour,plus4K,41.2,0.002
Tokachi,right,58.4,fluvial_scour,plus4K,41.4,0.0033
Tokachi,right,58.4,fluvial_scour,plus4K,41.6,0.0053
Tokachi,right,58.4,fluvial_scour,plus4K,41.8,0.0069
Tokachi,right,58.4,fluvial_scour,plus4K,42,0.0098
Tokachi,right,58.4,fluvial_scour,plus4K,42.2,0.0129
Tokachi,right,58.4,fluvial_scour,plus4K,42.4,0.016
Tokachi,right,58.4,fluvial_scour,plus4K,42.6,0.0197
Tokachi,right,58.4,fluvial_scour,plus4K,42.8,0.0229
Tokachi,right,58.4,fluvial_scour,plus4K,43,0.0258
Tokachi,right,58.4,fluvial_scour,plus4K,43.2,0.0293
Tokachi,right,58.4,fluvial_scour,plus4K,43.4,0.034
Tokachi,right,58.4,fluvial_scour,plus4K,43.6,0.0382
Tokachi,right,58.4,fluvial_scour,plus4K,43.8,0.0421
Tokachi,right,58.4,fluvial_scour,plus4K,44,0.0447
Tokachi,right,58.4,fluvial_scour,plus4K,44.2,0.0481
Tokachi,right,58.4,fluvial_scour,plus4K,44.4,0.05
Tokachi,right,58.4,fluvial_scour,plus4K,44.6,0.0525
Tokachi,right,58.4,fluvial_scour,plus4K,44.8,0.0537
Tokachi,right,58.4,fluvial_scour,plus4K,45,0.0567
Tokachi,right,58.4,fluvial_scour,plus4K,45.2,0.0582
Tokachi,right,58.4,fluvial_scour,plus4K,45.4,0.0599
Tokachi,right,58.4,fluvial_scour,plus4K,45.6,0.0622
Tokachi,right,58.4,fluvial_scour,plus4K,45.8,0.0636
Tokachi,right,58.4,fluvial_scour,plus4K,46,0.0661
Tokachi,right,58.6,fluvial_scour,historical,38.4,0
Tokachi,right,58.6,fluvial_scour,historical,38.6,0
Tokachi,right,58.6,fluvial_scour,historical,38.8,0
Tokachi,right,58.6,fluvial_scour,historical,39,0
Tokachi,right,58.6,fluvial_scour,historical,39.2,0
Tokachi,right,58.6,fluvial_scour,historical,39.4,0
Tokachi,right,58.6,fluvial_scour,historical,39.6,0
Tokachi,right,58.6,fluvial_scour,historical,39.8,0
Tokachi,right,58.6,fluvial_scour,historical,40,0
Tokachi,right,58.6,fluvial_scour,historical,40.2,0
Tokachi,right,58.6,fluvial_scour,historical,40.4,0
Tokachi,right,58.6,fluvial_scour,historical,40.6,0
Tokachi,right,58.6,fluvial_scour,historical,40.8,0.0001
Tokachi,right,58.6,fluvial_scour,historical,41,0.0001
Tokachi,right,58.6,fluvial_scour,historical,41.2,0.0002
Tokachi,right,58.6,fluvial_scour,historical,41.4,0.001
Tokachi,right,58.6,fluvial_scour,historical,41.6,0.0019
Tokachi,right,58.6,fluvial_scour,historical,41.8,0.0033
Tokachi,right,58.6,fluvial_scour,historical,42,0.0047
Tokachi,right,58.6,fluvial_scour,historical,42.2,0.0071
Tokachi,right,58.6,fluvial_scour,historical,42.4,0.0093
Tokachi,right,58.6,fluvial_scour,historical,42.6,0.0117
Tokachi,right,58.6,fluvial_scour,historical,42.8,0.0151
Tokachi,right,58.6,fluvial_scour,historical,43,0.0186
Tokachi,right,58.6,fluvial_scour,historical,43.2,0.0225
Tokachi,right,58.6,fluvial_scour,historical,43.4,0.0266
Tokachi,right,58.6,fluvial_scour,historical,43.6,0.0305
Tokachi,right,58.6,fluvial_scour,historical,43.8,0.0363
Tokachi,right,58.6,fluvial_scour,historical,44,0.0407
Tokachi,right,58.6,fluvial_scour,historical,44.2,0.0438
Tokachi,right,58.6,fluvial_scour,historical,44.4,0.047
Tokachi,right,58.6,fluvial_scour,historical,44.6,0.049
Tokachi,right,58.6,fluvial_scour,historical,44.8,0.0521
Tokachi,right,58.6,fluvial_scour,historical,45,0.0546
Tokachi,right,58.6,fluvial_scour,historical,45.2,0.0569
Tokachi,right,58.6,fluvial_scour,historical,45.4,0.0596
Tokachi,right,58.6,fluvial_scour,historical,45.6,0.0613
Tokachi,right,58.6,fluvial_scour,historical,45.8,0.0642
Tokachi,right,58.6,fluvial_scour,historical,46,0.0651
Tokachi,right,58.6,fluvial_scour,historical,46.2,0.0672
Tokachi,right,58.6,fluvial_scour,plus4K,38.4,0
Tokachi,right,58.6,fluvial_scour,plus4K,38.6,0
Tokachi,right,58.6,fluvial_scour,plus4K,38.8,0
Tokachi,right,58.6,fluvial_scour,plus4K,39,0
Tokachi,right,58.6,fluvial_scour,plus4K,39.2,0
Tokachi,right,58.6,fluvial_scour,plus4K,39.4,0
Tokachi,right,58.6,fluvial_scour,plus4K,39.6,0
Tokachi,right,58.6,fluvial_scour,plus4K,39.8,0
Tokachi,right,58.6,fluvial_scour,plus4K,40,0
Tokachi,right,58.6,fluvial_scour,plus4K,40.2,0
Tokachi,right,58.6,fluvial_scour,plus4K,40.4,0
Tokachi,right,58.6,fluvial_scour,plus4K,40.6,0
Tokachi,right,58.6,fluvial_scour,plus4K,40.8,0.0001
Tokachi,right,58.6,fluvial_scour,plus4K,41,0.0001
Tokachi,right,58.6,fluvial_scour,plus4K,41.2,0.0002
Tokachi,right,58.6,fluvial_scour,plus4K,41.4,0.001
Tokachi,right,58.6,fluvial_scour,plus4K,41.6,0.0019
Tokachi,right,58.6,fluvial_scour,plus4K,41.8,0.0033
Tokachi,right,58.6,fluvial_scour,plus4K,42,0.0047
Tokachi,right,58.6,fluvial_scour,plus4K,42.2,0.0071
Tokachi,right,58.6,fluvial_scour,plus4K,42.4,0.0093
Tokachi,right,58.6,fluvial_scour,plus4K,42.6,0.0117
Tokachi,right,58.6,fluvial_scour,plus4K,42.8,0.0151
Tokachi,right,58.6,fluvial_scour,plus4K,43,0.0186
Tokachi,right,58.6,fluvial_scour,plus4K,43.2,0.0225
Tokachi,right,58.6,fluvial_scour,plus4K,43.4,0.0266
Tokachi,right,58.6,fluvial_scour,plus4K,43.6,0.0305
Tokachi,right,58.6,fluvial_scour,plus4K,43.8,0.0363
Tokachi,right,58.6,fluvial_scour,plus4K,44,0.0407
Tokachi,right,58.6,fluvial_scour,plus4K,44.2,0.0438
Tokachi,right,58.6,fluvial_scour,plus4K,44.4,0.047
Tokachi,right,58.6,fluvial_scour,plus4K,44.6,0.049
Tokachi,right,58.6,fluvial_scour,plus4K,44.8,0.0521
Tokachi,right,58.6,fluvial_scour,plus4K,45,0.0546
Tokachi,right,58.6,fluvial_scour,plus4K,45.2,0.0569
Tokachi,right,58.6,fluvial_scour,plus4K,45.4,0.0596
Tokachi,right,58.6,fluvial_scour,plus4K,45.6,0.0613
Tokachi,right,58.6,fluvial_scour,plus4K,45.8,0.0642
Tokachi,right,58.6,fluvial_scour,plus4K,46,0.0651
Tokachi,right,58.6,fluvial_scour,plus4K,46.2,0.0672
Tokachi,right,58.8,fluvial_scour,historical,37.4,0
Tokachi,right,58.8,fluvial_scour,historical,37.6,0
Tokachi,right,58.8,fluvial_scour,historical,37.8,0
Tokachi,right,58.8,fluvial_scour,historical,38,0
Tokachi,right,58.8,fluvial_scour,historical,38.2,0
Tokachi,right,58.8,fluvial_scour,historical,38.4,0
Tokachi,right,58.8,fluvial_scour,historical,38.6,0
Tokachi,right,58.8,fluvial_scour,historical,38.8,0
Tokachi,right,58.8,fluvial_scour,historical,39,0
Tokachi,right,58.8,fluvial_scour,historical,39.2,0
Tokachi,right,58.8,fluvial_scour,historical,39.4,0
Tokachi,right,58.8,fluvial_scour,historical,39.6,0
Tokachi,right,58.8,fluvial_scour,historical,39.8,0.0001
Tokachi,right,58.8,fluvial_scour,historical,40,0.0003
Tokachi,right,58.8,fluvial_scour,historical,40.2,0.0008
Tokachi,right,58.8,fluvial_scour,historical,40.4,0.0012
Tokachi,right,58.8,fluvial_scour,historical,40.6,0.0025
Tokachi,right,58.8,fluvial_scour,historical,40.8,0.0031
Tokachi,right,58.8,fluvial_scour,historical,41,0.0051
Tokachi,right,58.8,fluvial_scour,historical,41.2,0.0068
Tokachi,right,58.8,fluvial_scour,historical,41.4,0.0097
Tokachi,right,58.8,fluvial_scour,historical,41.6,0.012
Tokachi,right,58.8,fluvial_scour,historical,41.8,0.0159
Tokachi,right,58.8,fluvial_scour,historical,42,0.0196
Tokachi,right,58.8,fluvial_scour,historical,42.2,0.0237
Tokachi,right,58.8,fluvial_scour,historical,42.4,0.0301
Tokachi,right,58.8,fluvial_scour,historical,42.6,0.0349
Tokachi,right,58.8,fluvial_scour,historical,42.8,0.0405
Tokachi,right,58.8,fluvial_scour,historical,43,0.0466
Tokachi,right,58.8,fluvial_scour,historical,43.2,0.0518
Tokachi,right,58.8,fluvial_scour,historical,43.4,0.0578
Tokachi,right,58.8,fluvial_scour,historical,43.6,0.0656
Tokachi,right,58.8,fluvial_scour,historical,43.8,0.0721
Tokachi,right,58.8,fluvial_scour,historical,44,0.0776
Tokachi,right,58.8,fluvial_scour,historical,44.2,0.0851
Tokachi,right,58.8,fluvial_scour,historical,44.4,0.0904
Tokachi,right,58.8,fluvial_scour,historical,44.6,0.0935
Tokachi,right,58.8,fluvial_scour,historical,44.8,0.0988
Tokachi,right,58.8,fluvial_scour,historical,45,0.1023
Tokachi,right,58.8,fluvial_scour,historical,45.2,0.1067
Tokachi,right,58.8,fluvial_scour,historical,45.4,0.1089
Tokachi,right,58.8,fluvial_scour,historical,45.6,0.1149
Tokachi,right,58.8,fluvial_scour,historical,45.8,0.1163
Tokachi,right,58.8,fluvial_scour,historical,46,0.1198
Tokachi,right,58.8,fluvial_scour,historical,46.2,0.1219
Tokachi,right,58.8,fluvial_scour,historical,46.4,0.1237
Tokachi,right,58.8,fluvial_scour,historical,46.6,0.1268
Tokachi,right,58.8,fluvial_scour,historical,46.8,0.1286
Tokachi,right,58.8,fluvial_scour,historical,47,0.1305
Tokachi,right,58.8,fluvial_scour,historical,47.2,0.1336
Tokachi,right,58.8,fluvial_scour,historical,47.4,0.1357
Tokachi,right,58.8,fluvial_scour,plus4K,37.4,0
Tokachi,right,58.8,fluvial_scour,plus4K,37.6,0
Tokachi,right,58.8,fluvial_scour,plus4K,37.8,0
Tokachi,right,58.8,fluvial_scour,plus4K,38,0
Tokachi,right,58.8,fluvial_scour,plus4K,38.2,0
Tokachi,right,58.8,fluvial_scour,plus4K,38.4,0
Tokachi,right,58.8,fluvial_scour,plus4K,38.6,0
Tokachi,right,58.8,fluvial_scour,plus4K,38.8,0
Tokachi,right,58.8,fluvial_scour,plus4K,39,0
Tokachi,right,58.8,fluvial_scour,plus4K,39.2,0
Tokachi,right,58.8,fluvial_scour,plus4K,39.4,0
Tokachi,right,58.8,fluvial_scour,plus4K,39.6,0
Tokachi,right,58.8,fluvial_scour,plus4K,39.8,0.0001
Tokachi,right,58.8,fluvial_scour,plus4K,40,0.0003
Tokachi,right,58.8,fluvial_scour,plus4K,40.2,0.0008
Tokachi,right,58.8,fluvial_scour,plus4K,40.4,0.0012
Tokachi,right,58.8,fluvial_scour,plus4K,40.6,0.0025
Tokachi,right,58.8,fluvial_scour,plus4K,40.8,0.0031
Tokachi,right,58.8,fluvial_scour,plus4K,41,0.0051
Tokachi,right,58.8,fluvial_scour,plus4K,41.2,0.0068
Tokachi,right,58.8,fluvial_scour,plus4K,41.4,0.0097
Tokachi,right,58.8,fluvial_scour,plus4K,41.6,0.012
Tokachi,right,58.8,fluvial_scour,plus4K,41.8,0.0159
Tokachi,right,58.8,fluvial_scour,plus4K,42,0.0196
Tokachi,right,58.8,fluvial_scour,plus4K,42.2,0.0237
Tokachi,right,58.8,fluvial_scour,plus4K,42.4,0.0301
Tokachi,right,58.8,fluvial_scour,plus4K,42.6,0.0349
Tokachi,right,58.8,fluvial_scour,plus4K,42.8,0.0405
Tokachi,right,58.8,fluvial_scour,plus4K,43,0.0466
Tokachi,right,58.8,fluvial_scour,plus4K,43.2,0.0518
Tokachi,right,58.8,fluvial_scour,plus4K,43.4,0.0578
Tokachi,right,58.8,fluvial_scour,plus4K,43.6,0.0656
Tokachi,right,58.8,fluvial_scour,plus4K,43.8,0.0721
Tokachi,right,58.8,fluvial_scour,plus4K,44,0.0776
Tokachi,right,58.8,fluvial_scour,plus4K,44.2,0.0851
Tokachi,right,58.8,fluvial_scour,plus4K,44.4,0.0904
Tokachi,right,58.8,fluvial_scour,plus4K,44.6,0.0935
Tokachi,right,58.8,fluvial_scour,plus4K,44.8,0.0988
Tokachi,right,58.8,fluvial_scour,plus4K,45,0.1023
Tokachi,right,58.8,fluvial_scour,plus4K,45.2,0.1067
Tokachi,right,58.8,fluvial_scour,plus4K,45.4,0.1089
Tokachi,right,58.8,fluvial_scour,plus4K,45.6,0.1149
Tokachi,right,58.8,fluvial_scour,plus4K,45.8,0.1163
Tokachi,right,58.8,fluvial_scour,plus4K,46,0.1198
Tokachi,right,58.8,fluvial_scour,plus4K,46.2,0.1219
Tokachi,right,58.8,fluvial_scour,plus4K,46.4,0.1237
Tokachi,right,58.8,fluvial_scour,plus4K,46.6,0.1268
Tokachi,right,58.8,fluvial_scour,plus4K,46.8,0.1286
Tokachi,right,58.8,fluvial_scour,plus4K,47,0.1305
Tokachi,right,58.8,fluvial_scour,plus4K,47.2,0.1336
Tokachi,right,58.8,fluvial_scour,plus4K,47.4,0.1357
Tokachi,right,59,fluvial_scour,historical,37.8,0
Tokachi,right,59,fluvial_scour,historical,38,0
Tokachi,right,59,fluvial_scour,historical,38.2,0
Tokachi,right,59,fluvial_scour,historical,38.4,0
Tokachi,right,59,fluvial_scour,historical,38.6,0
Tokachi,right,59,fluvial_scour,historical,38.8,0
Tokachi,right,59,fluvial_scour,historical,39,0
Tokachi,right,59,fluvial_scour,historical,39.2,0
Tokachi,right,59,fluvial_scour,historical,39.4,0
Tokachi,right,59,fluvial_scour,historical,39.6,0
Tokachi,right,59,fluvial_scour,historical,39.8,0
Tokachi,right,59,fluvial_scour,historical,40,0
Tokachi,right,59,fluvial_scour,historical,40.2,0
Tokachi,right,59,fluvial_scour,historical,40.4,0.0002
Tokachi,right,59,fluvial_scour,historical,40.6,0.0003
Tokachi,right,59,fluvial_scour,historical,40.8,0.001
Tokachi,right,59,fluvial_scour,historical,41,0.0015
Tokachi,right,59,fluvial_scour,historical,41.2,0.0023
Tokachi,right,59,fluvial_scour,historical,41.4,0.0041
Tokachi,right,59,fluvial_scour,historical,41.6,0.0058
Tokachi,right,59,fluvial_scour,historical,41.8,0.0078
Tokachi,right,59,fluvial_scour,historical,42,0.0109
Tokachi,right,59,fluvial_scour,historical,42.2,0.0137
Tokachi,right,59,fluvial_scour,historical,42.4,0.0179
Tokachi,right,59,fluvial_scour,historical,42.6,0.0216
Tokachi,right,59,fluvial_scour,historical,42.8,0.0271
Tokachi,right,59,fluvial_scour,historical,43,0.0331
Tokachi,right,59,fluvial_scour,historical,43.2,0.0392
Tokachi,right,59,fluvial_scour,historical,43.4,0.0448
Tokachi,right,59,fluvial_scour,historical,43.6,0.0499
Tokachi,right,59,fluvial_scour,historical,43.8,0.0546
Tokachi,right,59,fluvial_scour,historical,44,0.0588
Tokachi,right,59,fluvial_scour,historical,44.2,0.0675
Tokachi,right,59,fluvial_scour,historical,44.4,0.0748
Tokachi,right,59,fluvial_scour,historical,44.6,0.082
Tokachi,right,59,fluvial_scour,historical,44.8,0.0883
Tokachi,right,59,fluvial_scour,historical,45,0.0936
Tokachi,right,59,fluvial_scour,historical,45.2,0.0982
Tokachi,right,59,fluvial_scour,historical,45.4,0.1003
Tokachi,right,59,fluvial_scour,historical,45.6,0.1048
Tokachi,right,59,fluvial_scour,historical,45.8,0.1072
Tokachi,right,59,fluvial_scour,historical,46,0.1101
Tokachi,right,59,fluvial_scour,historical,46.2,0.1127
Tokachi,right,59,fluvial_scour,historical,46.4,0.1149
Tokachi,right,59,fluvial_scour,historical,46.6,0.1182
Tokachi,right,59,fluvial_scour,historical,46.8,0.1199
Tokachi,right,59,fluvial_scour,historical,47,0.1229
Tokachi,right,59,fluvial_scour,plus4K,37.8,0
Tokachi,right,59,fluvial_scour,plus4K,38,0
Tokachi,right,59,fluvial_scour,plus4K,38.2,0
Tokachi,right,59,fluvial_scour,plus4K,38.4,0
Tokachi,right,59,fluvial_scour,plus4K,38.6,0
Tokachi,right,59,fluvial_scour,plus4K,38.8,0
Tokachi,right,59,fluvial_scour,plus4K,39,0
Tokachi,right,59,fluvial_scour,plus4K,39.2,0
Tokachi,right,59,fluvial_scour,plus4K,39.4,0
Tokachi,right,59,fluvial_scour,plus4K,39.6,0
Tokachi,right,59,fluvial_scour,plus4K,39.8,0
Tokachi,right,59,fluvial_scour,plus4K,40,0
Tokachi,right,59,fluvial_scour,plus4K,40.2,0
Tokachi,right,59,fluvial_scour,plus4K,40.4,0.0002
Tokachi,right,59,fluvial_scour,plus4K,40.6,0.0003
Tokachi,right,59,fluvial_scour,plus4K,40.8,0.001
Tokachi,right,59,fluvial_scour,plus4K,41,0.0015
Tokachi,right,59,fluvial_scour,plus4K,41.2,0.0023
Tokachi,right,59,fluvial_scour,plus4K,41.4,0.0041
Tokachi,right,59,fluvial_scour,plus4K,41.6,0.0058
Tokachi,right,59,fluvial_scour,plus4K,41.8,0.0078
Tokachi,right,59,fluvial_scour,plus4K,42,0.0109
Tokachi,right,59,fluvial_scour,plus4K,42.2,0.0137
Tokachi,right,59,fluvial_scour,plus4K,42.4,0.0179
Tokachi,right,59,fluvial_scour,plus4K,42.6,0.0216
Tokachi,right,59,fluvial_scour,plus4K,42.8,0.0271
Tokachi,right,59,fluvial_scour,plus4K,43,0.0331
Tokachi,right,59,fluvial_scour,plus4K,43.2,0.0392
Tokachi,right,59,fluvial_scour,plus4K,43.4,0.0448
Tokachi,right,59,fluvial_scour,plus4K,43.6,0.0499
Tokachi,right,59,fluvial_scour,plus4K,43.8,0.0546
Tokachi,right,59,fluvial_scour,plus4K,44,0.0588
Tokachi,right,59,fluvial_scour,plus4K,44.2,0.0675
Tokachi,right,59,fluvial_scour,plus4K,44.4,0.0748
Tokachi,right,59,fluvial_scour,plus4K,44.6,0.082
Tokachi,right,59,fluvial_scour,plus4K,44.8,0.0883
Tokachi,right,59,fluvial_scour,plus4K,45,0.0936
Tokachi,right,59,fluvial_scour,plus4K,45.2,0.0982
Tokachi,right,59,fluvial_scour,plus4K,45.4,0.1003
Tokachi,right,59,fluvial_scour,plus4K,45.6,0.1048
Tokachi,right,59,fluvial_scour,plus4K,45.8,0.1072
Tokachi,right,59,fluvial_scour,plus4K,46,0.1101
Tokachi,right,59,fluvial_scour,plus4K,46.2,0.1127
Tokachi,right,59,fluvial_scour,plus4K,46.4,0.1149
Tokachi,right,59,fluvial_scour,plus4K,46.6,0.1182
Tokachi,right,59,fluvial_scour,plus4K,46.8,0.1199
Tokachi,right,59,fluvial_scour,plus4K,47,0.1229
Tokachi,right,59.2,fluvial_scour,historical,38.2,0
Tokachi,right,59.2,fluvial_scour,historical,38.4,0
Tokachi,right,59.2,fluvial_scour,historical,38.6,0
Tokachi,right,59.2,fluvial_scour,historical,38.8,0
Tokachi,right,59.2,fluvial_scour,historical,39,0
Tokachi,right,59.2,fluvial_scour,historical,39.2,0
Tokachi,right,59.2,fluvial_scour,historical,39.4,0
Tokachi,right,59.2,fluvial_scour,historical,39.6,0
Tokachi,right,59.2,fluvial_scour,historical,39.8,0
Tokachi,right,59.2,fluvial_scour,historical,40,0
Tokachi,right,59.2,fluvial_scour,historical,40.2,0
Tokachi,right,59.2,fluvial_scour,historical,40.4,0
Tokachi,right,59.2,fluvial_scour,historical,40.6,0.0001
Tokachi,right,59.2,fluvial_scour,historical,40.8,0.0001
Tokachi,right,59.2,fluvial_scour,historical,41,0.0003
Tokachi,right,59.2,fluvial_scour,historical,41.2,0.0006
Tokachi,right,59.2,fluvial_scour,historical,41.4,0.0012
Tokachi,right,59.2,fluvial_scour,historical,41.6,0.0021
Tokachi,right,59.2,fluvial_scour,historical,41.8,0.0035
Tokachi,right,59.2,fluvial_scour,historical,42,0.0052
Tokachi,right,59.2,fluvial_scour,historical,42.2,0.0076
Tokachi,right,59.2,fluvial_scour,historical,42.4,0.0097
Tokachi,right,59.2,fluvial_scour,historical,42.6,0.0129
Tokachi,right,59.2,fluvial_scour,historical,42.8,0.017
Tokachi,right,59.2,fluvial_scour,historical,43,0.0212
Tokachi,right,59.2,fluvial_scour,historical,43.2,0.0254
Tokachi,right,59.2,fluvial_scour,historical,43.4,0.0297
Tokachi,right,59.2,fluvial_scour,historical,43.6,0.0345
Tokachi,right,59.2,fluvial_scour,historical,43.8,0.0391
Tokachi,right,59.2,fluvial_scour,historical,44,0.0439
Tokachi,right,59.2,fluvial_scour,historical,44.2,0.0503
Tokachi,right,59.2,fluvial_scour,historical,44.4,0.0565
Tokachi,right,59.2,fluvial_scour,historical,44.6,0.063
Tokachi,right,59.2,fluvial_scour,historical,44.8,0.0704
Tokachi,right,59.2,fluvial_scour,historical,45,0.0756
Tokachi,right,59.2,fluvial_scour,historical,45.2,0.0801
Tokachi,right,59.2,fluvial_scour,historical,45.4,0.0845
Tokachi,right,59.2,fluvial_scour,historical,45.6,0.0866
Tokachi,right,59.2,fluvial_scour,historical,45.8,0.0913
Tokachi,right,59.2,fluvial_scour,historical,46,0.0939
Tokachi,right,59.2,fluvial_scour,historical,46.2,0.0972
Tokachi,right,59.2,fluvial_scour,historical,46.4,0.1005
Tokachi,right,59.2,fluvial_scour,historical,46.6,0.1027
Tokachi,right,59.2,fluvial_scour,historical,46.8,0.1068
Tokachi,right,59.2,fluvial_scour,historical,47,0.1086
Tokachi,right,59.2,fluvial_scour,plus4K,38.2,0
Tokachi,right,59.2,fluvial_scour,plus4K,38.4,0
Tokachi,right,59.2,fluvial_scour,plus4K,38.6,0
Tokachi,right,59.2,fluvial_scour,plus4K,38.8,0
Tokachi,right,59.2,fluvial_scour,plus4K,39,0
Tokachi,right,59.2,fluvial_scour,plus4K,39.2,0
Tokachi,right,59.2,fluvial_scour,plus4K,39.4,0
Tokachi,right,59.2,fluvial_scour,plus4K,39.6,0
Tokachi,right,59.2,fluvial_scour,plus4K,39.8,0
Tokachi,right,59.2,fluvial_scour,plus4K,40,0
Tokachi,right,59.2,fluvial_scour,plus4K,40.2,0
Tokachi,right,59.2,fluvial_scour,plus4K,40.4,0
Tokachi,right,59.2,fluvial_scour,plus4K,40.6,0.0001
Tokachi,right,59.2,fluvial_scour,plus4K,40.8,0.0001
Tokachi,right,59.2,fluvial_scour,plus4K,41,0.0003
Tokachi,right,59.2,fluvial_scour,plus4K,41.2,0.0006
Tokachi,right,59.2,fluvial_scour,plus4K,41.4,0.0012
Tokachi,right,59.2,fluvial_scour,plus4K,41.6,0.0021
Tokachi,right,59.2,fluvial_scour,plus4K,41.8,0.0035
Tokachi,right,59.2,fluvial_scour,plus4K,42,0.0052
Tokachi,right,59.2,fluvial_scour,plus4K,42.2,0.0076
Tokachi,right,59.2,fluvial_scour,plus4K,42.4,0.0097
Tokachi,right,59.2,fluvial_scour,plus4K,42.6,0.0129
Tokachi,right,59.2,fluvial_scour,plus4K,42.8,0.017
Tokachi,right,59.2,fluvial_scour,plus4K,43,0.0212
Tokachi,right,59.2,fluvial_scour,plus4K,43.2,0.0254
Tokachi,right,59.2,fluvial_scour,plus4K,43.4,0.0297
Tokachi,right,59.2,fluvial_scour,plus4K,43.6,0.0345
Tokachi,right,59.2,fluvial_scour,plus4K,43.8,0.0391
Tokachi,right,59.2,fluvial_scour,plus4K,44,0.0439
Tokachi,right,59.2,fluvial_scour,plus4K,44.2,0.0503
Tokachi,right,59.2,fluvial_scour,plus4K,44.4,0.0565
Tokachi,right,59.2,fluvial_scour,plus4K,44.6,0.063
Tokachi,right,59.2,fluvial_scour,plus4K,44.8,0.0704
Tokachi,right,59.2,fluvial_scour,plus4K,45,0.0756
Tokachi,right,59.2,fluvial_scour,plus4K,45.2,0.0801
Tokachi,right,59.2,fluvial_scour,plus4K,45.4,0.0845
Tokachi,right,59.2,fluvial_scour,plus4K,45.6,0.0866
Tokachi,right,59.2,fluvial_scour,plus4K,45.8,0.0913
Tokachi,right,59.2,fluvial_scour,plus4K,46,0.0939
Tokachi,right,59.2,fluvial_scour,plus4K,46.2,0.0972
Tokachi,right,59.2,fluvial_scour,plus4K,46.4,0.1005
Tokachi,right,59.2,fluvial_scour,plus4K,46.6,0.1027
Tokachi,right,59.2,fluvial_scour,plus4K,46.8,0.1068
Tokachi,right,59.2,fluvial_scour,plus4K,47,0.1086
Tokachi,right,59.4,fluvial_scour,historical,38.4,0
Tokachi,right,59.4,fluvial_scour,historical,38.6,0
Tokachi,right,59.4,fluvial_scour,historical,38.8,0
Tokachi,right,59.4,fluvial_scour,historical,39,0
Tokachi,right,59.4,fluvial_scour,historical,39.2,0
Tokachi,right,59.4,fluvial_scour,historical,39.4,0
Tokachi,right,59.4,fluvial_scour,historical,39.6,0
Tokachi,right,59.4,fluvial_scour,historical,39.8,0
Tokachi,right,59.4,fluvial_scour,historical,40,0
Tokachi,right,59.4,fluvial_scour,historical,40.2,0
Tokachi,right,59.4,fluvial_scour,historical,40.4,0
Tokachi,right,59.4,fluvial_scour,historical,40.6,0
Tokachi,right,59.4,fluvial_scour,historical,40.8,0.0002
Tokachi,right,59.4,fluvial_scour,historical,41,0.0006
Tokachi,right,59.4,fluvial_scour,historical,41.2,0.0012
Tokachi,right,59.4,fluvial_scour,historical,41.4,0.0017
Tokachi,right,59.4,fluvial_scour,historical,41.6,0.002
Tokachi,right,59.4,fluvial_scour,historical,41.8,0.0035
Tokachi,right,59.4,fluvial_scour,historical,42,0.0054
Tokachi,right,59.4,fluvial_scour,historical,42.2,0.0076
Tokachi,right,59.4,fluvial_scour,historical,42.4,0.0095
Tokachi,right,59.4,fluvial_scour,historical,42.6,0.0129
Tokachi,right,59.4,fluvial_scour,historical,42.8,0.016
Tokachi,right,59.4,fluvial_scour,historical,43,0.0195
Tokachi,right,59.4,fluvial_scour,historical,43.2,0.0241
Tokachi,right,59.4,fluvial_scour,historical,43.4,0.0293
Tokachi,right,59.4,fluvial_scour,historical,43.6,0.0359
Tokachi,right,59.4,fluvial_scour,historical,43.8,0.0414
Tokachi,right,59.4,fluvial_scour,historical,44,0.046
Tokachi,right,59.4,fluvial_scour,historical,44.2,0.0523
Tokachi,right,59.4,fluvial_scour,historical,44.4,0.0589
Tokachi,right,59.4,fluvial_scour,historical,44.6,0.0665
Tokachi,right,59.4,fluvial_scour,historical,44.8,0.0729
Tokachi,right,59.4,fluvial_scour,historical,45,0.0795
Tokachi,right,59.4,fluvial_scour,historical,45.2,0.0854
Tokachi,right,59.4,fluvial_scour,historical,45.4,0.0904
Tokachi,right,59.4,fluvial_scour,historical,45.6,0.0958
Tokachi,right,59.4,fluvial_scour,historical,45.8,0.0987
Tokachi,right,59.4,fluvial_scour,historical,46,0.1026
Tokachi,right,59.4,fluvial_scour,historical,46.2,0.1047
Tokachi,right,59.4,fluvial_scour,historical,46.4,0.1078
Tokachi,right,59.4,fluvial_scour,historical,46.6,0.1107
Tokachi,right,59.4,fluvial_scour,historical,46.8,0.1134
Tokachi,right,59.4,fluvial_scour,historical,47,0.1165
Tokachi,right,59.4,fluvial_scour,plus4K,38.4,0
Tokachi,right,59.4,fluvial_scour,plus4K,38.6,0
Tokachi,right,59.4,fluvial_scour,plus4K,38.8,0
Tokachi,right,59.4,fluvial_scour,plus4K,39,0
Tokachi,right,59.4,fluvial_scour,plus4K,39.2,0
Tokachi,right,59.4,fluvial_scour,plus4K,39.4,0
Tokachi,right,59.4,fluvial_scour,plus4K,39.6,0
Tokachi,right,59.4,fluvial_scour,plus4K,39.8,0
Tokachi,right,59.4,fluvial_scour,plus4K,40,0
Tokachi,right,59.4,fluvial_scour,plus4K,40.2,0
Tokachi,right,59.4,fluvial_scour,plus4K,40.4,0
Tokachi,right,59.4,fluvial_scour,plus4K,40.6,0
Tokachi,right,59.4,fluvial_scour,plus4K,40.8,0.0002
Tokachi,right,59.4,fluvial_scour,plus4K,41,0.0006
Tokachi,right,59.4,fluvial_scour,plus4K,41.2,0.0012
Tokachi,right,59.4,fluvial_scour,plus4K,41.4,0.0017
Tokachi,right,59.4,fluvial_scour,plus4K,41.6,0.002
Tokachi,right,59.4,fluvial_scour,plus4K,41.8,0.0035
Tokachi,right,59.4,fluvial_scour,plus4K,42,0.0054
Tokachi,right,59.4,fluvial_scour,plus4K,42.2,0.0076
Tokachi,right,59.4,fluvial_scour,plus4K,42.4,0.0095
Tokachi,right,59.4,fluvial_scour,plus4K,42.6,0.0129
Tokachi,right,59.4,fluvial_scour,plus4K,42.8,0.016
Tokachi,right,59.4,fluvial_scour,plus4K,43,0.0195
Tokachi,right,59.4,fluvial_scour,plus4K,43.2,0.0241
Tokachi,right,59.4,fluvial_scour,plus4K,43.4,0.0293
Tokachi,right,59.4,fluvial_scour,plus4K,43.6,0.0359
Tokachi,right,59.4,fluvial_scour,plus4K,43.8,0.0414
Tokachi,right,59.4,fluvial_scour,plus4K,44,0.046
Tokachi,right,59.4,fluvial_scour,plus4K,44.2,0.0523
Tokachi,right,59.4,fluvial_scour,plus4K,44.4,0.0589
Tokachi,right,59.4,fluvial_scour,plus4K,44.6,0.0665
Tokachi,right,59.4,fluvial_scour,plus4K,44.8,0.0729
Tokachi,right,59.4,fluvial_scour,plus4K,45,0.0795
Tokachi,right,59.4,fluvial_scour,plus4K,45.2,0.0854
Tokachi,right,59.4,fluvial_scour,plus4K,45.4,0.0904
Tokachi,right,59.4,fluvial_scour,plus4K,45.6,0.0958
Tokachi,right,59.4,fluvial_scour,plus4K,45.8,0.0987
Tokachi,right,59.4,fluvial_scour,plus4K,46,0.1026
Tokachi,right,59.4,fluvial_scour,plus4K,46.2,0.1047
Tokachi,right,59.4,fluvial_scour,plus4K,46.4,0.1078
Tokachi,right,59.4,fluvial_scour,plus4K,46.6,0.1107
Tokachi,right,59.4,fluvial_scour,plus4K,46.8,0.1134
Tokachi,right,59.4,fluvial_scour,plus4K,47,0.1165
Tokachi,right,59.6,fluvial_scour,historical,39,0
Tokachi,right,59.6,fluvial_scour,historical,39.2,0
Tokachi,right,59.6,fluvial_scour,historical,39.4,0
Tokachi,right,59.6,fluvial_scour,historical,39.6,0
Tokachi,right,59.6,fluvial_scour,historical,39.8,0
Tokachi,right,59.6,fluvial_scour,historical,40,0
Tokachi,right,59.6,fluvial_scour,historical,40.2,0
Tokachi,right,59.6,fluvial_scour,historical,40.4,0
Tokachi,right,59.6,fluvial_scour,historical,40.6,0
Tokachi,right,59.6,fluvial_scour,historical,40.8,0
Tokachi,right,59.6,fluvial_scour,historical,41,0
Tokachi,right,59.6,fluvial_scour,historical,41.2,0
Tokachi,right,59.6,fluvial_scour,historical,41.4,0
Tokachi,right,59.6,fluvial_scour,historical,41.6,0
Tokachi,right,59.6,fluvial_scour,historical,41.8,0.0003
Tokachi,right,59.6,fluvial_scour,historical,42,0.0005
Tokachi,right,59.6,fluvial_scour,historical,42.2,0.0016
Tokachi,right,59.6,fluvial_scour,historical,42.4,0.0026
Tokachi,right,59.6,fluvial_scour,historical,42.6,0.0038
Tokachi,right,59.6,fluvial_scour,historical,42.8,0.0054
Tokachi,right,59.6,fluvial_scour,historical,43,0.007
Tokachi,right,59.6,fluvial_scour,historical,43.2,0.0089
Tokachi,right,59.6,fluvial_scour,historical,43.4,0.0127
Tokachi,right,59.6,fluvial_scour,historical,43.6,0.0171
Tokachi,right,59.6,fluvial_scour,historical,43.8,0.0212
Tokachi,right,59.6,fluvial_scour,historical,44,0.0247
Tokachi,right,59.6,fluvial_scour,historical,44.2,0.0288
Tokachi,right,59.6,fluvial_scour,historical,44.4,0.0334
Tokachi,right,59.6,fluvial_scour,historical,44.6,0.0381
Tokachi,right,59.6,fluvial_scour,historical,44.8,0.0434
Tokachi,right,59.6,fluvial_scour,historical,45,0.0504
Tokachi,right,59.6,fluvial_scour,historical,45.2,0.0577
Tokachi,right,59.6,fluvial_scour,historical,45.4,0.0633
Tokachi,right,59.6,fluvial_scour,historical,45.6,0.0683
Tokachi,right,59.6,fluvial_scour,historical,45.8,0.0715
Tokachi,right,59.6,fluvial_scour,historical,46,0.0751
Tokachi,right,59.6,fluvial_scour,historical,46.2,0.0767
Tokachi,right,59.6,fluvial_scour,historical,46.4,0.0801
Tokachi,right,59.6,fluvial_scour,historical,46.6,0.0825
Tokachi,right,59.6,fluvial_scour,historical,46.8,0.085
Tokachi,right,59.6,fluvial_scour,historical,47,0.0883
Tokachi,right,59.6,fluvial_scour,historical,47.2,0.0898
Tokachi,right,59.6,fluvial_scour,plus4K,39,0
Tokachi,right,59.6,fluvial_scour,plus4K,39.2,0
Tokachi,right,59.6,fluvial_scour,plus4K,39.4,0
Tokachi,right,59.6,fluvial_scour,plus4K,39.6,0
Tokachi,right,59.6,fluvial_scour,plus4K,39.8,0
Tokachi,right,59.6,fluvial_scour,plus4K,40,0
Tokachi,right,59.6,fluvial_scour,plus4K,40.2,0
Tokachi,right,59.6,fluvial_scour,plus4K,40.4,0
Tokachi,right,59.6,fluvial_scour,plus4K,40.6,0
Tokachi,right,59.6,fluvial_scour,plus4K,40.8,0
Tokachi,right,59.6,fluvial_scour,plus4K,41,0
Tokachi,right,59.6,fluvial_scour,plus4K,41.2,0
Tokachi,right,59.6,fluvial_scour,plus4K,41.4,0
Tokachi,right,59.6,fluvial_scour,plus4K,41.6,0
Tokachi,right,59.6,fluvial_scour,plus4K,41.8,0.0003
Tokachi,right,59.6,fluvial_scour,plus4K,42,0.0005
Tokachi,right,59.6,fluvial_scour,plus4K,42.2,0.0016
Tokachi,right,59.6,fluvial_scour,plus4K,42.4,0.0026
Tokachi,right,59.6,fluvial_scour,plus4K,42.6,0.0038
Tokachi,right,59.6,fluvial_scour,plus4K,42.8,0.0054
Tokachi,right,59.6,fluvial_scour,plus4K,43,0.007
Tokachi,right,59.6,fluvial_scour,plus4K,43.2,0.0089
Tokachi,right,59.6,fluvial_scour,plus4K,43.4,0.0127
Tokachi,right,59.6,fluvial_scour,plus4K,43.6,0.0171
Tokachi,right,59.6,fluvial_scour,plus4K,43.8,0.0212
Tokachi,right,59.6,fluvial_scour,plus4K,44,0.0247
Tokachi,right,59.6,fluvial_scour,plus4K,44.2,0.0288
Tokachi,right,59.6,fluvial_scour,plus4K,44.4,0.0334
Tokachi,right,59.6,fluvial_scour,plus4K,44.6,0.0381
Tokachi,right,59.6,fluvial_scour,plus4K,44.8,0.0434
Tokachi,right,59.6,fluvial_scour,plus4K,45,0.0504
Tokachi,right,59.6,fluvial_scour,plus4K,45.2,0.0577
Tokachi,right,59.6,fluvial_scour,plus4K,45.4,0.0633
Tokachi,right,59.6,fluvial_scour,plus4K,45.6,0.0683
Tokachi,right,59.6,fluvial_scour,plus4K,45.8,0.0715
Tokachi,right,59.6,fluvial_scour,plus4K,46,0.0751
Tokachi,right,59.6,fluvial_scour,plus4K,46.2,0.0767
Tokachi,right,59.6,fluvial_scour,plus4K,46.4,0.0801
Tokachi,right,59.6,fluvial_scour,plus4K,46.6,0.0825
Tokachi,right,59.6,fluvial_scour,plus4K,46.8,0.085
Tokachi,right,59.6,fluvial_scour,plus4K,47,0.0883
Tokachi,right,59.6,fluvial_scour,plus4K,47.2,0.0898
Tokachi,right,59.8,fluvial_scour,historical,39.4,0
Tokachi,right,59.8,fluvial_scour,historical,39.6,0
Tokachi,right,59.8,fluvial_scour,historical,39.8,0
Tokachi,right,59.8,fluvial_scour,historical,40,0
Tokachi,right,59.8,fluvial_scour,historical,40.2,0
Tokachi,right,59.8,fluvial_scour,historical,40.4,0
Tokachi,right,59.8,fluvial_scour,historical,40.6,0
Tokachi,right,59.8,fluvial_scour,historical,40.8,0
Tokachi,right,59.8,fluvial_scour,historical,41,0
Tokachi,right,59.8,fluvial_scour,historical,41.2,0
Tokachi,right,59.8,fluvial_scour,historical,41.4,0
Tokachi,right,59.8,fluvial_scour,historical,41.6,0
Tokachi,right,59.8,fluvial_scour,historical,41.8,0.0001
Tokachi,right,59.8,fluvial_scour,historical,42,0.0002
Tokachi,right,59.8,fluvial_scour,historical,42.2,0.0007
Tokachi,right,59.8,fluvial_scour,historical,42.4,0.0013
Tokachi,right,59.8,fluvial_scour,historical,42.6,0.0018
Tokachi,right,59.8,fluvial_scour,historical,42.8,0.003
Tokachi,right,59.8,fluvial_scour,historical,43,0.0045
Tokachi,right,59.8,fluvial_scour,historical,43.2,0.0068
Tokachi,right,59.8,fluvial_scour,historical,43.4,0.009
Tokachi,right,59.8,fluvial_scour,historical,43.6,0.012
Tokachi,right,59.8,fluvial_scour,historical,43.8,0.0162
Tokachi,right,59.8,fluvial_scour,historical,44,0.0198
Tokachi,right,59.8,fluvial_scour,historical,44.2,0.0236
Tokachi,right,59.8,fluvial_scour,historical,44.4,0.0274
Tokachi,right,59.8,fluvial_scour,historical,44.6,0.0322
Tokachi,right,59.8,fluvial_scour,historical,44.8,0.037
Tokachi,right,59.8,fluvial_scour,historical,45,0.0415
Tokachi,right,59.8,fluvial_scour,historical,45.2,0.0478
Tokachi,right,59.8,fluvial_scour,historical,45.4,0.0537
Tokachi,right,59.8,fluvial_scour,historical,45.6,0.0604
Tokachi,right,59.8,fluvial_scour,historical,45.8,0.0663
Tokachi,right,59.8,fluvial_scour,historical,46,0.0715
Tokachi,right,59.8,fluvial_scour,historical,46.2,0.0752
Tokachi,right,59.8,fluvial_scour,historical,46.4,0.0785
Tokachi,right,59.8,fluvial_scour,historical,46.6,0.0822
Tokachi,right,59.8,fluvial_scour,historical,46.8,0.0851
Tokachi,right,59.8,fluvial_scour,historical,47,0.0879
Tokachi,right,59.8,fluvial_scour,historical,47.2,0.0922
Tokachi,right,59.8,fluvial_scour,historical,47.4,0.0944
Tokachi,right,59.8,fluvial_scour,historical,47.6,0.0976
Tokachi,right,59.8,fluvial_scour,plus4K,39.4,0
Tokachi,right,59.8,fluvial_scour,plus4K,39.6,0
Tokachi,right,59.8,fluvial_scour,plus4K,39.8,0
Tokachi,right,59.8,fluvial_scour,plus4K,40,0
Tokachi,right,59.8,fluvial_scour,plus4K,40.2,0
Tokachi,right,59.8,fluvial_scour,plus4K,40.4,0
Tokachi,right,59.8,fluvial_scour,plus4K,40.6,0
Tokachi,right,59.8,fluvial_scour,plus4K,40.8,0
Tokachi,right,59.8,fluvial_scour,plus4K,41,0
Tokachi,right,59.8,fluvial_scour,plus4K,41.2,0
Tokachi,right,59.8,fluvial_scour,plus4K,41.4,0
Tokachi,right,59.8,fluvial_scour,plus4K,41.6,0
Tokachi,right,59.8,fluvial_scour,plus4K,41.8,0.0001
Tokachi,right,59.8,fluvial_scour,plus4K,42,0.0002
Tokachi,right,59.8,fluvial_scour,plus4K,42.2,0.0007
Tokachi,right,59.8,fluvial_scour,plus4K,42.4,0.0013
Tokachi,right,59.8,fluvial_scour,plus4K,42.6,0.0018
Tokachi,right,59.8,fluvial_scour,plus4K,42.8,0.003
Tokachi,right,59.8,fluvial_scour,plus4K,43,0.0045
Tokachi,right,59.8,fluvial_scour,plus4K,43.2,0.0068
Tokachi,right,59.8,fluvial_scour,plus4K,43.4,0.009
Tokachi,right,59.8,fluvial_scour,plus4K,43.6,0.012
Tokachi,right,59.8,fluvial_scour,plus4K,43.8,0.0162
Tokachi,right,59.8,fluvial_scour,plus4K,44,0.0198
Tokachi,right,59.8,fluvial_scour,plus4K,44.2,0.0236
Tokachi,right,59.8,fluvial_scour,plus4K,44.4,0.0274
Tokachi,right,59.8,fluvial_scour,plus4K,44.6,0.0322
Tokachi,right,59.8,fluvial_scour,plus4K,44.8,0.037
Tokachi,right,59.8,fluvial_scour,plus4K,45,0.0415
Tokachi,right,59.8,fluvial_scour,plus4K,45.2,0.0478
Tokachi,right,59.8,fluvial_scour,plus4K,45.4,0.0537
Tokachi,right,59.8,fluvial_scour,plus4K,45.6,0.0604
Tokachi,right,59.8,fluvial_scour,plus4K,45.8,0.0663
Tokachi,right,59.8,fluvial_scour,plus4K,46,0.0715
Tokachi,right,59.8,fluvial_scour,plus4K,46.2,0.0752
Tokachi,right,59.8,fluvial_scour,plus4K,46.4,0.0785
Tokachi,right,59.8,fluvial_scour,plus4K,46.6,0.0822
Tokachi,right,59.8,fluvial_scour,plus4K,46.8,0.0851
Tokachi,right,59.8,fluvial_scour,plus4K,47,0.0879
Tokachi,right,59.8,fluvial_scour,plus4K,47.2,0.0922
Tokachi,right,59.8,fluvial_scour,plus4K,47.4,0.0944
Tokachi,right,59.8,fluvial_scour,plus4K,47.6,0.0976
Tokachi,right,60,fluvial_scour,historical,40.2,0
Tokachi,right,60,fluvial_scour,historical,40.4,0
Tokachi,right,60,fluvial_scour,historical,40.6,0
Tokachi,right,60,fluvial_scour,historical,40.8,0
Tokachi,right,60,fluvial_scour,historical,41,0
Tokachi,right,60,fluvial_scour,historical,41.2,0
Tokachi,right,60,fluvial_scour,historical,41.4,0
Tokachi,right,60,fluvial_scour,historical,41.6,0
Tokachi,right,60,fluvial_scour,historical,41.8,0
Tokachi,right,60,fluvial_scour,historical,42,0
Tokachi,right,60,fluvial_scour,historical,42.2,0
Tokachi,right,60,fluvial_scour,historical,42.4,0.0001
Tokachi,right,60,fluvial_scour,historical,42.6,0.0002
Tokachi,right,60,fluvial_scour,historical,42.8,0.0005
Tokachi,right,60,fluvial_scour,historical,43,0.0007
Tokachi,right,60,fluvial_scour,historical,43.2,0.0011
Tokachi,right,60,fluvial_scour,historical,43.4,0.0015
Tokachi,right,60,fluvial_scour,historical,43.6,0.0022
Tokachi,right,60,fluvial_scour,historical,43.8,0.0035
Tokachi,right,60,fluvial_scour,historical,44,0.0056
Tokachi,right,60,fluvial_scour,historical,44.2,0.0083
Tokachi,right,60,fluvial_scour,historical,44.4,0.0111
Tokachi,right,60,fluvial_scour,historical,44.6,0.0144
Tokachi,right,60,fluvial_scour,historical,44.8,0.0178
Tokachi,right,60,fluvial_scour,historical,45,0.0213
Tokachi,right,60,fluvial_scour,historical,45.2,0.0244
Tokachi,right,60,fluvial_scour,historical,45.4,0.0287
Tokachi,right,60,fluvial_scour,historical,45.6,0.0343
Tokachi,right,60,fluvial_scour,historical,45.8,0.0394
Tokachi,right,60,fluvial_scour,historical,46,0.0439
Tokachi,right,60,fluvial_scour,historical,46.2,0.047
Tokachi,right,60,fluvial_scour,historical,46.4,0.0514
Tokachi,right,60,fluvial_scour,historical,46.6,0.0534
Tokachi,right,60,fluvial_scour,historical,46.8,0.0573
Tokachi,right,60,fluvial_scour,historical,47,0.0592
Tokachi,right,60,fluvial_scour,historical,47.2,0.0619
Tokachi,right,60,fluvial_scour,historical,47.4,0.0645
Tokachi,right,60,fluvial_scour,historical,47.6,0.0659
Tokachi,right,60,fluvial_scour,historical,47.8,0.0687
Tokachi,right,60,fluvial_scour,historical,48,0.0701
Tokachi,right,60,fluvial_scour,historical,48.2,0.072
Tokachi,right,60,fluvial_scour,plus4K,40.2,0
Tokachi,right,60,fluvial_scour,plus4K,40.4,0
Tokachi,right,60,fluvial_scour,plus4K,40.6,0
Tokachi,right,60,fluvial_scour,plus4K,40.8,0
Tokachi,right,60,fluvial_scour,plus4K,41,0
Tokachi,right,60,fluvial_scour,plus4K,41.2,0
Tokachi,right,60,fluvial_scour,plus4K,41.4,0
Tokachi,right,60,fluvial_scour,plus4K,41.6,0
Tokachi,right,60,fluvial_scour,plus4K,41.8,0
Tokachi,right,60,fluvial_scour,plus4K,42,0
Tokachi,right,60,fluvial_scour,plus4K,42.2,0
Tokachi,right,60,fluvial_scour,plus4K,42.4,0.0001
Tokachi,right,60,fluvial_scour,plus4K,42.6,0.0002
Tokachi,right,60,fluvial_scour,plus4K,42.8,0.0005
Tokachi,right,60,fluvial_scour,plus4K,43,0.0007
Tokachi,right,60,fluvial_scour,plus4K,43.2,0.0011
Tokachi,right,60,fluvial_scour,plus4K,43.4,0.0015
Tokachi,right,60,fluvial_scour,plus4K,43.6,0.0022
Tokachi,right,60,fluvial_scour,plus4K,43.8,0.0035
Tokachi,right,60,fluvial_scour,plus4K,44,0.0056
Tokachi,right,60,fluvial_scour,plus4K,44.2,0.0083
Tokachi,right,60,fluvial_scour,plus4K,44.4,0.0111
Tokachi,right,60,fluvial_scour,plus4K,44.6,0.0144
Tokachi,right,60,fluvial_scour,plus4K,44.8,0.0178
Tokachi,right,60,fluvial_scour,plus4K,45,0.0213
Tokachi,right,60,fluvial_scour,plus4K,45.2,0.0244
Tokachi,right,60,fluvial_scour,plus4K,45.4,0.0287
Tokachi,right,60,fluvial_scour,plus4K,45.6,0.0343
Tokachi,right,60,fluvial_scour,plus4K,45.8,0.0394
Tokachi,right,60,fluvial_scour,plus4K,46,0.0439
Tokachi,right,60,fluvial_scour,plus4K,46.2,0.047
Tokachi,right,60,fluvial_scour,plus4K,46.4,0.0514
Tokachi,right,60,fluvial_scour,plus4K,46.6,0.0534
Tokachi,right,60,fluvial_scour,plus4K,46.8,0.0573
Tokachi,right,60,fluvial_scour,plus4K,47,0.0592
Tokachi,right,60,fluvial_scour,plus4K,47.2,0.0619
Tokachi,right,60,fluvial_scour,plus4K,47.4,0.0645
Tokachi,right,60,fluvial_scour,plus4K,47.6,0.0659
Tokachi,right,60,fluvial_scour,plus4K,47.8,0.0687
Tokachi,right,60,fluvial_scour,plus4K,48,0.0701
Tokachi,right,60,fluvial_scour,plus4K,48.2,0.072
Tokachi,right,60.2,fluvial_scour,historical,40.8,0
Tokachi,right,60.2,fluvial_scour,historical,41,0
Tokachi,right,60.2,fluvial_scour,historical,41.2,0
Tokachi,right,60.2,fluvial_scour,historical,41.4,0
Tokachi,right,60.2,fluvial_scour,historical,41.6,0
Tokachi,right,60.2,fluvial_scour,historical,41.8,0
Tokachi,right,60.2,fluvial_scour,historical,42,0
Tokachi,right,60.2,fluvial_scour,historical,42.2,0
Tokachi,right,60.2,fluvial_scour,historical,42.4,0
Tokachi,right,60.2,fluvial_scour,historical,42.6,0
Tokachi,right,60.2,fluvial_scour,historical,42.8,0
Tokachi,right,60.2,fluvial_scour,historical,43,0.0001
Tokachi,right,60.2,fluvial_scour,historical,43.2,0.0001
Tokachi,right,60.2,fluvial_scour,historical,43.4,0.0004
Tokachi,right,60.2,fluvial_scour,historical,43.6,0.0011
Tokachi,right,60.2,fluvial_scour,historical,43.8,0.0022
Tokachi,right,60.2,fluvial_scour,historical,44,0.003
Tokachi,right,60.2,fluvial_scour,historical,44.2,0.0045
Tokachi,right,60.2,fluvial_scour,historical,44.4,0.0068
Tokachi,right,60.2,fluvial_scour,historical,44.6,0.0089
Tokachi,right,60.2,fluvial_scour,historical,44.8,0.0116
Tokachi,right,60.2,fluvial_scour,historical,45,0.0147
Tokachi,right,60.2,fluvial_scour,historical,45.2,0.0185
Tokachi,right,60.2,fluvial_scour,historical,45.4,0.0221
Tokachi,right,60.2,fluvial_scour,historical,45.6,0.0264
Tokachi,right,60.2,fluvial_scour,historical,45.8,0.0302
Tokachi,right,60.2,fluvial_scour,historical,46,0.0356
Tokachi,right,60.2,fluvial_scour,historical,46.2,0.0407
Tokachi,right,60.2,fluvial_scour,historical,46.4,0.0442
Tokachi,right,60.2,fluvial_scour,historical,46.6,0.0478
Tokachi,right,60.2,fluvial_scour,historical,46.8,0.0504
Tokachi,right,60.2,fluvial_scour,historical,47,0.0536
Tokachi,right,60.2,fluvial_scour,historical,47.2,0.0553
Tokachi,right,60.2,fluvial_scour,historical,47.4,0.0587
Tokachi,right,60.2,fluvial_scour,historical,47.6,0.0607
Tokachi,right,60.2,fluvial_scour,historical,47.8,0.0627
Tokachi,right,60.2,fluvial_scour,historical,48,0.0655
Tokachi,right,60.2,fluvial_scour,historical,48.2,0.0662
Tokachi,right,60.2,fluvial_scour,historical,48.4,0.0681
Tokachi,right,60.2,fluvial_scour,plus4K,40.8,0
Tokachi,right,60.2,fluvial_scour,plus4K,41,0
Tokachi,right,60.2,fluvial_scour,plus4K,41.2,0
Tokachi,right,60.2,fluvial_scour,plus4K,41.4,0
Tokachi,right,60.2,fluvial_scour,plus4K,41.6,0
Tokachi,right,60.2,fluvial_scour,plus4K,41.8,0
Tokachi,right,60.2,fluvial_scour,plus4K,42,0
Tokachi,right,60.2,fluvial_scour,plus4K,42.2,0
Tokachi,right,60.2,fluvial_scour,plus4K,42.4,0
Tokachi,right,60.2,fluvial_scour,plus4K,42.6,0
Tokachi,right,60.2,fluvial_scour,plus4K,42.8,0
Tokachi,right,60.2,fluvial_scour,plus4K,43,0.0001
Tokachi,right,60.2,fluvial_scour,plus4K,43.2,0.0001
Tokachi,right,60.2,fluvial_scour,plus4K,43.4,0.0004
Tokachi,right,60.2,fluvial_scour,plus4K,43.6,0.0011
Tokachi,right,60.2,fluvial_scour,plus4K,43.8,0.0022
Tokachi,right,60.2,fluvial_scour,plus4K,44,0.003
Tokachi,right,60.2,fluvial_scour,plus4K,44.2,0.0045
Tokachi,right,60.2,fluvial_scour,plus4K,44.4,0.0068
Tokachi,right,60.2,fluvial_scour,plus4K,44.6,0.0089
Tokachi,right,60.2,fluvial_scour,plus4K,44.8,0.0116
Tokachi,right,60.2,fluvial_scour,plus4K,45,0.0147
Tokachi,right,60.2,fluvial_scour,plus4K,45.2,0.0185
Tokachi,right,60.2,fluvial_scour,plus4K,45.4,0.0221
Tokachi,right,60.2,fluvial_scour,plus4K,45.6,0.0264
Tokachi,right,60.2,fluvial_scour,plus4K,45.8,0.0302
Tokachi,right,60.2,fluvial_scour,plus4K,46,0.0356
Tokachi,right,60.2,fluvial_scour,plus4K,46.2,0.0407
Tokachi,right,60.2,fluvial_scour,plus4K,46.4,0.0442
Tokachi,right,60.2,fluvial_scour,plus4K,46.6,0.0478
Tokachi,right,60.2,fluvial_scour,plus4K,46.8,0.0504
Tokachi,right,60.2,fluvial_scour,plus4K,47,0.0536
Tokachi,right,60.2,fluvial_scour,plus4K,47.2,0.0553
Tokachi,right,60.2,fluvial_scour,plus4K,47.4,0.0587
Tokachi,right,60.2,fluvial_scour,plus4K,47.6,0.0607
Tokachi,right,60.2,fluvial_scour,plus4K,47.8,0.0627
Tokachi,right,60.2,fluvial_scour,plus4K,48,0.0655
Tokachi,right,60.2,fluvial_scour,plus4K,48.2,0.0662
Tokachi,right,60.2,fluvial_scour,plus4K,48.4,0.0681
Tokachi,right,60.4,fluvial_scour,historical,40.8,0
Tokachi,right,60.4,fluvial_scour,historical,41,0
Tokachi,right,60.4,fluvial_scour,historical,41.2,0
Tokachi,right,60.4,fluvial_scour,historical,41.4,0
Tokachi,right,60.4,fluvial_scour,historical,41.6,0
Tokachi,right,60.4,fluvial_scour,historical,41.8,0
Tokachi,right,60.4,fluvial_scour,historical,42,0
Tokachi,right,60.4,fluvial_scour,historical,42.2,0
Tokachi,right,60.4,fluvial_scour,historical,42.4,0
Tokachi,right,60.4,fluvial_scour,historical,42.6,0
Tokachi,right,60.4,fluvial_scour,historical,42.8,0
Tokachi,right,60.4,fluvial_scour,historical,43,0.0003
Tokachi,right,60.4,fluvial_scour,historical,43.2,0.0015
Tokachi,right,60.4,fluvial_scour,historical,43.4,0.0029
Tokachi,right,60.4,fluvial_scour,historical,43.6,0.0053
Tokachi,right,60.4,fluvial_scour,historical,43.8,0.0079
Tokachi,right,60.4,fluvial_scour,historical,44,0.0102
Tokachi,right,60.4,fluvial_scour,historical,44.2,0.0134
Tokachi,right,60.4,fluvial_scour,historical,44.4,0.0184
Tokachi,right,60.4,fluvial_scour,historical,44.6,0.0239
Tokachi,right,60.4,fluvial_scour,historical,44.8,0.0305
Tokachi,right,60.4,fluvial_scour,historical,45,0.0392
Tokachi,right,60.4,fluvial_scour,historical,45.2,0.0471
Tokachi,right,60.4,fluvial_scour,historical,45.4,0.054
Tokachi,right,60.4,fluvial_scour,historical,45.6,0.0619
Tokachi,right,60.4,fluvial_scour,historical,45.8,0.0692
Tokachi,right,60.4,fluvial_scour,historical,46,0.0764
Tokachi,right,60.4,fluvial_scour,historical,46.2,0.0843
Tokachi,right,60.4,fluvial_scour,historical,46.4,0.0942
Tokachi,right,60.4,fluvial_scour,historical,46.6,0.1018
Tokachi,right,60.4,fluvial_scour,historical,46.8,0.107
Tokachi,right,60.4,fluvial_scour,historical,47,0.1137
Tokachi,right,60.4,fluvial_scour,historical,47.2,0.1187
Tokachi,right,60.4,fluvial_scour,historical,47.4,0.1226
Tokachi,right,60.4,fluvial_scour,historical,47.6,0.1269
Tokachi,right,60.4,fluvial_scour,historical,47.8,0.1313
Tokachi,right,60.4,fluvial_scour,historical,48,0.1329
Tokachi,right,60.4,fluvial_scour,historical,48.2,0.1369
Tokachi,right,60.4,fluvial_scour,historical,48.4,0.1397
Tokachi,right,60.4,fluvial_scour,historical,48.6,0.1436
Tokachi,right,60.4,fluvial_scour,plus4K,40.8,0
Tokachi,right,60.4,fluvial_scour,plus4K,41,0
Tokachi,right,60.4,fluvial_scour,plus4K,41.2,0
Tokachi,right,60.4,fluvial_scour,plus4K,41.4,0
Tokachi,right,60.4,fluvial_scour,plus4K,41.6,0
Tokachi,right,60.4,fluvial_scour,plus4K,41.8,0
Tokachi,right,60.4,fluvial_scour,plus4K,42,0
Tokachi,right,60.4,fluvial_scour,plus4K,42.2,0
Tokachi,right,60.4,fluvial_scour,plus4K,42.4,0
Tokachi,right,60.4,fluvial_scour,plus4K,42.6,0
Tokachi,right,60.4,fluvial_scour,plus4K,42.8,0
Tokachi,right,60.4,fluvial_scour,plus4K,43,0.0003
Tokachi,right,60.4,fluvial_scour,plus4K,43.2,0.0015
Tokachi,right,60.4,fluvial_scour,plus4K,43.4,0.0029
Tokachi,right,60.4,fluvial_scour,plus4K,43.6,0.0053
Tokachi,right,60.4,fluvial_scour,plus4K,43.8,0.0079
Tokachi,right,60.4,fluvial_scour,plus4K,44,0.0102
Tokachi,right,60.4,fluvial_scour,plus4K,44.2,0.0134
Tokachi,right,60.4,fluvial_scour,plus4K,44.4,0.0184
Tokachi,right,60.4,fluvial_scour,plus4K,44.6,0.0239
Tokachi,right,60.4,fluvial_scour,plus4K,44.8,0.0305
Tokachi,right,60.4,fluvial_scour,plus4K,45,0.0392
Tokachi,right,60.4,fluvial_scour,plus4K,45.2,0.0471
Tokachi,right,60.4,fluvial_scour,plus4K,45.4,0.054
Tokachi,right,60.4,fluvial_scour,plus4K,45.6,0.0619
Tokachi,right,60.4,fluvial_scour,plus4K,45.8,0.0692
Tokachi,right,60.4,fluvial_scour,plus4K,46,0.0764
Tokachi,right,60.4,fluvial_scour,plus4K,46.2,0.0843
Tokachi,right,60.4,fluvial_scour,plus4K,46.4,0.0942
Tokachi,right,60.4,fluvial_scour,plus4K,46.6,0.1018
Tokachi,right,60.4,fluvial_scour,plus4K,46.8,0.107
Tokachi,right,60.4,fluvial_scour,plus4K,47,0.1137
Tokachi,right,60.4,fluvial_scour,plus4K,47.2,0.1187
Tokachi,right,60.4,fluvial_scour,plus4K,47.4,0.1226
Tokachi,right,60.4,fluvial_scour,plus4K,47.6,0.1269
Tokachi,right,60.4,fluvial_scour,plus4K,47.8,0.1313
Tokachi,right,60.4,fluvial_scour,plus4K,48,0.1329
Tokachi,right,60.4,fluvial_scour,plus4K,48.2,0.1369
Tokachi,right,60.4,fluvial_scour,plus4K,48.4,0.1397
Tokachi,right,60.4,fluvial_scour,plus4K,48.6,0.1436
Tokachi,right,60.6,fluvial_scour,historical,41.2,0
Tokachi,right,60.6,fluvial_scour,historical,41.4,0
Tokachi,right,60.6,fluvial_scour,historical,41.6,0
Tokachi,right,60.6,fluvial_scour,historical,41.8,0
Tokachi,right,60.6,fluvial_scour,historical,42,0
Tokachi,right,60.6,fluvial_scour,historical,42.2,0
Tokachi,right,60.6,fluvial_scour,historical,42.4,0
Tokachi,right,60.6,fluvial_scour,historical,42.6,0
Tokachi,right,60.6,fluvial_scour,historical,42.8,0.0001
Tokachi,right,60.6,fluvial_scour,historical,43,0.0001
Tokachi,right,60.6,fluvial_scour,historical,43.2,0.0003
Tokachi,right,60.6,fluvial_scour,historical,43.4,0.0007
Tokachi,right,60.6,fluvial_scour,historical,43.6,0.0019
Tokachi,right,60.6,fluvial_scour,historical,43.8,0.003
Tokachi,right,60.6,fluvial_scour,historical,44,0.0046
Tokachi,right,60.6,fluvial_scour,historical,44.2,0.0067
Tokachi,right,60.6,fluvial_scour,historical,44.4,0.0091
Tokachi,right,60.6,fluvial_scour,historical,44.6,0.0126
Tokachi,right,60.6,fluvial_scour,historical,44.8,0.0161
Tokachi,right,60.6,fluvial_scour,historical,45,0.0228
Tokachi,right,60.6,fluvial_scour,historical,45.2,0.0298
Tokachi,right,60.6,fluvial_scour,historical,45.4,0.0352
Tokachi,right,60.6,fluvial_scour,historical,45.6,0.0444
Tokachi,right,60.6,fluvial_scour,historical,45.8,0.0512
Tokachi,right,60.6,fluvial_scour,historical,46,0.0593
Tokachi,right,60.6,fluvial_scour,historical,46.2,0.0662
Tokachi,right,60.6,fluvial_scour,historical,46.4,0.0756
Tokachi,right,60.6,fluvial_scour,historical,46.6,0.0837
Tokachi,right,60.6,fluvial_scour,historical,46.8,0.0929
Tokachi,right,60.6,fluvial_scour,historical,47,0.0992
Tokachi,right,60.6,fluvial_scour,historical,47.2,0.107
Tokachi,right,60.6,fluvial_scour,historical,47.4,0.1104
Tokachi,right,60.6,fluvial_scour,historical,47.6,0.1163
Tokachi,right,60.6,fluvial_scour,historical,47.8,0.1186
Tokachi,right,60.6,fluvial_scour,historical,48,0.1236
Tokachi,right,60.6,fluvial_scour,historical,48.2,0.1258
Tokachi,right,60.6,fluvial_scour,historical,48.4,0.1302
Tokachi,right,60.6,fluvial_scour,historical,48.6,0.1324
Tokachi,right,60.6,fluvial_scour,historical,48.8,0.1345
Tokachi,right,60.6,fluvial_scour,historical,49,0.1382
Tokachi,right,60.6,fluvial_scour,plus4K,41.2,0
Tokachi,right,60.6,fluvial_scour,plus4K,41.4,0
Tokachi,right,60.6,fluvial_scour,plus4K,41.6,0
Tokachi,right,60.6,fluvial_scour,plus4K,41.8,0
Tokachi,right,60.6,fluvial_scour,plus4K,42,0
Tokachi,right,60.6,fluvial_scour,plus4K,42.2,0
Tokachi,right,60.6,fluvial_scour,plus4K,42.4,0
Tokachi,right,60.6,fluvial_scour,plus4K,42.6,0
Tokachi,right,60.6,fluvial_scour,plus4K,42.8,0.0001
Tokachi,right,60.6,fluvial_scour,plus4K,43,0.0001
Tokachi,right,60.6,fluvial_scour,plus4K,43.2,0.0003
Tokachi,right,60.6,fluvial_scour,plus4K,43.4,0.0007
Tokachi,right,60.6,fluvial_scour,plus4K,43.6,0.0019
Tokachi,right,60.6,fluvial_scour,plus4K,43.8,0.003
Tokachi,right,60.6,fluvial_scour,plus4K,44,0.0046
Tokachi,right,60.6,fluvial_scour,plus4K,44.2,0.0067
Tokachi,right,60.6,fluvial_scour,plus4K,44.4,0.0091
Tokachi,right,60.6,fluvial_scour,plus4K,44.6,0.0126
Tokachi,right,60.6,fluvial_scour,plus4K,44.8,0.0161
Tokachi,right,60.6,fluvial_scour,plus4K,45,0.0228
Tokachi,right,60.6,fluvial_scour,plus4K,45.2,0.0298
Tokachi,right,60.6,fluvial_scour,plus4K,45.4,0.0352
Tokachi,right,60.6,fluvial_scour,plus4K,45.6,0.0444
Tokachi,right,60.6,fluvial_scour,plus4K,45.8,0.0512
Tokachi,right,60.6,fluvial_scour,plus4K,46,0.0593
Tokachi,right,60.6,fluvial_scour,plus4K,46.2,0.0662
Tokachi,right,60.6,fluvial_scour,plus4K,46.4,0.0756
Tokachi,right,60.6,fluvial_scour,plus4K,46.6,0.0837
Tokachi,right,60.6,fluvial_scour,plus4K,46.8,0.0929
Tokachi,right,60.6,fluvial_scour,plus4K,47,0.0992
Tokachi,right,60.6,fluvial_scour,plus4K,47.2,0.107
Tokachi,right,60.6,fluvial_scour,plus4K,47.4,0.1104
Tokachi,right,60.6,fluvial_scour,plus4K,47.6,0.1163
Tokachi,right,60.6,fluvial_scour,plus4K,47.8,0.1186
Tokachi,right,60.6,fluvial_scour,plus4K,48,0.1236
Tokachi,right,60.6,fluvial_scour,plus4K,48.2,0.1258
Tokachi,right,60.6,fluvial_scour,plus4K,48.4,0.1302
Tokachi,right,60.6,fluvial_scour,plus4K,48.6,0.1324
Tokachi,right,60.6,fluvial_scour,plus4K,48.8,0.1345
Tokachi,right,60.6,fluvial_scour,plus4K,49,0.1382
Tokachi,right,60.8,fluvial_scour,historical,41.8,0
Tokachi,right,60.8,fluvial_scour,historical,42,0
Tokachi,right,60.8,fluvial_scour,historical,42.2,0
Tokachi,right,60.8,fluvial_scour,historical,42.4,0
Tokachi,right,60.8,fluvial_scour,historical,42.6,0
Tokachi,right,60.8,fluvial_scour,historical,42.8,0
Tokachi,right,60.8,fluvial_scour,historical,43,0
Tokachi,right,60.8,fluvial_scour,historical,43.2,0
Tokachi,right,60.8,fluvial_scour,historical,43.4,0
Tokachi,right,60.8,fluvial_scour,historical,43.6,0
Tokachi,right,60.8,fluvial_scour,historical,43.8,0.0004
Tokachi,right,60.8,fluvial_scour,historical,44,0.0007
Tokachi,right,60.8,fluvial_scour,historical,44.2,0.0017
Tokachi,right,60.8,fluvial_scour,historical,44.4,0.0025
Tokachi,right,60.8,fluvial_scour,historical,44.6,0.0041
Tokachi,right,60.8,fluvial_scour,historical,44.8,0.0071
Tokachi,right,60.8,fluvial_scour,historical,45,0.0095
Tokachi,right,60.8,fluvial_scour,historical,45.2,0.0142
Tokachi,right,60.8,fluvial_scour,historical,45.4,0.0181
Tokachi,right,60.8,fluvial_scour,historical,45.6,0.0237
Tokachi,right,60.8,fluvial_scour,historical,45.8,0.0288
Tokachi,right,60.8,fluvial_scour,historical,46,0.0342
Tokachi,right,60.8,fluvial_scour,historical,46.2,0.0393
Tokachi,right,60.8,fluvial_scour,historical,46.4,0.0455
Tokachi,right,60.8,fluvial_scour,historical,46.6,0.0518
Tokachi,right,60.8,fluvial_scour,historical,46.8,0.0593
Tokachi,right,60.8,fluvial_scour,historical,47,0.0658
Tokachi,right,60.8,fluvial_scour,historical,47.2,0.0755
Tokachi,right,60.8,fluvial_scour,historical,47.4,0.0792
Tokachi,right,60.8,fluvial_scour,historical,47.6,0.0838
Tokachi,right,60.8,fluvial_scour,historical,47.8,0.0893
Tokachi,right,60.8,fluvial_scour,historical,48,0.0919
Tokachi,right,60.8,fluvial_scour,historical,48.2,0.0963
Tokachi,right,60.8,fluvial_scour,historical,48.4,0.0988
Tokachi,right,60.8,fluvial_scour,historical,48.6,0.1017
Tokachi,right,60.8,fluvial_scour,historical,48.8,0.105
Tokachi,right,60.8,fluvial_scour,historical,49,0.107
Tokachi,right,60.8,fluvial_scour,historical,49.2,0.1111
Tokachi,right,60.8,fluvial_scour,historical,49.4,0.1134
Tokachi,right,60.8,fluvial_scour,historical,49.6,0.1157
Tokachi,right,60.8,fluvial_scour,historical,49.8,0.1186
Tokachi,right,60.8,fluvial_scour,historical,50,0.1202
Tokachi,right,60.8,fluvial_scour,historical,50.2,0.1223
Tokachi,right,60.8,fluvial_scour,historical,50.4,0.125
Tokachi,right,60.8,fluvial_scour,plus4K,41.8,0
Tokachi,right,60.8,fluvial_scour,plus4K,42,0
Tokachi,right,60.8,fluvial_scour,plus4K,42.2,0
Tokachi,right,60.8,fluvial_scour,plus4K,42.4,0
Tokachi,right,60.8,fluvial_scour,plus4K,42.6,0
Tokachi,right,60.8,fluvial_scour,plus4K,42.8,0
Tokachi,right,60.8,fluvial_scour,plus4K,43,0
Tokachi,right,60.8,fluvial_scour,plus4K,43.2,0
Tokachi,right,60.8,fluvial_scour,plus4K,43.4,0
Tokachi,right,60.8,fluvial_scour,plus4K,43.6,0
Tokachi,right,60.8,fluvial_scour,plus4K,43.8,0.0004
Tokachi,right,60.8,fluvial_scour,plus4K,44,0.0007
Tokachi,right,60.8,fluvial_scour,plus4K,44.2,0.0017
Tokachi,right,60.8,fluvial_scour,plus4K,44.4,0.0025
Tokachi,right,60.8,fluvial_scour,plus4K,44.6,0.0041
Tokachi,right,60.8,fluvial_scour,plus4K,44.8,0.0071
Tokachi,right,60.8,fluvial_scour,plus4K,45,0.0095
Tokachi,right,60.8,fluvial_scour,plus4K,45.2,0.0142
Tokachi,right,60.8,fluvial_scour,plus4K,45.4,0.0181
Tokachi,right,60.8,fluvial_scour,plus4K,45.6,0.0237
Tokachi,right,60.8,fluvial_scour,plus4K,45.8,0.0288
Tokachi,right,60.8,fluvial_scour,plus4K,46,0.0342
Tokachi,right,60.8,fluvial_scour,plus4K,46.2,0.0393
Tokachi,right,60.8,fluvial_scour,plus4K,46.4,0.0455
Tokachi,right,60.8,fluvial_scour,plus4K,46.6,0.0518
Tokachi,right,60.8,fluvial_scour,plus4K,46.8,0.0593
Tokachi,right,60.8,fluvial_scour,plus4K,47,0.0658
Tokachi,right,60.8,fluvial_scour,plus4K,47.2,0.0755
Tokachi,right,60.8,fluvial_scour,plus4K,47.4,0.0792
Tokachi,right,60.8,fluvial_scour,plus4K,47.6,0.0838
Tokachi,right,60.8,fluvial_scour,plus4K,47.8,0.0893
Tokachi,right,60.8,fluvial_scour,plus4K,48,0.0919
Tokachi,right,60.8,fluvial_scour,plus4K,48.2,0.0963
Tokachi,right,60.8,fluvial_scour,plus4K,48.4,0.0988
Tokachi,right,60.8,fluvial_scour,plus4K,48.6,0.1017
Tokachi,right,60.8,fluvial_scour,plus4K,48.8,0.105
Tokachi,right,60.8,fluvial_scour,plus4K,49,0.107
Tokachi,right,60.8,fluvial_scour,plus4K,49.2,0.1111
Tokachi,right,60.8,fluvial_scour,plus4K,49.4,0.1134
Tokachi,right,60.8,fluvial_scour,plus4K,49.6,0.1157
Tokachi,right,60.8,fluvial_scour,plus4K,49.8,0.1186
Tokachi,right,60.8,fluvial_scour,plus4K,50,0.1202
Tokachi,right,60.8,fluvial_scour,plus4K,50.2,0.1223
Tokachi,right,60.8,fluvial_scour,plus4K,50.4,0.125
Tokachi,right,61,fluvial_scour,historical,42.2,0
Tokachi,right,61,fluvial_scour,historical,42.4,0
Tokachi,right,61,fluvial_scour,historical,42.6,0
Tokachi,right,61,fluvial_scour,historical,42.8,0
Tokachi,right,61,fluvial_scour,historical,43,0
Tokachi,right,61,fluvial_scour,historical,43.2,0
Tokachi,right,61,fluvial_scour,historical,43.4,0
Tokachi,right,61,fluvial_scour,historical,43.6,0
Tokachi,right,61,fluvial_scour,historical,43.8,0
Tokachi,right,61,fluvial_scour,historical,44,0
Tokachi,right,61,fluvial_scour,historical,44.2,0
Tokachi,right,61,fluvial_scour,historical,44.4,0.0003
Tokachi,right,61,fluvial_scour,historical,44.6,0.0008
Tokachi,right,61,fluvial_scour,historical,44.8,0.0018
Tokachi,right,61,fluvial_scour,historical,45,0.0037
Tokachi,right,61,fluvial_scour,historical,45.2,0.0066
Tokachi,right,61,fluvial_scour,historical,45.4,0.0089
Tokachi,right,61,fluvial_scour,historical,45.6,0.0132
Tokachi,right,61,fluvial_scour,historical,45.8,0.0186
Tokachi,right,61,fluvial_scour,historical,46,0.0232
Tokachi,right,61,fluvial_scour,historical,46.2,0.0292
Tokachi,right,61,fluvial_scour,historical,46.4,0.0354
Tokachi,right,61,fluvial_scour,historical,46.6,0.0417
Tokachi,right,61,fluvial_scour,historical,46.8,0.048
Tokachi,right,61,fluvial_scour,historical,47,0.0548
Tokachi,right,61,fluvial_scour,historical,47.2,0.063
Tokachi,right,61,fluvial_scour,historical,47.4,0.0695
Tokachi,right,61,fluvial_scour,historical,47.6,0.0743
Tokachi,right,61,fluvial_scour,historical,47.8,0.0799
Tokachi,right,61,fluvial_scour,historical,48,0.082
Tokachi,right,61,fluvial_scour,historical,48.2,0.0864
Tokachi,right,61,fluvial_scour,historical,48.4,0.0888
Tokachi,right,61,fluvial_scour,historical,48.6,0.0931
Tokachi,right,61,fluvial_scour,historical,48.8,0.0955
Tokachi,right,61,fluvial_scour,historical,49,0.0996
Tokachi,right,61,fluvial_scour,historical,49.2,0.1013
Tokachi,right,61,fluvial_scour,historical,49.4,0.1041
Tokachi,right,61,fluvial_scour,historical,49.6,0.1077
Tokachi,right,61,fluvial_scour,plus4K,42.2,0
Tokachi,right,61,fluvial_scour,plus4K,42.4,0
Tokachi,right,61,fluvial_scour,plus4K,42.6,0
Tokachi,right,61,fluvial_scour,plus4K,42.8,0
Tokachi,right,61,fluvial_scour,plus4K,43,0
Tokachi,right,61,fluvial_scour,plus4K,43.2,0
Tokachi,right,61,fluvial_scour,plus4K,43.4,0
Tokachi,right,61,fluvial_scour,plus4K,43.6,0
Tokachi,right,61,fluvial_scour,plus4K,43.8,0
Tokachi,right,61,fluvial_scour,plus4K,44,0
Tokachi,right,61,fluvial_scour,plus4K,44.2,0
Tokachi,right,61,fluvial_scour,plus4K,44.4,0.0003
Tokachi,right,61,fluvial_scour,plus4K,44.6,0.0008
Tokachi,right,61,fluvial_scour,plus4K,44.8,0.0018
Tokachi,right,61,fluvial_scour,plus4K,45,0.0037
Tokachi,right,61,fluvial_scour,plus4K,45.2,0.0066
Tokachi,right,61,fluvial_scour,plus4K,45.4,0.0089
Tokachi,right,61,fluvial_scour,plus4K,45.6,0.0132
Tokachi,right,61,fluvial_scour,plus4K,45.8,0.0186
Tokachi,right,61,fluvial_scour,plus4K,46,0.0232
Tokachi,right,61,fluvial_scour,plus4K,46.2,0.0292
Tokachi,right,61,fluvial_scour,plus4K,46.4,0.0354
Tokachi,right,61,fluvial_scour,plus4K,46.6,0.0417
Tokachi,right,61,fluvial_scour,plus4K,46.8,0.048
Tokachi,right,61,fluvial_scour,plus4K,47,0.0548
Tokachi,right,61,fluvial_scour,plus4K,47.2,0.063
Tokachi,right,61,fluvial_scour,plus4K,47.4,0.0695
Tokachi,right,61,fluvial_scour,plus4K,47.6,0.0743
Tokachi,right,61,fluvial_scour,plus4K,47.8,0.0799
Tokachi,right,61,fluvial_scour,plus4K,48,0.082
Tokachi,right,61,fluvial_scour,plus4K,48.2,0.0864
Tokachi,right,61,fluvial_scour,plus4K,48.4,0.0888
Tokachi,right,61,fluvial_scour,plus4K,48.6,0.0931
Tokachi,right,61,fluvial_scour,plus4K,48.8,0.0955
Tokachi,right,61,fluvial_scour,plus4K,49,0.0996
Tokachi,right,61,fluvial_scour,plus4K,49.2,0.1013
Tokachi,right,61,fluvial_scour,plus4K,49.4,0.1041
Tokachi,right,61,fluvial_scour,plus4K,49.6,0.1077
Tokachi,right,61.2,fluvial_scour,historical,42,0
Tokachi,right,61.2,fluvial_scour,historical,42.2,0
Tokachi,right,61.2,fluvial_scour,historical,42.4,0
Tokachi,right,61.2,fluvial_scour,historical,42.6,0
Tokachi,right,61.2,fluvial_scour,historical,42.8,0
Tokachi,right,61.2,fluvial_scour,historical,43,0
Tokachi,right,61.2,fluvial_scour,historical,43.2,0
Tokachi,right,61.2,fluvial_scour,historical,43.4,0
Tokachi,right,61.2,fluvial_scour,historical,43.6,0
Tokachi,right,61.2,fluvial_scour,historical,43.8,0
Tokachi,right,61.2,fluvial_scour,historical,44,0.0002
Tokachi,right,61.2,fluvial_scour,historical,44.2,0.0004
Tokachi,right,61.2,fluvial_scour,historical,44.4,0.0011
Tokachi,right,61.2,fluvial_scour,historical,44.6,0.0022
Tokachi,right,61.2,fluvial_scour,historical,44.8,0.0045
Tokachi,right,61.2,fluvial_scour,historical,45,0.0075
Tokachi,right,61.2,fluvial_scour,historical,45.2,0.0103
Tokachi,right,61.2,fluvial_scour,historical,45.4,0.0154
Tokachi,right,61.2,fluvial_scour,historical,45.6,0.0201
Tokachi,right,61.2,fluvial_scour,historical,45.8,0.0265
Tokachi,right,61.2,fluvial_scour,historical,46,0.0328
Tokachi,right,61.2,fluvial_scour,historical,46.2,0.041
Tokachi,right,61.2,fluvial_scour,historical,46.4,0.0487
Tokachi,right,61.2,fluvial_scour,historical,46.6,0.056
Tokachi,right,61.2,fluvial_scour,historical,46.8,0.0652
Tokachi,right,61.2,fluvial_scour,historical,47,0.0723
Tokachi,right,61.2,fluvial_scour,historical,47.2,0.0801
Tokachi,right,61.2,fluvial_scour,historical,47.4,0.0877
Tokachi,right,61.2,fluvial_scour,historical,47.6,0.0968
Tokachi,right,61.2,fluvial_scour,historical,47.8,0.106
Tokachi,right,61.2,fluvial_scour,historical,48,0.1118
Tokachi,right,61.2,fluvial_scour,historical,48.2,0.1181
Tokachi,right,61.2,fluvial_scour,historical,48.4,0.1209
Tokachi,right,61.2,fluvial_scour,historical,48.6,0.127
Tokachi,right,61.2,fluvial_scour,historical,48.8,0.1304
Tokachi,right,61.2,fluvial_scour,historical,49,0.1347
Tokachi,right,61.2,fluvial_scour,historical,49.2,0.1378
Tokachi,right,61.2,fluvial_scour,historical,49.4,0.1427
Tokachi,right,61.2,fluvial_scour,historical,49.6,0.1452
Tokachi,right,61.2,fluvial_scour,historical,49.8,0.1474
Tokachi,right,61.2,fluvial_scour,plus4K,42,0
Tokachi,right,61.2,fluvial_scour,plus4K,42.2,0
Tokachi,right,61.2,fluvial_scour,plus4K,42.4,0
Tokachi,right,61.2,fluvial_scour,plus4K,42.6,0
Tokachi,right,61.2,fluvial_scour,plus4K,42.8,0
Tokachi,right,61.2,fluvial_scour,plus4K,43,0
Tokachi,right,61.2,fluvial_scour,plus4K,43.2,0
Tokachi,right,61.2,fluvial_scour,plus4K,43.4,0
Tokachi,right,61.2,fluvial_scour,plus4K,43.6,0
Tokachi,right,61.2,fluvial_scour,plus4K,43.8,0
Tokachi,right,61.2,fluvial_scour,plus4K,44,0.0002
Tokachi,right,61.2,fluvial_scour,plus4K,44.2,0.0004
Tokachi,right,61.2,fluvial_scour,plus4K,44.4,0.0011
Tokachi,right,61.2,fluvial_scour,plus4K,44.6,0.0022
Tokachi,right,61.2,fluvial_scour,plus4K,44.8,0.0045
Tokachi,right,61.2,fluvial_scour,plus4K,45,0.0075
Tokachi,right,61.2,fluvial_scour,plus4K,45.2,0.0103
Tokachi,right,61.2,fluvial_scour,plus4K,45.4,0.0154
Tokachi,right,61.2,fluvial_scour,plus4K,45.6,0.0201
Tokachi,right,61.2,fluvial_scour,plus4K,45.8,0.0265
Tokachi,right,61.2,fluvial_scour,plus4K,46,0.0328
Tokachi,right,61.2,fluvial_scour,plus4K,46.2,0.041
Tokachi,right,61.2,fluvial_scour,plus4K,46.4,0.0487
Tokachi,right,61.2,fluvial_scour,plus4K,46.6,0.056
Tokachi,right,61.2,fluvial_scour,plus4K,46.8,0.0652
Tokachi,right,61.2,fluvial_scour,plus4K,47,0.0723
Tokachi,right,61.2,fluvial_scour,plus4K,47.2,0.0801
Tokachi,right,61.2,fluvial_scour,plus4K,47.4,0.0877
Tokachi,right,61.2,fluvial_scour,plus4K,47.6,0.0968
Tokachi,right,61.2,fluvial_scour,plus4K,47.8,0.106
Tokachi,right,61.2,fluvial_scour,plus4K,48,0.1118
Tokachi,right,61.2,fluvial_scour,plus4K,48.2,0.1181
Tokachi,right,61.2,fluvial_scour,plus4K,48.4,0.1209
Tokachi,right,61.2,fluvial_scour,plus4K,48.6,0.127
Tokachi,right,61.2,fluvial_scour,plus4K,48.8,0.1304
Tokachi,right,61.2,fluvial_scour,plus4K,49,0.1347
Tokachi,right,61.2,fluvial_scour,plus4K,49.2,0.1378
Tokachi,right,61.2,fluvial_scour,plus4K,49.4,0.1427
Tokachi,right,61.2,fluvial_scour,plus4K,49.6,0.1452
Tokachi,right,61.2,fluvial_scour,plus4K,49.8,0.1474
Tokachi,right,61.4,fluvial_scour,historical,42.6,0
Tokachi,right,61.4,fluvial_scour,historical,42.8,0
Tokachi,right,61.4,fluvial_scour,historical,43,0
Tokachi,right,61.4,fluvial_scour,historical,43.2,0
Tokachi,right,61.4,fluvial_scour,historical,43.4,0
Tokachi,right,61.4,fluvial_scour,historical,43.6,0
Tokachi,right,61.4,fluvial_scour,historical,43.8,0
Tokachi,right,61.4,fluvial_scour,historical,44,0
Tokachi,right,61.4,fluvial_scour,historical,44.2,0
Tokachi,right,61.4,fluvial_scour,historical,44.4,0
Tokachi,right,61.4,fluvial_scour,historical,44.6,0
Tokachi,right,61.4,fluvial_scour,historical,44.8,0
Tokachi,right,61.4,fluvial_scour,historical,45,0.0006
Tokachi,right,61.4,fluvial_scour,historical,45.2,0.001
Tokachi,right,61.4,fluvial_scour,historical,45.4,0.0022
Tokachi,right,61.4,fluvial_scour,historical,45.6,0.0039
Tokachi,right,61.4,fluvial_scour,historical,45.8,0.0056
Tokachi,right,61.4,fluvial_scour,historical,46,0.0081
Tokachi,right,61.4,fluvial_scour,historical,46.2,0.0115
Tokachi,right,61.4,fluvial_scour,historical,46.4,0.0157
Tokachi,right,61.4,fluvial_scour,historical,46.6,0.0209
Tokachi,right,61.4,fluvial_scour,historical,46.8,0.0278
Tokachi,right,61.4,fluvial_scour,historical,47,0.0354
Tokachi,right,61.4,fluvial_scour,historical,47.2,0.0404
Tokachi,right,61.4,fluvial_scour,historical,47.4,0.0459
Tokachi,right,61.4,fluvial_scour,historical,47.6,0.052
Tokachi,right,61.4,fluvial_scour,historical,47.8,0.0588
Tokachi,right,61.4,fluvial_scour,historical,48,0.0679
Tokachi,right,61.4,fluvial_scour,historical,48.2,0.0767
Tokachi,right,61.4,fluvial_scour,historical,48.4,0.0849
Tokachi,right,61.4,fluvial_scour,historical,48.6,0.0907
Tokachi,right,61.4,fluvial_scour,historical,48.8,0.0942
Tokachi,right,61.4,fluvial_scour,historical,49,0.0973
Tokachi,right,61.4,fluvial_scour,historical,49.2,0.1026
Tokachi,right,61.4,fluvial_scour,historical,49.4,0.1058
Tokachi,right,61.4,fluvial_scour,historical,49.6,0.1084
Tokachi,right,61.4,fluvial_scour,historical,49.8,0.1122
Tokachi,right,61.4,fluvial_scour,historical,50,0.1144
Tokachi,right,61.4,fluvial_scour,historical,50.2,0.1193
Tokachi,right,61.4,fluvial_scour,plus4K,42.6,0
Tokachi,right,61.4,fluvial_scour,plus4K,42.8,0
Tokachi,right,61.4,fluvial_scour,plus4K,43,0
Tokachi,right,61.4,fluvial_scour,plus4K,43.2,0
Tokachi,right,61.4,fluvial_scour,plus4K,43.4,0
Tokachi,right,61.4,fluvial_scour,plus4K,43.6,0
Tokachi,right,61.4,fluvial_scour,plus4K,43.8,0
Tokachi,right,61.4,fluvial_scour,plus4K,44,0
Tokachi,right,61.4,fluvial_scour,plus4K,44.2,0
Tokachi,right,61.4,fluvial_scour,plus4K,44.4,0
Tokachi,right,61.4,fluvial_scour,plus4K,44.6,0
Tokachi,right,61.4,fluvial_scour,plus4K,44.8,0
Tokachi,right,61.4,fluvial_scour,plus4K,45,0.0006
Tokachi,right,61.4,fluvial_scour,plus4K,45.2,0.001
Tokachi,right,61.4,fluvial_scour,plus4K,45.4,0.0022
Tokachi,right,61.4,fluvial_scour,plus4K,45.6,0.0039
Tokachi,right,61.4,fluvial_scour,plus4K,45.8,0.0056
Tokachi,right,61.4,fluvial_scour,plus4K,46,0.0081
Tokachi,right,61.4,fluvial_scour,plus4K,46.2,0.0115
Tokachi,right,61.4,fluvial_scour,plus4K,46.4,0.0157
Tokachi,right,61.4,fluvial_scour,plus4K,46.6,0.0209
Tokachi,right,61.4,fluvial_scour,plus4K,46.8,0.0278
Tokachi,right,61.4,fluvial_scour,plus4K,47,0.0354
Tokachi,right,61.4,fluvial_scour,plus4K,47.2,0.0404
Tokachi,right,61.4,fluvial_scour,plus4K,47.4,0.0459
Tokachi,right,61.4,fluvial_scour,plus4K,47.6,0.052
Tokachi,right,61.4,fluvial_scour,plus4K,47.8,0.0588
Tokachi,right,61.4,fluvial_scour,plus4K,48,0.0679
Tokachi,right,61.4,fluvial_scour,plus4K,48.2,0.0767
Tokachi,right,61.4,fluvial_scour,plus4K,48.4,0.0849
Tokachi,right,61.4,fluvial_scour,plus4K,48.6,0.0907
Tokachi,right,61.4,fluvial_scour,plus4K,48.8,0.0942
Tokachi,right,61.4,fluvial_scour,plus4K,49,0.0973
Tokachi,right,61.4,fluvial_scour,plus4K,49.2,0.1026
Tokachi,right,61.4,fluvial_scour,plus4K,49.4,0.1058
Tokachi,right,61.4,fluvial_scour,plus4K,49.6,0.1084
Tokachi,right,61.4,fluvial_scour,plus4K,49.8,0.1122
Tokachi,right,61.4,fluvial_scour,plus4K,50,0.1144
Tokachi,right,61.4,fluvial_scour,plus4K,50.2,0.1193
Tokachi,right,61.6,fluvial_scour,historical,42.6,0
Tokachi,right,61.6,fluvial_scour,historical,42.8,0
Tokachi,right,61.6,fluvial_scour,historical,43,0
Tokachi,right,61.6,fluvial_scour,historical,43.2,0
Tokachi,right,61.6,fluvial_scour,historical,43.4,0
Tokachi,right,61.6,fluvial_scour,historical,43.6,0
Tokachi,right,61.6,fluvial_scour,historical,43.8,0
Tokachi,right,61.6,fluvial_scour,historical,44,0
Tokachi,right,61.6,fluvial_scour,historical,44.2,0
Tokachi,right,61.6,fluvial_scour,historical,44.4,0
Tokachi,right,61.6,fluvial_scour,historical,44.6,0
Tokachi,right,61.6,fluvial_scour,historical,44.8,0
Tokachi,right,61.6,fluvial_scour,historical,45,0.0002
Tokachi,right,61.6,fluvial_scour,historical,45.2,0.0004
Tokachi,right,61.6,fluvial_scour,historical,45.4,0.0012
Tokachi,right,61.6,fluvial_scour,historical,45.6,0.0021
Tokachi,right,61.6,fluvial_scour,historical,45.8,0.0046
Tokachi,right,61.6,fluvial_scour,historical,46,0.0079
Tokachi,right,61.6,fluvial_scour,historical,46.2,0.0113
Tokachi,right,61.6,fluvial_scour,historical,46.4,0.014
Tokachi,right,61.6,fluvial_scour,historical,46.6,0.0192
Tokachi,right,61.6,fluvial_scour,historical,46.8,0.0248
Tokachi,right,61.6,fluvial_scour,historical,47,0.0324
Tokachi,right,61.6,fluvial_scour,historical,47.2,0.0408
Tokachi,right,61.6,fluvial_scour,historical,47.4,0.0503
Tokachi,right,61.6,fluvial_scour,historical,47.6,0.0591
Tokachi,right,61.6,fluvial_scour,historical,47.8,0.0666
Tokachi,right,61.6,fluvial_scour,historical,48,0.0768
Tokachi,right,61.6,fluvial_scour,historical,48.2,0.0854
Tokachi,right,61.6,fluvial_scour,historical,48.4,0.0938
Tokachi,right,61.6,fluvial_scour,historical,48.6,0.103
Tokachi,right,61.6,fluvial_scour,historical,48.8,0.1117
Tokachi,right,61.6,fluvial_scour,historical,49,0.1183
Tokachi,right,61.6,fluvial_scour,historical,49.2,0.123
Tokachi,right,61.6,fluvial_scour,historical,49.4,0.1289
Tokachi,right,61.6,fluvial_scour,historical,49.6,0.1342
Tokachi,right,61.6,fluvial_scour,historical,49.8,0.1377
Tokachi,right,61.6,fluvial_scour,historical,50,0.141
Tokachi,right,61.6,fluvial_scour,historical,50.2,0.1478
Tokachi,right,61.6,fluvial_scour,historical,50.4,0.1504
Tokachi,right,61.6,fluvial_scour,historical,50.6,0.1546
Tokachi,right,61.6,fluvial_scour,historical,50.8,0.1571
Tokachi,right,61.6,fluvial_scour,plus4K,42.6,0
Tokachi,right,61.6,fluvial_scour,plus4K,42.8,0
Tokachi,right,61.6,fluvial_scour,plus4K,43,0
Tokachi,right,61.6,fluvial_scour,plus4K,43.2,0
Tokachi,right,61.6,fluvial_scour,plus4K,43.4,0
Tokachi,right,61.6,fluvial_scour,plus4K,43.6,0
Tokachi,right,61.6,fluvial_scour,plus4K,43.8,0
Tokachi,right,61.6,fluvial_scour,plus4K,44,0
Tokachi,right,61.6,fluvial_scour,plus4K,44.2,0
Tokachi,right,61.6,fluvial_scour,plus4K,44.4,0
Tokachi,right,61.6,fluvial_scour,plus4K,44.6,0
Tokachi,right,61.6,fluvial_scour,plus4K,44.8,0
Tokachi,right,61.6,fluvial_scour,plus4K,45,0.0002
Tokachi,right,61.6,fluvial_scour,plus4K,45.2,0.0004
Tokachi,right,61.6,fluvial_scour,plus4K,45.4,0.0012
Tokachi,right,61.6,fluvial_scour,plus4K,45.6,0.0021
Tokachi,right,61.6,fluvial_scour,plus4K,45.8,0.0046
Tokachi,right,61.6,fluvial_scour,plus4K,46,0.0079
Tokachi,right,61.6,fluvial_scour,plus4K,46.2,0.0113
Tokachi,right,61.6,fluvial_scour,plus4K,46.4,0.014
Tokachi,right,61.6,fluvial_scour,plus4K,46.6,0.0192
Tokachi,right,61.6,fluvial_scour,plus4K,46.8,0.0248
Tokachi,right,61.6,fluvial_scour,plus4K,47,0.0324
Tokachi,right,61.6,fluvial_scour,plus4K,47.2,0.0408
Tokachi,right,61.6,fluvial_scour,plus4K,47.4,0.0503
Tokachi,right,61.6,fluvial_scour,plus4K,47.6,0.0591
Tokachi,right,61.6,fluvial_scour,plus4K,47.8,0.0666
Tokachi,right,61.6,fluvial_scour,plus4K,48,0.0768
Tokachi,right,61.6,fluvial_scour,plus4K,48.2,0.0854
Tokachi,right,61.6,fluvial_scour,plus4K,48.4,0.0938
Tokachi,right,61.6,fluvial_scour,plus4K,48.6,0.103
Tokachi,right,61.6,fluvial_scour,plus4K,48.8,0.1117
Tokachi,right,61.6,fluvial_scour,plus4K,49,0.1183
Tokachi,right,61.6,fluvial_scour,plus4K,49.2,0.123
Tokachi,right,61.6,fluvial_scour,plus4K,49.4,0.1289
Tokachi,right,61.6,fluvial_scour,plus4K,49.6,0.1342
Tokachi,right,61.6,fluvial_scour,plus4K,49.8,0.1377
Tokachi,right,61.6,fluvial_scour,plus4K,50,0.141
Tokachi,right,61.6,fluvial_scour,plus4K,50.2,0.1478
Tokachi,right,61.6,fluvial_scour,plus4K,50.4,0.1504
Tokachi,right,61.6,fluvial_scour,plus4K,50.6,0.1546
Tokachi,right,61.6,fluvial_scour,plus4K,50.8,0.1571
Tokachi,right,61.8,fluvial_scour,historical,43.4,0
Tokachi,right,61.8,fluvial_scour,historical,43.6,0
Tokachi,right,61.8,fluvial_scour,historical,43.8,0
Tokachi,right,61.8,fluvial_scour,historical,44,0
Tokachi,right,61.8,fluvial_scour,historical,44.2,0
Tokachi,right,61.8,fluvial_scour,historical,44.4,0
Tokachi,right,61.8,fluvial_scour,historical,44.6,0
Tokachi,right,61.8,fluvial_scour,historical,44.8,0
Tokachi,right,61.8,fluvial_scour,historical,45,0
Tokachi,right,61.8,fluvial_scour,historical,45.2,0
Tokachi,right,61.8,fluvial_scour,historical,45.4,0
Tokachi,right,61.8,fluvial_scour,historical,45.6,0
Tokachi,right,61.8,fluvial_scour,historical,45.8,0.0004
Tokachi,right,61.8,fluvial_scour,historical,46,0.0012
Tokachi,right,61.8,fluvial_scour,historical,46.2,0.0025
Tokachi,right,61.8,fluvial_scour,historical,46.4,0.0045
Tokachi,right,61.8,fluvial_scour,historical,46.6,0.0073
Tokachi,right,61.8,fluvial_scour,historical,46.8,0.0107
Tokachi,right,61.8,fluvial_scour,historical,47,0.0143
Tokachi,right,61.8,fluvial_scour,historical,47.2,0.0203
Tokachi,right,61.8,fluvial_scour,historical,47.4,0.025
Tokachi,right,61.8,fluvial_scour,historical,47.6,0.0303
Tokachi,right,61.8,fluvial_scour,historical,47.8,0.0349
Tokachi,right,61.8,fluvial_scour,historical,48,0.0411
Tokachi,right,61.8,fluvial_scour,historical,48.2,0.0482
Tokachi,right,61.8,fluvial_scour,historical,48.4,0.0545
Tokachi,right,61.8,fluvial_scour,historical,48.6,0.0628
Tokachi,right,61.8,fluvial_scour,historical,48.8,0.0714
Tokachi,right,61.8,fluvial_scour,historical,49,0.0796
Tokachi,right,61.8,fluvial_scour,historical,49.2,0.0862
Tokachi,right,61.8,fluvial_scour,historical,49.4,0.0897
Tokachi,right,61.8,fluvial_scour,historical,49.6,0.0941
Tokachi,right,61.8,fluvial_scour,historical,49.8,0.0972
Tokachi,right,61.8,fluvial_scour,historical,50,0.1011
Tokachi,right,61.8,fluvial_scour,historical,50.2,0.1036
Tokachi,right,61.8,fluvial_scour,historical,50.4,0.1083
Tokachi,right,61.8,fluvial_scour,historical,50.6,0.1105
Tokachi,right,61.8,fluvial_scour,historical,50.8,0.1134
Tokachi,right,61.8,fluvial_scour,historical,51,0.1153
Tokachi,right,61.8,fluvial_scour,historical,51.2,0.1174
Tokachi,right,61.8,fluvial_scour,plus4K,43.4,0
Tokachi,right,61.8,fluvial_scour,plus4K,43.6,0
Tokachi,right,61.8,fluvial_scour,plus4K,43.8,0
Tokachi,right,61.8,fluvial_scour,plus4K,44,0
Tokachi,right,61.8,fluvial_scour,plus4K,44.2,0
Tokachi,right,61.8,fluvial_scour,plus4K,44.4,0
Tokachi,right,61.8,fluvial_scour,plus4K,44.6,0
Tokachi,right,61.8,fluvial_scour,plus4K,44.8,0
Tokachi,right,61.8,fluvial_scour,plus4K,45,0
Tokachi,right,61.8,fluvial_scour,plus4K,45.2,0
Tokachi,right,61.8,fluvial_scour,plus4K,45.4,0
Tokachi,right,61.8,fluvial_scour,plus4K,45.6,0
Tokachi,right,61.8,fluvial_scour,plus4K,45.8,0.0004
Tokachi,right,61.8,fluvial_scour,plus4K,46,0.0012
Tokachi,right,61.8,fluvial_scour,plus4K,46.2,0.0025
Tokachi,right,61.8,fluvial_scour,plus4K,46.4,0.0045
Tokachi,right,61.8,fluvial_scour,plus4K,46.6,0.0073
Tokachi,right,61.8,fluvial_scour,plus4K,46.8,0.0107
Tokachi,right,61.8,fluvial_scour,plus4K,47,0.0143
Tokachi,right,61.8,fluvial_scour,plus4K,47.2,0.0203
Tokachi,right,61.8,fluvial_scour,plus4K,47.4,0.025
Tokachi,right,61.8,fluvial_scour,plus4K,47.6,0.0303
Tokachi,right,61.8,fluvial_scour,plus4K,47.8,0.0349
Tokachi,right,61.8,fluvial_scour,plus4K,48,0.0411
Tokachi,right,61.8,fluvial_scour,plus4K,48.2,0.0482
Tokachi,right,61.8,fluvial_scour,plus4K,48.4,0.0545
Tokachi,right,61.8,fluvial_scour,plus4K,48.6,0.0628
Tokachi,right,61.8,fluvial_scour,plus4K,48.8,0.0714
Tokachi,right,61.8,fluvial_scour,plus4K,49,0.0796
Tokachi,right,61.8,fluvial_scour,plus4K,49.2,0.0862
Tokachi,right,61.8,fluvial_scour,plus4K,49.4,0.0897
Tokachi,right,61.8,fluvial_scour,plus4K,49.6,0.0941
Tokachi,right,61.8,fluvial_scour,plus4K,49.8,0.0972
Tokachi,right,61.8,fluvial_scour,plus4K,50,0.1011
Tokachi,right,61.8,fluvial_scour,plus4K,50.2,0.1036
Tokachi,right,61.8,fluvial_scour,plus4K,50.4,0.1083
Tokachi,right,61.8,fluvial_scour,plus4K,50.6,0.1105
Tokachi,right,61.8,fluvial_scour,plus4K,50.8,0.1134
Tokachi,right,61.8,fluvial_scour,plus4K,51,0.1153
Tokachi,right,61.8,fluvial_scour,plus4K,51.2,0.1174
Tokachi,right,62,fluvial_scour,historical,43.8,0
Tokachi,right,62,fluvial_scour,historical,44,0
Tokachi,right,62,fluvial_scour,historical,44.2,0
Tokachi,right,62,fluvial_scour,historical,44.4,0
Tokachi,right,62,fluvial_scour,historical,44.6,0
Tokachi,right,62,fluvial_scour,historical,44.8,0
Tokachi,right,62,fluvial_scour,historical,45,0
Tokachi,right,62,fluvial_scour,historical,45.2,0
Tokachi,right,62,fluvial_scour,historical,45.4,0
Tokachi,right,62,fluvial_scour,historical,45.6,0
Tokachi,right,62,fluvial_scour,historical,45.8,0
Tokachi,right,62,fluvial_scour,historical,46,0
Tokachi,right,62,fluvial_scour,historical,46.2,0.0001
Tokachi,right,62,fluvial_scour,historical,46.4,0.0004
Tokachi,right,62,fluvial_scour,historical,46.6,0.0007
Tokachi,right,62,fluvial_scour,historical,46.8,0.0014
Tokachi,right,62,fluvial_scour,historical,47,0.0065
Tokachi,right,62,fluvial_scour,historical,47.2,0.0098
Tokachi,right,62,fluvial_scour,historical,47.4,0.0134
Tokachi,right,62,fluvial_scour,historical,47.6,0.019
Tokachi,right,62,fluvial_scour,historical,47.8,0.0257
Tokachi,right,62,fluvial_scour,historical,48,0.0325
Tokachi,right,62,fluvial_scour,historical,48.2,0.0403
Tokachi,right,62,fluvial_scour,historical,48.4,0.0484
Tokachi,right,62,fluvial_scour,historical,48.6,0.0554
Tokachi,right,62,fluvial_scour,historical,48.8,0.0644
Tokachi,right,62,fluvial_scour,historical,49,0.0733
Tokachi,right,62,fluvial_scour,historical,49.2,0.0816
Tokachi,right,62,fluvial_scour,historical,49.4,0.092
Tokachi,right,62,fluvial_scour,historical,49.6,0.1019
Tokachi,right,62,fluvial_scour,historical,49.8,0.1105
Tokachi,right,62,fluvial_scour,historical,50,0.1141
Tokachi,right,62,fluvial_scour,historical,50.2,0.12
Tokachi,right,62,fluvial_scour,historical,50.4,0.1238
Tokachi,right,62,fluvial_scour,historical,50.6,0.1292
Tokachi,right,62,fluvial_scour,historical,50.8,0.1326
Tokachi,right,62,fluvial_scour,historical,51,0.1372
Tokachi,right,62,fluvial_scour,historical,51.2,0.14
Tokachi,right,62,fluvial_scour,historical,51.4,0.1426
Tokachi,right,62,fluvial_scour,historical,51.6,0.1463
Tokachi,right,62,fluvial_scour,plus4K,43.8,0
Tokachi,right,62,fluvial_scour,plus4K,44,0
Tokachi,right,62,fluvial_scour,plus4K,44.2,0
Tokachi,right,62,fluvial_scour,plus4K,44.4,0
Tokachi,right,62,fluvial_scour,plus4K,44.6,0
Tokachi,right,62,fluvial_scour,plus4K,44.8,0
Tokachi,right,62,fluvial_scour,plus4K,45,0
Tokachi,right,62,fluvial_scour,plus4K,45.2,0
Tokachi,right,62,fluvial_scour,plus4K,45.4,0
Tokachi,right,62,fluvial_scour,plus4K,45.6,0
Tokachi,right,62,fluvial_scour,plus4K,45.8,0
Tokachi,right,62,fluvial_scour,plus4K,46,0
Tokachi,right,62,fluvial_scour,plus4K,46.2,0.0001
Tokachi,right,62,fluvial_scour,plus4K,46.4,0.0004
Tokachi,right,62,fluvial_scour,plus4K,46.6,0.0007
Tokachi,right,62,fluvial_scour,plus4K,46.8,0.0014
Tokachi,right,62,fluvial_scour,plus4K,47,0.0065
Tokachi,right,62,fluvial_scour,plus4K,47.2,0.0098
Tokachi,right,62,fluvial_scour,plus4K,47.4,0.0134
Tokachi,right,62,fluvial_scour,plus4K,47.6,0.019
Tokachi,right,62,fluvial_scour,plus4K,47.8,0.0257
Tokachi,right,62,fluvial_scour,plus4K,48,0.0325
Tokachi,right,62,fluvial_scour,plus4K,48.2,0.0403
Tokachi,right,62,fluvial_scour,plus4K,48.4,0.0484
Tokachi,right,62,fluvial_scour,plus4K,48.6,0.0554
Tokachi,right,62,fluvial_scour,plus4K,48.8,0.0644
Tokachi,right,62,fluvial_scour,plus4K,49,0.0733
Tokachi,right,62,fluvial_scour,plus4K,49.2,0.0816
Tokachi,right,62,fluvial_scour,plus4K,49.4,0.092
Tokachi,right,62,fluvial_scour,plus4K,49.6,0.1019
Tokachi,right,62,fluvial_scour,plus4K,49.8,0.1105
Tokachi,right,62,fluvial_scour,plus4K,50,0.1141
Tokachi,right,62,fluvial_scour,plus4K,50.2,0.12
Tokachi,right,62,fluvial_scour,plus4K,50.4,0.1238
Tokachi,right,62,fluvial_scour,plus4K,50.6,0.1292
Tokachi,right,62,fluvial_scour,plus4K,50.8,0.1326
Tokachi,right,62,fluvial_scour,plus4K,51,0.1372
Tokachi,right,62,fluvial_scour,plus4K,51.2,0.14
Tokachi,right,62,fluvial_scour,plus4K,51.4,0.1426
Tokachi,right,62,fluvial_scour,plus4K,51.6,0.1463
Tokachi,right,62.2,fluvial_scour,historical,44.4,0
Tokachi,right,62.2,fluvial_scour,historical,44.6,0
Tokachi,right,62.2,fluvial_scour,historical,44.8,0
Tokachi,right,62.2,fluvial_scour,historical,45,0
Tokachi,right,62.2,fluvial_scour,historical,45.2,0
Tokachi,right,62.2,fluvial_scour,historical,45.4,0
Tokachi,right,62.2,fluvial_scour,historical,45.6,0
Tokachi,right,62.2,fluvial_scour,historical,45.8,0
Tokachi,right,62.2,fluvial_scour,historical,46,0
Tokachi,right,62.2,fluvial_scour,historical,46.2,0
Tokachi,right,62.2,fluvial_scour,historical,46.4,0
Tokachi,right,62.2,fluvial_scour,historical,46.6,0.0001
Tokachi,right,62.2,fluvial_scour,historical,46.8,0.0004
Tokachi,right,62.2,fluvial_scour,historical,47,0.001
Tokachi,right,62.2,fluvial_scour,historical,47.2,0.0023
Tokachi,right,62.2,fluvial_scour,historical,47.4,0.0048
Tokachi,right,62.2,fluvial_scour,historical,47.6,0.0078
Tokachi,right,62.2,fluvial_scour,historical,47.8,0.0113
Tokachi,right,62.2,fluvial_scour,historical,48,0.016
Tokachi,right,62.2,fluvial_scour,historical,48.2,0.0221
Tokachi,right,62.2,fluvial_scour,historical,48.4,0.0287
Tokachi,right,62.2,fluvial_scour,historical,48.6,0.0347
Tokachi,right,62.2,fluvial_scour,historical,48.8,0.0406
Tokachi,right,62.2,fluvial_scour,historical,49,0.0464
Tokachi,right,62.2,fluvial_scour,historical,49.2,0.0514
Tokachi,right,62.2,fluvial_scour,historical,49.4,0.06
Tokachi,right,62.2,fluvial_scour,historical,49.6,0.0669
Tokachi,right,62.2,fluvial_scour,historical,49.8,0.0749
Tokachi,right,62.2,fluvial_scour,historical,50,0.0823
Tokachi,right,62.2,fluvial_scour,historical,50.2,0.0869
Tokachi,right,62.2,fluvial_scour,historical,50.4,0.0911
Tokachi,right,62.2,fluvial_scour,historical,50.6,0.0934
Tokachi,right,62.2,fluvial_scour,historical,50.8,0.0983
Tokachi,right,62.2,fluvial_scour,historical,51,0.1006
Tokachi,right,62.2,fluvial_scour,historical,51.2,0.1039
Tokachi,right,62.2,fluvial_scour,historical,51.4,0.1063
Tokachi,right,62.2,fluvial_scour,historical,51.6,0.1074
Tokachi,right,62.2,fluvial_scour,historical,51.8,0.1115
Tokachi,right,62.2,fluvial_scour,plus4K,44.4,0
Tokachi,right,62.2,fluvial_scour,plus4K,44.6,0
Tokachi,right,62.2,fluvial_scour,plus4K,44.8,0
Tokachi,right,62.2,fluvial_scour,plus4K,45,0
Tokachi,right,62.2,fluvial_scour,plus4K,45.2,0
Tokachi,right,62.2,fluvial_scour,plus4K,45.4,0
Tokachi,right,62.2,fluvial_scour,plus4K,45.6,0
Tokachi,right,62.2,fluvial_scour,plus4K,45.8,0
Tokachi,right,62.2,fluvial_scour,plus4K,46,0
Tokachi,right,62.2,fluvial_scour,plus4K,46.2,0
Tokachi,right,62.2,fluvial_scour,plus4K,46.4,0
Tokachi,right,62.2,fluvial_scour,plus4K,46.6,0.0001
Tokachi,right,62.2,fluvial_scour,plus4K,46.8,0.0004
Tokachi,right,62.2,fluvial_scour,plus4K,47,0.001
Tokachi,right,62.2,fluvial_scour,plus4K,47.2,0.0023
Tokachi,right,62.2,fluvial_scour,plus4K,47.4,0.0048
Tokachi,right,62.2,fluvial_scour,plus4K,47.6,0.0078
Tokachi,right,62.2,fluvial_scour,plus4K,47.8,0.0113
Tokachi,right,62.2,fluvial_scour,plus4K,48,0.016
Tokachi,right,62.2,fluvial_scour,plus4K,48.2,0.0221
Tokachi,right,62.2,fluvial_scour,plus4K,48.4,0.0287
Tokachi,right,62.2,fluvial_scour,plus4K,48.6,0.0347
Tokachi,right,62.2,fluvial_scour,plus4K,48.8,0.0406
Tokachi,right,62.2,fluvial_scour,plus4K,49,0.0464
Tokachi,right,62.2,fluvial_scour,plus4K,49.2,0.0514
Tokachi,right,62.2,fluvial_scour,plus4K,49.4,0.06
Tokachi,right,62.2,fluvial_scour,plus4K,49.6,0.0669
Tokachi,right,62.2,fluvial_scour,plus4K,49.8,0.0749
Tokachi,right,62.2,fluvial_scour,plus4K,50,0.0823
Tokachi,right,62.2,fluvial_scour,plus4K,50.2,0.0869
Tokachi,right,62.2,fluvial_scour,plus4K,50.4,0.0911
Tokachi,right,62.2,fluvial_scour,plus4K,50.6,0.0934
Tokachi,right,62.2,fluvial_scour,plus4K,50.8,0.0983
Tokachi,right,62.2,fluvial_scour,plus4K,51,0.1006
Tokachi,right,62.2,fluvial_scour,plus4K,51.2,0.1039
Tokachi,right,62.2,fluvial_scour,plus4K,51.4,0.1063
Tokachi,right,62.2,fluvial_scour,plus4K,51.6,0.1074
Tokachi,right,62.2,fluvial_scour,plus4K,51.8,0.1115
Tokachi,right,62.4,fluvial_scour,historical,45,0
Tokachi,right,62.4,fluvial_scour,historical,45.2,0
Tokachi,right,62.4,fluvial_scour,historical,45.4,0
Tokachi,right,62.4,fluvial_scour,historical,45.6,0
Tokachi,right,62.4,fluvial_scour,historical,45.8,0
Tokachi,right,62.4,fluvial_scour,historical,46,0
Tokachi,right,62.4,fluvial_scour,historical,46.2,0
Tokachi,right,62.4,fluvial_scour,historical,46.4,0
Tokachi,right,62.4,fluvial_scour,historical,46.6,0
Tokachi,right,62.4,fluvial_scour,historical,46.8,0
Tokachi,right,62.4,fluvial_scour,historical,47,0
Tokachi,right,62.4,fluvial_scour,historical,47.2,0.0001
Tokachi,right,62.4,fluvial_scour,historical,47.4,0.0003
Tokachi,right,62.4,fluvial_scour,historical,47.6,0.0008
Tokachi,right,62.4,fluvial_scour,historical,47.8,0.0024
Tokachi,right,62.4,fluvial_scour,historical,48,0.0038
Tokachi,right,62.4,fluvial_scour,historical,48.2,0.0069
Tokachi,right,62.4,fluvial_scour,historical,48.4,0.0101
Tokachi,right,62.4,fluvial_scour,historical,48.6,0.013
Tokachi,right,62.4,fluvial_scour,historical,48.8,0.0178
Tokachi,right,62.4,fluvial_scour,historical,49,0.0231
Tokachi,right,62.4,fluvial_scour,historical,49.2,0.0271
Tokachi,right,62.4,fluvial_scour,historical,49.4,0.0313
Tokachi,right,62.4,fluvial_scour,historical,49.6,0.0372
Tokachi,right,62.4,fluvial_scour,historical,49.8,0.0419
Tokachi,right,62.4,fluvial_scour,historical,50,0.0494
Tokachi,right,62.4,fluvial_scour,historical,50.2,0.0557
Tokachi,right,62.4,fluvial_scour,historical,50.4,0.0609
Tokachi,right,62.4,fluvial_scour,historical,50.6,0.0646
Tokachi,right,62.4,fluvial_scour,historical,50.8,0.0693
Tokachi,right,62.4,fluvial_scour,historical,51,0.0715
Tokachi,right,62.4,fluvial_scour,historical,51.2,0.0761
Tokachi,right,62.4,fluvial_scour,historical,51.4,0.0781
Tokachi,right,62.4,fluvial_scour,historical,51.6,0.0806
Tokachi,right,62.4,fluvial_scour,historical,51.8,0.0842
Tokachi,right,62.4,fluvial_scour,historical,52,0.086
Tokachi,right,62.4,fluvial_scour,plus4K,45,0
Tokachi,right,62.4,fluvial_scour,plus4K,45.2,0
Tokachi,right,62.4,fluvial_scour,plus4K,45.4,0
Tokachi,right,62.4,fluvial_scour,plus4K,45.6,0
Tokachi,right,62.4,fluvial_scour,plus4K,45.8,0
Tokachi,right,62.4,fluvial_scour,plus4K,46,0
Tokachi,right,62.4,fluvial_scour,plus4K,46.2,0
Tokachi,right,62.4,fluvial_scour,plus4K,46.4,0
Tokachi,right,62.4,fluvial_scour,plus4K,46.6,0
Tokachi,right,62.4,fluvial_scour,plus4K,46.8,0
Tokachi,right,62.4,fluvial_scour,plus4K,47,0
Tokachi,right,62.4,fluvial_scour,plus4K,47.2,0.0001
Tokachi,right,62.4,fluvial_scour,plus4K,47.4,0.0003
Tokachi,right,62.4,fluvial_scour,plus4K,47.6,0.0008
Tokachi,right,62.4,fluvial_scour,plus4K,47.8,0.0024
Tokachi,right,62.4,fluvial_scour,plus4K,48,0.0038
Tokachi,right,62.4,fluvial_scour,plus4K,48.2,0.0069
Tokachi,right,62.4,fluvial_scour,plus4K,48.4,0.0101
Tokachi,right,62.4,fluvial_scour,plus4K,48.6,0.013
Tokachi,right,62.4,fluvial_scour,plus4K,48.8,0.0178
Tokachi,right,62.4,fluvial_scour,plus4K,49,0.0231
Tokachi,right,62.4,fluvial_scour,plus4K,49.2,0.0271
Tokachi,right,62.4,fluvial_scour,plus4K,49.4,0.0313
Tokachi,right,62.4,fluvial_scour,plus4K,49.6,0.0372
Tokachi,right,62.4,fluvial_scour,plus4K,49.8,0.0419
Tokachi,right,62.4,fluvial_scour,plus4K,50,0.0494
Tokachi,right,62.4,fluvial_scour,plus4K,50.2,0.0557
Tokachi,right,62.4,fluvial_scour,plus4K,50.4,0.0609
Tokachi,right,62.4,fluvial_scour,plus4K,50.6,0.0646
Tokachi,right,62.4,fluvial_scour,plus4K,50.8,0.0693
Tokachi,right,62.4,fluvial_scour,plus4K,51,0.0715
Tokachi,right,62.4,fluvial_scour,plus4K,51.2,0.0761
Tokachi,right,62.4,fluvial_scour,plus4K,51.4,0.0781
Tokachi,right,62.4,fluvial_scour,plus4K,51.6,0.0806
Tokachi,right,62.4,fluvial_scour,plus4K,51.8,0.0842
Tokachi,right,62.4,fluvial_scour,plus4K,52,0.086
Tokachi,right,62.6,fluvial_scour,historical,44.6,0
Tokachi,right,62.6,fluvial_scour,historical,44.8,0
Tokachi,right,62.6,fluvial_scour,historical,45,0
Tokachi,right,62.6,fluvial_scour,historical,45.2,0
Tokachi,right,62.6,fluvial_scour,historical,45.4,0
Tokachi,right,62.6,fluvial_scour,historical,45.6,0
Tokachi,right,62.6,fluvial_scour,historical,45.8,0
Tokachi,right,62.6,fluvial_scour,historical,46,0
Tokachi,right,62.6,fluvial_scour,historical,46.2,0
Tokachi,right,62.6,fluvial_scour,historical,46.4,0
Tokachi,right,62.6,fluvial_scour,historical,46.6,0
Tokachi,right,62.6,fluvial_scour,historical,46.8,0
Tokachi,right,62.6,fluvial_scour,historical,47,0.0001
Tokachi,right,62.6,fluvial_scour,historical,47.2,0.0004
Tokachi,right,62.6,fluvial_scour,historical,47.4,0.001
Tokachi,right,62.6,fluvial_scour,historical,47.6,0.0026
Tokachi,right,62.6,fluvial_scour,historical,47.8,0.0043
Tokachi,right,62.6,fluvial_scour,historical,48,0.0075
Tokachi,right,62.6,fluvial_scour,historical,48.2,0.0104
Tokachi,right,62.6,fluvial_scour,historical,48.4,0.0158
Tokachi,right,62.6,fluvial_scour,historical,48.6,0.0208
Tokachi,right,62.6,fluvial_scour,historical,48.8,0.0284
Tokachi,right,62.6,fluvial_scour,historical,49,0.0359
Tokachi,right,62.6,fluvial_scour,historical,49.2,0.0431
Tokachi,right,62.6,fluvial_scour,historical,49.4,0.05
Tokachi,right,62.6,fluvial_scour,historical,49.6,0.0577
Tokachi,right,62.6,fluvial_scour,historical,49.8,0.0638
Tokachi,right,62.6,fluvial_scour,historical,50,0.0718
Tokachi,right,62.6,fluvial_scour,historical,50.2,0.0814
Tokachi,right,62.6,fluvial_scour,historical,50.4,0.0893
Tokachi,right,62.6,fluvial_scour,historical,50.6,0.0994
Tokachi,right,62.6,fluvial_scour,historical,50.8,0.1071
Tokachi,right,62.6,fluvial_scour,historical,51,0.1127
Tokachi,right,62.6,fluvial_scour,historical,51.2,0.1199
Tokachi,right,62.6,fluvial_scour,historical,51.4,0.1234
Tokachi,right,62.6,fluvial_scour,historical,51.6,0.1279
Tokachi,right,62.6,fluvial_scour,historical,51.8,0.1308
Tokachi,right,62.6,fluvial_scour,historical,52,0.1332
Tokachi,right,62.6,fluvial_scour,historical,52.2,0.138
Tokachi,right,62.6,fluvial_scour,historical,52.4,0.1409
Tokachi,right,62.6,fluvial_scour,plus4K,44.6,0
Tokachi,right,62.6,fluvial_scour,plus4K,44.8,0
Tokachi,right,62.6,fluvial_scour,plus4K,45,0
Tokachi,right,62.6,fluvial_scour,plus4K,45.2,0
Tokachi,right,62.6,fluvial_scour,plus4K,45.4,0
Tokachi,right,62.6,fluvial_scour,plus4K,45.6,0
Tokachi,right,62.6,fluvial_scour,plus4K,45.8,0
Tokachi,right,62.6,fluvial_scour,plus4K,46,0
Tokachi,right,62.6,fluvial_scour,plus4K,46.2,0
Tokachi,right,62.6,fluvial_scour,plus4K,46.4,0
Tokachi,right,62.6,fluvial_scour,plus4K,46.6,0
Tokachi,right,62.6,fluvial_scour,plus4K,46.8,0
Tokachi,right,62.6,fluvial_scour,plus4K,47,0.0001
Tokachi,right,62.6,fluvial_scour,plus4K,47.2,0.0004
Tokachi,right,62.6,fluvial_scour,plus4K,47.4,0.001
Tokachi,right,62.6,fluvial_scour,plus4K,47.6,0.0026
Tokachi,right,62.6,fluvial_scour,plus4K,47.8,0.0043
Tokachi,right,62.6,fluvial_scour,plus4K,48,0.0075
Tokachi,right,62.6,fluvial_scour,plus4K,48.2,0.0104
Tokachi,right,62.6,fluvial_scour,plus4K,48.4,0.0158
Tokachi,right,62.6,fluvial_scour,plus4K,48.6,0.0208
Tokachi,right,62.6,fluvial_scour,plus4K,48.8,0.0284
Tokachi,right,62.6,fluvial_scour,plus4K,49,0.0359
Tokachi,right,62.6,fluvial_scour,plus4K,49.2,0.0431
Tokachi,right,62.6,fluvial_scour,plus4K,49.4,0.05
Tokachi,right,62.6,fluvial_scour,plus4K,49.6,0.0577
Tokachi,right,62.6,fluvial_scour,plus4K,49.8,0.0638
Tokachi,right,62.6,fluvial_scour,plus4K,50,0.0718
Tokachi,right,62.6,fluvial_scour,plus4K,50.2,0.0814
Tokachi,right,62.6,fluvial_scour,plus4K,50.4,0.0893
Tokachi,right,62.6,fluvial_scour,plus4K,50.6,0.0994
Tokachi,right,62.6,fluvial_scour,plus4K,50.8,0.1071
Tokachi,right,62.6,fluvial_scour,plus4K,51,0.1127
Tokachi,right,62.6,fluvial_scour,plus4K,51.2,0.1199
Tokachi,right,62.6,fluvial_scour,plus4K,51.4,0.1234
Tokachi,right,62.6,fluvial_scour,plus4K,51.6,0.1279
Tokachi,right,62.6,fluvial_scour,plus4K,51.8,0.1308
Tokachi,right,62.6,fluvial_scour,plus4K,52,0.1332
Tokachi,right,62.6,fluvial_scour,plus4K,52.2,0.138
Tokachi,right,62.6,fluvial_scour,plus4K,52.4,0.1409
Tokachi,right,62.8,fluvial_scour,historical,45,0
Tokachi,right,62.8,fluvial_scour,historical,45.2,0
Tokachi,right,62.8,fluvial_scour,historical,45.4,0
Tokachi,right,62.8,fluvial_scour,historical,45.6,0
Tokachi,right,62.8,fluvial_scour,historical,45.8,0
Tokachi,right,62.8,fluvial_scour,historical,46,0
Tokachi,right,62.8,fluvial_scour,historical,46.2,0
Tokachi,right,62.8,fluvial_scour,historical,46.4,0
Tokachi,right,62.8,fluvial_scour,historical,46.6,0
Tokachi,right,62.8,fluvial_scour,historical,46.8,0
Tokachi,right,62.8,fluvial_scour,historical,47,0
Tokachi,right,62.8,fluvial_scour,historical,47.2,0
Tokachi,right,62.8,fluvial_scour,historical,47.4,0
Tokachi,right,62.8,fluvial_scour,historical,47.6,0.0001
Tokachi,right,62.8,fluvial_scour,historical,47.8,0.0006
Tokachi,right,62.8,fluvial_scour,historical,48,0.0012
Tokachi,right,62.8,fluvial_scour,historical,48.2,0.0056
Tokachi,right,62.8,fluvial_scour,historical,48.4,0.0084
Tokachi,right,62.8,fluvial_scour,historical,48.6,0.0115
Tokachi,right,62.8,fluvial_scour,historical,48.8,0.0163
Tokachi,right,62.8,fluvial_scour,historical,49,0.0212
Tokachi,right,62.8,fluvial_scour,historical,49.2,0.0279
Tokachi,right,62.8,fluvial_scour,historical,49.4,0.0362
Tokachi,right,62.8,fluvial_scour,historical,49.6,0.0435
Tokachi,right,62.8,fluvial_scour,historical,49.8,0.0518
Tokachi,right,62.8,fluvial_scour,historical,50,0.0627
Tokachi,right,62.8,fluvial_scour,historical,50.2,0.0686
Tokachi,right,62.8,fluvial_scour,historical,50.4,0.0759
Tokachi,right,62.8,fluvial_scour,historical,50.6,0.0844
Tokachi,right,62.8,fluvial_scour,historical,50.8,0.0947
Tokachi,right,62.8,fluvial_scour,historical,51,0.1062
Tokachi,right,62.8,fluvial_scour,historical,51.2,0.115
Tokachi,right,62.8,fluvial_scour,historical,51.4,0.1203
Tokachi,right,62.8,fluvial_scour,historical,51.6,0.1265
Tokachi,right,62.8,fluvial_scour,historical,51.8,0.1301
Tokachi,right,62.8,fluvial_scour,historical,52,0.1344
Tokachi,right,62.8,fluvial_scour,historical,52.2,0.1374
Tokachi,right,62.8,fluvial_scour,historical,52.4,0.1402
Tokachi,right,62.8,fluvial_scour,historical,52.6,0.1444
Tokachi,right,62.8,fluvial_scour,plus4K,45,0
Tokachi,right,62.8,fluvial_scour,plus4K,45.2,0
Tokachi,right,62.8,fluvial_scour,plus4K,45.4,0
Tokachi,right,62.8,fluvial_scour,plus4K,45.6,0
Tokachi,right,62.8,fluvial_scour,plus4K,45.8,0
Tokachi,right,62.8,fluvial_scour,plus4K,46,0
Tokachi,right,62.8,fluvial_scour,plus4K,46.2,0
Tokachi,right,62.8,fluvial_scour,plus4K,46.4,0
Tokachi,right,62.8,fluvial_scour,plus4K,46.6,0
Tokachi,right,62.8,fluvial_scour,plus4K,46.8,0
Tokachi,right,62.8,fluvial_scour,plus4K,47,0
Tokachi,right,62.8,fluvial_scour,plus4K,47.2,0
Tokachi,right,62.8,fluvial_scour,plus4K,47.4,0
Tokachi,right,62.8,fluvial_scour,plus4K,47.6,0.0001
Tokachi,right,62.8,fluvial_scour,plus4K,47.8,0.0006
Tokachi,right,62.8,fluvial_scour,plus4K,48,0.0012
Tokachi,right,62.8,fluvial_scour,plus4K,48.2,0.0056
Tokachi,right,62.8,fluvial_scour,plus4K,48.4,0.0084
Tokachi,right,62.8,fluvial_scour,plus4K,48.6,0.0115
Tokachi,right,62.8,fluvial_scour,plus4K,48.8,0.0163
Tokachi,right,62.8,fluvial_scour,plus4K,49,0.0212
Tokachi,right,62.8,fluvial_scour,plus4K,49.2,0.0279
Tokachi,right,62.8,fluvial_scour,plus4K,49.4,0.0362
Tokachi,right,62.8,fluvial_scour,plus4K,49.6,0.0435
Tokachi,right,62.8,fluvial_scour,plus4K,49.8,0.0518
Tokachi,right,62.8,fluvial_scour,plus4K,50,0.0627
Tokachi,right,62.8,fluvial_scour,plus4K,50.2,0.0686
Tokachi,right,62.8,fluvial_scour,plus4K,50.4,0.0759
Tokachi,right,62.8,fluvial_scour,plus4K,50.6,0.0844
Tokachi,right,62.8,fluvial_scour,plus4K,50.8,0.0947
Tokachi,right,62.8,fluvial_scour,plus4K,51,0.1062
Tokachi,right,62.8,fluvial_scour,plus4K,51.2,0.115
Tokachi,right,62.8,fluvial_scour,plus4K,51.4,0.1203
Tokachi,right,62.8,fluvial_scour,plus4K,51.6,0.1265
Tokachi,right,62.8,fluvial_scour,plus4K,51.8,0.1301
Tokachi,right,62.8,fluvial_scour,plus4K,52,0.1344
Tokachi,right,62.8,fluvial_scour,plus4K,52.2,0.1374
Tokachi,right,62.8,fluvial_scour,plus4K,52.4,0.1402
Tokachi,right,62.8,fluvial_scour,plus4K,52.6,0.1444
