river,bank,kp,mechanism,scenario,stage_m_msl,p_f
Satsunai,left,3.2,overflow,plus4K,32.6,0
Satsunai,left,3.2,fluvial_scour,plus4K,32.6,0
Satsunai,left,3.2,overflow,plus4K,32.8,0
Satsunai,left,3.2,fluvial_scour,plus4K,32.8,0
Satsunai,left,3.2,overflow,plus4K,33,0
Satsunai,left,3.2,fluvial_scour,plus4K,33,0
Satsunai,left,3.2,overflow,plus4K,33.2,0
Satsunai,left,3.2,fluvial_scour,plus4K,33.2,0
Satsunai,left,3.2,overflow,plus4K,33.4,0
Satsunai,left,3.2,fluvial_scour,plus4K,33.4,0
Satsunai,left,3.2,overflow,plus4K,33.6,0
Satsunai,left,3.2,fluvial_scour,plus4K,33.6,0
Satsunai,left,3.2,overflow,plus4K,33.8,0
Satsunai,left,3.2,fluvial_scour,plus4K,33.8,0
Satsunai,left,3.2,overflow,plus4K,34,0
Satsunai,left,3.2,fluvial_scour,plus4K,34,0
Satsunai,left,3.2,overflow,plus4K,34.2,0
Satsunai,left,3.2,fluvial_scour,plus4K,34.2,0
Satsunai,left,3.2,overflow,plus4K,34.4,0
Satsunai,left,3.2,fluvial_scour,plus4K,34.4,0
Satsunai,left,3.2,overflow,plus4K,34.6,0
Satsunai,left,3.2,fluvial_scour,plus4K,34.6,0
Satsunai,left,3.2,overflow,plus4K,34.8,0
Satsunai,left,3.2,fluvial_scour,plus4K,34.8,0
Satsunai,left,3.2,overflow,plus4K,35,0
Satsunai,left,3.2,fluvial_scour,plus4K,35,0
Satsunai,left,3.2,overflow,plus4K,35.2,0
Satsunai,left,3.2,fluvial_scour,plus4K,35.2,0
Satsunai,left,3.2,overflow,plus4K,35.4,0
Satsunai,left,3.2,fluvial_scour,plus4K,35.4,0
Satsunai,left,3.2,overflow,plus4K,35.6,0
Satsunai,left,3.2,fluvial_scour,plus4K,35.6,0
Satsunai,left,3.2,overflow,plus4K,35.8,0
Satsunai,left,3.2,fluvial_scour,plus4K,35.8,0
Satsunai,left,3.2,overflow,plus4K,36,0
Satsunai,left,3.2,fluvial_scour,plus4K,36,0
Satsunai,left,3.2,overflow,plus4K,36.2,0
Satsunai,left,3.2,fluvial_scour,plus4K,36.2,0
Satsunai,left,3.2,overflow,plus4K,36.4,0.0001
Satsunai,left,3.2,fluvial_scour,plus4K,36.4,0
Satsunai,left,3.2,overflow,plus4K,36.6,0.0015
Satsunai,left,3.2,fluvial_scour,plus4K,36.6,0
Satsunai,left,3.2,overflow,plus4K,36.8,0.0133
Satsunai,left,3.2,fluvial_scour,plus4K,36.8,0
Satsunai,left,3.2,overflow,plus4K,37,0.0634
Satsunai,left,3.2,fluvial_scour,plus4K,37,0
Satsunai,left,3.2,overflow,plus4K,37.2,0.2016
Satsunai,left,3.2,fluvial_scour,plus4K,37.2,0
Satsunai,left,3.2,overflow,plus4K,37.4,0.4451
Satsunai,left,3.2,fluvial_scour,plus4K,37.4,0
Satsunai,left,3.2,overflow,plus4K,37.6,0.7147
Satsunai,left,3.2,fluvial_scour,plus4K,37.6,0
Satsunai,left,3.2,overflow,plus4K,37.8,0.897
Satsunai,left,3.2,fluvial_scour,plus4K,37.8,0
Satsunai,left,3.2,overflow,plus4K,38,0.9725
Satsunai,left,3.2,fluvial_scour,plus4K,38,0
Satsunai,left,3.2,overflow,plus4K,38.2,0.9955
Satsunai,left,3.2,fluvial_scour,plus4K,38.2,0
Satsunai,left,3.2,overflow,plus4K,38.4,0.9999
Satsunai,left,3.2,fluvial_scour,plus4K,38.4,0
Satsunai,left,3.2,overflow,plus4K,38.6,1
Satsunai,left,3.2,fluvial_scour,plus4K,38.6,0
Satsunai,left,3.2,overflow,plus4K,38.8,1
Satsunai,left,3.2,fluvial_scour,plus4K,38.8,0
Satsunai,left,3.2,overflow,plus4K,39,1
Satsunai,left,3.2,fluvial_scour,plus4K,39,0
Satsunai,left,3.2,overflow,plus4K,39.2,1
Satsunai,left,3.2,fluvial_scour,plus4K,39.2,0
Satsunai,left,3.2,overflow,plus4K,39.4,1
Satsunai,left,3.2,fluvial_scour,plus4K,39.4,0
Satsunai,left,3.2,overflow,plus4K,39.6,1
Satsunai,left,3.2,fluvial_scour,plus4K,39.6,0
Satsunai,left,3.2,overflow,plus4K,39.8,1
Satsunai,left,3.2,fluvial_scour,plus4K,39.8,0
Satsunai,left,3.2,overflow,plus4K,40,1
Satsunai,left,3.2,fluvial_scour,plus4K,40,0
Satsunai,left,3.2,overflow,plus4K,40.2,1
Satsunai,left,3.2,fluvial_scour,plus4K,40.2,0
Satsunai,left,3.4,overflow,plus4K,33.4,0
Satsunai,left,3.4,fluvial_scour,plus4K,33.4,0
Satsunai,left,3.4,overflow,plus4K,33.6,0
Satsunai,left,3.4,fluvial_scour,plus4K,33.6,0
Satsunai,left,3.4,overflow,plus4K,33.8,0
Satsunai,left,3.4,fluvial_scour,plus4K,33.8,0
Satsunai,left,3.4,overflow,plus4K,34,0
Satsunai,left,3.4,fluvial_scour,plus4K,34,0
Satsunai,left,3.4,overflow,plus4K,34.2,0
Satsunai,left,3.4,fluvial_scour,plus4K,34.2,0
Satsunai,left,3.4,overflow,plus4K,34.4,0
Satsunai,left,3.4,fluvial_scour,plus4K,34.4,0
Satsunai,left,3.4,overflow,plus4K,34.6,0
Satsunai,left,3.4,fluvial_scour,plus4K,34.6,0
Satsunai,left,3.4,overflow,plus4K,34.8,0
Satsunai,left,3.4,fluvial_scour,plus4K,34.8,0
Satsunai,left,3.4,overflow,plus4K,35,0
Satsunai,left,3.4,fluvial_scour,plus4K,35,0
Satsunai,left,3.4,overflow,plus4K,35.2,0
Satsunai,left,3.4,fluvial_scour,plus4K,35.2,0
Satsunai,left,3.4,overflow,plus4K,35.4,0
Satsunai,left,3.4,fluvial_scour,plus4K,35.4,0
Satsunai,left,3.4,overflow,plus4K,35.6,0
Satsunai,left,3.4,fluvial_scour,plus4K,35.6,0
Satsunai,left,3.4,overflow,plus4K,35.8,0
Satsunai,left,3.4,fluvial_scour,plus4K,35.8,0
Satsunai,left,3.4,overflow,plus4K,36,0
Satsunai,left,3.4,fluvial_scour,plus4K,36,0
Satsunai,left,3.4,overflow,plus4K,36.2,0
Satsunai,left,3.4,fluvial_scour,plus4K,36.2,0
Satsunai,left,3.4,overflow,plus4K,36.4,0
Satsunai,left,3.4,fluvial_scour,plus4K,36.4,0
Satsunai,left,3.4,overflow,plus4K,36.6,0
Satsunai,left,3.4,fluvial_scour,plus4K,36.6,0
Satsunai,left,3.4,overflow,plus4K,36.8,0.0005
Satsunai,left,3.4,fluvial_scour,plus4K,36.8,0
Satsunai,left,3.4,overflow,plus4K,37,0.0071
Satsunai,left,3.4,fluvial_scour,plus4K,37,0
Satsunai,left,3.4,overflow,plus4K,37.2,0.0381
Satsunai,left,3.4,fluvial_scour,plus4K,37.2,0
Satsunai,left,3.4,overflow,plus4K,37.4,0.1436
Satsunai,left,3.4,fluvial_scour,plus4K,37.4,0
Satsunai,left,3.4,overflow,plus4K,37.6,0.362
Satsunai,left,3.4,fluvial_scour,plus4K,37.6,0
Satsunai,left,3.4,overflow,plus4K,37.8,0.6303
Satsunai,left,3.4,fluvial_scour,plus4K,37.8,0
Satsunai,left,3.4,overflow,plus4K,38,0.8467
Satsunai,left,3.4,fluvial_scour,plus4K,38,0
Satsunai,left,3.4,overflow,plus4K,38.2,0.9567
Satsunai,left,3.4,fluvial_scour,plus4K,38.2,0
Satsunai,left,3.4,overflow,plus4K,38.4,0.9921
Satsunai,left,3.4,fluvial_scour,plus4K,38.4,0
Satsunai,left,3.4,overflow,plus4K,38.6,0.9992
Satsunai,left,3.4,fluvial_scour,plus4K,38.6,0
Satsunai,left,3.4,overflow,plus4K,38.8,1
Satsunai,left,3.4,fluvial_scour,plus4K,38.8,0
Satsunai,left,3.4,overflow,plus4K,39,1
Satsunai,left,3.4,fluvial_scour,plus4K,39,0
Satsunai,left,3.4,overflow,plus4K,39.2,1
Satsunai,left,3.4,fluvial_scour,plus4K,39.2,0
Satsunai,left,3.4,overflow,plus4K,39.4,1
Satsunai,left,3.4,fluvial_scour,plus4K,39.4,0
Satsunai,left,3.4,overflow,plus4K,39.6,1
Satsunai,left,3.4,fluvial_scour,plus4K,39.6,0
Satsunai,left,3.4,overflow,plus4K,39.8,1
Satsunai,left,3.4,fluvial_scour,plus4K,39.8,0
Satsunai,left,3.4,overflow,plus4K,40,1
Satsunai,left,3.4,fluvial_scour,plus4K,40,0
Satsunai,left,3.4,overflow,plus4K,40.2,1
Satsunai,left,3.4,fluvial_scour,plus4K,40.2,0
Satsunai,left,3.4,overflow,plus4K,40.4,1
Satsunai,left,3.4,fluvial_scour,plus4K,40.4,0
Satsunai,left,3.6,overflow,plus4K,34,0
Satsunai,left,3.6,fluvial_scour,plus4K,34,0
Satsunai,left,3.6,overflow,plus4K,34.2,0
Satsunai,left,3.6,fluvial_scour,plus4K,34.2,0
Satsunai,left,3.6,overflow,plus4K,34.4,0
Satsunai,left,3.6,fluvial_scour,plus4K,34.4,0
Satsunai,left,3.6,overflow,plus4K,34.6,0
Satsunai,left,3.6,fluvial_scour,plus4K,34.6,0
Satsunai,left,3.6,overflow,plus4K,34.8,0
Satsunai,left,3.6,fluvial_scour,plus4K,34.8,0
Satsunai,left,3.6,overflow,plus4K,35,0
Satsunai,left,3.6,fluvial_scour,plus4K,35,0
Satsunai,left,3.6,overflow,plus4K,35.2,0
Satsunai,left,3.6,fluvial_scour,plus4K,35.2,0
Satsunai,left,3.6,overflow,plus4K,35.4,0
Satsunai,left,3.6,fluvial_scour,plus4K,35.4,0
Satsunai,left,3.6,overflow,plus4K,35.6,0
Satsunai,left,3.6,fluvial_scour,plus4K,35.6,0
Satsunai,left,3.6,overflow,plus4K,35.8,0
Satsunai,left,3.6,fluvial_scour,plus4K,35.8,0
Satsunai,left,3.6,overflow,plus4K,36,0
Satsunai,left,3.6,fluvial_scour,plus4K,36,0
Satsunai,left,3.6,overflow,plus4K,36.2,0
Satsunai,left,3.6,fluvial_scour,plus4K,36.2,0
Satsunai,left,3.6,overflow,plus4K,36.4,0
Satsunai,left,3.6,fluvial_scour,plus4K,36.4,0
Satsunai,left,3.6,overflow,plus4K,36.6,0
Satsunai,left,3.6,fluvial_scour,plus4K,36.6,0
Satsunai,left,3.6,overflow,plus4K,36.8,0
Satsunai,left,3.6,fluvial_scour,plus4K,36.8,0
Satsunai,left,3.6,overflow,plus4K,37,0
Satsunai,left,3.6,fluvial_scour,plus4K,37,0
Satsunai,left,3.6,overflow,plus4K,37.2,0.0001
Satsunai,left,3.6,fluvial_scour,plus4K,37.2,0
Satsunai,left,3.6,overflow,plus4K,37.4,0.002
Satsunai,left,3.6,fluvial_scour,plus4K,37.4,0
Satsunai,left,3.6,overflow,plus4K,37.6,0.0146
Satsunai,left,3.6,fluvial_scour,plus4K,37.6,0
Satsunai,left,3.6,overflow,plus4K,37.8,0.0762
Satsunai,left,3.6,fluvial_scour,plus4K,37.8,0
Satsunai,left,3.6,overflow,plus4K,38,0.2221
Satsunai,left,3.6,fluvial_scour,plus4K,38,0
Satsunai,left,3.6,overflow,plus4K,38.2,0.4686
Satsunai,left,3.6,fluvial_scour,plus4K,38.2,0
Satsunai,left,3.6,overflow,plus4K,38.4,0.7326
Satsunai,left,3.6,fluvial_scour,plus4K,38.4,0
Satsunai,left,3.6,overflow,plus4K,38.6,0.9054
Satsunai,left,3.6,fluvial_scour,plus4K,38.6,0
Satsunai,left,3.6,overflow,plus4K,38.8,0.978
Satsunai,left,3.6,fluvial_scour,plus4K,38.8,0
Satsunai,left,3.6,overflow,plus4K,39,0.9975
Satsunai,left,3.6,fluvial_scour,plus4K,39,0
Satsunai,left,3.6,overflow,plus4K,39.2,0.9998
Satsunai,left,3.6,fluvial_scour,plus4K,39.2,0
Satsunai,left,3.6,overflow,plus4K,39.4,1
Satsunai,left,3.6,fluvial_scour,plus4K,39.4,0
Satsunai,left,3.6,overflow,plus4K,39.6,1
Satsunai,left,3.6,fluvial_scour,plus4K,39.6,0
Satsunai,left,3.6,overflow,plus4K,39.8,1
Satsunai,left,3.6,fluvial_scour,plus4K,39.8,0
Satsunai,left,3.6,overflow,plus4K,40,1
Satsunai,left,3.6,fluvial_scour,plus4K,40,0
Satsunai,left,3.6,overflow,plus4K,40.2,1
Satsunai,left,3.6,fluvial_scour,plus4K,40.2,0
Satsunai,left,3.6,overflow,plus4K,40.4,1
Satsunai,left,3.6,fluvial_scour,plus4K,40.4,0
Satsunai,left,3.6,overflow,plus4K,40.6,1
Satsunai,left,3.6,fluvial_scour,plus4K,40.6,0
Satsunai,left,3.6,overflow,plus4K,40.8,1
Satsunai,left,3.6,fluvial_scour,plus4K,40.8,0
Satsunai,left,3.6,overflow,plus4K,41,1
Satsunai,left,3.6,fluvial_scour,plus4K,41,0
Satsunai,left,3.8,overflow,plus4K,34.4,0
Satsunai,left,3.8,fluvial_scour,plus4K,34.4,0
Satsunai,left,3.8,overflow,plus4K,34.6,0
Satsunai,left,3.8,fluvial_scour,plus4K,34.6,0
Satsunai,left,3.8,overflow,plus4K,34.8,0
Satsunai,left,3.8,fluvial_scour,plus4K,34.8,0
Satsunai,left,3.8,overflow,plus4K,35,0
Satsunai,left,3.8,fluvial_scour,plus4K,35,0
Satsunai,left,3.8,overflow,plus4K,35.2,0
Satsunai,left,3.8,fluvial_scour,plus4K,35.2,0
Satsunai,left,3.8,overflow,plus4K,35.4,0
Satsunai,left,3.8,fluvial_scour,plus4K,35.4,0
Satsunai,left,3.8,overflow,plus4K,35.6,0
Satsunai,left,3.8,fluvial_scour,plus4K,35.6,0
Satsunai,left,3.8,overflow,plus4K,35.8,0
Satsunai,left,3.8,fluvial_scour,plus4K,35.8,0
Satsunai,left,3.8,overflow,plus4K,36,0
Satsunai,left,3.8,fluvial_scour,plus4K,36,0
Satsunai,left,3.8,overflow,plus4K,36.2,0
Satsunai,left,3.8,fluvial_scour,plus4K,36.2,0
Satsunai,left,3.8,overflow,plus4K,36.4,0
Satsunai,left,3.8,fluvial_scour,plus4K,36.4,0
Satsunai,left,3.8,overflow,plus4K,36.6,0
Satsunai,left,3.8,fluvial_scour,plus4K,36.6,0
Satsunai,left,3.8,overflow,plus4K,36.8,0
Satsunai,left,3.8,fluvial_scour,plus4K,36.8,0
Satsunai,left,3.8,overflow,plus4K,37,0
Satsunai,left,3.8,fluvial_scour,plus4K,37,0
Satsunai,left,3.8,overflow,plus4K,37.2,0
Satsunai,left,3.8,fluvial_scour,plus4K,37.2,0
Satsunai,left,3.8,overflow,plus4K,37.4,0
Satsunai,left,3.8,fluvial_scour,plus4K,37.4,0
Satsunai,left,3.8,overflow,plus4K,37.6,0
Satsunai,left,3.8,fluvial_scour,plus4K,37.6,0
Satsunai,left,3.8,overflow,plus4K,37.8,0.0001
Satsunai,left,3.8,fluvial_scour,plus4K,37.8,0
Satsunai,left,3.8,overflow,plus4K,38,0.0005
Satsunai,left,3.8,fluvial_scour,plus4K,38,0
Satsunai,left,3.8,overflow,plus4K,38.2,0.0058
Satsunai,left,3.8,fluvial_scour,plus4K,38.2,0
Satsunai,left,3.8,overflow,plus4K,38.4,0.0324
Satsunai,left,3.8,fluvial_scour,plus4K,38.4,0
Satsunai,left,3.8,overflow,plus4K,38.6,0.1293
Satsunai,left,3.8,fluvial_scour,plus4K,38.6,0
Satsunai,left,3.8,overflow,plus4K,38.8,0.3289
Satsunai,left,3.8,fluvial_scour,plus4K,38.8,0
Satsunai,left,3.8,overflow,plus4K,39,0.598
Satsunai,left,3.8,fluvial_scour,plus4K,39,0
Satsunai,left,3.8,overflow,plus4K,39.2,0.8318
Satsunai,left,3.8,fluvial_scour,plus4K,39.2,0
Satsunai,left,3.8,overflow,plus4K,39.4,0.9503
Satsunai,left,3.8,fluvial_scour,plus4K,39.4,0
Satsunai,left,3.8,overflow,plus4K,39.6,0.9903
Satsunai,left,3.8,fluvial_scour,plus4K,39.6,0
Satsunai,left,3.8,overflow,plus4K,39.8,0.999
Satsunai,left,3.8,fluvial_scour,plus4K,39.8,0
Satsunai,left,3.8,overflow,plus4K,40,0.9999
Satsunai,left,3.8,fluvial_scour,plus4K,40,0
Satsunai,left,3.8,overflow,plus4K,40.2,1
Satsunai,left,3.8,fluvial_scour,plus4K,40.2,0
Satsunai,left,3.8,overflow,plus4K,40.4,1
Satsunai,left,3.8,fluvial_scour,plus4K,40.4,0
Satsunai,left,3.8,overflow,plus4K,40.6,1
Satsunai,left,3.8,fluvial_scour,plus4K,40.6,0
Satsunai,left,3.8,overflow,plus4K,40.8,1
Satsunai,left,3.8,fluvial_scour,plus4K,40.8,0
Satsunai,left,3.8,overflow,plus4K,41,1
Satsunai,left,3.8,fluvial_scour,plus4K,41,0
Satsunai,left,3.8,overflow,plus4K,41.2,1
Satsunai,left,3.8,fluvial_scour,plus4K,41.2,0
Satsunai,left,3.8,overflow,plus4K,41.4,1
Satsunai,left,3.8,fluvial_scour,plus4K,41.4,0
Satsunai,left,3.8,overflow,plus4K,41.6,1
Satsunai,left,3.8,fluvial_scour,plus4K,41.6,0
Satsunai,left,3.8,overflow,plus4K,41.8,1
Satsunai,left,3.8,fluvial_scour,plus4K,41.8,0
Satsunai,left,4,overflow,plus4K,35,0
Satsunai,left,4,fluvial_scour,plus4K,35,0
Satsunai,left,4,overflow,plus4K,35.2,0
Satsunai,left,4,fluvial_scour,plus4K,35.2,0
Satsunai,left,4,overflow,plus4K,35.4,0
Satsunai,left,4,fluvial_scour,plus4K,35.4,0
Satsunai,left,4,overflow,plus4K,35.6,0
Satsunai,left,4,fluvial_scour,plus4K,35.6,0
Satsunai,left,4,overflow,plus4K,35.8,0
Satsunai,left,4,fluvial_scour,plus4K,35.8,0
Satsunai,left,4,overflow,plus4K,36,0
Satsunai,left,4,fluvial_scour,plus4K,36,0
Satsunai,left,4,overflow,plus4K,36.2,0
Satsunai,left,4,fluvial_scour,plus4K,36.2,0
Satsunai,left,4,overflow,plus4K,36.4,0
Satsunai,left,4,fluvial_scour,plus4K,36.4,0
Satsunai,left,4,overflow,plus4K,36.6,0
Satsunai,left,4,fluvial_scour,plus4K,36.6,0
Satsunai,left,4,overflow,plus4K,36.8,0
Satsunai,left,4,fluvial_scour,plus4K,36.8,0
Satsunai,left,4,overflow,plus4K,37,0
Satsunai,left,4,fluvial_scour,plus4K,37,0
Satsunai,left,4,overflow,plus4K,37.2,0
Satsunai,left,4,fluvial_scour,plus4K,37.2,0
Satsunai,left,4,overflow,plus4K,37.4,0
Satsunai,left,4,fluvial_scour,plus4K,37.4,0
Satsunai,left,4,overflow,plus4K,37.6,0
Satsunai,left,4,fluvial_scour,plus4K,37.6,0
Satsunai,left,4,overflow,plus4K,37.8,0
Satsunai,left,4,fluvial_scour,plus4K,37.8,0
Satsunai,left,4,overflow,plus4K,38,0
Satsunai,left,4,fluvial_scour,plus4K,38,0
Satsunai,left,4,overflow,plus4K,38.2,0
Satsunai,left,4,fluvial_scour,plus4K,38.2,0
Satsunai,left,4,overflow,plus4K,38.4,0
Satsunai,left,4,fluvial_scour,plus4K,38.4,0
Satsunai,left,4,overflow,plus4K,38.6,0.0001
Satsunai,left,4,fluvial_scour,plus4K,38.6,0
Satsunai,left,4,overflow,plus4K,38.8,0.0014
Satsunai,left,4,fluvial_scour,plus4K,38.8,0
Satsunai,left,4,overflow,plus4K,39,0.0065
Satsunai,left,4,fluvial_scour,plus4K,39,0
Satsunai,left,4,overflow,plus4K,39.2,0.0282
Satsunai,left,4,fluvial_scour,plus4K,39.2,0
Satsunai,left,4,overflow,plus4K,39.4,0.0902
Satsunai,left,4,fluvial_scour,plus4K,39.4,0
Satsunai,left,4,overflow,plus4K,39.6,0.2179
Satsunai,left,4,fluvial_scour,plus4K,39.6,0
Satsunai,left,4,overflow,plus4K,39.8,0.4209
Satsunai,left,4,fluvial_scour,plus4K,39.8,0
Satsunai,left,4,overflow,plus4K,40,0.6467
Satsunai,left,4,fluvial_scour,plus4K,40,0
Satsunai,left,4,overflow,plus4K,40.2,0.828
Satsunai,left,4,fluvial_scour,plus4K,40.2,0
Satsunai,left,4,overflow,plus4K,40.4,0.9354
Satsunai,left,4,fluvial_scour,plus4K,40.4,0
Satsunai,left,4,overflow,plus4K,40.6,0.9842
Satsunai,left,4,fluvial_scour,plus4K,40.6,0
Satsunai,left,4,overflow,plus4K,40.8,0.9972
Satsunai,left,4,fluvial_scour,plus4K,40.8,0
Satsunai,left,4,overflow,plus4K,41,0.9996
Satsunai,left,4,fluvial_scour,plus4K,41,0
Satsunai,left,4,overflow,plus4K,41.2,1
Satsunai,left,4,fluvial_scour,plus4K,41.2,0
Satsunai,left,4,overflow,plus4K,41.4,1
Satsunai,left,4,fluvial_scour,plus4K,41.4,0
Satsunai,left,4,overflow,plus4K,41.6,1
Satsunai,left,4,fluvial_scour,plus4K,41.6,0
Satsunai,left,4,overflow,plus4K,41.8,1
Satsunai,left,4,fluvial_scour,plus4K,41.8,0
Satsunai,left,4,overflow,plus4K,42,1
Satsunai,left,4,fluvial_scour,plus4K,42,0
Satsunai,left,4,overflow,plus4K,42.2,1
Satsunai,left,4,fluvial_scour,plus4K,42.2,0
Satsunai,left,4,overflow,plus4K,42.4,1
Satsunai,left,4,fluvial_scour,plus4K,42.4,0
Satsunai,left,4,overflow,plus4K,42.6,1
Satsunai,left,4,fluvial_scour,plus4K,42.6,0
Satsunai,left,4.2,overflow,plus4K,35.4,0
Satsunai,left,4.2,fluvial_scour,plus4K,35.4,0
Satsunai,left,4.2,overflow,plus4K,35.6,0
Satsunai,left,4.2,fluvial_scour,plus4K,35.6,0
Satsunai,left,4.2,overflow,plus4K,35.8,0
Satsunai,left,4.2,fluvial_scour,plus4K,35.8,0
Satsunai,left,4.2,overflow,plus4K,36,0
Satsunai,left,4.2,fluvial_scour,plus4K,36,0
Satsunai,left,4.2,overflow,plus4K,36.2,0
Satsunai,left,4.2,fluvial_scour,plus4K,36.2,0
Satsunai,left,4.2,overflow,plus4K,36.4,0
Satsunai,left,4.2,fluvial_scour,plus4K,36.4,0
Satsunai,left,4.2,overflow,plus4K,36.6,0
Satsunai,left,4.2,fluvial_scour,plus4K,36.6,0
Satsunai,left,4.2,overflow,plus4K,36.8,0
Satsunai,left,4.2,fluvial_scour,plus4K,36.8,0
Satsunai,left,4.2,overflow,plus4K,37,0
Satsunai,left,4.2,fluvial_scour,plus4K,37,0
Satsunai,left,4.2,overflow,plus4K,37.2,0
Satsunai,left,4.2,fluvial_scour,plus4K,37.2,0
Satsunai,left,4.2,overflow,plus4K,37.4,0
Satsunai,left,4.2,fluvial_scour,plus4K,37.4,0
Satsunai,left,4.2,overflow,plus4K,37.6,0
Satsunai,left,4.2,fluvial_scour,plus4K,37.6,0
Satsunai,left,4.2,overflow,plus4K,37.8,0
Satsunai,left,4.2,fluvial_scour,plus4K,37.8,0
Satsunai,left,4.2,overflow,plus4K,38,0
Satsunai,left,4.2,fluvial_scour,plus4K,38,0
Satsunai,left,4.2,overflow,plus4K,38.2,0
Satsunai,left,4.2,fluvial_scour,plus4K,38.2,0
Satsunai,left,4.2,overflow,plus4K,38.4,0
Satsunai,left,4.2,fluvial_scour,plus4K,38.4,0
Satsunai,left,4.2,overflow,plus4K,38.6,0
Satsunai,left,4.2,fluvial_scour,plus4K,38.6,0
Satsunai,left,4.2,overflow,plus4K,38.8,0.0003
Satsunai,left,4.2,fluvial_scour,plus4K,38.8,0
Satsunai,left,4.2,overflow,plus4K,39,0.0063
Satsunai,left,4.2,fluvial_scour,plus4K,39,0
Satsunai,left,4.2,overflow,plus4K,39.2,0.0338
Satsunai,left,4.2,fluvial_scour,plus4K,39.2,0
Satsunai,left,4.2,overflow,plus4K,39.4,0.1333
Satsunai,left,4.2,fluvial_scour,plus4K,39.4,0
Satsunai,left,4.2,overflow,plus4K,39.6,0.3398
Satsunai,left,4.2,fluvial_scour,plus4K,39.6,0
Satsunai,left,4.2,overflow,plus4K,39.8,0.6181
Satsunai,left,4.2,fluvial_scour,plus4K,39.8,0
Satsunai,left,4.2,overflow,plus4K,40,0.8435
Satsunai,left,4.2,fluvial_scour,plus4K,40,0
Satsunai,left,4.2,overflow,plus4K,40.2,0.9561
Satsunai,left,4.2,fluvial_scour,plus4K,40.2,0
Satsunai,left,4.2,overflow,plus4K,40.4,0.9905
Satsunai,left,4.2,fluvial_scour,plus4K,40.4,0
Satsunai,left,4.2,overflow,plus4K,40.6,0.9981
Satsunai,left,4.2,fluvial_scour,plus4K,40.6,0
Satsunai,left,4.2,overflow,plus4K,40.8,0.9999
Satsunai,left,4.2,fluvial_scour,plus4K,40.8,0
Satsunai,left,4.2,overflow,plus4K,41,1
Satsunai,left,4.2,fluvial_scour,plus4K,41,0
Satsunai,left,4.2,overflow,plus4K,41.2,1
Satsunai,left,4.2,fluvial_scour,plus4K,41.2,0
Satsunai,left,4.2,overflow,plus4K,41.4,1
Satsunai,left,4.2,fluvial_scour,plus4K,41.4,0
Satsunai,left,4.2,overflow,plus4K,41.6,1
Satsunai,left,4.2,fluvial_scour,plus4K,41.6,0
Satsunai,left,4.2,overflow,plus4K,41.8,1
Satsunai,left,4.2,fluvial_scour,plus4K,41.8,0
Satsunai,left,4.2,overflow,plus4K,42,1
Satsunai,left,4.2,fluvial_scour,plus4K,42,0
Satsunai,left,4.2,overflow,plus4K,42.2,1
Satsunai,left,4.2,fluvial_scour,plus4K,42.2,0
Satsunai,left,4.2,overflow,plus4K,42.4,1
Satsunai,left,4.2,fluvial_scour,plus4K,42.4,0
Satsunai,left,4.2,overflow,plus4K,42.6,1
Satsunai,left,4.2,fluvial_scour,plus4K,42.6,0
Satsunai,left,4.4,overflow,plus4K,36.2,0
Satsunai,left,4.4,fluvial_scour,plus4K,36.2,0
Satsunai,left,4.4,overflow,plus4K,36.4,0
Satsunai,left,4.4,fluvial_scour,plus4K,36.4,0
Satsunai,left,4.4,overflow,plus4K,36.6,0
Satsunai,left,4.4,fluvial_scour,plus4K,36.6,0
Satsunai,left,4.4,overflow,plus4K,36.8,0
Satsunai,left,4.4,fluvial_scour,plus4K,36.8,0
Satsunai,left,4.4,overflow,plus4K,37,0
Satsunai,left,4.4,fluvial_scour,plus4K,37,0
Satsunai,left,4.4,overflow,plus4K,37.2,0
Satsunai,left,4.4,fluvial_scour,plus4K,37.2,0
Satsunai,left,4.4,overflow,plus4K,37.4,0
Satsunai,left,4.4,fluvial_scour,plus4K,37.4,0
Satsunai,left,4.4,overflow,plus4K,37.6,0
Satsunai,left,4.4,fluvial_scour,plus4K,37.6,0
Satsunai,left,4.4,overflow,plus4K,37.8,0
Satsunai,left,4.4,fluvial_scour,plus4K,37.8,0
Satsunai,left,4.4,overflow,plus4K,38,0
Satsunai,left,4.4,fluvial_scour,plus4K,38,0
Satsunai,left,4.4,overflow,plus4K,38.2,0
Satsunai,left,4.4,fluvial_scour,plus4K,38.2,0
Satsunai,left,4.4,overflow,plus4K,38.4,0
Satsunai,left,4.4,fluvial_scour,plus4K,38.4,0
Satsunai,left,4.4,overflow,plus4K,38.6,0
Satsunai,left,4.4,fluvial_scour,plus4K,38.6,0
Satsunai,left,4.4,overflow,plus4K,38.8,0
Satsunai,left,4.4,fluvial_scour,plus4K,38.8,0
Satsunai,left,4.4,overflow,plus4K,39,0
Satsunai,left,4.4,fluvial_scour,plus4K,39,0
Satsunai,left,4.4,overflow,plus4K,39.2,0
Satsunai,left,4.4,fluvial_scour,plus4K,39.2,0
Satsunai,left,4.4,overflow,plus4K,39.4,0.0006
Satsunai,left,4.4,fluvial_scour,plus4K,39.4,0
Satsunai,left,4.4,overflow,plus4K,39.6,0.0049
Satsunai,left,4.4,fluvial_scour,plus4K,39.6,0
Satsunai,left,4.4,overflow,plus4K,39.8,0.0344
Satsunai,left,4.4,fluvial_scour,plus4K,39.8,0
Satsunai,left,4.4,overflow,plus4K,40,0.129
Satsunai,left,4.4,fluvial_scour,plus4K,40,0
Satsunai,left,4.4,overflow,plus4K,40.2,0.331
Satsunai,left,4.4,fluvial_scour,plus4K,40.2,0
Satsunai,left,4.4,overflow,plus4K,40.4,0.6005
Satsunai,left,4.4,fluvial_scour,plus4K,40.4,0
Satsunai,left,4.4,overflow,plus4K,40.6,0.8274
Satsunai,left,4.4,fluvial_scour,plus4K,40.6,0
Satsunai,left,4.4,overflow,plus4K,40.8,0.95
Satsunai,left,4.4,fluvial_scour,plus4K,40.8,0
Satsunai,left,4.4,overflow,plus4K,41,0.9914
Satsunai,left,4.4,fluvial_scour,plus4K,41,0
Satsunai,left,4.4,overflow,plus4K,41.2,0.9988
Satsunai,left,4.4,fluvial_scour,plus4K,41.2,0
Satsunai,left,4.4,overflow,plus4K,41.4,0.9999
Satsunai,left,4.4,fluvial_scour,plus4K,41.4,0
Satsunai,left,4.4,overflow,plus4K,41.6,1
Satsunai,left,4.4,fluvial_scour,plus4K,41.6,0
Satsunai,left,4.4,overflow,plus4K,41.8,1
Satsunai,left,4.4,fluvial_scour,plus4K,41.8,0
Satsunai,left,4.4,overflow,plus4K,42,1
Satsunai,left,4.4,fluvial_scour,plus4K,42,0
Satsunai,left,4.4,overflow,plus4K,42.2,1
Satsunai,left,4.4,fluvial_scour,plus4K,42.2,0
Satsunai,left,4.4,overflow,plus4K,42.4,1
Satsunai,left,4.4,fluvial_scour,plus4K,42.4,0
Satsunai,left,4.4,overflow,plus4K,42.6,1
Satsunai,left,4.4,fluvial_scour,plus4K,42.6,0
Satsunai,left,4.4,overflow,plus4K,42.8,1
Satsunai,left,4.4,fluvial_scour,plus4K,42.8,0
Satsunai,left,4.4,overflow,plus4K,43,1
Satsunai,left,4.4,fluvial_scour,plus4K,43,0
Satsunai,left,4.4,overflow,plus4K,43.2,1
Satsunai,left,4.4,fluvial_scour,plus4K,43.2,0
Satsunai,left,4.6,overflow,plus4K,37.2,0
Satsunai,left,4.6,fluvial_scour,plus4K,37.2,0
Satsunai,left,4.6,overflow,plus4K,37.4,0
Satsunai,left,4.6,fluvial_scour,plus4K,37.4,0
Satsunai,left,4.6,overflow,plus4K,37.6,0
Satsunai,left,4.6,fluvial_scour,plus4K,37.6,0
Satsunai,left,4.6,overflow,plus4K,37.8,0
Satsunai,left,4.6,fluvial_scour,plus4K,37.8,0
Satsunai,left,4.6,overflow,plus4K,38,0
Satsunai,left,4.6,fluvial_scour,plus4K,38,0
Satsunai,left,4.6,overflow,plus4K,38.2,0
Satsunai,left,4.6,fluvial_scour,plus4K,38.2,0
Satsunai,left,4.6,overflow,plus4K,38.4,0
Satsunai,left,4.6,fluvial_scour,plus4K,38.4,0
Satsunai,left,4.6,overflow,plus4K,38.6,0
Satsunai,left,4.6,fluvial_scour,plus4K,38.6,0
Satsunai,left,4.6,overflow,plus4K,38.8,0
Satsunai,left,4.6,fluvial_scour,plus4K,38.8,0
Satsunai,left,4.6,overflow,plus4K,39,0
Satsunai,left,4.6,fluvial_scour,plus4K,39,0
Satsunai,left,4.6,overflow,plus4K,39.2,0
Satsunai,left,4.6,fluvial_scour,plus4K,39.2,0
Satsunai,left,4.6,overflow,plus4K,39.4,0
Satsunai,left,4.6,fluvial_scour,plus4K,39.4,0
Satsunai,left,4.6,overflow,plus4K,39.6,0
Satsunai,left,4.6,fluvial_scour,plus4K,39.6,0
Satsunai,left,4.6,overflow,plus4K,39.8,0
Satsunai,left,4.6,fluvial_scour,plus4K,39.8,0
Satsunai,left,4.6,overflow,plus4K,40,0
Satsunai,left,4.6,fluvial_scour,plus4K,40,0
Satsunai,left,4.6,overflow,plus4K,40.2,0.002
Satsunai,left,4.6,fluvial_scour,plus4K,40.2,0
Satsunai,left,4.6,overflow,plus4K,40.4,0.0177
Satsunai,left,4.6,fluvial_scour,plus4K,40.4,0
Satsunai,left,4.6,overflow,plus4K,40.6,0.0794
Satsunai,left,4.6,fluvial_scour,plus4K,40.6,0
Satsunai,left,4.6,overflow,plus4K,40.8,0.234
Satsunai,left,4.6,fluvial_scour,plus4K,40.8,0
Satsunai,left,4.6,overflow,plus4K,41,0.4878
Satsunai,left,4.6,fluvial_scour,plus4K,41,0
Satsunai,left,4.6,overflow,plus4K,41.2,0.7533
Satsunai,left,4.6,fluvial_scour,plus4K,41.2,0
Satsunai,left,4.6,overflow,plus4K,41.4,0.9155
Satsunai,left,4.6,fluvial_scour,plus4K,41.4,0
Satsunai,left,4.6,overflow,plus4K,41.6,0.9809
Satsunai,left,4.6,fluvial_scour,plus4K,41.6,0
Satsunai,left,4.6,overflow,plus4K,41.8,0.9965
Satsunai,left,4.6,fluvial_scour,plus4K,41.8,0
Satsunai,left,4.6,overflow,plus4K,42,0.9998
Satsunai,left,4.6,fluvial_scour,plus4K,42,0
Satsunai,left,4.6,overflow,plus4K,42.2,1
Satsunai,left,4.6,fluvial_scour,plus4K,42.2,0
Satsunai,left,4.6,overflow,plus4K,42.4,1
Satsunai,left,4.6,fluvial_scour,plus4K,42.4,0
Satsunai,left,4.6,overflow,plus4K,42.6,1
Satsunai,left,4.6,fluvial_scour,plus4K,42.6,0
Satsunai,left,4.6,overflow,plus4K,42.8,1
Satsunai,left,4.6,fluvial_scour,plus4K,42.8,0
Satsunai,left,4.6,overflow,plus4K,43,1
Satsunai,left,4.6,fluvial_scour,plus4K,43,0
Satsunai,left,4.6,overflow,plus4K,43.2,1
Satsunai,left,4.6,fluvial_scour,plus4K,43.2,0
Satsunai,left,4.6,overflow,plus4K,43.4,1
Satsunai,left,4.6,fluvial_scour,plus4K,43.4,0
Satsunai,left,4.6,overflow,plus4K,43.6,1
Satsunai,left,4.6,fluvial_scour,plus4K,43.6,0
Satsunai,left,4.6,overflow,plus4K,43.8,1
Satsunai,left,4.6,fluvial_scour,plus4K,43.8,0
Satsunai,left,4.8,overflow,plus4K,37.6,0
Satsunai,left,4.8,fluvial_scour,plus4K,37.6,0
Satsunai,left,4.8,overflow,plus4K,37.8,0
Satsunai,left,4.8,fluvial_scour,plus4K,37.8,0
Satsunai,left,4.8,overflow,plus4K,38,0
Satsunai,left,4.8,fluvial_scour,plus4K,38,0
Satsunai,left,4.8,overflow,plus4K,38.2,0
Satsunai,left,4.8,fluvial_scour,plus4K,38.2,0
Satsunai,left,4.8,overflow,plus4K,38.4,0
Satsunai,left,4.8,fluvial_scour,plus4K,38.4,0
Satsunai,left,4.8,overflow,plus4K,38.6,0
Satsunai,left,4.8,fluvial_scour,plus4K,38.6,0
Satsunai,left,4.8,overflow,plus4K,38.8,0
Satsunai,left,4.8,fluvial_scour,plus4K,38.8,0
Satsunai,left,4.8,overflow,plus4K,39,0
Satsunai,left,4.8,fluvial_scour,plus4K,39,0
Satsunai,left,4.8,overflow,plus4K,39.2,0
Satsunai,left,4.8,fluvial_scour,plus4K,39.2,0
Satsunai,left,4.8,overflow,plus4K,39.4,0
Satsunai,left,4.8,fluvial_scour,plus4K,39.4,0
Satsunai,left,4.8,overflow,plus4K,39.6,0
Satsunai,left,4.8,fluvial_scour,plus4K,39.6,0
Satsunai,left,4.8,overflow,plus4K,39.8,0
Satsunai,left,4.8,fluvial_scour,plus4K,39.8,0
Satsunai,left,4.8,overflow,plus4K,40,0
Satsunai,left,4.8,fluvial_scour,plus4K,40,0
Satsunai,left,4.8,overflow,plus4K,40.2,0
Satsunai,left,4.8,fluvial_scour,plus4K,40.2,0
Satsunai,left,4.8,overflow,plus4K,40.4,0.0001
Satsunai,left,4.8,fluvial_scour,plus4K,40.4,0
Satsunai,left,4.8,overflow,plus4K,40.6,0.002
Satsunai,left,4.8,fluvial_scour,plus4K,40.6,0
Satsunai,left,4.8,overflow,plus4K,40.8,0.0152
Satsunai,left,4.8,fluvial_scour,plus4K,40.8,0
Satsunai,left,4.8,overflow,plus4K,41,0.0685
Satsunai,left,4.8,fluvial_scour,plus4K,41,0
Satsunai,left,4.8,overflow,plus4K,41.2,0.2097
Satsunai,left,4.8,fluvial_scour,plus4K,41.2,0
Satsunai,left,4.8,overflow,plus4K,41.4,0.4381
Satsunai,left,4.8,fluvial_scour,plus4K,41.4,0
Satsunai,left,4.8,overflow,plus4K,41.6,0.7111
Satsunai,left,4.8,fluvial_scour,plus4K,41.6,0
Satsunai,left,4.8,overflow,plus4K,41.8,0.8974
Satsunai,left,4.8,fluvial_scour,plus4K,41.8,0
Satsunai,left,4.8,overflow,plus4K,42,0.9749
Satsunai,left,4.8,fluvial_scour,plus4K,42,0
Satsunai,left,4.8,overflow,plus4K,42.2,0.9964
Satsunai,left,4.8,fluvial_scour,plus4K,42.2,0
Satsunai,left,4.8,overflow,plus4K,42.4,0.9998
Satsunai,left,4.8,fluvial_scour,plus4K,42.4,0
Satsunai,left,4.8,overflow,plus4K,42.6,1
Satsunai,left,4.8,fluvial_scour,plus4K,42.6,0
Satsunai,left,4.8,overflow,plus4K,42.8,1
Satsunai,left,4.8,fluvial_scour,plus4K,42.8,0
Satsunai,left,4.8,overflow,plus4K,43,1
Satsunai,left,4.8,fluvial_scour,plus4K,43,0
Satsunai,left,4.8,overflow,plus4K,43.2,1
Satsunai,left,4.8,fluvial_scour,plus4K,43.2,0
Satsunai,left,4.8,overflow,plus4K,43.4,1
Satsunai,left,4.8,fluvial_scour,plus4K,43.4,0
Satsunai,left,4.8,overflow,plus4K,43.6,1
Satsunai,left,4.8,fluvial_scour,plus4K,43.6,0
Satsunai,left,4.8,overflow,plus4K,43.8,1
Satsunai,left,4.8,fluvial_scour,plus4K,43.8,0
Satsunai,left,4.8,overflow,plus4K,44,1
Satsunai,left,4.8,fluvial_scour,plus4K,44,0
Satsunai,left,4.8,overflow,plus4K,44.2,1
Satsunai,left,4.8,fluvial_scour,plus4K,44.2,0
Satsunai,left,5,overflow,plus4K,38.4,0
Satsunai,left,5,fluvial_scour,plus4K,38.4,0
Satsunai,left,5,overflow,plus4K,38.6,0
Satsunai,left,5,fluvial_scour,plus4K,38.6,0
Satsunai,left,5,overflow,plus4K,38.8,0
Satsunai,left,5,fluvial_scour,plus4K,38.8,0
Satsunai,left,5,overflow,plus4K,39,0
Satsunai,left,5,fluvial_scour,plus4K,39,0
Satsunai,left,5,overflow,plus4K,39.2,0
Satsunai,left,5,fluvial_scour,plus4K,39.2,0
Satsunai,left,5,overflow,plus4K,39.4,0
Satsunai,left,5,fluvial_scour,plus4K,39.4,0
Satsunai,left,5,overflow,plus4K,39.6,0
Satsunai,left,5,fluvial_scour,plus4K,39.6,0
Satsunai,left,5,overflow,plus4K,39.8,0
Satsunai,left,5,fluvial_scour,plus4K,39.8,0
Satsunai,left,5,overflow,plus4K,40,0
Satsunai,left,5,fluvial_scour,plus4K,40,0
Satsunai,left,5,overflow,plus4K,40.2,0
Satsunai,left,5,fluvial_scour,plus4K,40.2,0
Satsunai,left,5,overflow,plus4K,40.4,0
Satsunai,left,5,fluvial_scour,plus4K,40.4,0
Satsunai,left,5,overflow,plus4K,40.6,0
Satsunai,left,5,fluvial_scour,plus4K,40.6,0
Satsunai,left,5,overflow,plus4K,40.8,0
Satsunai,left,5,fluvial_scour,plus4K,40.8,0
Satsunai,left,5,overflow,plus4K,41,0
Satsunai,left,5,fluvial_scour,plus4K,41,0
Satsunai,left,5,overflow,plus4K,41.2,0.0002
Satsunai,left,5,fluvial_scour,plus4K,41.2,0
Satsunai,left,5,overflow,plus4K,41.4,0.0023
Satsunai,left,5,fluvial_scour,plus4K,41.4,0
Satsunai,left,5,overflow,plus4K,41.6,0.0177
Satsunai,left,5,fluvial_scour,plus4K,41.6,0
Satsunai,left,5,overflow,plus4K,41.8,0.0723
Satsunai,left,5,fluvial_scour,plus4K,41.8,0
Satsunai,left,5,overflow,plus4K,42,0.2172
Satsunai,left,5,fluvial_scour,plus4K,42,0
Satsunai,left,5,overflow,plus4K,42.2,0.463
Satsunai,left,5,fluvial_scour,plus4K,42.2,0
Satsunai,left,5,overflow,plus4K,42.4,0.733
Satsunai,left,5,fluvial_scour,plus4K,42.4,0
Satsunai,left,5,overflow,plus4K,42.6,0.907
Satsunai,left,5,fluvial_scour,plus4K,42.6,0
Satsunai,left,5,overflow,plus4K,42.8,0.9792
Satsunai,left,5,fluvial_scour,plus4K,42.8,0
Satsunai,left,5,overflow,plus4K,43,0.9982
Satsunai,left,5,fluvial_scour,plus4K,43,0
Satsunai,left,5,overflow,plus4K,43.2,1
Satsunai,left,5,fluvial_scour,plus4K,43.2,0
Satsunai,left,5,overflow,plus4K,43.4,1
Satsunai,left,5,fluvial_scour,plus4K,43.4,0
Satsunai,left,5,overflow,plus4K,43.6,1
Satsunai,left,5,fluvial_scour,plus4K,43.6,0
Satsunai,left,5,overflow,plus4K,43.8,1
Satsunai,left,5,fluvial_scour,plus4K,43.8,0
Satsunai,left,5,overflow,plus4K,44,1
Satsunai,left,5,fluvial_scour,plus4K,44,0
Satsunai,left,5,overflow,plus4K,44.2,1
Satsunai,left,5,fluvial_scour,plus4K,44.2,0
Satsunai,left,5,overflow,plus4K,44.4,1
Satsunai,left,5,fluvial_scour,plus4K,44.4,0
Satsunai,left,5,overflow,plus4K,44.6,1
Satsunai,left,5,fluvial_scour,plus4K,44.6,0
Satsunai,left,5,overflow,plus4K,44.8,1
Satsunai,left,5,fluvial_scour,plus4K,44.8,0
Satsunai,left,5,overflow,plus4K,45,1
Satsunai,left,5,fluvial_scour,plus4K,45,0
Satsunai,left,5.2,overflow,plus4K,39.2,0
Satsunai,left,5.2,fluvial_scour,plus4K,39.2,0
Satsunai,left,5.2,overflow,plus4K,39.4,0
Satsunai,left,5.2,fluvial_scour,plus4K,39.4,0
Satsunai,left,5.2,overflow,plus4K,39.6,0
Satsunai,left,5.2,fluvial_scour,plus4K,39.6,0
Satsunai,left,5.2,overflow,plus4K,39.8,0
Satsunai,left,5.2,fluvial_scour,plus4K,39.8,0
Satsunai,left,5.2,overflow,plus4K,40,0
Satsunai,left,5.2,fluvial_scour,plus4K,40,0
Satsunai,left,5.2,overflow,plus4K,40.2,0
Satsunai,left,5.2,fluvial_scour,plus4K,40.2,0
Satsunai,left,5.2,overflow,plus4K,40.4,0
Satsunai,left,5.2,fluvial_scour,plus4K,40.4,0
Satsunai,left,5.2,overflow,plus4K,40.6,0
Satsunai,left,5.2,fluvial_scour,plus4K,40.6,0
Satsunai,left,5.2,overflow,plus4K,40.8,0
Satsunai,left,5.2,fluvial_scour,plus4K,40.8,0
Satsunai,left,5.2,overflow,plus4K,41,0
Satsunai,left,5.2,fluvial_scour,plus4K,41,0
Satsunai,left,5.2,overflow,plus4K,41.2,0
Satsunai,left,5.2,fluvial_scour,plus4K,41.2,0
Satsunai,left,5.2,overflow,plus4K,41.4,0
Satsunai,left,5.2,fluvial_scour,plus4K,41.4,0
Satsunai,left,5.2,overflow,plus4K,41.6,0
Satsunai,left,5.2,fluvial_scour,plus4K,41.6,0
Satsunai,left,5.2,overflow,plus4K,41.8,0
Satsunai,left,5.2,fluvial_scour,plus4K,41.8,0
Satsunai,left,5.2,overflow,plus4K,42,0.0001
Satsunai,left,5.2,fluvial_scour,plus4K,42,0
Satsunai,left,5.2,overflow,plus4K,42.2,0.0008
Satsunai,left,5.2,fluvial_scour,plus4K,42.2,0
Satsunai,left,5.2,overflow,plus4K,42.4,0.0082
Satsunai,left,5.2,fluvial_scour,plus4K,42.4,0
Satsunai,left,5.2,overflow,plus4K,42.6,0.0419
Satsunai,left,5.2,fluvial_scour,plus4K,42.6,0
Satsunai,left,5.2,overflow,plus4K,42.8,0.1546
Satsunai,left,5.2,fluvial_scour,plus4K,42.8,0
Satsunai,left,5.2,overflow,plus4K,43,0.3708
Satsunai,left,5.2,fluvial_scour,plus4K,43,0
Satsunai,left,5.2,overflow,plus4K,43.2,0.6449
Satsunai,left,5.2,fluvial_scour,plus4K,43.2,0
Satsunai,left,5.2,overflow,plus4K,43.4,0.8552
Satsunai,left,5.2,fluvial_scour,plus4K,43.4,0
Satsunai,left,5.2,overflow,plus4K,43.6,0.9638
Satsunai,left,5.2,fluvial_scour,plus4K,43.6,0
Satsunai,left,5.2,overflow,plus4K,43.8,0.9952
Satsunai,left,5.2,fluvial_scour,plus4K,43.8,0
Satsunai,left,5.2,overflow,plus4K,44,0.9997
Satsunai,left,5.2,fluvial_scour,plus4K,44,0
Satsunai,left,5.2,overflow,plus4K,44.2,1
Satsunai,left,5.2,fluvial_scour,plus4K,44.2,0
Satsunai,left,5.2,overflow,plus4K,44.4,1
Satsunai,left,5.2,fluvial_scour,plus4K,44.4,0
Satsunai,left,5.2,overflow,plus4K,44.6,1
Satsunai,left,5.2,fluvial_scour,plus4K,44.6,0
Satsunai,left,5.2,overflow,plus4K,44.8,1
Satsunai,left,5.2,fluvial_scour,plus4K,44.8,0
Satsunai,left,5.2,overflow,plus4K,45,1
Satsunai,left,5.2,fluvial_scour,plus4K,45,0
Satsunai,left,5.2,overflow,plus4K,45.2,1
Satsunai,left,5.2,fluvial_scour,plus4K,45.2,0
Satsunai,left,5.2,overflow,plus4K,45.4,1
Satsunai,left,5.2,fluvial_scour,plus4K,45.4,0
Satsunai,left,5.2,overflow,plus4K,45.6,1
Satsunai,left,5.2,fluvial_scour,plus4K,45.6,0
Satsunai,left,5.2,overflow,plus4K,45.8,1
Satsunai,left,5.2,fluvial_scour,plus4K,45.8,0
Satsunai,left,5.4,overflow,plus4K,39.8,0
Satsunai,left,5.4,fluvial_scour,plus4K,39.8,0
Satsunai,left,5.4,overflow,plus4K,40,0
Satsunai,left,5.4,fluvial_scour,plus4K,40,0
Satsunai,left,5.4,overflow,plus4K,40.2,0
Satsunai,left,5.4,fluvial_scour,plus4K,40.2,0
Satsunai,left,5.4,overflow,plus4K,40.4,0
Satsunai,left,5.4,fluvial_scour,plus4K,40.4,0
Satsunai,left,5.4,overflow,plus4K,40.6,0
Satsunai,left,5.4,fluvial_scour,plus4K,40.6,0
Satsunai,left,5.4,overflow,plus4K,40.8,0
Satsunai,left,5.4,fluvial_scour,plus4K,40.8,0
Satsunai,left,5.4,overflow,plus4K,41,0
Satsunai,left,5.4,fluvial_scour,plus4K,41,0
Satsunai,left,5.4,overflow,plus4K,41.2,0
Satsunai,left,5.4,fluvial_scour,plus4K,41.2,0
Satsunai,left,5.4,overflow,plus4K,41.4,0
Satsunai,left,5.4,fluvial_scour,plus4K,41.4,0
Satsunai,left,5.4,overflow,plus4K,41.6,0
Satsunai,left,5.4,fluvial_scour,plus4K,41.6,0
Satsunai,left,5.4,overflow,plus4K,41.8,0
Satsunai,left,5.4,fluvial_scour,plus4K,41.8,0
Satsunai,left,5.4,overflow,plus4K,42,0
Satsunai,left,5.4,fluvial_scour,plus4K,42,0
Satsunai,left,5.4,overflow,plus4K,42.2,0
Satsunai,left,5.4,fluvial_scour,plus4K,42.2,0
Satsunai,left,5.4,overflow,plus4K,42.4,0
Satsunai,left,5.4,fluvial_scour,plus4K,42.4,0
Satsunai,left,5.4,overflow,plus4K,42.6,0.0001
Satsunai,left,5.4,fluvial_scour,plus4K,42.6,0
Satsunai,left,5.4,overflow,plus4K,42.8,0.0002
Satsunai,left,5.4,fluvial_scour,plus4K,42.8,0
Satsunai,left,5.4,overflow,plus4K,43,0.0013
Satsunai,left,5.4,fluvial_scour,plus4K,43,0
Satsunai,left,5.4,overflow,plus4K,43.2,0.0084
Satsunai,left,5.4,fluvial_scour,plus4K,43.2,0
Satsunai,left,5.4,overflow,plus4K,43.4,0.0455
Satsunai,left,5.4,fluvial_scour,plus4K,43.4,0
Satsunai,left,5.4,overflow,plus4K,43.6,0.1588
Satsunai,left,5.4,fluvial_scour,plus4K,43.6,0
Satsunai,left,5.4,overflow,plus4K,43.8,0.3803
Satsunai,left,5.4,fluvial_scour,plus4K,43.8,0
Satsunai,left,5.4,overflow,plus4K,44,0.6539
Satsunai,left,5.4,fluvial_scour,plus4K,44,0
Satsunai,left,5.4,overflow,plus4K,44.2,0.8673
Satsunai,left,5.4,fluvial_scour,plus4K,44.2,0
Satsunai,left,5.4,overflow,plus4K,44.4,0.9608
Satsunai,left,5.4,fluvial_scour,plus4K,44.4,0
Satsunai,left,5.4,overflow,plus4K,44.6,0.9928
Satsunai,left,5.4,fluvial_scour,plus4K,44.6,0
Satsunai,left,5.4,overflow,plus4K,44.8,0.9986
Satsunai,left,5.4,fluvial_scour,plus4K,44.8,0
Satsunai,left,5.4,overflow,plus4K,45,0.9999
Satsunai,left,5.4,fluvial_scour,plus4K,45,0
Satsunai,left,5.4,overflow,plus4K,45.2,1
Satsunai,left,5.4,fluvial_scour,plus4K,45.2,0
Satsunai,left,5.4,overflow,plus4K,45.4,1
Satsunai,left,5.4,fluvial_scour,plus4K,45.4,0
Satsunai,left,5.4,overflow,plus4K,45.6,1
Satsunai,left,5.4,fluvial_scour,plus4K,45.6,0
Satsunai,left,5.4,overflow,plus4K,45.8,1
Satsunai,left,5.4,fluvial_scour,plus4K,45.8,0
Satsunai,left,5.4,overflow,plus4K,46,1
Satsunai,left,5.4,fluvial_scour,plus4K,46,0
Satsunai,left,5.4,overflow,plus4K,46.2,1
Satsunai,left,5.4,fluvial_scour,plus4K,46.2,0
Satsunai,left,5.4,overflow,plus4K,46.4,1
Satsunai,left,5.4,fluvial_scour,plus4K,46.4,0
Satsunai,left,5.4,overflow,plus4K,46.6,1
Satsunai,left,5.4,fluvial_scour,plus4K,46.6,0
Satsunai,left,5.6,overflow,plus4K,40.4,0
Satsunai,left,5.6,fluvial_scour,plus4K,40.4,0
Satsunai,left,5.6,overflow,plus4K,40.6,0
Satsunai,left,5.6,fluvial_scour,plus4K,40.6,0
Satsunai,left,5.6,overflow,plus4K,40.8,0
Satsunai,left,5.6,fluvial_scour,plus4K,40.8,0
Satsunai,left,5.6,overflow,plus4K,41,0
Satsunai,left,5.6,fluvial_scour,plus4K,41,0
Satsunai,left,5.6,overflow,plus4K,41.2,0
Satsunai,left,5.6,fluvial_scour,plus4K,41.2,0
Satsunai,left,5.6,overflow,plus4K,41.4,0
Satsunai,left,5.6,fluvial_scour,plus4K,41.4,0
Satsunai,left,5.6,overflow,plus4K,41.6,0
Satsunai,left,5.6,fluvial_scour,plus4K,41.6,0
Satsunai,left,5.6,overflow,plus4K,41.8,0
Satsunai,left,5.6,fluvial_scour,plus4K,41.8,0
Satsunai,left,5.6,overflow,plus4K,42,0
Satsunai,left,5.6,fluvial_scour,plus4K,42,0
Satsunai,left,5.6,overflow,plus4K,42.2,0
Satsunai,left,5.6,fluvial_scour,plus4K,42.2,0
Satsunai,left,5.6,overflow,plus4K,42.4,0
Satsunai,left,5.6,fluvial_scour,plus4K,42.4,0
Satsunai,left,5.6,overflow,plus4K,42.6,0
Satsunai,left,5.6,fluvial_scour,plus4K,42.6,0
Satsunai,left,5.6,overflow,plus4K,42.8,0
Satsunai,left,5.6,fluvial_scour,plus4K,42.8,0
Satsunai,left,5.6,overflow,plus4K,43,0
Satsunai,left,5.6,fluvial_scour,plus4K,43,0
Satsunai,left,5.6,overflow,plus4K,43.2,0
Satsunai,left,5.6,fluvial_scour,plus4K,43.2,0
Satsunai,left,5.6,overflow,plus4K,43.4,0
Satsunai,left,5.6,fluvial_scour,plus4K,43.4,0
Satsunai,left,5.6,overflow,plus4K,43.6,0.0016
Satsunai,left,5.6,fluvial_scour,plus4K,43.6,0
Satsunai,left,5.6,overflow,plus4K,43.8,0.0137
Satsunai,left,5.6,fluvial_scour,plus4K,43.8,0
Satsunai,left,5.6,overflow,plus4K,44,0.0725
Satsunai,left,5.6,fluvial_scour,plus4K,44,0
Satsunai,left,5.6,overflow,plus4K,44.2,0.2269
Satsunai,left,5.6,fluvial_scour,plus4K,44.2,0
Satsunai,left,5.6,overflow,plus4K,44.4,0.4738
Satsunai,left,5.6,fluvial_scour,plus4K,44.4,0
Satsunai,left,5.6,overflow,plus4K,44.6,0.733
Satsunai,left,5.6,fluvial_scour,plus4K,44.6,0
Satsunai,left,5.6,overflow,plus4K,44.8,0.9057
Satsunai,left,5.6,fluvial_scour,plus4K,44.8,0
Satsunai,left,5.6,overflow,plus4K,45,0.9769
Satsunai,left,5.6,fluvial_scour,plus4K,45,0
Satsunai,left,5.6,overflow,plus4K,45.2,0.9962
Satsunai,left,5.6,fluvial_scour,plus4K,45.2,0
Satsunai,left,5.6,overflow,plus4K,45.4,0.9998
Satsunai,left,5.6,fluvial_scour,plus4K,45.4,0
Satsunai,left,5.6,overflow,plus4K,45.6,1
Satsunai,left,5.6,fluvial_scour,plus4K,45.6,0
Satsunai,left,5.6,overflow,plus4K,45.8,1
Satsunai,left,5.6,fluvial_scour,plus4K,45.8,0
Satsunai,left,5.6,overflow,plus4K,46,1
Satsunai,left,5.6,fluvial_scour,plus4K,46,0
Satsunai,left,5.6,overflow,plus4K,46.2,1
Satsunai,left,5.6,fluvial_scour,plus4K,46.2,0
Satsunai,left,5.6,overflow,plus4K,46.4,1
Satsunai,left,5.6,fluvial_scour,plus4K,46.4,0
Satsunai,left,5.6,overflow,plus4K,46.6,1
Satsunai,left,5.6,fluvial_scour,plus4K,46.6,0
Satsunai,left,5.6,overflow,plus4K,46.8,1
Satsunai,left,5.6,fluvial_scour,plus4K,46.8,0
Satsunai,left,5.6,overflow,plus4K,47,1
Satsunai,left,5.6,fluvial_scour,plus4K,47,0
Satsunai,left,5.6,overflow,plus4K,47.2,1
Satsunai,left,5.6,fluvial_scour,plus4K,47.2,0
Satsunai,left,5.8,overflow,plus4K,41,0
Satsunai,left,5.8,fluvial_scour,plus4K,41,0
Satsunai,left,5.8,overflow,plus4K,41.2,0
Satsunai,left,5.8,fluvial_scour,plus4K,41.2,0
Satsunai,left,5.8,overflow,plus4K,41.4,0
Satsunai,left,5.8,fluvial_scour,plus4K,41.4,0
Satsunai,left,5.8,overflow,plus4K,41.6,0
Satsunai,left,5.8,fluvial_scour,plus4K,41.6,0
Satsunai,left,5.8,overflow,plus4K,41.8,0
Satsunai,left,5.8,fluvial_scour,plus4K,41.8,0
Satsunai,left,5.8,overflow,plus4K,42,0
Satsunai,left,5.8,fluvial_scour,plus4K,42,0
Satsunai,left,5.8,overflow,plus4K,42.2,0
Satsunai,left,5.8,fluvial_scour,plus4K,42.2,0
Satsunai,left,5.8,overflow,plus4K,42.4,0
Satsunai,left,5.8,fluvial_scour,plus4K,42.4,0
Satsunai,left,5.8,overflow,plus4K,42.6,0
Satsunai,left,5.8,fluvial_scour,plus4K,42.6,0
Satsunai,left,5.8,overflow,plus4K,42.8,0
Satsunai,left,5.8,fluvial_scour,plus4K,42.8,0
Satsunai,left,5.8,overflow,plus4K,43,0
Satsunai,left,5.8,fluvial_scour,plus4K,43,0
Satsunai,left,5.8,overflow,plus4K,43.2,0
Satsunai,left,5.8,fluvial_scour,plus4K,43.2,0
Satsunai,left,5.8,overflow,plus4K,43.4,0
Satsunai,left,5.8,fluvial_scour,plus4K,43.4,0
Satsunai,left,5.8,overflow,plus4K,43.6,0
Satsunai,left,5.8,fluvial_scour,plus4K,43.6,0
Satsunai,left,5.8,overflow,plus4K,43.8,0
Satsunai,left,5.8,fluvial_scour,plus4K,43.8,0
Satsunai,left,5.8,overflow,plus4K,44,0.0001
Satsunai,left,5.8,fluvial_scour,plus4K,44,0
Satsunai,left,5.8,overflow,plus4K,44.2,0.001
Satsunai,left,5.8,fluvial_scour,plus4K,44.2,0
Satsunai,left,5.8,overflow,plus4K,44.4,0.0101
Satsunai,left,5.8,fluvial_scour,plus4K,44.4,0
Satsunai,left,5.8,overflow,plus4K,44.6,0.051
Satsunai,left,5.8,fluvial_scour,plus4K,44.6,0
Satsunai,left,5.8,overflow,plus4K,44.8,0.1709
Satsunai,left,5.8,fluvial_scour,plus4K,44.8,0
Satsunai,left,5.8,overflow,plus4K,45,0.4068
Satsunai,left,5.8,fluvial_scour,plus4K,45,0
Satsunai,left,5.8,overflow,plus4K,45.2,0.6759
Satsunai,left,5.8,fluvial_scour,plus4K,45.2,0
Satsunai,left,5.8,overflow,plus4K,45.4,0.8737
Satsunai,left,5.8,fluvial_scour,plus4K,45.4,0
Satsunai,left,5.8,overflow,plus4K,45.6,0.9658
Satsunai,left,5.8,fluvial_scour,plus4K,45.6,0
Satsunai,left,5.8,overflow,plus4K,45.8,0.9938
Satsunai,left,5.8,fluvial_scour,plus4K,45.8,0
Satsunai,left,5.8,overflow,plus4K,46,0.9994
Satsunai,left,5.8,fluvial_scour,plus4K,46,0
Satsunai,left,5.8,overflow,plus4K,46.2,1
Satsunai,left,5.8,fluvial_scour,plus4K,46.2,0
Satsunai,left,5.8,overflow,plus4K,46.4,1
Satsunai,left,5.8,fluvial_scour,plus4K,46.4,0
Satsunai,left,5.8,overflow,plus4K,46.6,1
Satsunai,left,5.8,fluvial_scour,plus4K,46.6,0
Satsunai,left,5.8,overflow,plus4K,46.8,1
Satsunai,left,5.8,fluvial_scour,plus4K,46.8,0
Satsunai,left,5.8,overflow,plus4K,47,1
Satsunai,left,5.8,fluvial_scour,plus4K,47,0
Satsunai,left,5.8,overflow,plus4K,47.2,1
Satsunai,left,5.8,fluvial_scour,plus4K,47.2,0
Satsunai,left,5.8,overflow,plus4K,47.4,1
Satsunai,left,5.8,fluvial_scour,plus4K,47.4,0
Satsunai,left,5.8,overflow,plus4K,47.6,1
Satsunai,left,5.8,fluvial_scour,plus4K,47.6,0
Satsunai,left,5.8,overflow,plus4K,47.8,1
Satsunai,left,5.8,fluvial_scour,plus4K,47.8,0
Satsunai,left,6,overflow,plus4K,41.8,0
Satsunai,left,6,fluvial_scour,plus4K,41.8,0
Satsunai,left,6,overflow,plus4K,42,0
Satsunai,left,6,fluvial_scour,plus4K,42,0
Satsunai,left,6,overflow,plus4K,42.2,0
Satsunai,left,6,fluvial_scour,plus4K,42.2,0
Satsunai,left,6,overflow,plus4K,42.4,0
Satsunai,left,6,fluvial_scour,plus4K,42.4,0
Satsunai,left,6,overflow,plus4K,42.6,0
Satsunai,left,6,fluvial_scour,plus4K,42.6,0
Satsunai,left,6,overflow,plus4K,42.8,0
Satsunai,left,6,fluvial_scour,plus4K,42.8,0
Satsunai,left,6,overflow,plus4K,43,0
Satsunai,left,6,fluvial_scour,plus4K,43,0
Satsunai,left,6,overflow,plus4K,43.2,0
Satsunai,left,6,fluvial_scour,plus4K,43.2,0
Satsunai,left,6,overflow,plus4K,43.4,0
Satsunai,left,6,fluvial_scour,plus4K,43.4,0
Satsunai,left,6,overflow,plus4K,43.6,0
Satsunai,left,6,fluvial_scour,plus4K,43.6,0
Satsunai,left,6,overflow,plus4K,43.8,0
Satsunai,left,6,fluvial_scour,plus4K,43.8,0
Satsunai,left,6,overflow,plus4K,44,0
Satsunai,left,6,fluvial_scour,plus4K,44,0
Satsunai,left,6,overflow,plus4K,44.2,0
Satsunai,left,6,fluvial_scour,plus4K,44.2,0
Satsunai,left,6,overflow,plus4K,44.4,0
Satsunai,left,6,fluvial_scour,plus4K,44.4,0
Satsunai,left,6,overflow,plus4K,44.6,0
Satsunai,left,6,fluvial_scour,plus4K,44.6,0
Satsunai,left,6,overflow,plus4K,44.8,0.0002
Satsunai,left,6,fluvial_scour,plus4K,44.8,0
Satsunai,left,6,overflow,plus4K,45,0.0018
Satsunai,left,6,fluvial_scour,plus4K,45,0
Satsunai,left,6,overflow,plus4K,45.2,0.0116
Satsunai,left,6,fluvial_scour,plus4K,45.2,0
Satsunai,left,6,overflow,plus4K,45.4,0.0594
Satsunai,left,6,fluvial_scour,plus4K,45.4,0
Satsunai,left,6,overflow,plus4K,45.6,0.1895
Satsunai,left,6,fluvial_scour,plus4K,45.6,0
Satsunai,left,6,overflow,plus4K,45.8,0.4242
Satsunai,left,6,fluvial_scour,plus4K,45.8,0
Satsunai,left,6,overflow,plus4K,46,0.6932
Satsunai,left,6,fluvial_scour,plus4K,46,0
Satsunai,left,6,overflow,plus4K,46.2,0.8824
Satsunai,left,6,fluvial_scour,plus4K,46.2,0
Satsunai,left,6,overflow,plus4K,46.4,0.9698
Satsunai,left,6,fluvial_scour,plus4K,46.4,0
Satsunai,left,6,overflow,plus4K,46.6,0.9948
Satsunai,left,6,fluvial_scour,plus4K,46.6,0
Satsunai,left,6,overflow,plus4K,46.8,0.9998
Satsunai,left,6,fluvial_scour,plus4K,46.8,0
Satsunai,left,6,overflow,plus4K,47,1
Satsunai,left,6,fluvial_scour,plus4K,47,0
Satsunai,left,6,overflow,plus4K,47.2,1
Satsunai,left,6,fluvial_scour,plus4K,47.2,0
Satsunai,left,6,overflow,plus4K,47.4,1
Satsunai,left,6,fluvial_scour,plus4K,47.4,0
Satsunai,left,6,overflow,plus4K,47.6,1
Satsunai,left,6,fluvial_scour,plus4K,47.6,0
Satsunai,left,6,overflow,plus4K,47.8,1
Satsunai,left,6,fluvial_scour,plus4K,47.8,0
Satsunai,left,6,overflow,plus4K,48,1
Satsunai,left,6,fluvial_scour,plus4K,48,0
Satsunai,left,6,overflow,plus4K,48.2,1
Satsunai,left,6,fluvial_scour,plus4K,48.2,0
Satsunai,left,6,overflow,plus4K,48.4,1
Satsunai,left,6,fluvial_scour,plus4K,48.4,0
Satsunai,left,6,overflow,plus4K,48.6,1
Satsunai,left,6,fluvial_scour,plus4K,48.6,0
Satsunai,left,6.2,overflow,plus4K,42.6,0
Satsunai,left,6.2,fluvial_scour,plus4K,42.6,0
Satsunai,left,6.2,overflow,plus4K,42.8,0
Satsunai,left,6.2,fluvial_scour,plus4K,42.8,0
Satsunai,left,6.2,overflow,plus4K,43,0
Satsunai,left,6.2,fluvial_scour,plus4K,43,0
Satsunai,left,6.2,overflow,plus4K,43.2,0
Satsunai,left,6.2,fluvial_scour,plus4K,43.2,0
Satsunai,left,6.2,overflow,plus4K,43.4,0
Satsunai,left,6.2,fluvial_scour,plus4K,43.4,0
Satsunai,left,6.2,overflow,plus4K,43.6,0
Satsunai,left,6.2,fluvial_scour,plus4K,43.6,0
Satsunai,left,6.2,overflow,plus4K,43.8,0
Satsunai,left,6.2,fluvial_scour,plus4K,43.8,0
Satsunai,left,6.2,overflow,plus4K,44,0
Satsunai,left,6.2,fluvial_scour,plus4K,44,0
Satsunai,left,6.2,overflow,plus4K,44.2,0
Satsunai,left,6.2,fluvial_scour,plus4K,44.2,0
Satsunai,left,6.2,overflow,plus4K,44.4,0
Satsunai,left,6.2,fluvial_scour,plus4K,44.4,0
Satsunai,left,6.2,overflow,plus4K,44.6,0
Satsunai,left,6.2,fluvial_scour,plus4K,44.6,0
Satsunai,left,6.2,overflow,plus4K,44.8,0
Satsunai,left,6.2,fluvial_scour,plus4K,44.8,0
Satsunai,left,6.2,overflow,plus4K,45,0
Satsunai,left,6.2,fluvial_scour,plus4K,45,0
Satsunai,left,6.2,overflow,plus4K,45.2,0
Satsunai,left,6.2,fluvial_scour,plus4K,45.2,0
Satsunai,left,6.2,overflow,plus4K,45.4,0
Satsunai,left,6.2,fluvial_scour,plus4K,45.4,0
Satsunai,left,6.2,overflow,plus4K,45.6,0.0001
Satsunai,left,6.2,fluvial_scour,plus4K,45.6,0
Satsunai,left,6.2,overflow,plus4K,45.8,0.0009
Satsunai,left,6.2,fluvial_scour,plus4K,45.8,0
Satsunai,left,6.2,overflow,plus4K,46,0.007
Satsunai,left,6.2,fluvial_scour,plus4K,46,0
Satsunai,left,6.2,overflow,plus4K,46.2,0.0362
Satsunai,left,6.2,fluvial_scour,plus4K,46.2,0
Satsunai,left,6.2,overflow,plus4K,46.4,0.134
Satsunai,left,6.2,fluvial_scour,plus4K,46.4,0
Satsunai,left,6.2,overflow,plus4K,46.6,0.3486
Satsunai,left,6.2,fluvial_scour,plus4K,46.6,0
Satsunai,left,6.2,overflow,plus4K,46.8,0.6216
Satsunai,left,6.2,fluvial_scour,plus4K,46.8,0
Satsunai,left,6.2,overflow,plus4K,47,0.8468
Satsunai,left,6.2,fluvial_scour,plus4K,47,0
Satsunai,left,6.2,overflow,plus4K,47.2,0.9593
Satsunai,left,6.2,fluvial_scour,plus4K,47.2,0
Satsunai,left,6.2,overflow,plus4K,47.4,0.9919
Satsunai,left,6.2,fluvial_scour,plus4K,47.4,0
Satsunai,left,6.2,overflow,plus4K,47.6,0.9988
Satsunai,left,6.2,fluvial_scour,plus4K,47.6,0
Satsunai,left,6.2,overflow,plus4K,47.8,1
Satsunai,left,6.2,fluvial_scour,plus4K,47.8,0
Satsunai,left,6.2,overflow,plus4K,48,1
Satsunai,left,6.2,fluvial_scour,plus4K,48,0
Satsunai,left,6.2,overflow,plus4K,48.2,1
Satsunai,left,6.2,fluvial_scour,plus4K,48.2,0
Satsunai,left,6.2,overflow,plus4K,48.4,1
Satsunai,left,6.2,fluvial_scour,plus4K,48.4,0
Satsunai,left,6.2,overflow,plus4K,48.6,1
Satsunai,left,6.2,fluvial_scour,plus4K,48.6,0
Satsunai,left,6.2,overflow,plus4K,48.8,1
Satsunai,left,6.2,fluvial_scour,plus4K,48.8,0
Satsunai,left,6.2,overflow,plus4K,49,1
Satsunai,left,6.2,fluvial_scour,plus4K,49,0
Satsunai,left,6.2,overflow,plus4K,49.2,1
Satsunai,left,6.2,fluvial_scour,plus4K,49.2,0
Satsunai,left,6.2,overflow,plus4K,49.4,1
Satsunai,left,6.2,fluvial_scour,plus4K,49.4,0
Satsunai,left,6.4,overflow,plus4K,43.4,0
Satsunai,left,6.4,fluvial_scour,plus4K,43.4,0
Satsunai,left,6.4,overflow,plus4K,43.6,0
Satsunai,left,6.4,fluvial_scour,plus4K,43.6,0
Satsunai,left,6.4,overflow,plus4K,43.8,0
Satsunai,left,6.4,fluvial_scour,plus4K,43.8,0
Satsunai,left,6.4,overflow,plus4K,44,0
Satsunai,left,6.4,fluvial_scour,plus4K,44,0
Satsunai,left,6.4,overflow,plus4K,44.2,0
Satsunai,left,6.4,fluvial_scour,plus4K,44.2,0
Satsunai,left,6.4,overflow,plus4K,44.4,0
Satsunai,left,6.4,fluvial_scour,plus4K,44.4,0
Satsunai,left,6.4,overflow,plus4K,44.6,0
Satsunai,left,6.4,fluvial_scour,plus4K,44.6,0
Satsunai,left,6.4,overflow,plus4K,44.8,0
Satsunai,left,6.4,fluvial_scour,plus4K,44.8,0
Satsunai,left,6.4,overflow,plus4K,45,0
Satsunai,left,6.4,fluvial_scour,plus4K,45,0
Satsunai,left,6.4,overflow,plus4K,45.2,0
Satsunai,left,6.4,fluvial_scour,plus4K,45.2,0
Satsunai,left,6.4,overflow,plus4K,45.4,0
Satsunai,left,6.4,fluvial_scour,plus4K,45.4,0
Satsunai,left,6.4,overflow,plus4K,45.6,0
Satsunai,left,6.4,fluvial_scour,plus4K,45.6,0
Satsunai,left,6.4,overflow,plus4K,45.8,0
Satsunai,left,6.4,fluvial_scour,plus4K,45.8,0
Satsunai,left,6.4,overflow,plus4K,46,0
Satsunai,left,6.4,fluvial_scour,plus4K,46,0
Satsunai,left,6.4,overflow,plus4K,46.2,0.0001
Satsunai,left,6.4,fluvial_scour,plus4K,46.2,0
Satsunai,left,6.4,overflow,plus4K,46.4,0.001
Satsunai,left,6.4,fluvial_scour,plus4K,46.4,0
Satsunai,left,6.4,overflow,plus4K,46.6,0.0109
Satsunai,left,6.4,fluvial_scour,plus4K,46.6,0
Satsunai,left,6.4,overflow,plus4K,46.8,0.0548
Satsunai,left,6.4,fluvial_scour,plus4K,46.8,0
Satsunai,left,6.4,overflow,plus4K,47,0.1846
Satsunai,left,6.4,fluvial_scour,plus4K,47,0
Satsunai,left,6.4,overflow,plus4K,47.2,0.4196
Satsunai,left,6.4,fluvial_scour,plus4K,47.2,0
Satsunai,left,6.4,overflow,plus4K,47.4,0.6906
Satsunai,left,6.4,fluvial_scour,plus4K,47.4,0
Satsunai,left,6.4,overflow,plus4K,47.6,0.8866
Satsunai,left,6.4,fluvial_scour,plus4K,47.6,0
Satsunai,left,6.4,overflow,plus4K,47.8,0.9705
Satsunai,left,6.4,fluvial_scour,plus4K,47.8,0
Satsunai,left,6.4,overflow,plus4K,48,0.9945
Satsunai,left,6.4,fluvial_scour,plus4K,48,0
Satsunai,left,6.4,overflow,plus4K,48.2,0.9994
Satsunai,left,6.4,fluvial_scour,plus4K,48.2,0
Satsunai,left,6.4,overflow,plus4K,48.4,1
Satsunai,left,6.4,fluvial_scour,plus4K,48.4,0
Satsunai,left,6.4,overflow,plus4K,48.6,1
Satsunai,left,6.4,fluvial_scour,plus4K,48.6,0
Satsunai,left,6.4,overflow,plus4K,48.8,1
Satsunai,left,6.4,fluvial_scour,plus4K,48.8,0
Satsunai,left,6.4,overflow,plus4K,49,1
Satsunai,left,6.4,fluvial_scour,plus4K,49,0
Satsunai,left,6.4,overflow,plus4K,49.2,1
Satsunai,left,6.4,fluvial_scour,plus4K,49.2,0
Satsunai,left,6.4,overflow,plus4K,49.4,1
Satsunai,left,6.4,fluvial_scour,plus4K,49.4,0
Satsunai,left,6.4,overflow,plus4K,49.6,1
Satsunai,left,6.4,fluvial_scour,plus4K,49.6,0
Satsunai,left,6.4,overflow,plus4K,49.8,1
Satsunai,left,6.4,fluvial_scour,plus4K,49.8,0
Satsunai,left,6.4,overflow,plus4K,50,1
Satsunai,left,6.4,fluvial_scour,plus4K,50,0
Satsunai,left,6.6,overflow,plus4K,44,0
Satsunai,left,6.6,fluvial_scour,plus4K,44,0
Satsunai,left,6.6,overflow,plus4K,44.2,0
Satsunai,left,6.6,fluvial_scour,plus4K,44.2,0
Satsunai,left,6.6,overflow,plus4K,44.4,0
Satsunai,left,6.6,fluvial_scour,plus4K,44.4,0
Satsunai,left,6.6,overflow,plus4K,44.6,0
Satsunai,left,6.6,fluvial_scour,plus4K,44.6,0
Satsunai,left,6.6,overflow,plus4K,44.8,0
Satsunai,left,6.6,fluvial_scour,plus4K,44.8,0
Satsunai,left,6.6,overflow,plus4K,45,0
Satsunai,left,6.6,fluvial_scour,plus4K,45,0
Satsunai,left,6.6,overflow,plus4K,45.2,0
Satsunai,left,6.6,fluvial_scour,plus4K,45.2,0
Satsunai,left,6.6,overflow,plus4K,45.4,0
Satsunai,left,6.6,fluvial_scour,plus4K,45.4,0
Satsunai,left,6.6,overflow,plus4K,45.6,0
Satsunai,left,6.6,fluvial_scour,plus4K,45.6,0
Satsunai,left,6.6,overflow,plus4K,45.8,0
Satsunai,left,6.6,fluvial_scour,plus4K,45.8,0
Satsunai,left,6.6,overflow,plus4K,46,0
Satsunai,left,6.6,fluvial_scour,plus4K,46,0
Satsunai,left,6.6,overflow,plus4K,46.2,0
Satsunai,left,6.6,fluvial_scour,plus4K,46.2,0
Satsunai,left,6.6,overflow,plus4K,46.4,0
Satsunai,left,6.6,fluvial_scour,plus4K,46.4,0
Satsunai,left,6.6,overflow,plus4K,46.6,0
Satsunai,left,6.6,fluvial_scour,plus4K,46.6,0
Satsunai,left,6.6,overflow,plus4K,46.8,0
Satsunai,left,6.6,fluvial_scour,plus4K,46.8,0
Satsunai,left,6.6,overflow,plus4K,47,0.0005
Satsunai,left,6.6,fluvial_scour,plus4K,47,0
Satsunai,left,6.6,overflow,plus4K,47.2,0.0027
Satsunai,left,6.6,fluvial_scour,plus4K,47.2,0
Satsunai,left,6.6,overflow,plus4K,47.4,0.0173
Satsunai,left,6.6,fluvial_scour,plus4K,47.4,0
Satsunai,left,6.6,overflow,plus4K,47.6,0.085
Satsunai,left,6.6,fluvial_scour,plus4K,47.6,0
Satsunai,left,6.6,overflow,plus4K,47.8,0.245
Satsunai,left,6.6,fluvial_scour,plus4K,47.8,0
Satsunai,left,6.6,overflow,plus4K,48,0.5044
Satsunai,left,6.6,fluvial_scour,plus4K,48,0
Satsunai,left,6.6,overflow,plus4K,48.2,0.7641
Satsunai,left,6.6,fluvial_scour,plus4K,48.2,0
Satsunai,left,6.6,overflow,plus4K,48.4,0.925
Satsunai,left,6.6,fluvial_scour,plus4K,48.4,0
Satsunai,left,6.6,overflow,plus4K,48.6,0.9836
Satsunai,left,6.6,fluvial_scour,plus4K,48.6,0
Satsunai,left,6.6,overflow,plus4K,48.8,0.9968
Satsunai,left,6.6,fluvial_scour,plus4K,48.8,0
Satsunai,left,6.6,overflow,plus4K,49,0.9998
Satsunai,left,6.6,fluvial_scour,plus4K,49,0
Satsunai,left,6.6,overflow,plus4K,49.2,1
Satsunai,left,6.6,fluvial_scour,plus4K,49.2,0
Satsunai,left,6.6,overflow,plus4K,49.4,1
Satsunai,left,6.6,fluvial_scour,plus4K,49.4,0
Satsunai,left,6.6,overflow,plus4K,49.6,1
Satsunai,left,6.6,fluvial_scour,plus4K,49.6,0
Satsunai,left,6.6,overflow,plus4K,49.8,1
Satsunai,left,6.6,fluvial_scour,plus4K,49.8,0
Satsunai,left,6.6,overflow,plus4K,50,1
Satsunai,left,6.6,fluvial_scour,plus4K,50,0
Satsunai,left,6.6,overflow,plus4K,50.2,1
Satsunai,left,6.6,fluvial_scour,plus4K,50.2,0
Satsunai,left,6.6,overflow,plus4K,50.4,1
Satsunai,left,6.6,fluvial_scour,plus4K,50.4,0
Satsunai,left,6.6,overflow,plus4K,50.6,1
Satsunai,left,6.6,fluvial_scour,plus4K,50.6,0
Satsunai,left,6.6,overflow,plus4K,50.8,1
Satsunai,left,6.6,fluvial_scour,plus4K,50.8,0
Satsunai,left,6.8,overflow,plus4K,44.6,0
Satsunai,left,6.8,fluvial_scour,plus4K,44.6,0
Satsunai,left,6.8,overflow,plus4K,44.8,0
Satsunai,left,6.8,fluvial_scour,plus4K,44.8,0
Satsunai,left,6.8,overflow,plus4K,45,0
Satsunai,left,6.8,fluvial_scour,plus4K,45,0
Satsunai,left,6.8,overflow,plus4K,45.2,0
Satsunai,left,6.8,fluvial_scour,plus4K,45.2,0
Satsunai,left,6.8,overflow,plus4K,45.4,0
Satsunai,left,6.8,fluvial_scour,plus4K,45.4,0
Satsunai,left,6.8,overflow,plus4K,45.6,0
Satsunai,left,6.8,fluvial_scour,plus4K,45.6,0
Satsunai,left,6.8,overflow,plus4K,45.8,0
Satsunai,left,6.8,fluvial_scour,plus4K,45.8,0
Satsunai,left,6.8,overflow,plus4K,46,0
Satsunai,left,6.8,fluvial_scour,plus4K,46,0
Satsunai,left,6.8,overflow,plus4K,46.2,0
Satsunai,left,6.8,fluvial_scour,plus4K,46.2,0
Satsunai,left,6.8,overflow,plus4K,46.4,0
Satsunai,left,6.8,fluvial_scour,plus4K,46.4,0
Satsunai,left,6.8,overflow,plus4K,46.6,0
Satsunai,left,6.8,fluvial_scour,plus4K,46.6,0
Satsunai,left,6.8,overflow,plus4K,46.8,0
Satsunai,left,6.8,fluvial_scour,plus4K,46.8,0
Satsunai,left,6.8,overflow,plus4K,47,0
Satsunai,left,6.8,fluvial_scour,plus4K,47,0
Satsunai,left,6.8,overflow,plus4K,47.2,0
Satsunai,left,6.8,fluvial_scour,plus4K,47.2,0
Satsunai,left,6.8,overflow,plus4K,47.4,0
Satsunai,left,6.8,fluvial_scour,plus4K,47.4,0
Satsunai,left,6.8,overflow,plus4K,47.6,0
Satsunai,left,6.8,fluvial_scour,plus4K,47.6,0
Satsunai,left,6.8,overflow,plus4K,47.8,0
Satsunai,left,6.8,fluvial_scour,plus4K,47.8,0
Satsunai,left,6.8,overflow,plus4K,48,0.0003
Satsunai,left,6.8,fluvial_scour,plus4K,48,0
Satsunai,left,6.8,overflow,plus4K,48.2,0.0049
Satsunai,left,6.8,fluvial_scour,plus4K,48.2,0
Satsunai,left,6.8,overflow,plus4K,48.4,0.029
Satsunai,left,6.8,fluvial_scour,plus4K,48.4,0
Satsunai,left,6.8,overflow,plus4K,48.6,0.1141
Satsunai,left,6.8,fluvial_scour,plus4K,48.6,0
Satsunai,left,6.8,overflow,plus4K,48.8,0.3036
Satsunai,left,6.8,fluvial_scour,plus4K,48.8,0
Satsunai,left,6.8,overflow,plus4K,49,0.5836
Satsunai,left,6.8,fluvial_scour,plus4K,49,0
Satsunai,left,6.8,overflow,plus4K,49.2,0.8189
Satsunai,left,6.8,fluvial_scour,plus4K,49.2,0
Satsunai,left,6.8,overflow,plus4K,49.4,0.9474
Satsunai,left,6.8,fluvial_scour,plus4K,49.4,0
Satsunai,left,6.8,overflow,plus4K,49.6,0.9904
Satsunai,left,6.8,fluvial_scour,plus4K,49.6,0
Satsunai,left,6.8,overflow,plus4K,49.8,0.9987
Satsunai,left,6.8,fluvial_scour,plus4K,49.8,0
Satsunai,left,6.8,overflow,plus4K,50,0.9997
Satsunai,left,6.8,fluvial_scour,plus4K,50,0
Satsunai,left,6.8,overflow,plus4K,50.2,1
Satsunai,left,6.8,fluvial_scour,plus4K,50.2,0
Satsunai,left,6.8,overflow,plus4K,50.4,1
Satsunai,left,6.8,fluvial_scour,plus4K,50.4,0
Satsunai,left,6.8,overflow,plus4K,50.6,1
Satsunai,left,6.8,fluvial_scour,plus4K,50.6,0
Satsunai,left,6.8,overflow,plus4K,50.8,1
Satsunai,left,6.8,fluvial_scour,plus4K,50.8,0
Satsunai,left,6.8,overflow,plus4K,51,1
Satsunai,left,6.8,fluvial_scour,plus4K,51,0
Satsunai,left,6.8,overflow,plus4K,51.2,1
Satsunai,left,6.8,fluvial_scour,plus4K,51.2,0
Satsunai,left,6.8,overflow,plus4K,51.4,1
Satsunai,left,6.8,fluvial_scour,plus4K,51.4,0
Satsunai,left,6.8,overflow,plus4K,51.6,1
Satsunai,left,6.8,fluvial_scour,plus4K,51.6,0
Satsunai,left,6.8,overflow,plus4K,51.8,1
Satsunai,left,6.8,fluvial_scour,plus4K,51.8,0
Satsunai,left,7,overflow,plus4K,45,0
Satsunai,left,7,fluvial_scour,plus4K,45,0
Satsunai,left,7,overflow,plus4K,45.2,0
Satsunai,left,7,fluvial_scour,plus4K,45.2,0
Satsunai,left,7,overflow,plus4K,45.4,0
Satsunai,left,7,fluvial_scour,plus4K,45.4,0
Satsunai,left,7,overflow,plus4K,45.6,0
Satsunai,left,7,fluvial_scour,plus4K,45.6,0
Satsunai,left,7,overflow,plus4K,45.8,0
Satsunai,left,7,fluvial_scour,plus4K,45.8,0
Satsunai,left,7,overflow,plus4K,46,0
Satsunai,left,7,fluvial_scour,plus4K,46,0
Satsunai,left,7,overflow,plus4K,46.2,0
Satsunai,left,7,fluvial_scour,plus4K,46.2,0
Satsunai,left,7,overflow,plus4K,46.4,0
Satsunai,left,7,fluvial_scour,plus4K,46.4,0
Satsunai,left,7,overflow,plus4K,46.6,0
Satsunai,left,7,fluvial_scour,plus4K,46.6,0
Satsunai,left,7,overflow,plus4K,46.8,0
Satsunai,left,7,fluvial_scour,plus4K,46.8,0
Satsunai,left,7,overflow,plus4K,47,0
Satsunai,left,7,fluvial_scour,plus4K,47,0
Satsunai,left,7,overflow,plus4K,47.2,0
Satsunai,left,7,fluvial_scour,plus4K,47.2,0
Satsunai,left,7,overflow,plus4K,47.4,0
Satsunai,left,7,fluvial_scour,plus4K,47.4,0
Satsunai,left,7,overflow,plus4K,47.6,0
Satsunai,left,7,fluvial_scour,plus4K,47.6,0
Satsunai,left,7,overflow,plus4K,47.8,0
Satsunai,left,7,fluvial_scour,plus4K,47.8,0
Satsunai,left,7,overflow,plus4K,48,0.0003
Satsunai,left,7,fluvial_scour,plus4K,48,0
Satsunai,left,7,overflow,plus4K,48.2,0.001
Satsunai,left,7,fluvial_scour,plus4K,48.2,0
Satsunai,left,7,overflow,plus4K,48.4,0.0028
Satsunai,left,7,fluvial_scour,plus4K,48.4,0
Satsunai,left,7,overflow,plus4K,48.6,0.0067
Satsunai,left,7,fluvial_scour,plus4K,48.6,0
Satsunai,left,7,overflow,plus4K,48.8,0.0161
Satsunai,left,7,fluvial_scour,plus4K,48.8,0
Satsunai,left,7,overflow,plus4K,49,0.0334
Satsunai,left,7,fluvial_scour,plus4K,49,0
Satsunai,left,7,overflow,plus4K,49.2,0.0639
Satsunai,left,7,fluvial_scour,plus4K,49.2,0
Satsunai,left,7,overflow,plus4K,49.4,0.102
Satsunai,left,7,fluvial_scour,plus4K,49.4,0
Satsunai,left,7,overflow,plus4K,49.6,0.16
Satsunai,left,7,fluvial_scour,plus4K,49.6,0
Satsunai,left,7,overflow,plus4K,49.8,0.2385
Satsunai,left,7,fluvial_scour,plus4K,49.8,0
Satsunai,left,7,overflow,plus4K,50,0.3334
Satsunai,left,7,fluvial_scour,plus4K,50,0
Satsunai,left,7,overflow,plus4K,50.2,0.4405
Satsunai,left,7,fluvial_scour,plus4K,50.2,0
Satsunai,left,7,overflow,plus4K,50.4,0.55
Satsunai,left,7,fluvial_scour,plus4K,50.4,0
Satsunai,left,7,overflow,plus4K,50.6,0.6624
Satsunai,left,7,fluvial_scour,plus4K,50.6,0
Satsunai,left,7,overflow,plus4K,50.8,0.7606
Satsunai,left,7,fluvial_scour,plus4K,50.8,0
Satsunai,left,7,overflow,plus4K,51,0.8364
Satsunai,left,7,fluvial_scour,plus4K,51,0
Satsunai,left,7,overflow,plus4K,51.2,0.9
Satsunai,left,7,fluvial_scour,plus4K,51.2,0
Satsunai,left,7,overflow,plus4K,51.4,0.941
Satsunai,left,7,fluvial_scour,plus4K,51.4,0
Satsunai,left,7,overflow,plus4K,51.6,0.9675
Satsunai,left,7,fluvial_scour,plus4K,51.6,0
Satsunai,left,7,overflow,plus4K,51.8,0.9823
Satsunai,left,7,fluvial_scour,plus4K,51.8,0
Satsunai,left,7,overflow,plus4K,52,0.9917
Satsunai,left,7,fluvial_scour,plus4K,52,0
Satsunai,left,7,overflow,plus4K,52.2,0.9964
Satsunai,left,7,fluvial_scour,plus4K,52.2,0
Satsunai,left,7,overflow,plus4K,52.4,0.9988
Satsunai,left,7,fluvial_scour,plus4K,52.4,0
Satsunai,left,7,overflow,plus4K,52.6,0.9996
Satsunai,left,7,fluvial_scour,plus4K,52.6,0
Satsunai,left,7,overflow,plus4K,52.8,0.9999
Satsunai,left,7,fluvial_scour,plus4K,52.8,0
Satsunai,left,7,overflow,plus4K,53,1
Satsunai,left,7,fluvial_scour,plus4K,53,0
Satsunai,left,7.2,overflow,plus4K,46,0
Satsunai,left,7.2,fluvial_scour,plus4K,46,0
Satsunai,left,7.2,overflow,plus4K,46.2,0
Satsunai,left,7.2,fluvial_scour,plus4K,46.2,0
Satsunai,left,7.2,overflow,plus4K,46.4,0
Satsunai,left,7.2,fluvial_scour,plus4K,46.4,0
Satsunai,left,7.2,overflow,plus4K,46.6,0
Satsunai,left,7.2,fluvial_scour,plus4K,46.6,0
Satsunai,left,7.2,overflow,plus4K,46.8,0
Satsunai,left,7.2,fluvial_scour,plus4K,46.8,0
Satsunai,left,7.2,overflow,plus4K,47,0
Satsunai,left,7.2,fluvial_scour,plus4K,47,0
Satsunai,left,7.2,overflow,plus4K,47.2,0
Satsunai,left,7.2,fluvial_scour,plus4K,47.2,0
Satsunai,left,7.2,overflow,plus4K,47.4,0
Satsunai,left,7.2,fluvial_scour,plus4K,47.4,0
Satsunai,left,7.2,overflow,plus4K,47.6,0
Satsunai,left,7.2,fluvial_scour,plus4K,47.6,0
Satsunai,left,7.2,overflow,plus4K,47.8,0
Satsunai,left,7.2,fluvial_scour,plus4K,47.8,0
Satsunai,left,7.2,overflow,plus4K,48,0
Satsunai,left,7.2,fluvial_scour,plus4K,48,0
Satsunai,left,7.2,overflow,plus4K,48.2,0
Satsunai,left,7.2,fluvial_scour,plus4K,48.2,0
Satsunai,left,7.2,overflow,plus4K,48.4,0
Satsunai,left,7.2,fluvial_scour,plus4K,48.4,0
Satsunai,left,7.2,overflow,plus4K,48.6,0
Satsunai,left,7.2,fluvial_scour,plus4K,48.6,0
Satsunai,left,7.2,overflow,plus4K,48.8,0
Satsunai,left,7.2,fluvial_scour,plus4K,48.8,0
Satsunai,left,7.2,overflow,plus4K,49,0.0005
Satsunai,left,7.2,fluvial_scour,plus4K,49,0
Satsunai,left,7.2,overflow,plus4K,49.2,0.0028
Satsunai,left,7.2,fluvial_scour,plus4K,49.2,0
Satsunai,left,7.2,overflow,plus4K,49.4,0.0175
Satsunai,left,7.2,fluvial_scour,plus4K,49.4,0
Satsunai,left,7.2,overflow,plus4K,49.6,0.082
Satsunai,left,7.2,fluvial_scour,plus4K,49.6,0
Satsunai,left,7.2,overflow,plus4K,49.8,0.2383
Satsunai,left,7.2,fluvial_scour,plus4K,49.8,0
Satsunai,left,7.2,overflow,plus4K,50,0.4896
Satsunai,left,7.2,fluvial_scour,plus4K,50,0
Satsunai,left,7.2,overflow,plus4K,50.2,0.7508
Satsunai,left,7.2,fluvial_scour,plus4K,50.2,0
Satsunai,left,7.2,overflow,plus4K,50.4,0.912
Satsunai,left,7.2,fluvial_scour,plus4K,50.4,0
Satsunai,left,7.2,overflow,plus4K,50.6,0.9813
Satsunai,left,7.2,fluvial_scour,plus4K,50.6,0
Satsunai,left,7.2,overflow,plus4K,50.8,0.9968
Satsunai,left,7.2,fluvial_scour,plus4K,50.8,0
Satsunai,left,7.2,overflow,plus4K,51,0.9997
Satsunai,left,7.2,fluvial_scour,plus4K,51,0
Satsunai,left,7.2,overflow,plus4K,51.2,1
Satsunai,left,7.2,fluvial_scour,plus4K,51.2,0
Satsunai,left,7.2,overflow,plus4K,51.4,1
Satsunai,left,7.2,fluvial_scour,plus4K,51.4,0
Satsunai,left,7.2,overflow,plus4K,51.6,1
Satsunai,left,7.2,fluvial_scour,plus4K,51.6,0
Satsunai,left,7.2,overflow,plus4K,51.8,1
Satsunai,left,7.2,fluvial_scour,plus4K,51.8,0
Satsunai,left,7.2,overflow,plus4K,52,1
Satsunai,left,7.2,fluvial_scour,plus4K,52,0
Satsunai,left,7.2,overflow,plus4K,52.2,1
Satsunai,left,7.2,fluvial_scour,plus4K,52.2,0
Satsunai,left,7.2,overflow,plus4K,52.4,1
Satsunai,left,7.2,fluvial_scour,plus4K,52.4,0
Satsunai,left,7.2,overflow,plus4K,52.6,1
Satsunai,left,7.2,fluvial_scour,plus4K,52.6,0
Satsunai,left,7.2,overflow,plus4K,52.8,1
Satsunai,left,7.2,fluvial_scour,plus4K,52.8,0
Satsunai,left,7.4,overflow,plus4K,46.8,0
Satsunai,left,7.4,fluvial_scour,plus4K,46.8,0
Satsunai,left,7.4,overflow,plus4K,47,0
Satsunai,left,7.4,fluvial_scour,plus4K,47,0
Satsunai,left,7.4,overflow,plus4K,47.2,0
Satsunai,left,7.4,fluvial_scour,plus4K,47.2,0
Satsunai,left,7.4,overflow,plus4K,47.4,0
Satsunai,left,7.4,fluvial_scour,plus4K,47.4,0
Satsunai,left,7.4,overflow,plus4K,47.6,0
Satsunai,left,7.4,fluvial_scour,plus4K,47.6,0
Satsunai,left,7.4,overflow,plus4K,47.8,0
Satsunai,left,7.4,fluvial_scour,plus4K,47.8,0
Satsunai,left,7.4,overflow,plus4K,48,0
Satsunai,left,7.4,fluvial_scour,plus4K,48,0
Satsunai,left,7.4,overflow,plus4K,48.2,0
Satsunai,left,7.4,fluvial_scour,plus4K,48.2,0
Satsunai,left,7.4,overflow,plus4K,48.4,0
Satsunai,left,7.4,fluvial_scour,plus4K,48.4,0
Satsunai,left,7.4,overflow,plus4K,48.6,0
Satsunai,left,7.4,fluvial_scour,plus4K,48.6,0
Satsunai,left,7.4,overflow,plus4K,48.8,0
Satsunai,left,7.4,fluvial_scour,plus4K,48.8,0
Satsunai,left,7.4,overflow,plus4K,49,0
Satsunai,left,7.4,fluvial_scour,plus4K,49,0
Satsunai,left,7.4,overflow,plus4K,49.2,0
Satsunai,left,7.4,fluvial_scour,plus4K,49.2,0
Satsunai,left,7.4,overflow,plus4K,49.4,0
Satsunai,left,7.4,fluvial_scour,plus4K,49.4,0
Satsunai,left,7.4,overflow,plus4K,49.6,0
Satsunai,left,7.4,fluvial_scour,plus4K,49.6,0
Satsunai,left,7.4,overflow,plus4K,49.8,0.0001
Satsunai,left,7.4,fluvial_scour,plus4K,49.8,0
Satsunai,left,7.4,overflow,plus4K,50,0.002
Satsunai,left,7.4,fluvial_scour,plus4K,50,0
Satsunai,left,7.4,overflow,plus4K,50.2,0.0131
Satsunai,left,7.4,fluvial_scour,plus4K,50.2,0
Satsunai,left,7.4,overflow,plus4K,50.4,0.0519
Satsunai,left,7.4,fluvial_scour,plus4K,50.4,0
Satsunai,left,7.4,overflow,plus4K,50.6,0.179
Satsunai,left,7.4,fluvial_scour,plus4K,50.6,0
Satsunai,left,7.4,overflow,plus4K,50.8,0.4178
Satsunai,left,7.4,fluvial_scour,plus4K,50.8,0
Satsunai,left,7.4,overflow,plus4K,51,0.6898
Satsunai,left,7.4,fluvial_scour,plus4K,51,0
Satsunai,left,7.4,overflow,plus4K,51.2,0.8786
Satsunai,left,7.4,fluvial_scour,plus4K,51.2,0
Satsunai,left,7.4,overflow,plus4K,51.4,0.969
Satsunai,left,7.4,fluvial_scour,plus4K,51.4,0
Satsunai,left,7.4,overflow,plus4K,51.6,0.995
Satsunai,left,7.4,fluvial_scour,plus4K,51.6,0
Satsunai,left,7.4,overflow,plus4K,51.8,0.9996
Satsunai,left,7.4,fluvial_scour,plus4K,51.8,0
Satsunai,left,7.4,overflow,plus4K,52,1
Satsunai,left,7.4,fluvial_scour,plus4K,52,0
Satsunai,left,7.4,overflow,plus4K,52.2,1
Satsunai,left,7.4,fluvial_scour,plus4K,52.2,0
Satsunai,left,7.4,overflow,plus4K,52.4,1
Satsunai,left,7.4,fluvial_scour,plus4K,52.4,0
Satsunai,left,7.4,overflow,plus4K,52.6,1
Satsunai,left,7.4,fluvial_scour,plus4K,52.6,0
Satsunai,left,7.4,overflow,plus4K,52.8,1
Satsunai,left,7.4,fluvial_scour,plus4K,52.8,0
Satsunai,left,7.4,overflow,plus4K,53,1
Satsunai,left,7.4,fluvial_scour,plus4K,53,0
Satsunai,left,7.4,overflow,plus4K,53.2,1
Satsunai,left,7.4,fluvial_scour,plus4K,53.2,0
Satsunai,left,7.4,overflow,plus4K,53.4,1
Satsunai,left,7.4,fluvial_scour,plus4K,53.4,0
Satsunai,left,7.4,overflow,plus4K,53.6,1
Satsunai,left,7.4,fluvial_scour,plus4K,53.6,0
Satsunai,left,7.6,overflow,plus4K,47.6,0
Satsunai,left,7.6,fluvial_scour,plus4K,47.6,0
Satsunai,left,7.6,overflow,plus4K,47.8,0
Satsunai,left,7.6,fluvial_scour,plus4K,47.8,0
Satsunai,left,7.6,overflow,plus4K,48,0
Satsunai,left,7.6,fluvial_scour,plus4K,48,0
Satsunai,left,7.6,overflow,plus4K,48.2,0
Satsunai,left,7.6,fluvial_scour,plus4K,48.2,0
Satsunai,left,7.6,overflow,plus4K,48.4,0
Satsunai,left,7.6,fluvial_scour,plus4K,48.4,0
Satsunai,left,7.6,overflow,plus4K,48.6,0
Satsunai,left,7.6,fluvial_scour,plus4K,48.6,0
Satsunai,left,7.6,overflow,plus4K,48.8,0
Satsunai,left,7.6,fluvial_scour,plus4K,48.8,0
Satsunai,left,7.6,overflow,plus4K,49,0
Satsunai,left,7.6,fluvial_scour,plus4K,49,0
Satsunai,left,7.6,overflow,plus4K,49.2,0
Satsunai,left,7.6,fluvial_scour,plus4K,49.2,0
Satsunai,left,7.6,overflow,plus4K,49.4,0
Satsunai,left,7.6,fluvial_scour,plus4K,49.4,0
Satsunai,left,7.6,overflow,plus4K,49.6,0
Satsunai,left,7.6,fluvial_scour,plus4K,49.6,0
Satsunai,left,7.6,overflow,plus4K,49.8,0
Satsunai,left,7.6,fluvial_scour,plus4K,49.8,0
Satsunai,left,7.6,overflow,plus4K,50,0
Satsunai,left,7.6,fluvial_scour,plus4K,50,0
Satsunai,left,7.6,overflow,plus4K,50.2,0
Satsunai,left,7.6,fluvial_scour,plus4K,50.2,0
Satsunai,left,7.6,overflow,plus4K,50.4,0
Satsunai,left,7.6,fluvial_scour,plus4K,50.4,0
Satsunai,left,7.6,overflow,plus4K,50.6,0
Satsunai,left,7.6,fluvial_scour,plus4K,50.6,0
Satsunai,left,7.6,overflow,plus4K,50.8,0.0002
Satsunai,left,7.6,fluvial_scour,plus4K,50.8,0
Satsunai,left,7.6,overflow,plus4K,51,0.0025
Satsunai,left,7.6,fluvial_scour,plus4K,51,0
Satsunai,left,7.6,overflow,plus4K,51.2,0.0178
Satsunai,left,7.6,fluvial_scour,plus4K,51.2,0
Satsunai,left,7.6,overflow,plus4K,51.4,0.0792
Satsunai,left,7.6,fluvial_scour,plus4K,51.4,0
Satsunai,left,7.6,overflow,plus4K,51.6,0.2435
Satsunai,left,7.6,fluvial_scour,plus4K,51.6,0
Satsunai,left,7.6,overflow,plus4K,51.8,0.4934
Satsunai,left,7.6,fluvial_scour,plus4K,51.8,0
Satsunai,left,7.6,overflow,plus4K,52,0.7498
Satsunai,left,7.6,fluvial_scour,plus4K,52,0
Satsunai,left,7.6,overflow,plus4K,52.2,0.9147
Satsunai,left,7.6,fluvial_scour,plus4K,52.2,0
Satsunai,left,7.6,overflow,plus4K,52.4,0.9804
Satsunai,left,7.6,fluvial_scour,plus4K,52.4,0
Satsunai,left,7.6,overflow,plus4K,52.6,0.9979
Satsunai,left,7.6,fluvial_scour,plus4K,52.6,0
Satsunai,left,7.6,overflow,plus4K,52.8,0.9996
Satsunai,left,7.6,fluvial_scour,plus4K,52.8,0
Satsunai,left,7.6,overflow,plus4K,53,1
Satsunai,left,7.6,fluvial_scour,plus4K,53,0
Satsunai,left,7.6,overflow,plus4K,53.2,1
Satsunai,left,7.6,fluvial_scour,plus4K,53.2,0
Satsunai,left,7.6,overflow,plus4K,53.4,1
Satsunai,left,7.6,fluvial_scour,plus4K,53.4,0
Satsunai,left,7.6,overflow,plus4K,53.6,1
Satsunai,left,7.6,fluvial_scour,plus4K,53.6,0
Satsunai,left,7.6,overflow,plus4K,53.8,1
Satsunai,left,7.6,fluvial_scour,plus4K,53.8,0
Satsunai,left,7.6,overflow,plus4K,54,1
Satsunai,left,7.6,fluvial_scour,plus4K,54,0
Satsunai,left,7.6,overflow,plus4K,54.2,1
Satsunai,left,7.6,fluvial_scour,plus4K,54.2,0
Satsunai,left,7.6,overflow,plus4K,54.4,1
Satsunai,left,7.6,fluvial_scour,plus4K,54.4,0
Satsunai,left,7.6,overflow,plus4K,54.6,1
Satsunai,left,7.6,fluvial_scour,plus4K,54.6,0
Satsunai,left,7.8,overflow,plus4K,48.4,0
Satsunai,left,7.8,fluvial_scour,plus4K,48.4,0
Satsunai,left,7.8,overflow,plus4K,48.6,0
Satsunai,left,7.8,fluvial_scour,plus4K,48.6,0
Satsunai,left,7.8,overflow,plus4K,48.8,0
Satsunai,left,7.8,fluvial_scour,plus4K,48.8,0
Satsunai,left,7.8,overflow,plus4K,49,0
Satsunai,left,7.8,fluvial_scour,plus4K,49,0
Satsunai,left,7.8,overflow,plus4K,49.2,0
Satsunai,left,7.8,fluvial_scour,plus4K,49.2,0
Satsunai,left,7.8,overflow,plus4K,49.4,0
Satsunai,left,7.8,fluvial_scour,plus4K,49.4,0
Satsunai,left,7.8,overflow,plus4K,49.6,0
Satsunai,left,7.8,fluvial_scour,plus4K,49.6,0
Satsunai,left,7.8,overflow,plus4K,49.8,0
Satsunai,left,7.8,fluvial_scour,plus4K,49.8,0
Satsunai,left,7.8,overflow,plus4K,50,0
Satsunai,left,7.8,fluvial_scour,plus4K,50,0
Satsunai,left,7.8,overflow,plus4K,50.2,0
Satsunai,left,7.8,fluvial_scour,plus4K,50.2,0
Satsunai,left,7.8,overflow,plus4K,50.4,0
Satsunai,left,7.8,fluvial_scour,plus4K,50.4,0
Satsunai,left,7.8,overflow,plus4K,50.6,0
Satsunai,left,7.8,fluvial_scour,plus4K,50.6,0
Satsunai,left,7.8,overflow,plus4K,50.8,0
Satsunai,left,7.8,fluvial_scour,plus4K,50.8,0
Satsunai,left,7.8,overflow,plus4K,51,0
Satsunai,left,7.8,fluvial_scour,plus4K,51,0
Satsunai,left,7.8,overflow,plus4K,51.2,0
Satsunai,left,7.8,fluvial_scour,plus4K,51.2,0
Satsunai,left,7.8,overflow,plus4K,51.4,0.0001
Satsunai,left,7.8,fluvial_scour,plus4K,51.4,0
Satsunai,left,7.8,overflow,plus4K,51.6,0.0002
Satsunai,left,7.8,fluvial_scour,plus4K,51.6,0
Satsunai,left,7.8,overflow,plus4K,51.8,0.0024
Satsunai,left,7.8,fluvial_scour,plus4K,51.8,0
Satsunai,left,7.8,overflow,plus4K,52,0.0156
Satsunai,left,7.8,fluvial_scour,plus4K,52,0
Satsunai,left,7.8,overflow,plus4K,52.2,0.0765
Satsunai,left,7.8,fluvial_scour,plus4K,52.2,0
Satsunai,left,7.8,overflow,plus4K,52.4,0.2191
Satsunai,left,7.8,fluvial_scour,plus4K,52.4,0
Satsunai,left,7.8,overflow,plus4K,52.6,0.4693
Satsunai,left,7.8,fluvial_scour,plus4K,52.6,0
Satsunai,left,7.8,overflow,plus4K,52.8,0.7221
Satsunai,left,7.8,fluvial_scour,plus4K,52.8,0
Satsunai,left,7.8,overflow,plus4K,53,0.9005
Satsunai,left,7.8,fluvial_scour,plus4K,53,0
Satsunai,left,7.8,overflow,plus4K,53.2,0.9769
Satsunai,left,7.8,fluvial_scour,plus4K,53.2,0
Satsunai,left,7.8,overflow,plus4K,53.4,0.9968
Satsunai,left,7.8,fluvial_scour,plus4K,53.4,0
Satsunai,left,7.8,overflow,plus4K,53.6,0.9996
Satsunai,left,7.8,fluvial_scour,plus4K,53.6,0
Satsunai,left,7.8,overflow,plus4K,53.8,1
Satsunai,left,7.8,fluvial_scour,plus4K,53.8,0
Satsunai,left,7.8,overflow,plus4K,54,1
Satsunai,left,7.8,fluvial_scour,plus4K,54,0
Satsunai,left,7.8,overflow,plus4K,54.2,1
Satsunai,left,7.8,fluvial_scour,plus4K,54.2,0
Satsunai,left,7.8,overflow,plus4K,54.4,1
Satsunai,left,7.8,fluvial_scour,plus4K,54.4,0
Satsunai,left,7.8,overflow,plus4K,54.6,1
Satsunai,left,7.8,fluvial_scour,plus4K,54.6,0
Satsunai,left,7.8,overflow,plus4K,54.8,1
Satsunai,left,7.8,fluvial_scour,plus4K,54.8,0
Satsunai,left,7.8,overflow,plus4K,55,1
Satsunai,left,7.8,fluvial_scour,plus4K,55,0
Satsunai,left,7.8,overflow,plus4K,55.2,1
Satsunai,left,7.8,fluvial_scour,plus4K,55.2,0
Satsunai,left,7.8,overflow,plus4K,55.4,1
Satsunai,left,7.8,fluvial_scour,plus4K,55.4,0
Satsunai,left,8,overflow,plus4K,48.8,0
Satsunai,left,8,fluvial_scour,plus4K,48.8,0
Satsunai,left,8,overflow,plus4K,49,0
Satsunai,left,8,fluvial_scour,plus4K,49,0
Satsunai,left,8,overflow,plus4K,49.2,0
Satsunai,left,8,fluvial_scour,plus4K,49.2,0
Satsunai,left,8,overflow,plus4K,49.4,0
Satsunai,left,8,fluvial_scour,plus4K,49.4,0
Satsunai,left,8,overflow,plus4K,49.6,0
Satsunai,left,8,fluvial_scour,plus4K,49.6,0
Satsunai,left,8,overflow,plus4K,49.8,0
Satsunai,left,8,fluvial_scour,plus4K,49.8,0
Satsunai,left,8,overflow,plus4K,50,0
Satsunai,left,8,fluvial_scour,plus4K,50,0
Satsunai,left,8,overflow,plus4K,50.2,0
Satsunai,left,8,fluvial_scour,plus4K,50.2,0
Satsunai,left,8,overflow,plus4K,50.4,0
Satsunai,left,8,fluvial_scour,plus4K,50.4,0
Satsunai,left,8,overflow,plus4K,50.6,0
Satsunai,left,8,fluvial_scour,plus4K,50.6,0
Satsunai,left,8,overflow,plus4K,50.8,0
Satsunai,left,8,fluvial_scour,plus4K,50.8,0
Satsunai,left,8,overflow,plus4K,51,0
Satsunai,left,8,fluvial_scour,plus4K,51,0
Satsunai,left,8,overflow,plus4K,51.2,0
Satsunai,left,8,fluvial_scour,plus4K,51.2,0
Satsunai,left,8,overflow,plus4K,51.4,0
Satsunai,left,8,fluvial_scour,plus4K,51.4,0
Satsunai,left,8,overflow,plus4K,51.6,0
Satsunai,left,8,fluvial_scour,plus4K,51.6,0
Satsunai,left,8,overflow,plus4K,51.8,0
Satsunai,left,8,fluvial_scour,plus4K,51.8,0
Satsunai,left,8,overflow,plus4K,52,0
Satsunai,left,8,fluvial_scour,plus4K,52,0
Satsunai,left,8,overflow,plus4K,52.2,0.0002
Satsunai,left,8,fluvial_scour,plus4K,52.2,0
Satsunai,left,8,overflow,plus4K,52.4,0.0035
Satsunai,left,8,fluvial_scour,plus4K,52.4,0
Satsunai,left,8,overflow,plus4K,52.6,0.0171
Satsunai,left,8,fluvial_scour,plus4K,52.6,0
Satsunai,left,8,overflow,plus4K,52.8,0.0842
Satsunai,left,8,fluvial_scour,plus4K,52.8,0
Satsunai,left,8,overflow,plus4K,53,0.2471
Satsunai,left,8,fluvial_scour,plus4K,53,0
Satsunai,left,8,overflow,plus4K,53.2,0.511
Satsunai,left,8,fluvial_scour,plus4K,53.2,0
Satsunai,left,8,overflow,plus4K,53.4,0.7666
Satsunai,left,8,fluvial_scour,plus4K,53.4,0
Satsunai,left,8,overflow,plus4K,53.6,0.9192
Satsunai,left,8,fluvial_scour,plus4K,53.6,0
Satsunai,left,8,overflow,plus4K,53.8,0.9824
Satsunai,left,8,fluvial_scour,plus4K,53.8,0
Satsunai,left,8,overflow,plus4K,54,0.9979
Satsunai,left,8,fluvial_scour,plus4K,54,0
Satsunai,left,8,overflow,plus4K,54.2,0.9999
Satsunai,left,8,fluvial_scour,plus4K,54.2,0
Satsunai,left,8,overflow,plus4K,54.4,1
Satsunai,left,8,fluvial_scour,plus4K,54.4,0
Satsunai,left,8,overflow,plus4K,54.6,1
Satsunai,left,8,fluvial_scour,plus4K,54.6,0
Satsunai,left,8,overflow,plus4K,54.8,1
Satsunai,left,8,fluvial_scour,plus4K,54.8,0
Satsunai,left,8,overflow,plus4K,55,1
Satsunai,left,8,fluvial_scour,plus4K,55,0
Satsunai,left,8,overflow,plus4K,55.2,1
Satsunai,left,8,fluvial_scour,plus4K,55.2,0
Satsunai,left,8,overflow,plus4K,55.4,1
Satsunai,left,8,fluvial_scour,plus4K,55.4,0
Satsunai,left,8,overflow,plus4K,55.6,1
Satsunai,left,8,fluvial_scour,plus4K,55.6,0
Satsunai,left,8,overflow,plus4K,55.8,1
Satsunai,left,8,fluvial_scour,plus4K,55.8,0
Satsunai,left,8,overflow,plus4K,56,1
Satsunai,left,8,fluvial_scour,plus4K,56,0
Satsunai,left,8.2,overflow,plus4K,49.6,0
Satsunai,left,8.2,fluvial_scour,plus4K,49.6,0
Satsunai,left,8.2,overflow,plus4K,49.8,0
Satsunai,left,8.2,fluvial_scour,plus4K,49.8,0
Satsunai,left,8.2,overflow,plus4K,50,0
Satsunai,left,8.2,fluvial_scour,plus4K,50,0
Satsunai,left,8.2,overflow,plus4K,50.2,0
Satsunai,left,8.2,fluvial_scour,plus4K,50.2,0
Satsunai,left,8.2,overflow,plus4K,50.4,0
Satsunai,left,8.2,fluvial_scour,plus4K,50.4,0
Satsunai,left,8.2,overflow,plus4K,50.6,0
Satsunai,left,8.2,fluvial_scour,plus4K,50.6,0
Satsunai,left,8.2,overflow,plus4K,50.8,0
Satsunai,left,8.2,fluvial_scour,plus4K,50.8,0
Satsunai,left,8.2,overflow,plus4K,51,0
Satsunai,left,8.2,fluvial_scour,plus4K,51,0
Satsunai,left,8.2,overflow,plus4K,51.2,0
Satsunai,left,8.2,fluvial_scour,plus4K,51.2,0
Satsunai,left,8.2,overflow,plus4K,51.4,0
Satsunai,left,8.2,fluvial_scour,plus4K,51.4,0
Satsunai,left,8.2,overflow,plus4K,51.6,0
Satsunai,left,8.2,fluvial_scour,plus4K,51.6,0
Satsunai,left,8.2,overflow,plus4K,51.8,0
Satsunai,left,8.2,fluvial_scour,plus4K,51.8,0
Satsunai,left,8.2,overflow,plus4K,52,0
Satsunai,left,8.2,fluvial_scour,plus4K,52,0
Satsunai,left,8.2,overflow,plus4K,52.2,0
Satsunai,left,8.2,fluvial_scour,plus4K,52.2,0
Satsunai,left,8.2,overflow,plus4K,52.4,0
Satsunai,left,8.2,fluvial_scour,plus4K,52.4,0
Satsunai,left,8.2,overflow,plus4K,52.6,0.0001
Satsunai,left,8.2,fluvial_scour,plus4K,52.6,0
Satsunai,left,8.2,overflow,plus4K,52.8,0.0001
Satsunai,left,8.2,fluvial_scour,plus4K,52.8,0
Satsunai,left,8.2,overflow,plus4K,53,0.0011
Satsunai,left,8.2,fluvial_scour,plus4K,53,0
Satsunai,left,8.2,overflow,plus4K,53.2,0.0086
Satsunai,left,8.2,fluvial_scour,plus4K,53.2,0
Satsunai,left,8.2,overflow,plus4K,53.4,0.0453
Satsunai,left,8.2,fluvial_scour,plus4K,53.4,0
Satsunai,left,8.2,overflow,plus4K,53.6,0.162
Satsunai,left,8.2,fluvial_scour,plus4K,53.6,0
Satsunai,left,8.2,overflow,plus4K,53.8,0.3852
Satsunai,left,8.2,fluvial_scour,plus4K,53.8,0
Satsunai,left,8.2,overflow,plus4K,54,0.6629
Satsunai,left,8.2,fluvial_scour,plus4K,54,0
Satsunai,left,8.2,overflow,plus4K,54.2,0.862
Satsunai,left,8.2,fluvial_scour,plus4K,54.2,0
Satsunai,left,8.2,overflow,plus4K,54.4,0.9657
Satsunai,left,8.2,fluvial_scour,plus4K,54.4,0
Satsunai,left,8.2,overflow,plus4K,54.6,0.9938
Satsunai,left,8.2,fluvial_scour,plus4K,54.6,0
Satsunai,left,8.2,overflow,plus4K,54.8,0.9993
Satsunai,left,8.2,fluvial_scour,plus4K,54.8,0
Satsunai,left,8.2,overflow,plus4K,55,1
Satsunai,left,8.2,fluvial_scour,plus4K,55,0
Satsunai,left,8.2,overflow,plus4K,55.2,1
Satsunai,left,8.2,fluvial_scour,plus4K,55.2,0
Satsunai,left,8.2,overflow,plus4K,55.4,1
Satsunai,left,8.2,fluvial_scour,plus4K,55.4,0
Satsunai,left,8.2,overflow,plus4K,55.6,1
Satsunai,left,8.2,fluvial_scour,plus4K,55.6,0
Satsunai,left,8.2,overflow,plus4K,55.8,1
Satsunai,left,8.2,fluvial_scour,plus4K,55.8,0
Satsunai,left,8.2,overflow,plus4K,56,1
Satsunai,left,8.2,fluvial_scour,plus4K,56,0
Satsunai,left,8.2,overflow,plus4K,56.2,1
Satsunai,left,8.2,fluvial_scour,plus4K,56.2,0
Satsunai,left,8.2,overflow,plus4K,56.4,1
Satsunai,left,8.2,fluvial_scour,plus4K,56.4,0
Satsunai,left,8.2,overflow,plus4K,56.6,1
Satsunai,left,8.2,fluvial_scour,plus4K,56.6,0
Satsunai,left,8.4,overflow,plus4K,50.6,0
Satsunai,left,8.4,fluvial_scour,plus4K,50.6,0
Satsunai,left,8.4,overflow,plus4K,50.8,0
Satsunai,left,8.4,fluvial_scour,plus4K,50.8,0
Satsunai,left,8.4,overflow,plus4K,51,0
Satsunai,left,8.4,fluvial_scour,plus4K,51,0
Satsunai,left,8.4,overflow,plus4K,51.2,0
Satsunai,left,8.4,fluvial_scour,plus4K,51.2,0
Satsunai,left,8.4,overflow,plus4K,51.4,0
Satsunai,left,8.4,fluvial_scour,plus4K,51.4,0
Satsunai,left,8.4,overflow,plus4K,51.6,0
Satsunai,left,8.4,fluvial_scour,plus4K,51.6,0
Satsunai,left,8.4,overflow,plus4K,51.8,0
Satsunai,left,8.4,fluvial_scour,plus4K,51.8,0
Satsunai,left,8.4,overflow,plus4K,52,0
Satsunai,left,8.4,fluvial_scour,plus4K,52,0
Satsunai,left,8.4,overflow,plus4K,52.2,0
Satsunai,left,8.4,fluvial_scour,plus4K,52.2,0
Satsunai,left,8.4,overflow,plus4K,52.4,0
Satsunai,left,8.4,fluvial_scour,plus4K,52.4,0
Satsunai,left,8.4,overflow,plus4K,52.6,0
Satsunai,left,8.4,fluvial_scour,plus4K,52.6,0
Satsunai,left,8.4,overflow,plus4K,52.8,0
Satsunai,left,8.4,fluvial_scour,plus4K,52.8,0
Satsunai,left,8.4,overflow,plus4K,53,0
Satsunai,left,8.4,fluvial_scour,plus4K,53,0
Satsunai,left,8.4,overflow,plus4K,53.2,0
Satsunai,left,8.4,fluvial_scour,plus4K,53.2,0
Satsunai,left,8.4,overflow,plus4K,53.4,0
Satsunai,left,8.4,fluvial_scour,plus4K,53.4,0
Satsunai,left,8.4,overflow,plus4K,53.6,0.0003
Satsunai,left,8.4,fluvial_scour,plus4K,53.6,0
Satsunai,left,8.4,overflow,plus4K,53.8,0.0018
Satsunai,left,8.4,fluvial_scour,plus4K,53.8,0
Satsunai,left,8.4,overflow,plus4K,54,0.0114
Satsunai,left,8.4,fluvial_scour,plus4K,54,0
Satsunai,left,8.4,overflow,plus4K,54.2,0.0616
Satsunai,left,8.4,fluvial_scour,plus4K,54.2,0
Satsunai,left,8.4,overflow,plus4K,54.4,0.2017
Satsunai,left,8.4,fluvial_scour,plus4K,54.4,0
Satsunai,left,8.4,overflow,plus4K,54.6,0.4496
Satsunai,left,8.4,fluvial_scour,plus4K,54.6,0
Satsunai,left,8.4,overflow,plus4K,54.8,0.7085
Satsunai,left,8.4,fluvial_scour,plus4K,54.8,0
Satsunai,left,8.4,overflow,plus4K,55,0.8925
Satsunai,left,8.4,fluvial_scour,plus4K,55,0
Satsunai,left,8.4,overflow,plus4K,55.2,0.975
Satsunai,left,8.4,fluvial_scour,plus4K,55.2,0
Satsunai,left,8.4,overflow,plus4K,55.4,0.9955
Satsunai,left,8.4,fluvial_scour,plus4K,55.4,0
Satsunai,left,8.4,overflow,plus4K,55.6,0.9998
Satsunai,left,8.4,fluvial_scour,plus4K,55.6,0
Satsunai,left,8.4,overflow,plus4K,55.8,1
Satsunai,left,8.4,fluvial_scour,plus4K,55.8,0
Satsunai,left,8.4,overflow,plus4K,56,1
Satsunai,left,8.4,fluvial_scour,plus4K,56,0
Satsunai,left,8.4,overflow,plus4K,56.2,1
Satsunai,left,8.4,fluvial_scour,plus4K,56.2,0
Satsunai,left,8.4,overflow,plus4K,56.4,1
Satsunai,left,8.4,fluvial_scour,plus4K,56.4,0
Satsunai,left,8.4,overflow,plus4K,56.6,1
Satsunai,left,8.4,fluvial_scour,plus4K,56.6,0
Satsunai,left,8.4,overflow,plus4K,56.8,1
Satsunai,left,8.4,fluvial_scour,plus4K,56.8,0
Satsunai,left,8.4,overflow,plus4K,57,1
Satsunai,left,8.4,fluvial_scour,plus4K,57,0
Satsunai,left,8.4,overflow,plus4K,57.2,1
Satsunai,left,8.4,fluvial_scour,plus4K,57.2,0
Satsunai,left,8.4,overflow,plus4K,57.4,1
Satsunai,left,8.4,fluvial_scour,plus4K,57.4,0
Satsunai,left,8.6,overflow,plus4K,51.2,0
Satsunai,left,8.6,fluvial_scour,plus4K,51.2,0
Satsunai,left,8.6,overflow,plus4K,51.4,0
Satsunai,left,8.6,fluvial_scour,plus4K,51.4,0
Satsunai,left,8.6,overflow,plus4K,51.6,0
Satsunai,left,8.6,fluvial_scour,plus4K,51.6,0
Satsunai,left,8.6,overflow,plus4K,51.8,0
Satsunai,left,8.6,fluvial_scour,plus4K,51.8,0
Satsunai,left,8.6,overflow,plus4K,52,0
Satsunai,left,8.6,fluvial_scour,plus4K,52,0
Satsunai,left,8.6,overflow,plus4K,52.2,0
Satsunai,left,8.6,fluvial_scour,plus4K,52.2,0
Satsunai,left,8.6,overflow,plus4K,52.4,0
Satsunai,left,8.6,fluvial_scour,plus4K,52.4,0
Satsunai,left,8.6,overflow,plus4K,52.6,0
Satsunai,left,8.6,fluvial_scour,plus4K,52.6,0
Satsunai,left,8.6,overflow,plus4K,52.8,0
Satsunai,left,8.6,fluvial_scour,plus4K,52.8,0
Satsunai,left,8.6,overflow,plus4K,53,0
Satsunai,left,8.6,fluvial_scour,plus4K,53,0
Satsunai,left,8.6,overflow,plus4K,53.2,0
Satsunai,left,8.6,fluvial_scour,plus4K,53.2,0
Satsunai,left,8.6,overflow,plus4K,53.4,0
Satsunai,left,8.6,fluvial_scour,plus4K,53.4,0
Satsunai,left,8.6,overflow,plus4K,53.6,0
Satsunai,left,8.6,fluvial_scour,plus4K,53.6,0
Satsunai,left,8.6,overflow,plus4K,53.8,0
Satsunai,left,8.6,fluvial_scour,plus4K,53.8,0
Satsunai,left,8.6,overflow,plus4K,54,0
Satsunai,left,8.6,fluvial_scour,plus4K,54,0
Satsunai,left,8.6,overflow,plus4K,54.2,0
Satsunai,left,8.6,fluvial_scour,plus4K,54.2,0
Satsunai,left,8.6,overflow,plus4K,54.4,0.0008
Satsunai,left,8.6,fluvial_scour,plus4K,54.4,0
Satsunai,left,8.6,overflow,plus4K,54.6,0.0072
Satsunai,left,8.6,fluvial_scour,plus4K,54.6,0
Satsunai,left,8.6,overflow,plus4K,54.8,0.039
Satsunai,left,8.6,fluvial_scour,plus4K,54.8,0
Satsunai,left,8.6,overflow,plus4K,55,0.1425
Satsunai,left,8.6,fluvial_scour,plus4K,55,0
Satsunai,left,8.6,overflow,plus4K,55.2,0.3541
Satsunai,left,8.6,fluvial_scour,plus4K,55.2,0
Satsunai,left,8.6,overflow,plus4K,55.4,0.6254
Satsunai,left,8.6,fluvial_scour,plus4K,55.4,0
Satsunai,left,8.6,overflow,plus4K,55.6,0.8452
Satsunai,left,8.6,fluvial_scour,plus4K,55.6,0
Satsunai,left,8.6,overflow,plus4K,55.8,0.9596
Satsunai,left,8.6,fluvial_scour,plus4K,55.8,0
Satsunai,left,8.6,overflow,plus4K,56,0.9931
Satsunai,left,8.6,fluvial_scour,plus4K,56,0
Satsunai,left,8.6,overflow,plus4K,56.2,0.9991
Satsunai,left,8.6,fluvial_scour,plus4K,56.2,0
Satsunai,left,8.6,overflow,plus4K,56.4,1
Satsunai,left,8.6,fluvial_scour,plus4K,56.4,0
Satsunai,left,8.6,overflow,plus4K,56.6,1
Satsunai,left,8.6,fluvial_scour,plus4K,56.6,0
Satsunai,left,8.6,overflow,plus4K,56.8,1
Satsunai,left,8.6,fluvial_scour,plus4K,56.8,0
Satsunai,left,8.6,overflow,plus4K,57,1
Satsunai,left,8.6,fluvial_scour,plus4K,57,0
Satsunai,left,8.6,overflow,plus4K,57.2,1
Satsunai,left,8.6,fluvial_scour,plus4K,57.2,0
Satsunai,left,8.6,overflow,plus4K,57.4,1
Satsunai,left,8.6,fluvial_scour,plus4K,57.4,0
Satsunai,left,8.6,overflow,plus4K,57.6,1
Satsunai,left,8.6,fluvial_scour,plus4K,57.6,0
Satsunai,left,8.6,overflow,plus4K,57.8,1
Satsunai,left,8.6,fluvial_scour,plus4K,57.8,0
Satsunai,left,8.6,overflow,plus4K,58,1
Satsunai,left,8.6,fluvial_scour,plus4K,58,0
Satsunai,left,8.8,overflow,plus4K,51.6,0
Satsunai,left,8.8,fluvial_scour,plus4K,51.6,0
Satsunai,left,8.8,overflow,plus4K,51.8,0
Satsunai,left,8.8,fluvial_scour,plus4K,51.8,0
Satsunai,left,8.8,overflow,plus4K,52,0
Satsunai,left,8.8,fluvial_scour,plus4K,52,0
Satsunai,left,8.8,overflow,plus4K,52.2,0
Satsunai,left,8.8,fluvial_scour,plus4K,52.2,0
Satsunai,left,8.8,overflow,plus4K,52.4,0
Satsunai,left,8.8,fluvial_scour,plus4K,52.4,0
Satsunai,left,8.8,overflow,plus4K,52.6,0
Satsunai,left,8.8,fluvial_scour,plus4K,52.6,0
Satsunai,left,8.8,overflow,plus4K,52.8,0
Satsunai,left,8.8,fluvial_scour,plus4K,52.8,0
Satsunai,left,8.8,overflow,plus4K,53,0
Satsunai,left,8.8,fluvial_scour,plus4K,53,0
Satsunai,left,8.8,overflow,plus4K,53.2,0
Satsunai,left,8.8,fluvial_scour,plus4K,53.2,0
Satsunai,left,8.8,overflow,plus4K,53.4,0
Satsunai,left,8.8,fluvial_scour,plus4K,53.4,0
Satsunai,left,8.8,overflow,plus4K,53.6,0
Satsunai,left,8.8,fluvial_scour,plus4K,53.6,0
Satsunai,left,8.8,overflow,plus4K,53.8,0
Satsunai,left,8.8,fluvial_scour,plus4K,53.8,0
Satsunai,left,8.8,overflow,plus4K,54,0
Satsunai,left,8.8,fluvial_scour,plus4K,54,0
Satsunai,left,8.8,overflow,plus4K,54.2,0
Satsunai,left,8.8,fluvial_scour,plus4K,54.2,0
Satsunai,left,8.8,overflow,plus4K,54.4,0
Satsunai,left,8.8,fluvial_scour,plus4K,54.4,0
Satsunai,left,8.8,overflow,plus4K,54.6,0
Satsunai,left,8.8,fluvial_scour,plus4K,54.6,0
Satsunai,left,8.8,overflow,plus4K,54.8,0.0002
Satsunai,left,8.8,fluvial_scour,plus4K,54.8,0
Satsunai,left,8.8,overflow,plus4K,55,0.0041
Satsunai,left,8.8,fluvial_scour,plus4K,55,0
Satsunai,left,8.8,overflow,plus4K,55.2,0.0262
Satsunai,left,8.8,fluvial_scour,plus4K,55.2,0
Satsunai,left,8.8,overflow,plus4K,55.4,0.1097
Satsunai,left,8.8,fluvial_scour,plus4K,55.4,0
Satsunai,left,8.8,overflow,plus4K,55.6,0.291
Satsunai,left,8.8,fluvial_scour,plus4K,55.6,0
Satsunai,left,8.8,overflow,plus4K,55.8,0.562
Satsunai,left,8.8,fluvial_scour,plus4K,55.8,0
Satsunai,left,8.8,overflow,plus4K,56,0.8083
Satsunai,left,8.8,fluvial_scour,plus4K,56,0
Satsunai,left,8.8,overflow,plus4K,56.2,0.9387
Satsunai,left,8.8,fluvial_scour,plus4K,56.2,0
Satsunai,left,8.8,overflow,plus4K,56.4,0.9874
Satsunai,left,8.8,fluvial_scour,plus4K,56.4,0
Satsunai,left,8.8,overflow,plus4K,56.6,0.9991
Satsunai,left,8.8,fluvial_scour,plus4K,56.6,0
Satsunai,left,8.8,overflow,plus4K,56.8,1
Satsunai,left,8.8,fluvial_scour,plus4K,56.8,0
Satsunai,left,8.8,overflow,plus4K,57,1
Satsunai,left,8.8,fluvial_scour,plus4K,57,0
Satsunai,left,8.8,overflow,plus4K,57.2,1
Satsunai,left,8.8,fluvial_scour,plus4K,57.2,0
Satsunai,left,8.8,overflow,plus4K,57.4,1
Satsunai,left,8.8,fluvial_scour,plus4K,57.4,0
Satsunai,left,8.8,overflow,plus4K,57.6,1
Satsunai,left,8.8,fluvial_scour,plus4K,57.6,0
Satsunai,left,8.8,overflow,plus4K,57.8,1
Satsunai,left,8.8,fluvial_scour,plus4K,57.8,0
Satsunai,left,8.8,overflow,plus4K,58,1
Satsunai,left,8.8,fluvial_scour,plus4K,58,0
Satsunai,left,8.8,overflow,plus4K,58.2,1
Satsunai,left,8.8,fluvial_scour,plus4K,58.2,0
Satsunai,left,8.8,overflow,plus4K,58.4,1
Satsunai,left,8.8,fluvial_scour,plus4K,58.4,0
Satsunai,left,8.8,overflow,plus4K,58.6,1
Satsunai,left,8.8,fluvial_scour,plus4K,58.6,0
Satsunai,left,9,overflow,plus4K,53.2,0
Satsunai,left,9,fluvial_scour,plus4K,53.2,0
Satsunai,left,9,overflow,plus4K,53.4,0
Satsunai,left,9,fluvial_scour,plus4K,53.4,0
Satsunai,left,9,overflow,plus4K,53.6,0
Satsunai,left,9,fluvial_scour,plus4K,53.6,0
Satsunai,left,9,overflow,plus4K,53.8,0
Satsunai,left,9,fluvial_scour,plus4K,53.8,0
Satsunai,left,9,overflow,plus4K,54,0
Satsunai,left,9,fluvial_scour,plus4K,54,0
Satsunai,left,9,overflow,plus4K,54.2,0
Satsunai,left,9,fluvial_scour,plus4K,54.2,0
Satsunai,left,9,overflow,plus4K,54.4,0
Satsunai,left,9,fluvial_scour,plus4K,54.4,0
Satsunai,left,9,overflow,plus4K,54.6,0
Satsunai,left,9,fluvial_scour,plus4K,54.6,0
Satsunai,left,9,overflow,plus4K,54.8,0
Satsunai,left,9,fluvial_scour,plus4K,54.8,0
Satsunai,left,9,overflow,plus4K,55,0
Satsunai,left,9,fluvial_scour,plus4K,55,0
Satsunai,left,9,overflow,plus4K,55.2,0
Satsunai,left,9,fluvial_scour,plus4K,55.2,0
Satsunai,left,9,overflow,plus4K,55.4,0
Satsunai,left,9,fluvial_scour,plus4K,55.4,0
Satsunai,left,9,overflow,plus4K,55.6,0
Satsunai,left,9,fluvial_scour,plus4K,55.6,0
Satsunai,left,9,overflow,plus4K,55.8,0.0003
Satsunai,left,9,fluvial_scour,plus4K,55.8,0
Satsunai,left,9,overflow,plus4K,56,0.003
Satsunai,left,9,fluvial_scour,plus4K,56,0
Satsunai,left,9,overflow,plus4K,56.2,0.0165
Satsunai,left,9,fluvial_scour,plus4K,56.2,0
Satsunai,left,9,overflow,plus4K,56.4,0.0692
Satsunai,left,9,fluvial_scour,plus4K,56.4,0
Satsunai,left,9,overflow,plus4K,56.6,0.22
Satsunai,left,9,fluvial_scour,plus4K,56.6,0
Satsunai,left,9,overflow,plus4K,56.8,0.4645
Satsunai,left,9,fluvial_scour,plus4K,56.8,0
Satsunai,left,9,overflow,plus4K,57,0.7291
Satsunai,left,9,fluvial_scour,plus4K,57,0
Satsunai,left,9,overflow,plus4K,57.2,0.9034
Satsunai,left,9,fluvial_scour,plus4K,57.2,0
Satsunai,left,9,overflow,plus4K,57.4,0.9766
Satsunai,left,9,fluvial_scour,plus4K,57.4,0
Satsunai,left,9,overflow,plus4K,57.6,0.9965
Satsunai,left,9,fluvial_scour,plus4K,57.6,0
Satsunai,left,9,overflow,plus4K,57.8,0.9997
Satsunai,left,9,fluvial_scour,plus4K,57.8,0
Satsunai,left,9,overflow,plus4K,58,1
Satsunai,left,9,fluvial_scour,plus4K,58,0
Satsunai,left,9,overflow,plus4K,58.2,1
Satsunai,left,9,fluvial_scour,plus4K,58.2,0
Satsunai,left,9,overflow,plus4K,58.4,1
Satsunai,left,9,fluvial_scour,plus4K,58.4,0
Satsunai,left,9,overflow,plus4K,58.6,1
Satsunai,left,9,fluvial_scour,plus4K,58.6,0
Satsunai,left,9,overflow,plus4K,58.8,1
Satsunai,left,9,fluvial_scour,plus4K,58.8,0
Satsunai,left,9,overflow,plus4K,59,1
Satsunai,left,9,fluvial_scour,plus4K,59,0
Satsunai,left,9,overflow,plus4K,59.2,1
Satsunai,left,9,fluvial_scour,plus4K,59.2,0
Satsunai,left,9,overflow,plus4K,59.4,1
Satsunai,left,9,fluvial_scour,plus4K,59.4,0
Satsunai,left,9,overflow,plus4K,59.6,1
Satsunai,left,9,fluvial_scour,plus4K,59.6,0
Satsunai,left,9.2,overflow,plus4K,53.6,0
Satsunai,left,9.2,fluvial_scour,plus4K,53.6,0
Satsunai,left,9.2,overflow,plus4K,53.8,0
Satsunai,left,9.2,fluvial_scour,plus4K,53.8,0
Satsunai,left,9.2,overflow,plus4K,54,0
Satsunai,left,9.2,fluvial_scour,plus4K,54,0
Satsunai,left,9.2,overflow,plus4K,54.2,0
Satsunai,left,9.2,fluvial_scour,plus4K,54.2,0
Satsunai,left,9.2,overflow,plus4K,54.4,0
Satsunai,left,9.2,fluvial_scour,plus4K,54.4,0
Satsunai,left,9.2,overflow,plus4K,54.6,0
Satsunai,left,9.2,fluvial_scour,plus4K,54.6,0
Satsunai,left,9.2,overflow,plus4K,54.8,0
Satsunai,left,9.2,fluvial_scour,plus4K,54.8,0
Satsunai,left,9.2,overflow,plus4K,55,0
Satsunai,left,9.2,fluvial_scour,plus4K,55,0
Satsunai,left,9.2,overflow,plus4K,55.2,0
Satsunai,left,9.2,fluvial_scour,plus4K,55.2,0
Satsunai,left,9.2,overflow,plus4K,55.4,0
Satsunai,left,9.2,fluvial_scour,plus4K,55.4,0
Satsunai,left,9.2,overflow,plus4K,55.6,0
Satsunai,left,9.2,fluvial_scour,plus4K,55.6,0
Satsunai,left,9.2,overflow,plus4K,55.8,0
Satsunai,left,9.2,fluvial_scour,plus4K,55.8,0
Satsunai,left,9.2,overflow,plus4K,56,0
Satsunai,left,9.2,fluvial_scour,plus4K,56,0
Satsunai,left,9.2,overflow,plus4K,56.2,0
Satsunai,left,9.2,fluvial_scour,plus4K,56.2,0
Satsunai,left,9.2,overflow,plus4K,56.4,0
Satsunai,left,9.2,fluvial_scour,plus4K,56.4,0
Satsunai,left,9.2,overflow,plus4K,56.6,0
Satsunai,left,9.2,fluvial_scour,plus4K,56.6,0
Satsunai,left,9.2,overflow,plus4K,56.8,0.0004
Satsunai,left,9.2,fluvial_scour,plus4K,56.8,0
Satsunai,left,9.2,overflow,plus4K,57,0.005
Satsunai,left,9.2,fluvial_scour,plus4K,57,0
Satsunai,left,9.2,overflow,plus4K,57.2,0.0309
Satsunai,left,9.2,fluvial_scour,plus4K,57.2,0
Satsunai,left,9.2,overflow,plus4K,57.4,0.1219
Satsunai,left,9.2,fluvial_scour,plus4K,57.4,0
Satsunai,left,9.2,overflow,plus4K,57.6,0.3218
Satsunai,left,9.2,fluvial_scour,plus4K,57.6,0
Satsunai,left,9.2,overflow,plus4K,57.8,0.6015
Satsunai,left,9.2,fluvial_scour,plus4K,57.8,0
Satsunai,left,9.2,overflow,plus4K,58,0.8276
Satsunai,left,9.2,fluvial_scour,plus4K,58,0
Satsunai,left,9.2,overflow,plus4K,58.2,0.9519
Satsunai,left,9.2,fluvial_scour,plus4K,58.2,0
Satsunai,left,9.2,overflow,plus4K,58.4,0.9902
Satsunai,left,9.2,fluvial_scour,plus4K,58.4,0
Satsunai,left,9.2,overflow,plus4K,58.6,0.9987
Satsunai,left,9.2,fluvial_scour,plus4K,58.6,0
Satsunai,left,9.2,overflow,plus4K,58.8,1
Satsunai,left,9.2,fluvial_scour,plus4K,58.8,0
Satsunai,left,9.2,overflow,plus4K,59,1
Satsunai,left,9.2,fluvial_scour,plus4K,59,0
Satsunai,left,9.2,overflow,plus4K,59.2,1
Satsunai,left,9.2,fluvial_scour,plus4K,59.2,0
Satsunai,left,9.2,overflow,plus4K,59.4,1
Satsunai,left,9.2,fluvial_scour,plus4K,59.4,0
Satsunai,left,9.2,overflow,plus4K,59.6,1
Satsunai,left,9.2,fluvial_scour,plus4K,59.6,0
Satsunai,left,9.2,overflow,plus4K,59.8,1
Satsunai,left,9.2,fluvial_scour,plus4K,59.8,0
Satsunai,left,9.2,overflow,plus4K,60,1
Satsunai,left,9.2,fluvial_scour,plus4K,60,0
Satsunai,left,9.2,overflow,plus4K,60.2,1
Satsunai,left,9.2,fluvial_scour,plus4K,60.2,0
Satsunai,left,9.2,overflow,plus4K,60.4,1
Satsunai,left,9.2,fluvial_scour,plus4K,60.4,0
Satsunai,left,9.2,overflow,plus4K,60.6,1
Satsunai,left,9.2,fluvial_scour,plus4K,60.6,0
Satsunai,left,9.4,overflow,plus4K,54.2,0
Satsunai,left,9.4,fluvial_scour,plus4K,54.2,0
Satsunai,left,9.4,overflow,plus4K,54.4,0
Satsunai,left,9.4,fluvial_scour,plus4K,54.4,0
Satsunai,left,9.4,overflow,plus4K,54.6,0
Satsunai,left,9.4,fluvial_scour,plus4K,54.6,0
Satsunai,left,9.4,overflow,plus4K,54.8,0
Satsunai,left,9.4,fluvial_scour,plus4K,54.8,0
Satsunai,left,9.4,overflow,plus4K,55,0
Satsunai,left,9.4,fluvial_scour,plus4K,55,0
Satsunai,left,9.4,overflow,plus4K,55.2,0
Satsunai,left,9.4,fluvial_scour,plus4K,55.2,0
Satsunai,left,9.4,overflow,plus4K,55.4,0
Satsunai,left,9.4,fluvial_scour,plus4K,55.4,0
Satsunai,left,9.4,overflow,plus4K,55.6,0
Satsunai,left,9.4,fluvial_scour,plus4K,55.6,0
Satsunai,left,9.4,overflow,plus4K,55.8,0
Satsunai,left,9.4,fluvial_scour,plus4K,55.8,0
Satsunai,left,9.4,overflow,plus4K,56,0
Satsunai,left,9.4,fluvial_scour,plus4K,56,0
Satsunai,left,9.4,overflow,plus4K,56.2,0.0002
Satsunai,left,9.4,fluvial_scour,plus4K,56.2,0
Satsunai,left,9.4,overflow,plus4K,56.4,0.0006
Satsunai,left,9.4,fluvial_scour,plus4K,56.4,0
Satsunai,left,9.4,overflow,plus4K,56.6,0.0013
Satsunai,left,9.4,fluvial_scour,plus4K,56.6,0
Satsunai,left,9.4,overflow,plus4K,56.8,0.0023
Satsunai,left,9.4,fluvial_scour,plus4K,56.8,0
Satsunai,left,9.4,overflow,plus4K,57,0.0044
Satsunai,left,9.4,fluvial_scour,plus4K,57,0
Satsunai,left,9.4,overflow,plus4K,57.2,0.0073
Satsunai,left,9.4,fluvial_scour,plus4K,57.2,0
Satsunai,left,9.4,overflow,plus4K,57.4,0.0134
Satsunai,left,9.4,fluvial_scour,plus4K,57.4,0
Satsunai,left,9.4,overflow,plus4K,57.6,0.0239
Satsunai,left,9.4,fluvial_scour,plus4K,57.6,0
Satsunai,left,9.4,overflow,plus4K,57.8,0.038
Satsunai,left,9.4,fluvial_scour,plus4K,57.8,0
Satsunai,left,9.4,overflow,plus4K,58,0.0618
Satsunai,left,9.4,fluvial_scour,plus4K,58,0
Satsunai,left,9.4,overflow,plus4K,58.2,0.0965
Satsunai,left,9.4,fluvial_scour,plus4K,58.2,0
Satsunai,left,9.4,overflow,plus4K,58.4,0.1466
Satsunai,left,9.4,fluvial_scour,plus4K,58.4,0
Satsunai,left,9.4,overflow,plus4K,58.6,0.2079
Satsunai,left,9.4,fluvial_scour,plus4K,58.6,0
Satsunai,left,9.4,overflow,plus4K,58.8,0.2907
Satsunai,left,9.4,fluvial_scour,plus4K,58.8,0
Satsunai,left,9.4,overflow,plus4K,59,0.3739
Satsunai,left,9.4,fluvial_scour,plus4K,59,0
Satsunai,left,9.4,overflow,plus4K,59.2,0.466
Satsunai,left,9.4,fluvial_scour,plus4K,59.2,0
Satsunai,left,9.4,overflow,plus4K,59.4,0.5635
Satsunai,left,9.4,fluvial_scour,plus4K,59.4,0
Satsunai,left,9.4,overflow,plus4K,59.6,0.6524
Satsunai,left,9.4,fluvial_scour,plus4K,59.6,0
Satsunai,left,9.4,overflow,plus4K,59.8,0.733
Satsunai,left,9.4,fluvial_scour,plus4K,59.8,0
Satsunai,left,9.4,overflow,plus4K,60,0.8087
Satsunai,left,9.4,fluvial_scour,plus4K,60,0
Satsunai,left,9.4,overflow,plus4K,60.2,0.8687
Satsunai,left,9.4,fluvial_scour,plus4K,60.2,0
Satsunai,left,9.4,overflow,plus4K,60.4,0.9174
Satsunai,left,9.4,fluvial_scour,plus4K,60.4,0
Satsunai,left,9.4,overflow,plus4K,60.6,0.949
Satsunai,left,9.4,fluvial_scour,plus4K,60.6,0
Satsunai,left,9.4,overflow,plus4K,60.8,0.9676
Satsunai,left,9.4,fluvial_scour,plus4K,60.8,0
Satsunai,left,9.4,overflow,plus4K,61,0.98
Satsunai,left,9.4,fluvial_scour,plus4K,61,0
Satsunai,left,9.4,overflow,plus4K,61.2,0.99
Satsunai,left,9.4,fluvial_scour,plus4K,61.2,0
Satsunai,left,9.4,overflow,plus4K,61.4,0.9946
Satsunai,left,9.4,fluvial_scour,plus4K,61.4,0
Satsunai,left,9.4,overflow,plus4K,61.6,0.9974
Satsunai,left,9.4,fluvial_scour,plus4K,61.6,0
Satsunai,left,9.4,overflow,plus4K,61.8,0.9991
Satsunai,left,9.4,fluvial_scour,plus4K,61.8,0
Satsunai,left,9.4,overflow,plus4K,62,0.9996
Satsunai,left,9.4,fluvial_scour,plus4K,62,0
Satsunai,left,9.6,overflow,plus4K,55,0
Satsunai,left,9.6,fluvial_scour,plus4K,55,0
Satsunai,left,9.6,overflow,plus4K,55.2,0
Satsunai,left,9.6,fluvial_scour,plus4K,55.2,0
Satsunai,left,9.6,overflow,plus4K,55.4,0
Satsunai,left,9.6,fluvial_scour,plus4K,55.4,0
Satsunai,left,9.6,overflow,plus4K,55.6,0
Satsunai,left,9.6,fluvial_scour,plus4K,55.6,0
Satsunai,left,9.6,overflow,plus4K,55.8,0
Satsunai,left,9.6,fluvial_scour,plus4K,55.8,0
Satsunai,left,9.6,overflow,plus4K,56,0
Satsunai,left,9.6,fluvial_scour,plus4K,56,0
Satsunai,left,9.6,overflow,plus4K,56.2,0
Satsunai,left,9.6,fluvial_scour,plus4K,56.2,0
Satsunai,left,9.6,overflow,plus4K,56.4,0
Satsunai,left,9.6,fluvial_scour,plus4K,56.4,0
Satsunai,left,9.6,overflow,plus4K,56.6,0
Satsunai,left,9.6,fluvial_scour,plus4K,56.6,0
Satsunai,left,9.6,overflow,plus4K,56.8,0
Satsunai,left,9.6,fluvial_scour,plus4K,56.8,0
Satsunai,left,9.6,overflow,plus4K,57,0
Satsunai,left,9.6,fluvial_scour,plus4K,57,0
Satsunai,left,9.6,overflow,plus4K,57.2,0
Satsunai,left,9.6,fluvial_scour,plus4K,57.2,0
Satsunai,left,9.6,overflow,plus4K,57.4,0
Satsunai,left,9.6,fluvial_scour,plus4K,57.4,0
Satsunai,left,9.6,overflow,plus4K,57.6,0
Satsunai,left,9.6,fluvial_scour,plus4K,57.6,0
Satsunai,left,9.6,overflow,plus4K,57.8,0
Satsunai,left,9.6,fluvial_scour,plus4K,57.8,0
Satsunai,left,9.6,overflow,plus4K,58,0
Satsunai,left,9.6,fluvial_scour,plus4K,58,0
Satsunai,left,9.6,overflow,plus4K,58.2,0
Satsunai,left,9.6,fluvial_scour,plus4K,58.2,0
Satsunai,left,9.6,overflow,plus4K,58.4,0
Satsunai,left,9.6,fluvial_scour,plus4K,58.4,0
Satsunai,left,9.6,overflow,plus4K,58.6,0
Satsunai,left,9.6,fluvial_scour,plus4K,58.6,0
Satsunai,left,9.6,overflow,plus4K,58.8,0.0001
Satsunai,left,9.6,fluvial_scour,plus4K,58.8,0
Satsunai,left,9.6,overflow,plus4K,59,0.0006
Satsunai,left,9.6,fluvial_scour,plus4K,59,0
Satsunai,left,9.6,overflow,plus4K,59.2,0.0028
Satsunai,left,9.6,fluvial_scour,plus4K,59.2,0
Satsunai,left,9.6,overflow,plus4K,59.4,0.0217
Satsunai,left,9.6,fluvial_scour,plus4K,59.4,0
Satsunai,left,9.6,overflow,plus4K,59.6,0.085
Satsunai,left,9.6,fluvial_scour,plus4K,59.6,0
Satsunai,left,9.6,overflow,plus4K,59.8,0.2397
Satsunai,left,9.6,fluvial_scour,plus4K,59.8,0
Satsunai,left,9.6,overflow,plus4K,60,0.4883
Satsunai,left,9.6,fluvial_scour,plus4K,60,0
Satsunai,left,9.6,overflow,plus4K,60.2,0.7304
Satsunai,left,9.6,fluvial_scour,plus4K,60.2,0
Satsunai,left,9.6,overflow,plus4K,60.4,0.8899
Satsunai,left,9.6,fluvial_scour,plus4K,60.4,0
Satsunai,left,9.6,overflow,plus4K,60.6,0.9715
Satsunai,left,9.6,fluvial_scour,plus4K,60.6,0
Satsunai,left,9.6,overflow,plus4K,60.8,0.9948
Satsunai,left,9.6,fluvial_scour,plus4K,60.8,0
Satsunai,left,9.6,overflow,plus4K,61,0.9995
Satsunai,left,9.6,fluvial_scour,plus4K,61,0
Satsunai,left,9.6,overflow,plus4K,61.2,1
Satsunai,left,9.6,fluvial_scour,plus4K,61.2,0
Satsunai,left,9.6,overflow,plus4K,61.4,1
Satsunai,left,9.6,fluvial_scour,plus4K,61.4,0
Satsunai,left,9.6,overflow,plus4K,61.6,1
Satsunai,left,9.6,fluvial_scour,plus4K,61.6,0
Satsunai,left,9.6,overflow,plus4K,61.8,1
Satsunai,left,9.6,fluvial_scour,plus4K,61.8,0
Satsunai,left,9.6,overflow,plus4K,62,1
Satsunai,left,9.6,fluvial_scour,plus4K,62,0
Satsunai,left,9.6,overflow,plus4K,62.2,1
Satsunai,left,9.6,fluvial_scour,plus4K,62.2,0
Satsunai,left,9.6,overflow,plus4K,62.4,1
Satsunai,left,9.6,fluvial_scour,plus4K,62.4,0
Satsunai,left,9.6,overflow,plus4K,62.6,1
Satsunai,left,9.6,fluvial_scour,plus4K,62.6,0
Satsunai,left,9.6,overflow,plus4K,62.8,1
Satsunai,left,9.6,fluvial_scour,plus4K,62.8,0
Satsunai,left,9.8,overflow,plus4K,56,0
Satsunai,left,9.8,fluvial_scour,plus4K,56,0
Satsunai,left,9.8,overflow,plus4K,56.2,0
Satsunai,left,9.8,fluvial_scour,plus4K,56.2,0
Satsunai,left,9.8,overflow,plus4K,56.4,0
Satsunai,left,9.8,fluvial_scour,plus4K,56.4,0
Satsunai,left,9.8,overflow,plus4K,56.6,0
Satsunai,left,9.8,fluvial_scour,plus4K,56.6,0
Satsunai,left,9.8,overflow,plus4K,56.8,0
Satsunai,left,9.8,fluvial_scour,plus4K,56.8,0
Satsunai,left,9.8,overflow,plus4K,57,0
Satsunai,left,9.8,fluvial_scour,plus4K,57,0
Satsunai,left,9.8,overflow,plus4K,57.2,0
Satsunai,left,9.8,fluvial_scour,plus4K,57.2,0
Satsunai,left,9.8,overflow,plus4K,57.4,0
Satsunai,left,9.8,fluvial_scour,plus4K,57.4,0
Satsunai,left,9.8,overflow,plus4K,57.6,0
Satsunai,left,9.8,fluvial_scour,plus4K,57.6,0
Satsunai,left,9.8,overflow,plus4K,57.8,0
Satsunai,left,9.8,fluvial_scour,plus4K,57.8,0
Satsunai,left,9.8,overflow,plus4K,58,0
Satsunai,left,9.8,fluvial_scour,plus4K,58,0
Satsunai,left,9.8,overflow,plus4K,58.2,0
Satsunai,left,9.8,fluvial_scour,plus4K,58.2,0
Satsunai,left,9.8,overflow,plus4K,58.4,0
Satsunai,left,9.8,fluvial_scour,plus4K,58.4,0
Satsunai,left,9.8,overflow,plus4K,58.6,0
Satsunai,left,9.8,fluvial_scour,plus4K,58.6,0
Satsunai,left,9.8,overflow,plus4K,58.8,0
Satsunai,left,9.8,fluvial_scour,plus4K,58.8,0
Satsunai,left,9.8,overflow,plus4K,59,0
Satsunai,left,9.8,fluvial_scour,plus4K,59,0
Satsunai,left,9.8,overflow,plus4K,59.2,0
Satsunai,left,9.8,fluvial_scour,plus4K,59.2,0
Satsunai,left,9.8,overflow,plus4K,59.4,0
Satsunai,left,9.8,fluvial_scour,plus4K,59.4,0
Satsunai,left,9.8,overflow,plus4K,59.6,0.0001
Satsunai,left,9.8,fluvial_scour,plus4K,59.6,0
Satsunai,left,9.8,overflow,plus4K,59.8,0.0002
Satsunai,left,9.8,fluvial_scour,plus4K,59.8,0
Satsunai,left,9.8,overflow,plus4K,60,0.0032
Satsunai,left,9.8,fluvial_scour,plus4K,60,0
Satsunai,left,9.8,overflow,plus4K,60.2,0.0177
Satsunai,left,9.8,fluvial_scour,plus4K,60.2,0
Satsunai,left,9.8,overflow,plus4K,60.4,0.0771
Satsunai,left,9.8,fluvial_scour,plus4K,60.4,0
Satsunai,left,9.8,overflow,plus4K,60.6,0.2396
Satsunai,left,9.8,fluvial_scour,plus4K,60.6,0
Satsunai,left,9.8,overflow,plus4K,60.8,0.5001
Satsunai,left,9.8,fluvial_scour,plus4K,60.8,0
Satsunai,left,9.8,overflow,plus4K,61,0.7611
Satsunai,left,9.8,fluvial_scour,plus4K,61,0
Satsunai,left,9.8,overflow,plus4K,61.2,0.9243
Satsunai,left,9.8,fluvial_scour,plus4K,61.2,0
Satsunai,left,9.8,overflow,plus4K,61.4,0.9851
Satsunai,left,9.8,fluvial_scour,plus4K,61.4,0
Satsunai,left,9.8,overflow,plus4K,61.6,0.9982
Satsunai,left,9.8,fluvial_scour,plus4K,61.6,0
Satsunai,left,9.8,overflow,plus4K,61.8,0.9999
Satsunai,left,9.8,fluvial_scour,plus4K,61.8,0
Satsunai,left,9.8,overflow,plus4K,62,1
Satsunai,left,9.8,fluvial_scour,plus4K,62,0
Satsunai,left,9.8,overflow,plus4K,62.2,1
Satsunai,left,9.8,fluvial_scour,plus4K,62.2,0
Satsunai,left,9.8,overflow,plus4K,62.4,1
Satsunai,left,9.8,fluvial_scour,plus4K,62.4,0
Satsunai,left,9.8,overflow,plus4K,62.6,1
Satsunai,left,9.8,fluvial_scour,plus4K,62.6,0
Satsunai,left,9.8,overflow,plus4K,62.8,1
Satsunai,left,9.8,fluvial_scour,plus4K,62.8,0
Satsunai,left,9.8,overflow,plus4K,63,1
Satsunai,left,9.8,fluvial_scour,plus4K,63,0
Satsunai,left,9.8,overflow,plus4K,63.2,1
Satsunai,left,9.8,fluvial_scour,plus4K,63.2,0
Satsunai,left,9.8,overflow,plus4K,63.4,1
Satsunai,left,9.8,fluvial_scour,plus4K,63.4,0
Satsunai,left,9.8,overflow,plus4K,63.6,1
Satsunai,left,9.8,fluvial_scour,plus4K,63.6,0
Satsunai,left,10,overflow,plus4K,56.4,0
Satsunai,left,10,fluvial_scour,plus4K,56.4,0
Satsunai,left,10,overflow,plus4K,56.6,0
Satsunai,left,10,fluvial_scour,plus4K,56.6,0
Satsunai,left,10,overflow,plus4K,56.8,0
Satsunai,left,10,fluvial_scour,plus4K,56.8,0
Satsunai,left,10,overflow,plus4K,57,0
Satsunai,left,10,fluvial_scour,plus4K,57,0
Satsunai,left,10,overflow,plus4K,57.2,0
Satsunai,left,10,fluvial_scour,plus4K,57.2,0
Satsunai,left,10,overflow,plus4K,57.4,0
Satsunai,left,10,fluvial_scour,plus4K,57.4,0
Satsunai,left,10,overflow,plus4K,57.6,0
Satsunai,left,10,fluvial_scour,plus4K,57.6,0
Satsunai,left,10,overflow,plus4K,57.8,0
Satsunai,left,10,fluvial_scour,plus4K,57.8,0
Satsunai,left,10,overflow,plus4K,58,0
Satsunai,left,10,fluvial_scour,plus4K,58,0
Satsunai,left,10,overflow,plus4K,58.2,0
Satsunai,left,10,fluvial_scour,plus4K,58.2,0
Satsunai,left,10,overflow,plus4K,58.4,0
Satsunai,left,10,fluvial_scour,plus4K,58.4,0
Satsunai,left,10,overflow,plus4K,58.6,0
Satsunai,left,10,fluvial_scour,plus4K,58.6,0
Satsunai,left,10,overflow,plus4K,58.8,0
Satsunai,left,10,fluvial_scour,plus4K,58.8,0
Satsunai,left,10,overflow,plus4K,59,0
Satsunai,left,10,fluvial_scour,plus4K,59,0
Satsunai,left,10,overflow,plus4K,59.2,0
Satsunai,left,10,fluvial_scour,plus4K,59.2,0
Satsunai,left,10,overflow,plus4K,59.4,0
Satsunai,left,10,fluvial_scour,plus4K,59.4,0
Satsunai,left,10,overflow,plus4K,59.6,0
Satsunai,left,10,fluvial_scour,plus4K,59.6,0
Satsunai,left,10,overflow,plus4K,59.8,0
Satsunai,left,10,fluvial_scour,plus4K,59.8,0
Satsunai,left,10,overflow,plus4K,60,0
Satsunai,left,10,fluvial_scour,plus4K,60,0
Satsunai,left,10,overflow,plus4K,60.2,0
Satsunai,left,10,fluvial_scour,plus4K,60.2,0
Satsunai,left,10,overflow,plus4K,60.4,0
Satsunai,left,10,fluvial_scour,plus4K,60.4,0
Satsunai,left,10,overflow,plus4K,60.6,0.0009
Satsunai,left,10,fluvial_scour,plus4K,60.6,0
Satsunai,left,10,overflow,plus4K,60.8,0.0081
Satsunai,left,10,fluvial_scour,plus4K,60.8,0
Satsunai,left,10,overflow,plus4K,61,0.0466
Satsunai,left,10,fluvial_scour,plus4K,61,0
Satsunai,left,10,overflow,plus4K,61.2,0.166
Satsunai,left,10,fluvial_scour,plus4K,61.2,0
Satsunai,left,10,overflow,plus4K,61.4,0.3968
Satsunai,left,10,fluvial_scour,plus4K,61.4,0
Satsunai,left,10,overflow,plus4K,61.6,0.6696
Satsunai,left,10,fluvial_scour,plus4K,61.6,0
Satsunai,left,10,overflow,plus4K,61.8,0.872
Satsunai,left,10,fluvial_scour,plus4K,61.8,0
Satsunai,left,10,overflow,plus4K,62,0.9684
Satsunai,left,10,fluvial_scour,plus4K,62,0
Satsunai,left,10,overflow,plus4K,62.2,0.9954
Satsunai,left,10,fluvial_scour,plus4K,62.2,0
Satsunai,left,10,overflow,plus4K,62.4,0.999
Satsunai,left,10,fluvial_scour,plus4K,62.4,0
Satsunai,left,10,overflow,plus4K,62.6,1
Satsunai,left,10,fluvial_scour,plus4K,62.6,0
Satsunai,left,10,overflow,plus4K,62.8,1
Satsunai,left,10,fluvial_scour,plus4K,62.8,0
Satsunai,left,10,overflow,plus4K,63,1
Satsunai,left,10,fluvial_scour,plus4K,63,0
Satsunai,left,10,overflow,plus4K,63.2,1
Satsunai,left,10,fluvial_scour,plus4K,63.2,0
Satsunai,left,10,overflow,plus4K,63.4,1
Satsunai,left,10,fluvial_scour,plus4K,63.4,0
Satsunai,left,10,overflow,plus4K,63.6,1
Satsunai,left,10,fluvial_scour,plus4K,63.6,0
Satsunai,left,10,overflow,plus4K,63.8,1
Satsunai,left,10,fluvial_scour,plus4K,63.8,0
Satsunai,left,10,overflow,plus4K,64,1
Satsunai,left,10,fluvial_scour,plus4K,64,0
Satsunai,left,10,overflow,plus4K,64.2,1
Satsunai,left,10,fluvial_scour,plus4K,64.2,0
Satsunai,left,10.2,overflow,plus4K,57.6,0
Satsunai,left,10.2,fluvial_scour,plus4K,57.6,0
Satsunai,left,10.2,overflow,plus4K,57.8,0
Satsunai,left,10.2,fluvial_scour,plus4K,57.8,0
Satsunai,left,10.2,overflow,plus4K,58,0
Satsunai,left,10.2,fluvial_scour,plus4K,58,0
Satsunai,left,10.2,overflow,plus4K,58.2,0
Satsunai,left,10.2,fluvial_scour,plus4K,58.2,0
Satsunai,left,10.2,overflow,plus4K,58.4,0
Satsunai,left,10.2,fluvial_scour,plus4K,58.4,0
Satsunai,left,10.2,overflow,plus4K,58.6,0
Satsunai,left,10.2,fluvial_scour,plus4K,58.6,0
Satsunai,left,10.2,overflow,plus4K,58.8,0
Satsunai,left,10.2,fluvial_scour,plus4K,58.8,0
Satsunai,left,10.2,overflow,plus4K,59,0
Satsunai,left,10.2,fluvial_scour,plus4K,59,0
Satsunai,left,10.2,overflow,plus4K,59.2,0
Satsunai,left,10.2,fluvial_scour,plus4K,59.2,0
Satsunai,left,10.2,overflow,plus4K,59.4,0
Satsunai,left,10.2,fluvial_scour,plus4K,59.4,0
Satsunai,left,10.2,overflow,plus4K,59.6,0
Satsunai,left,10.2,fluvial_scour,plus4K,59.6,0
Satsunai,left,10.2,overflow,plus4K,59.8,0
Satsunai,left,10.2,fluvial_scour,plus4K,59.8,0
Satsunai,left,10.2,overflow,plus4K,60,0
Satsunai,left,10.2,fluvial_scour,plus4K,60,0
Satsunai,left,10.2,overflow,plus4K,60.2,0
Satsunai,left,10.2,fluvial_scour,plus4K,60.2,0
Satsunai,left,10.2,overflow,plus4K,60.4,0
Satsunai,left,10.2,fluvial_scour,plus4K,60.4,0
Satsunai,left,10.2,overflow,plus4K,60.6,0
Satsunai,left,10.2,fluvial_scour,plus4K,60.6,0
Satsunai,left,10.2,overflow,plus4K,60.8,0
Satsunai,left,10.2,fluvial_scour,plus4K,60.8,0
Satsunai,left,10.2,overflow,plus4K,61,0
Satsunai,left,10.2,fluvial_scour,plus4K,61,0
Satsunai,left,10.2,overflow,plus4K,61.2,0
Satsunai,left,10.2,fluvial_scour,plus4K,61.2,0
Satsunai,left,10.2,overflow,plus4K,61.4,0.0002
Satsunai,left,10.2,fluvial_scour,plus4K,61.4,0
Satsunai,left,10.2,overflow,plus4K,61.6,0.0052
Satsunai,left,10.2,fluvial_scour,plus4K,61.6,0
Satsunai,left,10.2,overflow,plus4K,61.8,0.0346
Satsunai,left,10.2,fluvial_scour,plus4K,61.8,0
Satsunai,left,10.2,overflow,plus4K,62,0.1331
Satsunai,left,10.2,fluvial_scour,plus4K,62,0
Satsunai,left,10.2,overflow,plus4K,62.2,0.3405
Satsunai,left,10.2,fluvial_scour,plus4K,62.2,0
Satsunai,left,10.2,overflow,plus4K,62.4,0.6148
Satsunai,left,10.2,fluvial_scour,plus4K,62.4,0
Satsunai,left,10.2,overflow,plus4K,62.6,0.8389
Satsunai,left,10.2,fluvial_scour,plus4K,62.6,0
Satsunai,left,10.2,overflow,plus4K,62.8,0.9536
Satsunai,left,10.2,fluvial_scour,plus4K,62.8,0
Satsunai,left,10.2,overflow,plus4K,63,0.9922
Satsunai,left,10.2,fluvial_scour,plus4K,63,0
Satsunai,left,10.2,overflow,plus4K,63.2,0.9991
Satsunai,left,10.2,fluvial_scour,plus4K,63.2,0
Satsunai,left,10.2,overflow,plus4K,63.4,0.9998
Satsunai,left,10.2,fluvial_scour,plus4K,63.4,0
Satsunai,left,10.2,overflow,plus4K,63.6,0.9999
Satsunai,left,10.2,fluvial_scour,plus4K,63.6,0
Satsunai,left,10.2,overflow,plus4K,63.8,1
Satsunai,left,10.2,fluvial_scour,plus4K,63.8,0
Satsunai,left,10.2,overflow,plus4K,64,1
Satsunai,left,10.2,fluvial_scour,plus4K,64,0
Satsunai,left,10.2,overflow,plus4K,64.2,1
Satsunai,left,10.2,fluvial_scour,plus4K,64.2,0
Satsunai,left,10.2,overflow,plus4K,64.4,1
Satsunai,left,10.2,fluvial_scour,plus4K,64.4,0
Satsunai,left,10.2,overflow,plus4K,64.6,1
Satsunai,left,10.2,fluvial_scour,plus4K,64.6,0
Satsunai,left,10.2,overflow,plus4K,64.8,1
Satsunai,left,10.2,fluvial_scour,plus4K,64.8,0
Satsunai,left,10.2,overflow,plus4K,65,1
Satsunai,left,10.2,fluvial_scour,plus4K,65,0
Satsunai,left,10.4,overflow,plus4K,58.2,0
Satsunai,left,10.4,fluvial_scour,plus4K,58.2,0
Satsunai,left,10.4,overflow,plus4K,58.4,0
Satsunai,left,10.4,fluvial_scour,plus4K,58.4,0
Satsunai,left,10.4,overflow,plus4K,58.6,0
Satsunai,left,10.4,fluvial_scour,plus4K,58.6,0
Satsunai,left,10.4,overflow,plus4K,58.8,0
Satsunai,left,10.4,fluvial_scour,plus4K,58.8,0
Satsunai,left,10.4,overflow,plus4K,59,0
Satsunai,left,10.4,fluvial_scour,plus4K,59,0
Satsunai,left,10.4,overflow,plus4K,59.2,0
Satsunai,left,10.4,fluvial_scour,plus4K,59.2,0
Satsunai,left,10.4,overflow,plus4K,59.4,0
Satsunai,left,10.4,fluvial_scour,plus4K,59.4,0
Satsunai,left,10.4,overflow,plus4K,59.6,0
Satsunai,left,10.4,fluvial_scour,plus4K,59.6,0
Satsunai,left,10.4,overflow,plus4K,59.8,0
Satsunai,left,10.4,fluvial_scour,plus4K,59.8,0
Satsunai,left,10.4,overflow,plus4K,60,0
Satsunai,left,10.4,fluvial_scour,plus4K,60,0
Satsunai,left,10.4,overflow,plus4K,60.2,0
Satsunai,left,10.4,fluvial_scour,plus4K,60.2,0
Satsunai,left,10.4,overflow,plus4K,60.4,0
Satsunai,left,10.4,fluvial_scour,plus4K,60.4,0
Satsunai,left,10.4,overflow,plus4K,60.6,0
Satsunai,left,10.4,fluvial_scour,plus4K,60.6,0
Satsunai,left,10.4,overflow,plus4K,60.8,0
Satsunai,left,10.4,fluvial_scour,plus4K,60.8,0
Satsunai,left,10.4,overflow,plus4K,61,0
Satsunai,left,10.4,fluvial_scour,plus4K,61,0
Satsunai,left,10.4,overflow,plus4K,61.2,0
Satsunai,left,10.4,fluvial_scour,plus4K,61.2,0
Satsunai,left,10.4,overflow,plus4K,61.4,0
Satsunai,left,10.4,fluvial_scour,plus4K,61.4,0
Satsunai,left,10.4,overflow,plus4K,61.6,0
Satsunai,left,10.4,fluvial_scour,plus4K,61.6,0
Satsunai,left,10.4,overflow,plus4K,61.8,0
Satsunai,left,10.4,fluvial_scour,plus4K,61.8,0
Satsunai,left,10.4,overflow,plus4K,62,0.0008
Satsunai,left,10.4,fluvial_scour,plus4K,62,0
Satsunai,left,10.4,overflow,plus4K,62.2,0.0072
Satsunai,left,10.4,fluvial_scour,plus4K,62.2,0
Satsunai,left,10.4,overflow,plus4K,62.4,0.0438
Satsunai,left,10.4,fluvial_scour,plus4K,62.4,0
Satsunai,left,10.4,overflow,plus4K,62.6,0.1522
Satsunai,left,10.4,fluvial_scour,plus4K,62.6,0
Satsunai,left,10.4,overflow,plus4K,62.8,0.3713
Satsunai,left,10.4,fluvial_scour,plus4K,62.8,0
Satsunai,left,10.4,overflow,plus4K,63,0.6465
Satsunai,left,10.4,fluvial_scour,plus4K,63,0
Satsunai,left,10.4,overflow,plus4K,63.2,0.8579
Satsunai,left,10.4,fluvial_scour,plus4K,63.2,0
Satsunai,left,10.4,overflow,plus4K,63.4,0.9622
Satsunai,left,10.4,fluvial_scour,plus4K,63.4,0
Satsunai,left,10.4,overflow,plus4K,63.6,0.9946
Satsunai,left,10.4,fluvial_scour,plus4K,63.6,0
Satsunai,left,10.4,overflow,plus4K,63.8,0.9993
Satsunai,left,10.4,fluvial_scour,plus4K,63.8,0
Satsunai,left,10.4,overflow,plus4K,64,0.9998
Satsunai,left,10.4,fluvial_scour,plus4K,64,0
Satsunai,left,10.4,overflow,plus4K,64.2,1
Satsunai,left,10.4,fluvial_scour,plus4K,64.2,0
Satsunai,left,10.4,overflow,plus4K,64.4,1
Satsunai,left,10.4,fluvial_scour,plus4K,64.4,0
Satsunai,left,10.4,overflow,plus4K,64.6,1
Satsunai,left,10.4,fluvial_scour,plus4K,64.6,0
Satsunai,left,10.4,overflow,plus4K,64.8,1
Satsunai,left,10.4,fluvial_scour,plus4K,64.8,0
Satsunai,left,10.4,overflow,plus4K,65,1
Satsunai,left,10.4,fluvial_scour,plus4K,65,0
Satsunai,left,10.4,overflow,plus4K,65.2,1
Satsunai,left,10.4,fluvial_scour,plus4K,65.2,0
Satsunai,left,10.4,overflow,plus4K,65.4,1
Satsunai,left,10.4,fluvial_scour,plus4K,65.4,0
Satsunai,left,10.4,overflow,plus4K,65.6,1
Satsunai,left,10.4,fluvial_scour,plus4K,65.6,0
Satsunai,left,10.6,overflow,plus4K,58.8,0
Satsunai,left,10.6,fluvial_scour,plus4K,58.8,0
Satsunai,left,10.6,overflow,plus4K,59,0
Satsunai,left,10.6,fluvial_scour,plus4K,59,0
Satsunai,left,10.6,overflow,plus4K,59.2,0
Satsunai,left,10.6,fluvial_scour,plus4K,59.2,0
Satsunai,left,10.6,overflow,plus4K,59.4,0
Satsunai,left,10.6,fluvial_scour,plus4K,59.4,0
Satsunai,left,10.6,overflow,plus4K,59.6,0
Satsunai,left,10.6,fluvial_scour,plus4K,59.6,0
Satsunai,left,10.6,overflow,plus4K,59.8,0
Satsunai,left,10.6,fluvial_scour,plus4K,59.8,0
Satsunai,left,10.6,overflow,plus4K,60,0
Satsunai,left,10.6,fluvial_scour,plus4K,60,0
Satsunai,left,10.6,overflow,plus4K,60.2,0
Satsunai,left,10.6,fluvial_scour,plus4K,60.2,0
Satsunai,left,10.6,overflow,plus4K,60.4,0
Satsunai,left,10.6,fluvial_scour,plus4K,60.4,0
Satsunai,left,10.6,overflow,plus4K,60.6,0
Satsunai,left,10.6,fluvial_scour,plus4K,60.6,0
Satsunai,left,10.6,overflow,plus4K,60.8,0
Satsunai,left,10.6,fluvial_scour,plus4K,60.8,0
Satsunai,left,10.6,overflow,plus4K,61,0
Satsunai,left,10.6,fluvial_scour,plus4K,61,0
Satsunai,left,10.6,overflow,plus4K,61.2,0
Satsunai,left,10.6,fluvial_scour,plus4K,61.2,0
Satsunai,left,10.6,overflow,plus4K,61.4,0
Satsunai,left,10.6,fluvial_scour,plus4K,61.4,0
Satsunai,left,10.6,overflow,plus4K,61.6,0
Satsunai,left,10.6,fluvial_scour,plus4K,61.6,0
Satsunai,left,10.6,overflow,plus4K,61.8,0
Satsunai,left,10.6,fluvial_scour,plus4K,61.8,0
Satsunai,left,10.6,overflow,plus4K,62,0
Satsunai,left,10.6,fluvial_scour,plus4K,62,0
Satsunai,left,10.6,overflow,plus4K,62.2,0
Satsunai,left,10.6,fluvial_scour,plus4K,62.2,0
Satsunai,left,10.6,overflow,plus4K,62.4,0
Satsunai,left,10.6,fluvial_scour,plus4K,62.4,0
Satsunai,left,10.6,overflow,plus4K,62.6,0.0003
Satsunai,left,10.6,fluvial_scour,plus4K,62.6,0
Satsunai,left,10.6,overflow,plus4K,62.8,0.0033
Satsunai,left,10.6,fluvial_scour,plus4K,62.8,0
Satsunai,left,10.6,overflow,plus4K,63,0.0261
Satsunai,left,10.6,fluvial_scour,plus4K,63,0
Satsunai,left,10.6,overflow,plus4K,63.2,0.1076
Satsunai,left,10.6,fluvial_scour,plus4K,63.2,0
Satsunai,left,10.6,overflow,plus4K,63.4,0.3002
Satsunai,left,10.6,fluvial_scour,plus4K,63.4,0
Satsunai,left,10.6,overflow,plus4K,63.6,0.5732
Satsunai,left,10.6,fluvial_scour,plus4K,63.6,0
Satsunai,left,10.6,overflow,plus4K,63.8,0.8136
Satsunai,left,10.6,fluvial_scour,plus4K,63.8,0
Satsunai,left,10.6,overflow,plus4K,64,0.9456
Satsunai,left,10.6,fluvial_scour,plus4K,64,0
Satsunai,left,10.6,overflow,plus4K,64.2,0.9897
Satsunai,left,10.6,fluvial_scour,plus4K,64.2,0
Satsunai,left,10.6,overflow,plus4K,64.4,0.9984
Satsunai,left,10.6,fluvial_scour,plus4K,64.4,0
Satsunai,left,10.6,overflow,plus4K,64.6,1
Satsunai,left,10.6,fluvial_scour,plus4K,64.6,0
Satsunai,left,10.6,overflow,plus4K,64.8,1
Satsunai,left,10.6,fluvial_scour,plus4K,64.8,0
Satsunai,left,10.6,overflow,plus4K,65,1
Satsunai,left,10.6,fluvial_scour,plus4K,65,0
Satsunai,left,10.6,overflow,plus4K,65.2,1
Satsunai,left,10.6,fluvial_scour,plus4K,65.2,0
Satsunai,left,10.6,overflow,plus4K,65.4,1
Satsunai,left,10.6,fluvial_scour,plus4K,65.4,0
Satsunai,left,10.6,overflow,plus4K,65.6,1
Satsunai,left,10.6,fluvial_scour,plus4K,65.6,0
Satsunai,left,10.6,overflow,plus4K,65.8,1
Satsunai,left,10.6,fluvial_scour,plus4K,65.8,0
Satsunai,left,10.6,overflow,plus4K,66,1
Satsunai,left,10.6,fluvial_scour,plus4K,66,0
Satsunai,left,10.6,overflow,plus4K,66.2,1
Satsunai,left,10.6,fluvial_scour,plus4K,66.2,0
Satsunai,left,10.6,overflow,plus4K,66.4,1
Satsunai,left,10.6,fluvial_scour,plus4K,66.4,0
Satsunai,left,10.8,overflow,plus4K,61.4,0
Satsunai,left,10.8,fluvial_scour,plus4K,61.4,0
Satsunai,left,10.8,overflow,plus4K,61.6,0
Satsunai,left,10.8,fluvial_scour,plus4K,61.6,0
Satsunai,left,10.8,overflow,plus4K,61.8,0
Satsunai,left,10.8,fluvial_scour,plus4K,61.8,0
Satsunai,left,10.8,overflow,plus4K,62,0
Satsunai,left,10.8,fluvial_scour,plus4K,62,0
Satsunai,left,10.8,overflow,plus4K,62.2,0
Satsunai,left,10.8,fluvial_scour,plus4K,62.2,0
Satsunai,left,10.8,overflow,plus4K,62.4,0
Satsunai,left,10.8,fluvial_scour,plus4K,62.4,0
Satsunai,left,10.8,overflow,plus4K,62.6,0
Satsunai,left,10.8,fluvial_scour,plus4K,62.6,0
Satsunai,left,10.8,overflow,plus4K,62.8,0
Satsunai,left,10.8,fluvial_scour,plus4K,62.8,0
Satsunai,left,10.8,overflow,plus4K,63,0
Satsunai,left,10.8,fluvial_scour,plus4K,63,0
Satsunai,left,10.8,overflow,plus4K,63.2,0
Satsunai,left,10.8,fluvial_scour,plus4K,63.2,0
Satsunai,left,10.8,overflow,plus4K,63.4,0
Satsunai,left,10.8,fluvial_scour,plus4K,63.4,0
Satsunai,left,10.8,overflow,plus4K,63.6,0
Satsunai,left,10.8,fluvial_scour,plus4K,63.6,0
Satsunai,left,10.8,overflow,plus4K,63.8,0.0001
Satsunai,left,10.8,fluvial_scour,plus4K,63.8,0
Satsunai,left,10.8,overflow,plus4K,64,0.0031
Satsunai,left,10.8,fluvial_scour,plus4K,64,0
Satsunai,left,10.8,overflow,plus4K,64.2,0.023
Satsunai,left,10.8,fluvial_scour,plus4K,64.2,0
Satsunai,left,10.8,overflow,plus4K,64.4,0.1038
Satsunai,left,10.8,fluvial_scour,plus4K,64.4,0
Satsunai,left,10.8,overflow,plus4K,64.6,0.2913
Satsunai,left,10.8,fluvial_scour,plus4K,64.6,0
Satsunai,left,10.8,overflow,plus4K,64.8,0.5509
Satsunai,left,10.8,fluvial_scour,plus4K,64.8,0
Satsunai,left,10.8,overflow,plus4K,65,0.7952
Satsunai,left,10.8,fluvial_scour,plus4K,65,0
Satsunai,left,10.8,overflow,plus4K,65.2,0.9379
Satsunai,left,10.8,fluvial_scour,plus4K,65.2,0
Satsunai,left,10.8,overflow,plus4K,65.4,0.9883
Satsunai,left,10.8,fluvial_scour,plus4K,65.4,0
Satsunai,left,10.8,overflow,plus4K,65.6,0.998
Satsunai,left,10.8,fluvial_scour,plus4K,65.6,0
Satsunai,left,10.8,overflow,plus4K,65.8,0.9995
Satsunai,left,10.8,fluvial_scour,plus4K,65.8,0
Satsunai,left,10.8,overflow,plus4K,66,1
Satsunai,left,10.8,fluvial_scour,plus4K,66,0
Satsunai,left,10.8,overflow,plus4K,66.2,1
Satsunai,left,10.8,fluvial_scour,plus4K,66.2,0
Satsunai,left,10.8,overflow,plus4K,66.4,1
Satsunai,left,10.8,fluvial_scour,plus4K,66.4,0
Satsunai,left,10.8,overflow,plus4K,66.6,1
Satsunai,left,10.8,fluvial_scour,plus4K,66.6,0
Satsunai,left,10.8,overflow,plus4K,66.8,1
Satsunai,left,10.8,fluvial_scour,plus4K,66.8,0
Satsunai,left,10.8,overflow,plus4K,67,1
Satsunai,left,10.8,fluvial_scour,plus4K,67,0
Satsunai,left,10.8,overflow,plus4K,67.2,1
Satsunai,left,10.8,fluvial_scour,plus4K,67.2,0
Satsunai,left,10.8,overflow,plus4K,67.4,1
Satsunai,left,10.8,fluvial_scour,plus4K,67.4,0
Satsunai,left,10.8,overflow,plus4K,67.6,1
Satsunai,left,10.8,fluvial_scour,plus4K,67.6,0
Satsunai,left,11,overflow,plus4K,61.6,0
Satsunai,left,11,fluvial_scour,plus4K,61.6,0
Satsunai,left,11,overflow,plus4K,61.8,0
Satsunai,left,11,fluvial_scour,plus4K,61.8,0
Satsunai,left,11,overflow,plus4K,62,0
Satsunai,left,11,fluvial_scour,plus4K,62,0
Satsunai,left,11,overflow,plus4K,62.2,0
Satsunai,left,11,fluvial_scour,plus4K,62.2,0
Satsunai,left,11,overflow,plus4K,62.4,0
Satsunai,left,11,fluvial_scour,plus4K,62.4,0
Satsunai,left,11,overflow,plus4K,62.6,0
Satsunai,left,11,fluvial_scour,plus4K,62.6,0
Satsunai,left,11,overflow,plus4K,62.8,0
Satsunai,left,11,fluvial_scour,plus4K,62.8,0
Satsunai,left,11,overflow,plus4K,63,0
Satsunai,left,11,fluvial_scour,plus4K,63,0
Satsunai,left,11,overflow,plus4K,63.2,0
Satsunai,left,11,fluvial_scour,plus4K,63.2,0
Satsunai,left,11,overflow,plus4K,63.4,0
Satsunai,left,11,fluvial_scour,plus4K,63.4,0
Satsunai,left,11,overflow,plus4K,63.6,0
Satsunai,left,11,fluvial_scour,plus4K,63.6,0
Satsunai,left,11,overflow,plus4K,63.8,0
Satsunai,left,11,fluvial_scour,plus4K,63.8,0
Satsunai,left,11,overflow,plus4K,64,0.0001
Satsunai,left,11,fluvial_scour,plus4K,64,0
Satsunai,left,11,overflow,plus4K,64.2,0.0017
Satsunai,left,11,fluvial_scour,plus4K,64.2,0
Satsunai,left,11,overflow,plus4K,64.4,0.0157
Satsunai,left,11,fluvial_scour,plus4K,64.4,0
Satsunai,left,11,overflow,plus4K,64.6,0.0717
Satsunai,left,11,fluvial_scour,plus4K,64.6,0
Satsunai,left,11,overflow,plus4K,64.8,0.2154
Satsunai,left,11,fluvial_scour,plus4K,64.8,0
Satsunai,left,11,overflow,plus4K,65,0.4674
Satsunai,left,11,fluvial_scour,plus4K,65,0
Satsunai,left,11,overflow,plus4K,65.2,0.7299
Satsunai,left,11,fluvial_scour,plus4K,65.2,0
Satsunai,left,11,overflow,plus4K,65.4,0.9066
Satsunai,left,11,fluvial_scour,plus4K,65.4,0
Satsunai,left,11,overflow,plus4K,65.6,0.9785
Satsunai,left,11,fluvial_scour,plus4K,65.6,0
Satsunai,left,11,overflow,plus4K,65.8,0.9957
Satsunai,left,11,fluvial_scour,plus4K,65.8,0
Satsunai,left,11,overflow,plus4K,66,0.9997
Satsunai,left,11,fluvial_scour,plus4K,66,0
Satsunai,left,11,overflow,plus4K,66.2,1
Satsunai,left,11,fluvial_scour,plus4K,66.2,0
Satsunai,left,11,overflow,plus4K,66.4,1
Satsunai,left,11,fluvial_scour,plus4K,66.4,0
Satsunai,left,11,overflow,plus4K,66.6,1
Satsunai,left,11,fluvial_scour,plus4K,66.6,0
Satsunai,left,11,overflow,plus4K,66.8,1
Satsunai,left,11,fluvial_scour,plus4K,66.8,0
Satsunai,left,11,overflow,plus4K,67,1
Satsunai,left,11,fluvial_scour,plus4K,67,0
Satsunai,left,11,overflow,plus4K,67.2,1
Satsunai,left,11,fluvial_scour,plus4K,67.2,0
Satsunai,left,11,overflow,plus4K,67.4,1
Satsunai,left,11,fluvial_scour,plus4K,67.4,0
Satsunai,left,11,overflow,plus4K,67.6,1
Satsunai,left,11,fluvial_scour,plus4K,67.6,0
Satsunai,left,11,overflow,plus4K,67.8,1
Satsunai,left,11,fluvial_scour,plus4K,67.8,0
Satsunai,left,11.2,overflow,plus4K,61.6,0
Satsunai,left,11.2,fluvial_scour,plus4K,61.6,0
Satsunai,left,11.2,overflow,plus4K,61.8,0
Satsunai,left,11.2,fluvial_scour,plus4K,61.8,0
Satsunai,left,11.2,overflow,plus4K,62,0
Satsunai,left,11.2,fluvial_scour,plus4K,62,0
Satsunai,left,11.2,overflow,plus4K,62.2,0
Satsunai,left,11.2,fluvial_scour,plus4K,62.2,0
Satsunai,left,11.2,overflow,plus4K,62.4,0
Satsunai,left,11.2,fluvial_scour,plus4K,62.4,0
Satsunai,left,11.2,overflow,plus4K,62.6,0
Satsunai,left,11.2,fluvial_scour,plus4K,62.6,0
Satsunai,left,11.2,overflow,plus4K,62.8,0
Satsunai,left,11.2,fluvial_scour,plus4K,62.8,0
Satsunai,left,11.2,overflow,plus4K,63,0
Satsunai,left,11.2,fluvial_scour,plus4K,63,0
Satsunai,left,11.2,overflow,plus4K,63.2,0
Satsunai,left,11.2,fluvial_scour,plus4K,63.2,0
Satsunai,left,11.2,overflow,plus4K,63.4,0
Satsunai,left,11.2,fluvial_scour,plus4K,63.4,0
Satsunai,left,11.2,overflow,plus4K,63.6,0
Satsunai,left,11.2,fluvial_scour,plus4K,63.6,0
Satsunai,left,11.2,overflow,plus4K,63.8,0
Satsunai,left,11.2,fluvial_scour,plus4K,63.8,0
Satsunai,left,11.2,overflow,plus4K,64,0
Satsunai,left,11.2,fluvial_scour,plus4K,64,0
Satsunai,left,11.2,overflow,plus4K,64.2,0
Satsunai,left,11.2,fluvial_scour,plus4K,64.2,0
Satsunai,left,11.2,overflow,plus4K,64.4,0
Satsunai,left,11.2,fluvial_scour,plus4K,64.4,0
Satsunai,left,11.2,overflow,plus4K,64.6,0
Satsunai,left,11.2,fluvial_scour,plus4K,64.6,0
Satsunai,left,11.2,overflow,plus4K,64.8,0
Satsunai,left,11.2,fluvial_scour,plus4K,64.8,0
Satsunai,left,11.2,overflow,plus4K,65,0
Satsunai,left,11.2,fluvial_scour,plus4K,65,0
Satsunai,left,11.2,overflow,plus4K,65.2,0.0015
Satsunai,left,11.2,fluvial_scour,plus4K,65.2,0
Satsunai,left,11.2,overflow,plus4K,65.4,0.0129
Satsunai,left,11.2,fluvial_scour,plus4K,65.4,0
Satsunai,left,11.2,overflow,plus4K,65.6,0.0654
Satsunai,left,11.2,fluvial_scour,plus4K,65.6,0
Satsunai,left,11.2,overflow,plus4K,65.8,0.2032
Satsunai,left,11.2,fluvial_scour,plus4K,65.8,0
Satsunai,left,11.2,overflow,plus4K,66,0.4545
Satsunai,left,11.2,fluvial_scour,plus4K,66,0
Satsunai,left,11.2,overflow,plus4K,66.2,0.7167
Satsunai,left,11.2,fluvial_scour,plus4K,66.2,0
Satsunai,left,11.2,overflow,plus4K,66.4,0.8995
Satsunai,left,11.2,fluvial_scour,plus4K,66.4,0
Satsunai,left,11.2,overflow,plus4K,66.6,0.9764
Satsunai,left,11.2,fluvial_scour,plus4K,66.6,0
Satsunai,left,11.2,overflow,plus4K,66.8,0.9954
Satsunai,left,11.2,fluvial_scour,plus4K,66.8,0
Satsunai,left,11.2,overflow,plus4K,67,0.9997
Satsunai,left,11.2,fluvial_scour,plus4K,67,0
Satsunai,left,11.2,overflow,plus4K,67.2,0.9999
Satsunai,left,11.2,fluvial_scour,plus4K,67.2,0
Satsunai,left,11.2,overflow,plus4K,67.4,1
Satsunai,left,11.2,fluvial_scour,plus4K,67.4,0
Satsunai,left,11.2,overflow,plus4K,67.6,1
Satsunai,left,11.2,fluvial_scour,plus4K,67.6,0
Satsunai,left,11.2,overflow,plus4K,67.8,1
Satsunai,left,11.2,fluvial_scour,plus4K,67.8,0
Satsunai,left,11.2,overflow,plus4K,68,1
Satsunai,left,11.2,fluvial_scour,plus4K,68,0
Satsunai,left,11.2,overflow,plus4K,68.2,1
Satsunai,left,11.2,fluvial_scour,plus4K,68.2,0
Satsunai,left,11.2,overflow,plus4K,68.4,1
Satsunai,left,11.2,fluvial_scour,plus4K,68.4,0
Satsunai,left,11.2,overflow,plus4K,68.6,1
Satsunai,left,11.2,fluvial_scour,plus4K,68.6,0
Satsunai,left,11.2,overflow,plus4K,68.8,1
Satsunai,left,11.2,fluvial_scour,plus4K,68.8,0
Satsunai,left,11.4,overflow,plus4K,62.2,0
Satsunai,left,11.4,fluvial_scour,plus4K,62.2,0
Satsunai,left,11.4,overflow,plus4K,62.4,0
Satsunai,left,11.4,fluvial_scour,plus4K,62.4,0
Satsunai,left,11.4,overflow,plus4K,62.6,0
Satsunai,left,11.4,fluvial_scour,plus4K,62.6,0
Satsunai,left,11.4,overflow,plus4K,62.8,0
Satsunai,left,11.4,fluvial_scour,plus4K,62.8,0
Satsunai,left,11.4,overflow,plus4K,63,0
Satsunai,left,11.4,fluvial_scour,plus4K,63,0
Satsunai,left,11.4,overflow,plus4K,63.2,0
Satsunai,left,11.4,fluvial_scour,plus4K,63.2,0
Satsunai,left,11.4,overflow,plus4K,63.4,0
Satsunai,left,11.4,fluvial_scour,plus4K,63.4,0
Satsunai,left,11.4,overflow,plus4K,63.6,0
Satsunai,left,11.4,fluvial_scour,plus4K,63.6,0
Satsunai,left,11.4,overflow,plus4K,63.8,0
Satsunai,left,11.4,fluvial_scour,plus4K,63.8,0
Satsunai,left,11.4,overflow,plus4K,64,0
Satsunai,left,11.4,fluvial_scour,plus4K,64,0
Satsunai,left,11.4,overflow,plus4K,64.2,0
Satsunai,left,11.4,fluvial_scour,plus4K,64.2,0
Satsunai,left,11.4,overflow,plus4K,64.4,0
Satsunai,left,11.4,fluvial_scour,plus4K,64.4,0
Satsunai,left,11.4,overflow,plus4K,64.6,0
Satsunai,left,11.4,fluvial_scour,plus4K,64.6,0
Satsunai,left,11.4,overflow,plus4K,64.8,0
Satsunai,left,11.4,fluvial_scour,plus4K,64.8,0
Satsunai,left,11.4,overflow,plus4K,65,0
Satsunai,left,11.4,fluvial_scour,plus4K,65,0
Satsunai,left,11.4,overflow,plus4K,65.2,0
Satsunai,left,11.4,fluvial_scour,plus4K,65.2,0
Satsunai,left,11.4,overflow,plus4K,65.4,0
Satsunai,left,11.4,fluvial_scour,plus4K,65.4,0
Satsunai,left,11.4,overflow,plus4K,65.6,0.0002
Satsunai,left,11.4,fluvial_scour,plus4K,65.6,0
Satsunai,left,11.4,overflow,plus4K,65.8,0.0007
Satsunai,left,11.4,fluvial_scour,plus4K,65.8,0
Satsunai,left,11.4,overflow,plus4K,66,0.0084
Satsunai,left,11.4,fluvial_scour,plus4K,66,0
Satsunai,left,11.4,overflow,plus4K,66.2,0.0452
Satsunai,left,11.4,fluvial_scour,plus4K,66.2,0
Satsunai,left,11.4,overflow,plus4K,66.4,0.1573
Satsunai,left,11.4,fluvial_scour,plus4K,66.4,0
Satsunai,left,11.4,overflow,plus4K,66.6,0.3768
Satsunai,left,11.4,fluvial_scour,plus4K,66.6,0
Satsunai,left,11.4,overflow,plus4K,66.8,0.6549
Satsunai,left,11.4,fluvial_scour,plus4K,66.8,0
Satsunai,left,11.4,overflow,plus4K,67,0.8645
Satsunai,left,11.4,fluvial_scour,plus4K,67,0
Satsunai,left,11.4,overflow,plus4K,67.2,0.9653
Satsunai,left,11.4,fluvial_scour,plus4K,67.2,0
Satsunai,left,11.4,overflow,plus4K,67.4,0.9942
Satsunai,left,11.4,fluvial_scour,plus4K,67.4,0
Satsunai,left,11.4,overflow,plus4K,67.6,0.9999
Satsunai,left,11.4,fluvial_scour,plus4K,67.6,0
Satsunai,left,11.4,overflow,plus4K,67.8,1
Satsunai,left,11.4,fluvial_scour,plus4K,67.8,0
Satsunai,left,11.4,overflow,plus4K,68,1
Satsunai,left,11.4,fluvial_scour,plus4K,68,0
Satsunai,left,11.4,overflow,plus4K,68.2,1
Satsunai,left,11.4,fluvial_scour,plus4K,68.2,0
Satsunai,left,11.4,overflow,plus4K,68.4,1
Satsunai,left,11.4,fluvial_scour,plus4K,68.4,0
Satsunai,left,11.4,overflow,plus4K,68.6,1
Satsunai,left,11.4,fluvial_scour,plus4K,68.6,0
Satsunai,left,11.4,overflow,plus4K,68.8,1
Satsunai,left,11.4,fluvial_scour,plus4K,68.8,0
Satsunai,left,11.4,overflow,plus4K,69,1
Satsunai,left,11.4,fluvial_scour,plus4K,69,0
Satsunai,left,11.4,overflow,plus4K,69.2,1
Satsunai,left,11.4,fluvial_scour,plus4K,69.2,0
Satsunai,left,11.4,overflow,plus4K,69.4,1
Satsunai,left,11.4,fluvial_scour,plus4K,69.4,0
Satsunai,left,11.6,overflow,plus4K,62.8,0
Satsunai,left,11.6,fluvial_scour,plus4K,62.8,0
Satsunai,left,11.6,overflow,plus4K,63,0
Satsunai,left,11.6,fluvial_scour,plus4K,63,0
Satsunai,left,11.6,overflow,plus4K,63.2,0
Satsunai,left,11.6,fluvial_scour,plus4K,63.2,0
Satsunai,left,11.6,overflow,plus4K,63.4,0
Satsunai,left,11.6,fluvial_scour,plus4K,63.4,0
Satsunai,left,11.6,overflow,plus4K,63.6,0
Satsunai,left,11.6,fluvial_scour,plus4K,63.6,0
Satsunai,left,11.6,overflow,plus4K,63.8,0
Satsunai,left,11.6,fluvial_scour,plus4K,63.8,0
Satsunai,left,11.6,overflow,plus4K,64,0
Satsunai,left,11.6,fluvial_scour,plus4K,64,0
Satsunai,left,11.6,overflow,plus4K,64.2,0
Satsunai,left,11.6,fluvial_scour,plus4K,64.2,0
Satsunai,left,11.6,overflow,plus4K,64.4,0
Satsunai,left,11.6,fluvial_scour,plus4K,64.4,0
Satsunai,left,11.6,overflow,plus4K,64.6,0
Satsunai,left,11.6,fluvial_scour,plus4K,64.6,0
Satsunai,left,11.6,overflow,plus4K,64.8,0
Satsunai,left,11.6,fluvial_scour,plus4K,64.8,0
Satsunai,left,11.6,overflow,plus4K,65,0
Satsunai,left,11.6,fluvial_scour,plus4K,65,0
Satsunai,left,11.6,overflow,plus4K,65.2,0
Satsunai,left,11.6,fluvial_scour,plus4K,65.2,0
Satsunai,left,11.6,overflow,plus4K,65.4,0
Satsunai,left,11.6,fluvial_scour,plus4K,65.4,0
Satsunai,left,11.6,overflow,plus4K,65.6,0
Satsunai,left,11.6,fluvial_scour,plus4K,65.6,0
Satsunai,left,11.6,overflow,plus4K,65.8,0
Satsunai,left,11.6,fluvial_scour,plus4K,65.8,0
Satsunai,left,11.6,overflow,plus4K,66,0
Satsunai,left,11.6,fluvial_scour,plus4K,66,0
Satsunai,left,11.6,overflow,plus4K,66.2,0
Satsunai,left,11.6,fluvial_scour,plus4K,66.2,0
Satsunai,left,11.6,overflow,plus4K,66.4,0.0001
Satsunai,left,11.6,fluvial_scour,plus4K,66.4,0
Satsunai,left,11.6,overflow,plus4K,66.6,0.0005
Satsunai,left,11.6,fluvial_scour,plus4K,66.6,0
Satsunai,left,11.6,overflow,plus4K,66.8,0.005
Satsunai,left,11.6,fluvial_scour,plus4K,66.8,0
Satsunai,left,11.6,overflow,plus4K,67,0.0324
Satsunai,left,11.6,fluvial_scour,plus4K,67,0
Satsunai,left,11.6,overflow,plus4K,67.2,0.1223
Satsunai,left,11.6,fluvial_scour,plus4K,67.2,0
Satsunai,left,11.6,overflow,plus4K,67.4,0.3271
Satsunai,left,11.6,fluvial_scour,plus4K,67.4,0
Satsunai,left,11.6,overflow,plus4K,67.6,0.6025
Satsunai,left,11.6,fluvial_scour,plus4K,67.6,0
Satsunai,left,11.6,overflow,plus4K,67.8,0.8352
Satsunai,left,11.6,fluvial_scour,plus4K,67.8,0
Satsunai,left,11.6,overflow,plus4K,68,0.952
Satsunai,left,11.6,fluvial_scour,plus4K,68,0
Satsunai,left,11.6,overflow,plus4K,68.2,0.9902
Satsunai,left,11.6,fluvial_scour,plus4K,68.2,0
Satsunai,left,11.6,overflow,plus4K,68.4,0.9983
Satsunai,left,11.6,fluvial_scour,plus4K,68.4,0
Satsunai,left,11.6,overflow,plus4K,68.6,0.9999
Satsunai,left,11.6,fluvial_scour,plus4K,68.6,0
Satsunai,left,11.6,overflow,plus4K,68.8,1
Satsunai,left,11.6,fluvial_scour,plus4K,68.8,0
Satsunai,left,11.6,overflow,plus4K,69,1
Satsunai,left,11.6,fluvial_scour,plus4K,69,0
Satsunai,left,11.6,overflow,plus4K,69.2,1
Satsunai,left,11.6,fluvial_scour,plus4K,69.2,0
Satsunai,left,11.6,overflow,plus4K,69.4,1
Satsunai,left,11.6,fluvial_scour,plus4K,69.4,0
Satsunai,left,11.6,overflow,plus4K,69.6,1
Satsunai,left,11.6,fluvial_scour,plus4K,69.6,0
Satsunai,left,11.6,overflow,plus4K,69.8,1
Satsunai,left,11.6,fluvial_scour,plus4K,69.8,0
Satsunai,left,11.6,overflow,plus4K,70,1
Satsunai,left,11.6,fluvial_scour,plus4K,70,0
Satsunai,left,11.6,overflow,plus4K,70.2,1
Satsunai,left,11.6,fluvial_scour,plus4K,70.2,0
Satsunai,left,11.6,overflow,plus4K,70.4,1
Satsunai,left,11.6,fluvial_scour,plus4K,70.4,0
Satsunai,left,11.8,overflow,plus4K,63.6,0
Satsunai,left,11.8,fluvial_scour,plus4K,63.6,0
Satsunai,left,11.8,overflow,plus4K,63.8,0
Satsunai,left,11.8,fluvial_scour,plus4K,63.8,0
Satsunai,left,11.8,overflow,plus4K,64,0
Satsunai,left,11.8,fluvial_scour,plus4K,64,0
Satsunai,left,11.8,overflow,plus4K,64.2,0
Satsunai,left,11.8,fluvial_scour,plus4K,64.2,0
Satsunai,left,11.8,overflow,plus4K,64.4,0
Satsunai,left,11.8,fluvial_scour,plus4K,64.4,0
Satsunai,left,11.8,overflow,plus4K,64.6,0
Satsunai,left,11.8,fluvial_scour,plus4K,64.6,0
Satsunai,left,11.8,overflow,plus4K,64.8,0
Satsunai,left,11.8,fluvial_scour,plus4K,64.8,0
Satsunai,left,11.8,overflow,plus4K,65,0
Satsunai,left,11.8,fluvial_scour,plus4K,65,0
Satsunai,left,11.8,overflow,plus4K,65.2,0
Satsunai,left,11.8,fluvial_scour,plus4K,65.2,0
Satsunai,left,11.8,overflow,plus4K,65.4,0
Satsunai,left,11.8,fluvial_scour,plus4K,65.4,0
Satsunai,left,11.8,overflow,plus4K,65.6,0
Satsunai,left,11.8,fluvial_scour,plus4K,65.6,0
Satsunai,left,11.8,overflow,plus4K,65.8,0
Satsunai,left,11.8,fluvial_scour,plus4K,65.8,0
Satsunai,left,11.8,overflow,plus4K,66,0
Satsunai,left,11.8,fluvial_scour,plus4K,66,0
Satsunai,left,11.8,overflow,plus4K,66.2,0
Satsunai,left,11.8,fluvial_scour,plus4K,66.2,0
Satsunai,left,11.8,overflow,plus4K,66.4,0
Satsunai,left,11.8,fluvial_scour,plus4K,66.4,0
Satsunai,left,11.8,overflow,plus4K,66.6,0
Satsunai,left,11.8,fluvial_scour,plus4K,66.6,0
Satsunai,left,11.8,overflow,plus4K,66.8,0
Satsunai,left,11.8,fluvial_scour,plus4K,66.8,0
Satsunai,left,11.8,overflow,plus4K,67,0.0002
Satsunai,left,11.8,fluvial_scour,plus4K,67,0
Satsunai,left,11.8,overflow,plus4K,67.2,0.0023
Satsunai,left,11.8,fluvial_scour,plus4K,67.2,0
Satsunai,left,11.8,overflow,plus4K,67.4,0.0146
Satsunai,left,11.8,fluvial_scour,plus4K,67.4,0
Satsunai,left,11.8,overflow,plus4K,67.6,0.0654
Satsunai,left,11.8,fluvial_scour,plus4K,67.6,0
Satsunai,left,11.8,overflow,plus4K,67.8,0.2097
Satsunai,left,11.8,fluvial_scour,plus4K,67.8,0
Satsunai,left,11.8,overflow,plus4K,68,0.4553
Satsunai,left,11.8,fluvial_scour,plus4K,68,0
Satsunai,left,11.8,overflow,plus4K,68.2,0.7279
Satsunai,left,11.8,fluvial_scour,plus4K,68.2,0
Satsunai,left,11.8,overflow,plus4K,68.4,0.9067
Satsunai,left,11.8,fluvial_scour,plus4K,68.4,0
Satsunai,left,11.8,overflow,plus4K,68.6,0.9769
Satsunai,left,11.8,fluvial_scour,plus4K,68.6,0
Satsunai,left,11.8,overflow,plus4K,68.8,0.9958
Satsunai,left,11.8,fluvial_scour,plus4K,68.8,0
Satsunai,left,11.8,overflow,plus4K,69,0.9995
Satsunai,left,11.8,fluvial_scour,plus4K,69,0
Satsunai,left,11.8,overflow,plus4K,69.2,1
Satsunai,left,11.8,fluvial_scour,plus4K,69.2,0
Satsunai,left,11.8,overflow,plus4K,69.4,1
Satsunai,left,11.8,fluvial_scour,plus4K,69.4,0
Satsunai,left,11.8,overflow,plus4K,69.6,1
Satsunai,left,11.8,fluvial_scour,plus4K,69.6,0
Satsunai,left,11.8,overflow,plus4K,69.8,1
Satsunai,left,11.8,fluvial_scour,plus4K,69.8,0
Satsunai,left,11.8,overflow,plus4K,70,1
Satsunai,left,11.8,fluvial_scour,plus4K,70,0
Satsunai,left,11.8,overflow,plus4K,70.2,1
Satsunai,left,11.8,fluvial_scour,plus4K,70.2,0
Satsunai,left,11.8,overflow,plus4K,70.4,1
Satsunai,left,11.8,fluvial_scour,plus4K,70.4,0
Satsunai,left,11.8,overflow,plus4K,70.6,1
Satsunai,left,11.8,fluvial_scour,plus4K,70.6,0
Satsunai,left,11.8,overflow,plus4K,70.8,1
Satsunai,left,11.8,fluvial_scour,plus4K,70.8,0
Satsunai,left,12,overflow,plus4K,64.2,0
Satsunai,left,12,fluvial_scour,plus4K,64.2,0
Satsunai,left,12,overflow,plus4K,64.4,0
Satsunai,left,12,fluvial_scour,plus4K,64.4,0
Satsunai,left,12,overflow,plus4K,64.6,0
Satsunai,left,12,fluvial_scour,plus4K,64.6,0
Satsunai,left,12,overflow,plus4K,64.8,0
Satsunai,left,12,fluvial_scour,plus4K,64.8,0
Satsunai,left,12,overflow,plus4K,65,0
Satsunai,left,12,fluvial_scour,plus4K,65,0
Satsunai,left,12,overflow,plus4K,65.2,0
Satsunai,left,12,fluvial_scour,plus4K,65.2,0
Satsunai,left,12,overflow,plus4K,65.4,0
Satsunai,left,12,fluvial_scour,plus4K,65.4,0
Satsunai,left,12,overflow,plus4K,65.6,0
Satsunai,left,12,fluvial_scour,plus4K,65.6,0
Satsunai,left,12,overflow,plus4K,65.8,0
Satsunai,left,12,fluvial_scour,plus4K,65.8,0
Satsunai,left,12,overflow,plus4K,66,0
Satsunai,left,12,fluvial_scour,plus4K,66,0
Satsunai,left,12,overflow,plus4K,66.2,0
Satsunai,left,12,fluvial_scour,plus4K,66.2,0
Satsunai,left,12,overflow,plus4K,66.4,0
Satsunai,left,12,fluvial_scour,plus4K,66.4,0
Satsunai,left,12,overflow,plus4K,66.6,0
Satsunai,left,12,fluvial_scour,plus4K,66.6,0
Satsunai,left,12,overflow,plus4K,66.8,0
Satsunai,left,12,fluvial_scour,plus4K,66.8,0
Satsunai,left,12,overflow,plus4K,67,0
Satsunai,left,12,fluvial_scour,plus4K,67,0
Satsunai,left,12,overflow,plus4K,67.2,0
Satsunai,left,12,fluvial_scour,plus4K,67.2,0
Satsunai,left,12,overflow,plus4K,67.4,0
Satsunai,left,12,fluvial_scour,plus4K,67.4,0
Satsunai,left,12,overflow,plus4K,67.6,0
Satsunai,left,12,fluvial_scour,plus4K,67.6,0
Satsunai,left,12,overflow,plus4K,67.8,0.001
Satsunai,left,12,fluvial_scour,plus4K,67.8,0
Satsunai,left,12,overflow,plus4K,68,0.0095
Satsunai,left,12,fluvial_scour,plus4K,68,0
Satsunai,left,12,overflow,plus4K,68.2,0.0445
Satsunai,left,12,fluvial_scour,plus4K,68.2,0
Satsunai,left,12,overflow,plus4K,68.4,0.155
Satsunai,left,12,fluvial_scour,plus4K,68.4,0
Satsunai,left,12,overflow,plus4K,68.6,0.3881
Satsunai,left,12,fluvial_scour,plus4K,68.6,0
Satsunai,left,12,overflow,plus4K,68.8,0.6663
Satsunai,left,12,fluvial_scour,plus4K,68.8,0
Satsunai,left,12,overflow,plus4K,69,0.8715
Satsunai,left,12,fluvial_scour,plus4K,69,0
Satsunai,left,12,overflow,plus4K,69.2,0.9667
Satsunai,left,12,fluvial_scour,plus4K,69.2,0
Satsunai,left,12,overflow,plus4K,69.4,0.9944
Satsunai,left,12,fluvial_scour,plus4K,69.4,0
Satsunai,left,12,overflow,plus4K,69.6,0.9997
Satsunai,left,12,fluvial_scour,plus4K,69.6,0
Satsunai,left,12,overflow,plus4K,69.8,0.9998
Satsunai,left,12,fluvial_scour,plus4K,69.8,0
Satsunai,left,12,overflow,plus4K,70,1
Satsunai,left,12,fluvial_scour,plus4K,70,0
Satsunai,left,12,overflow,plus4K,70.2,1
Satsunai,left,12,fluvial_scour,plus4K,70.2,0
Satsunai,left,12,overflow,plus4K,70.4,1
Satsunai,left,12,fluvial_scour,plus4K,70.4,0
Satsunai,left,12,overflow,plus4K,70.6,1
Satsunai,left,12,fluvial_scour,plus4K,70.6,0
Satsunai,left,12,overflow,plus4K,70.8,1
Satsunai,left,12,fluvial_scour,plus4K,70.8,0
Satsunai,left,12,overflow,plus4K,71,1
Satsunai,left,12,fluvial_scour,plus4K,71,0
Satsunai,left,12,overflow,plus4K,71.2,1
Satsunai,left,12,fluvial_scour,plus4K,71.2,0
Satsunai,left,12,overflow,plus4K,71.4,1
Satsunai,left,12,fluvial_scour,plus4K,71.4,0
Satsunai,left,12.2,overflow,plus4K,66.2,0
Satsunai,left,12.2,fluvial_scour,plus4K,66.2,0
Satsunai,left,12.2,overflow,plus4K,66.4,0
Satsunai,left,12.2,fluvial_scour,plus4K,66.4,0
Satsunai,left,12.2,overflow,plus4K,66.6,0
Satsunai,left,12.2,fluvial_scour,plus4K,66.6,0
Satsunai,left,12.2,overflow,plus4K,66.8,0
Satsunai,left,12.2,fluvial_scour,plus4K,66.8,0
Satsunai,left,12.2,overflow,plus4K,67,0
Satsunai,left,12.2,fluvial_scour,plus4K,67,0
Satsunai,left,12.2,overflow,plus4K,67.2,0
Satsunai,left,12.2,fluvial_scour,plus4K,67.2,0
Satsunai,left,12.2,overflow,plus4K,67.4,0
Satsunai,left,12.2,fluvial_scour,plus4K,67.4,0
Satsunai,left,12.2,overflow,plus4K,67.6,0
Satsunai,left,12.2,fluvial_scour,plus4K,67.6,0
Satsunai,left,12.2,overflow,plus4K,67.8,0
Satsunai,left,12.2,fluvial_scour,plus4K,67.8,0
Satsunai,left,12.2,overflow,plus4K,68,0
Satsunai,left,12.2,fluvial_scour,plus4K,68,0
Satsunai,left,12.2,overflow,plus4K,68.2,0
Satsunai,left,12.2,fluvial_scour,plus4K,68.2,0
Satsunai,left,12.2,overflow,plus4K,68.4,0
Satsunai,left,12.2,fluvial_scour,plus4K,68.4,0
Satsunai,left,12.2,overflow,plus4K,68.6,0
Satsunai,left,12.2,fluvial_scour,plus4K,68.6,0
Satsunai,left,12.2,overflow,plus4K,68.8,0
Satsunai,left,12.2,fluvial_scour,plus4K,68.8,0
Satsunai,left,12.2,overflow,plus4K,69,0.0004
Satsunai,left,12.2,fluvial_scour,plus4K,69,0
Satsunai,left,12.2,overflow,plus4K,69.2,0.0023
Satsunai,left,12.2,fluvial_scour,plus4K,69.2,0
Satsunai,left,12.2,overflow,plus4K,69.4,0.0158
Satsunai,left,12.2,fluvial_scour,plus4K,69.4,0
Satsunai,left,12.2,overflow,plus4K,69.6,0.0772
Satsunai,left,12.2,fluvial_scour,plus4K,69.6,0
Satsunai,left,12.2,overflow,plus4K,69.8,0.2307
Satsunai,left,12.2,fluvial_scour,plus4K,69.8,0
Satsunai,left,12.2,overflow,plus4K,70,0.4838
Satsunai,left,12.2,fluvial_scour,plus4K,70,0
Satsunai,left,12.2,overflow,plus4K,70.2,0.7375
Satsunai,left,12.2,fluvial_scour,plus4K,70.2,0
Satsunai,left,12.2,overflow,plus4K,70.4,0.9116
Satsunai,left,12.2,fluvial_scour,plus4K,70.4,0
Satsunai,left,12.2,overflow,plus4K,70.6,0.9784
Satsunai,left,12.2,fluvial_scour,plus4K,70.6,0
Satsunai,left,12.2,overflow,plus4K,70.8,0.9966
Satsunai,left,12.2,fluvial_scour,plus4K,70.8,0
Satsunai,left,12.2,overflow,plus4K,71,0.9998
Satsunai,left,12.2,fluvial_scour,plus4K,71,0
Satsunai,left,12.2,overflow,plus4K,71.2,1
Satsunai,left,12.2,fluvial_scour,plus4K,71.2,0
Satsunai,left,12.2,overflow,plus4K,71.4,1
Satsunai,left,12.2,fluvial_scour,plus4K,71.4,0
Satsunai,left,12.2,overflow,plus4K,71.6,1
Satsunai,left,12.2,fluvial_scour,plus4K,71.6,0
Satsunai,left,12.2,overflow,plus4K,71.8,1
Satsunai,left,12.2,fluvial_scour,plus4K,71.8,0
Satsunai,left,12.2,overflow,plus4K,72,1
Satsunai,left,12.2,fluvial_scour,plus4K,72,0
Satsunai,left,12.2,overflow,plus4K,72.2,1
Satsunai,left,12.2,fluvial_scour,plus4K,72.2,0
Satsunai,left,12.2,overflow,plus4K,72.4,1
Satsunai,left,12.2,fluvial_scour,plus4K,72.4,0
Satsunai,left,12.2,overflow,plus4K,72.6,1
Satsunai,left,12.2,fluvial_scour,plus4K,72.6,0
Satsunai,left,12.2,overflow,plus4K,72.8,1
Satsunai,left,12.2,fluvial_scour,plus4K,72.8,0
Satsunai,left,12.4,overflow,plus4K,66.8,0
Satsunai,left,12.4,fluvial_scour,plus4K,66.8,0
Satsunai,left,12.4,overflow,plus4K,67,0
Satsunai,left,12.4,fluvial_scour,plus4K,67,0
Satsunai,left,12.4,overflow,plus4K,67.2,0
Satsunai,left,12.4,fluvial_scour,plus4K,67.2,0
Satsunai,left,12.4,overflow,plus4K,67.4,0
Satsunai,left,12.4,fluvial_scour,plus4K,67.4,0
Satsunai,left,12.4,overflow,plus4K,67.6,0
Satsunai,left,12.4,fluvial_scour,plus4K,67.6,0
Satsunai,left,12.4,overflow,plus4K,67.8,0
Satsunai,left,12.4,fluvial_scour,plus4K,67.8,0
Satsunai,left,12.4,overflow,plus4K,68,0
Satsunai,left,12.4,fluvial_scour,plus4K,68,0
Satsunai,left,12.4,overflow,plus4K,68.2,0
Satsunai,left,12.4,fluvial_scour,plus4K,68.2,0
Satsunai,left,12.4,overflow,plus4K,68.4,0
Satsunai,left,12.4,fluvial_scour,plus4K,68.4,0
Satsunai,left,12.4,overflow,plus4K,68.6,0
Satsunai,left,12.4,fluvial_scour,plus4K,68.6,0
Satsunai,left,12.4,overflow,plus4K,68.8,0
Satsunai,left,12.4,fluvial_scour,plus4K,68.8,0
Satsunai,left,12.4,overflow,plus4K,69,0
Satsunai,left,12.4,fluvial_scour,plus4K,69,0
Satsunai,left,12.4,overflow,plus4K,69.2,0
Satsunai,left,12.4,fluvial_scour,plus4K,69.2,0
Satsunai,left,12.4,overflow,plus4K,69.4,0
Satsunai,left,12.4,fluvial_scour,plus4K,69.4,0
Satsunai,left,12.4,overflow,plus4K,69.6,0
Satsunai,left,12.4,fluvial_scour,plus4K,69.6,0
Satsunai,left,12.4,overflow,plus4K,69.8,0.0001
Satsunai,left,12.4,fluvial_scour,plus4K,69.8,0
Satsunai,left,12.4,overflow,plus4K,70,0.0001
Satsunai,left,12.4,fluvial_scour,plus4K,70,0
Satsunai,left,12.4,overflow,plus4K,70.2,0.0016
Satsunai,left,12.4,fluvial_scour,plus4K,70.2,0
Satsunai,left,12.4,overflow,plus4K,70.4,0.0157
Satsunai,left,12.4,fluvial_scour,plus4K,70.4,0
Satsunai,left,12.4,overflow,plus4K,70.6,0.0746
Satsunai,left,12.4,fluvial_scour,plus4K,70.6,0
Satsunai,left,12.4,overflow,plus4K,70.8,0.2263
Satsunai,left,12.4,fluvial_scour,plus4K,70.8,0
Satsunai,left,12.4,overflow,plus4K,71,0.4806
Satsunai,left,12.4,fluvial_scour,plus4K,71,0
Satsunai,left,12.4,overflow,plus4K,71.2,0.7405
Satsunai,left,12.4,fluvial_scour,plus4K,71.2,0
Satsunai,left,12.4,overflow,plus4K,71.4,0.9101
Satsunai,left,12.4,fluvial_scour,plus4K,71.4,0
Satsunai,left,12.4,overflow,plus4K,71.6,0.9788
Satsunai,left,12.4,fluvial_scour,plus4K,71.6,0
Satsunai,left,12.4,overflow,plus4K,71.8,0.997
Satsunai,left,12.4,fluvial_scour,plus4K,71.8,0
Satsunai,left,12.4,overflow,plus4K,72,0.9998
Satsunai,left,12.4,fluvial_scour,plus4K,72,0
Satsunai,left,12.4,overflow,plus4K,72.2,1
Satsunai,left,12.4,fluvial_scour,plus4K,72.2,0
Satsunai,left,12.4,overflow,plus4K,72.4,1
Satsunai,left,12.4,fluvial_scour,plus4K,72.4,0
Satsunai,left,12.4,overflow,plus4K,72.6,1
Satsunai,left,12.4,fluvial_scour,plus4K,72.6,0
Satsunai,left,12.4,overflow,plus4K,72.8,1
Satsunai,left,12.4,fluvial_scour,plus4K,72.8,0
Satsunai,left,12.4,overflow,plus4K,73,1
Satsunai,left,12.4,fluvial_scour,plus4K,73,0
Satsunai,left,12.4,overflow,plus4K,73.2,1
Satsunai,left,12.4,fluvial_scour,plus4K,73.2,0
Satsunai,left,12.4,overflow,plus4K,73.4,1
Satsunai,left,12.4,fluvial_scour,plus4K,73.4,0
Satsunai,left,12.4,overflow,plus4K,73.6,1
Satsunai,left,12.4,fluvial_scour,plus4K,73.6,0
Satsunai,left,12.4,overflow,plus4K,73.8,1
Satsunai,left,12.4,fluvial_scour,plus4K,73.8,0
Satsunai,left,12.6,overflow,plus4K,67.4,0
Satsunai,left,12.6,fluvial_scour,plus4K,67.4,0
Satsunai,left,12.6,overflow,plus4K,67.6,0
Satsunai,left,12.6,fluvial_scour,plus4K,67.6,0
Satsunai,left,12.6,overflow,plus4K,67.8,0
Satsunai,left,12.6,fluvial_scour,plus4K,67.8,0
Satsunai,left,12.6,overflow,plus4K,68,0
Satsunai,left,12.6,fluvial_scour,plus4K,68,0
Satsunai,left,12.6,overflow,plus4K,68.2,0
Satsunai,left,12.6,fluvial_scour,plus4K,68.2,0
Satsunai,left,12.6,overflow,plus4K,68.4,0
Satsunai,left,12.6,fluvial_scour,plus4K,68.4,0
Satsunai,left,12.6,overflow,plus4K,68.6,0
Satsunai,left,12.6,fluvial_scour,plus4K,68.6,0
Satsunai,left,12.6,overflow,plus4K,68.8,0
Satsunai,left,12.6,fluvial_scour,plus4K,68.8,0
Satsunai,left,12.6,overflow,plus4K,69,0
Satsunai,left,12.6,fluvial_scour,plus4K,69,0
Satsunai,left,12.6,overflow,plus4K,69.2,0
Satsunai,left,12.6,fluvial_scour,plus4K,69.2,0
Satsunai,left,12.6,overflow,plus4K,69.4,0
Satsunai,left,12.6,fluvial_scour,plus4K,69.4,0
Satsunai,left,12.6,overflow,plus4K,69.6,0
Satsunai,left,12.6,fluvial_scour,plus4K,69.6,0
Satsunai,left,12.6,overflow,plus4K,69.8,0
Satsunai,left,12.6,fluvial_scour,plus4K,69.8,0
Satsunai,left,12.6,overflow,plus4K,70,0
Satsunai,left,12.6,fluvial_scour,plus4K,70,0
Satsunai,left,12.6,overflow,plus4K,70.2,0
Satsunai,left,12.6,fluvial_scour,plus4K,70.2,0
Satsunai,left,12.6,overflow,plus4K,70.4,0
Satsunai,left,12.6,fluvial_scour,plus4K,70.4,0
Satsunai,left,12.6,overflow,plus4K,70.6,0
Satsunai,left,12.6,fluvial_scour,plus4K,70.6,0
Satsunai,left,12.6,overflow,plus4K,70.8,0.0001
Satsunai,left,12.6,fluvial_scour,plus4K,70.8,0
Satsunai,left,12.6,overflow,plus4K,71,0.0005
Satsunai,left,12.6,fluvial_scour,plus4K,71,0
Satsunai,left,12.6,overflow,plus4K,71.2,0.0042
Satsunai,left,12.6,fluvial_scour,plus4K,71.2,0
Satsunai,left,12.6,overflow,plus4K,71.4,0.0246
Satsunai,left,12.6,fluvial_scour,plus4K,71.4,0
Satsunai,left,12.6,overflow,plus4K,71.6,0.1006
Satsunai,left,12.6,fluvial_scour,plus4K,71.6,0
Satsunai,left,12.6,overflow,plus4K,71.8,0.2797
Satsunai,left,12.6,fluvial_scour,plus4K,71.8,0
Satsunai,left,12.6,overflow,plus4K,72,0.5415
Satsunai,left,12.6,fluvial_scour,plus4K,72,0
Satsunai,left,12.6,overflow,plus4K,72.2,0.7906
Satsunai,left,12.6,fluvial_scour,plus4K,72.2,0
Satsunai,left,12.6,overflow,plus4K,72.4,0.9348
Satsunai,left,12.6,fluvial_scour,plus4K,72.4,0
Satsunai,left,12.6,overflow,plus4K,72.6,0.9854
Satsunai,left,12.6,fluvial_scour,plus4K,72.6,0
Satsunai,left,12.6,overflow,plus4K,72.8,0.9974
Satsunai,left,12.6,fluvial_scour,plus4K,72.8,0
Satsunai,left,12.6,overflow,plus4K,73,0.9997
Satsunai,left,12.6,fluvial_scour,plus4K,73,0
Satsunai,left,12.6,overflow,plus4K,73.2,1
Satsunai,left,12.6,fluvial_scour,plus4K,73.2,0
Satsunai,left,12.6,overflow,plus4K,73.4,1
Satsunai,left,12.6,fluvial_scour,plus4K,73.4,0
Satsunai,left,12.6,overflow,plus4K,73.6,1
Satsunai,left,12.6,fluvial_scour,plus4K,73.6,0
Satsunai,left,12.6,overflow,plus4K,73.8,1
Satsunai,left,12.6,fluvial_scour,plus4K,73.8,0
Satsunai,left,12.6,overflow,plus4K,74,1
Satsunai,left,12.6,fluvial_scour,plus4K,74,0
Satsunai,left,12.6,overflow,plus4K,74.2,1
Satsunai,left,12.6,fluvial_scour,plus4K,74.2,0
Satsunai,left,12.6,overflow,plus4K,74.4,1
Satsunai,left,12.6,fluvial_scour,plus4K,74.4,0
Satsunai,left,12.6,overflow,plus4K,74.6,1
Satsunai,left,12.6,fluvial_scour,plus4K,74.6,0
Satsunai,left,12.6,overflow,plus4K,74.8,1
Satsunai,left,12.6,fluvial_scour,plus4K,74.8,0
Satsunai,left,12.8,overflow,plus4K,69,0
Satsunai,left,12.8,fluvial_scour,plus4K,69,0
Satsunai,left,12.8,overflow,plus4K,69.2,0
Satsunai,left,12.8,fluvial_scour,plus4K,69.2,0
Satsunai,left,12.8,overflow,plus4K,69.4,0
Satsunai,left,12.8,fluvial_scour,plus4K,69.4,0
Satsunai,left,12.8,overflow,plus4K,69.6,0
Satsunai,left,12.8,fluvial_scour,plus4K,69.6,0
Satsunai,left,12.8,overflow,plus4K,69.8,0
Satsunai,left,12.8,fluvial_scour,plus4K,69.8,0
Satsunai,left,12.8,overflow,plus4K,70,0
Satsunai,left,12.8,fluvial_scour,plus4K,70,0
Satsunai,left,12.8,overflow,plus4K,70.2,0
Satsunai,left,12.8,fluvial_scour,plus4K,70.2,0
Satsunai,left,12.8,overflow,plus4K,70.4,0
Satsunai,left,12.8,fluvial_scour,plus4K,70.4,0
Satsunai,left,12.8,overflow,plus4K,70.6,0
Satsunai,left,12.8,fluvial_scour,plus4K,70.6,0
Satsunai,left,12.8,overflow,plus4K,70.8,0
Satsunai,left,12.8,fluvial_scour,plus4K,70.8,0
Satsunai,left,12.8,overflow,plus4K,71,0
Satsunai,left,12.8,fluvial_scour,plus4K,71,0
Satsunai,left,12.8,overflow,plus4K,71.2,0
Satsunai,left,12.8,fluvial_scour,plus4K,71.2,0
Satsunai,left,12.8,overflow,plus4K,71.4,0
Satsunai,left,12.8,fluvial_scour,plus4K,71.4,0
Satsunai,left,12.8,overflow,plus4K,71.6,0.0003
Satsunai,left,12.8,fluvial_scour,plus4K,71.6,0
Satsunai,left,12.8,overflow,plus4K,71.8,0.0036
Satsunai,left,12.8,fluvial_scour,plus4K,71.8,0
Satsunai,left,12.8,overflow,plus4K,72,0.0256
Satsunai,left,12.8,fluvial_scour,plus4K,72,0
Satsunai,left,12.8,overflow,plus4K,72.2,0.112
Satsunai,left,12.8,fluvial_scour,plus4K,72.2,0
Satsunai,left,12.8,overflow,plus4K,72.4,0.302
Satsunai,left,12.8,fluvial_scour,plus4K,72.4,0
Satsunai,left,12.8,overflow,plus4K,72.6,0.5794
Satsunai,left,12.8,fluvial_scour,plus4K,72.6,0
Satsunai,left,12.8,overflow,plus4K,72.8,0.8221
Satsunai,left,12.8,fluvial_scour,plus4K,72.8,0
Satsunai,left,12.8,overflow,plus4K,73,0.9495
Satsunai,left,12.8,fluvial_scour,plus4K,73,0
Satsunai,left,12.8,overflow,plus4K,73.2,0.9917
Satsunai,left,12.8,fluvial_scour,plus4K,73.2,0
Satsunai,left,12.8,overflow,plus4K,73.4,0.9984
Satsunai,left,12.8,fluvial_scour,plus4K,73.4,0
Satsunai,left,12.8,overflow,plus4K,73.6,0.9996
Satsunai,left,12.8,fluvial_scour,plus4K,73.6,0
Satsunai,left,12.8,overflow,plus4K,73.8,0.9999
Satsunai,left,12.8,fluvial_scour,plus4K,73.8,0
Satsunai,left,12.8,overflow,plus4K,74,1
Satsunai,left,12.8,fluvial_scour,plus4K,74,0
Satsunai,left,12.8,overflow,plus4K,74.2,1
Satsunai,left,12.8,fluvial_scour,plus4K,74.2,0
Satsunai,left,12.8,overflow,plus4K,74.4,1
Satsunai,left,12.8,fluvial_scour,plus4K,74.4,0
Satsunai,left,12.8,overflow,plus4K,74.6,1
Satsunai,left,12.8,fluvial_scour,plus4K,74.6,0
Satsunai,left,12.8,overflow,plus4K,74.8,1
Satsunai,left,12.8,fluvial_scour,plus4K,74.8,0
Satsunai,left,12.8,overflow,plus4K,75,1
Satsunai,left,12.8,fluvial_scour,plus4K,75,0
Satsunai,left,12.8,overflow,plus4K,75.2,1
Satsunai,left,12.8,fluvial_scour,plus4K,75.2,0
Satsunai,left,12.8,overflow,plus4K,75.4,1
Satsunai,left,12.8,fluvial_scour,plus4K,75.4,0
Satsunai,left,13,overflow,plus4K,69.6,0
Satsunai,left,13,fluvial_scour,plus4K,69.6,0
Satsunai,left,13,overflow,plus4K,69.8,0
Satsunai,left,13,fluvial_scour,plus4K,69.8,0
Satsunai,left,13,overflow,plus4K,70,0
Satsunai,left,13,fluvial_scour,plus4K,70,0
Satsunai,left,13,overflow,plus4K,70.2,0
Satsunai,left,13,fluvial_scour,plus4K,70.2,0
Satsunai,left,13,overflow,plus4K,70.4,0
Satsunai,left,13,fluvial_scour,plus4K,70.4,0
Satsunai,left,13,overflow,plus4K,70.6,0
Satsunai,left,13,fluvial_scour,plus4K,70.6,0
Satsunai,left,13,overflow,plus4K,70.8,0
Satsunai,left,13,fluvial_scour,plus4K,70.8,0
Satsunai,left,13,overflow,plus4K,71,0
Satsunai,left,13,fluvial_scour,plus4K,71,0
Satsunai,left,13,overflow,plus4K,71.2,0
Satsunai,left,13,fluvial_scour,plus4K,71.2,0
Satsunai,left,13,overflow,plus4K,71.4,0
Satsunai,left,13,fluvial_scour,plus4K,71.4,0
Satsunai,left,13,overflow,plus4K,71.6,0
Satsunai,left,13,fluvial_scour,plus4K,71.6,0
Satsunai,left,13,overflow,plus4K,71.8,0
Satsunai,left,13,fluvial_scour,plus4K,71.8,0
Satsunai,left,13,overflow,plus4K,72,0.0001
Satsunai,left,13,fluvial_scour,plus4K,72,0
Satsunai,left,13,overflow,plus4K,72.2,0.0003
Satsunai,left,13,fluvial_scour,plus4K,72.2,0
Satsunai,left,13,overflow,plus4K,72.4,0.0033
Satsunai,left,13,fluvial_scour,plus4K,72.4,0
Satsunai,left,13,overflow,plus4K,72.6,0.0176
Satsunai,left,13,fluvial_scour,plus4K,72.6,0
Satsunai,left,13,overflow,plus4K,72.8,0.0847
Satsunai,left,13,fluvial_scour,plus4K,72.8,0
Satsunai,left,13,overflow,plus4K,73,0.2548
Satsunai,left,13,fluvial_scour,plus4K,73,0
Satsunai,left,13,overflow,plus4K,73.2,0.518
Satsunai,left,13,fluvial_scour,plus4K,73.2,0
Satsunai,left,13,overflow,plus4K,73.4,0.768
Satsunai,left,13,fluvial_scour,plus4K,73.4,0
Satsunai,left,13,overflow,plus4K,73.6,0.9249
Satsunai,left,13,fluvial_scour,plus4K,73.6,0
Satsunai,left,13,overflow,plus4K,73.8,0.9856
Satsunai,left,13,fluvial_scour,plus4K,73.8,0
Satsunai,left,13,overflow,plus4K,74,0.998
Satsunai,left,13,fluvial_scour,plus4K,74,0
Satsunai,left,13,overflow,plus4K,74.2,0.9998
Satsunai,left,13,fluvial_scour,plus4K,74.2,0
Satsunai,left,13,overflow,plus4K,74.4,1
Satsunai,left,13,fluvial_scour,plus4K,74.4,0
Satsunai,left,13,overflow,plus4K,74.6,1
Satsunai,left,13,fluvial_scour,plus4K,74.6,0
Satsunai,left,13,overflow,plus4K,74.8,1
Satsunai,left,13,fluvial_scour,plus4K,74.8,0
Satsunai,left,13,overflow,plus4K,75,1
Satsunai,left,13,fluvial_scour,plus4K,75,0
Satsunai,left,13,overflow,plus4K,75.2,1
Satsunai,left,13,fluvial_scour,plus4K,75.2,0
Satsunai,left,13,overflow,plus4K,75.4,1
Satsunai,left,13,fluvial_scour,plus4K,75.4,0
Satsunai,left,13,overflow,plus4K,75.6,1
Satsunai,left,13,fluvial_scour,plus4K,75.6,0
Satsunai,left,13,overflow,plus4K,75.8,1
Satsunai,left,13,fluvial_scour,plus4K,75.8,0
Satsunai,left,13,overflow,plus4K,76,1
Satsunai,left,13,fluvial_scour,plus4K,76,0
Satsunai,left,13.2,overflow,plus4K,70,0
Satsunai,left,13.2,fluvial_scour,plus4K,70,0
Satsunai,left,13.2,overflow,plus4K,70.2,0
Satsunai,left,13.2,fluvial_scour,plus4K,70.2,0
Satsunai,left,13.2,overflow,plus4K,70.4,0
Satsunai,left,13.2,fluvial_scour,plus4K,70.4,0
Satsunai,left,13.2,overflow,plus4K,70.6,0
Satsunai,left,13.2,fluvial_scour,plus4K,70.6,0
Satsunai,left,13.2,overflow,plus4K,70.8,0
Satsunai,left,13.2,fluvial_scour,plus4K,70.8,0
Satsunai,left,13.2,overflow,plus4K,71,0
Satsunai,left,13.2,fluvial_scour,plus4K,71,0
Satsunai,left,13.2,overflow,plus4K,71.2,0
Satsunai,left,13.2,fluvial_scour,plus4K,71.2,0
Satsunai,left,13.2,overflow,plus4K,71.4,0
Satsunai,left,13.2,fluvial_scour,plus4K,71.4,0
Satsunai,left,13.2,overflow,plus4K,71.6,0
Satsunai,left,13.2,fluvial_scour,plus4K,71.6,0
Satsunai,left,13.2,overflow,plus4K,71.8,0
Satsunai,left,13.2,fluvial_scour,plus4K,71.8,0
Satsunai,left,13.2,overflow,plus4K,72,0
Satsunai,left,13.2,fluvial_scour,plus4K,72,0
Satsunai,left,13.2,overflow,plus4K,72.2,0
Satsunai,left,13.2,fluvial_scour,plus4K,72.2,0
Satsunai,left,13.2,overflow,plus4K,72.4,0
Satsunai,left,13.2,fluvial_scour,plus4K,72.4,0
Satsunai,left,13.2,overflow,plus4K,72.6,0
Satsunai,left,13.2,fluvial_scour,plus4K,72.6,0
Satsunai,left,13.2,overflow,plus4K,72.8,0.0002
Satsunai,left,13.2,fluvial_scour,plus4K,72.8,0
Satsunai,left,13.2,overflow,plus4K,73,0.0034
Satsunai,left,13.2,fluvial_scour,plus4K,73,0
Satsunai,left,13.2,overflow,plus4K,73.2,0.0181
Satsunai,left,13.2,fluvial_scour,plus4K,73.2,0
Satsunai,left,13.2,overflow,plus4K,73.4,0.0922
Satsunai,left,13.2,fluvial_scour,plus4K,73.4,0
Satsunai,left,13.2,overflow,plus4K,73.6,0.2678
Satsunai,left,13.2,fluvial_scour,plus4K,73.6,0
Satsunai,left,13.2,overflow,plus4K,73.8,0.5273
Satsunai,left,13.2,fluvial_scour,plus4K,73.8,0
Satsunai,left,13.2,overflow,plus4K,74,0.7801
Satsunai,left,13.2,fluvial_scour,plus4K,74,0
Satsunai,left,13.2,overflow,plus4K,74.2,0.9259
Satsunai,left,13.2,fluvial_scour,plus4K,74.2,0
Satsunai,left,13.2,overflow,plus4K,74.4,0.9842
Satsunai,left,13.2,fluvial_scour,plus4K,74.4,0
Satsunai,left,13.2,overflow,plus4K,74.6,0.9976
Satsunai,left,13.2,fluvial_scour,plus4K,74.6,0
Satsunai,left,13.2,overflow,plus4K,74.8,0.9999
Satsunai,left,13.2,fluvial_scour,plus4K,74.8,0
Satsunai,left,13.2,overflow,plus4K,75,1
Satsunai,left,13.2,fluvial_scour,plus4K,75,0
Satsunai,left,13.2,overflow,plus4K,75.2,1
Satsunai,left,13.2,fluvial_scour,plus4K,75.2,0
Satsunai,left,13.2,overflow,plus4K,75.4,1
Satsunai,left,13.2,fluvial_scour,plus4K,75.4,0
Satsunai,left,13.2,overflow,plus4K,75.6,1
Satsunai,left,13.2,fluvial_scour,plus4K,75.6,0
Satsunai,left,13.2,overflow,plus4K,75.8,1
Satsunai,left,13.2,fluvial_scour,plus4K,75.8,0
Satsunai,left,13.2,overflow,plus4K,76,1
Satsunai,left,13.2,fluvial_scour,plus4K,76,0
Satsunai,left,13.2,overflow,plus4K,76.2,1
Satsunai,left,13.2,fluvial_scour,plus4K,76.2,0
Satsunai,left,13.2,overflow,plus4K,76.4,1
Satsunai,left,13.2,fluvial_scour,plus4K,76.4,0
Satsunai,left,13.2,overflow,plus4K,76.6,1
Satsunai,left,13.2,fluvial_scour,plus4K,76.6,0
Satsunai,left,13.4,overflow,plus4K,71,0
Satsunai,left,13.4,fluvial_scour,plus4K,71,0
Satsunai,left,13.4,overflow,plus4K,71.2,0
Satsunai,left,13.4,fluvial_scour,plus4K,71.2,0
Satsunai,left,13.4,overflow,plus4K,71.4,0
Satsunai,left,13.4,fluvial_scour,plus4K,71.4,0
Satsunai,left,13.4,overflow,plus4K,71.6,0
Satsunai,left,13.4,fluvial_scour,plus4K,71.6,0
Satsunai,left,13.4,overflow,plus4K,71.8,0
Satsunai,left,13.4,fluvial_scour,plus4K,71.8,0
Satsunai,left,13.4,overflow,plus4K,72,0
Satsunai,left,13.4,fluvial_scour,plus4K,72,0
Satsunai,left,13.4,overflow,plus4K,72.2,0
Satsunai,left,13.4,fluvial_scour,plus4K,72.2,0
Satsunai,left,13.4,overflow,plus4K,72.4,0
Satsunai,left,13.4,fluvial_scour,plus4K,72.4,0
Satsunai,left,13.4,overflow,plus4K,72.6,0
Satsunai,left,13.4,fluvial_scour,plus4K,72.6,0
Satsunai,left,13.4,overflow,plus4K,72.8,0
Satsunai,left,13.4,fluvial_scour,plus4K,72.8,0
Satsunai,left,13.4,overflow,plus4K,73,0
Satsunai,left,13.4,fluvial_scour,plus4K,73,0
Satsunai,left,13.4,overflow,plus4K,73.2,0
Satsunai,left,13.4,fluvial_scour,plus4K,73.2,0
Satsunai,left,13.4,overflow,plus4K,73.4,0
Satsunai,left,13.4,fluvial_scour,plus4K,73.4,0
Satsunai,left,13.4,overflow,plus4K,73.6,0.0001
Satsunai,left,13.4,fluvial_scour,plus4K,73.6,0
Satsunai,left,13.4,overflow,plus4K,73.8,0.0014
Satsunai,left,13.4,fluvial_scour,plus4K,73.8,0
Satsunai,left,13.4,overflow,plus4K,74,0.0128
Satsunai,left,13.4,fluvial_scour,plus4K,74,0
Satsunai,left,13.4,overflow,plus4K,74.2,0.0669
Satsunai,left,13.4,fluvial_scour,plus4K,74.2,0
Satsunai,left,13.4,overflow,plus4K,74.4,0.2101
Satsunai,left,13.4,fluvial_scour,plus4K,74.4,0
Satsunai,left,13.4,overflow,plus4K,74.6,0.4513
Satsunai,left,13.4,fluvial_scour,plus4K,74.6,0
Satsunai,left,13.4,overflow,plus4K,74.8,0.7202
Satsunai,left,13.4,fluvial_scour,plus4K,74.8,0
Satsunai,left,13.4,overflow,plus4K,75,0.9004
Satsunai,left,13.4,fluvial_scour,plus4K,75,0
Satsunai,left,13.4,overflow,plus4K,75.2,0.9812
Satsunai,left,13.4,fluvial_scour,plus4K,75.2,0
Satsunai,left,13.4,overflow,plus4K,75.4,0.9968
Satsunai,left,13.4,fluvial_scour,plus4K,75.4,0
Satsunai,left,13.4,overflow,plus4K,75.6,0.9997
Satsunai,left,13.4,fluvial_scour,plus4K,75.6,0
Satsunai,left,13.4,overflow,plus4K,75.8,1
Satsunai,left,13.4,fluvial_scour,plus4K,75.8,0
Satsunai,left,13.4,overflow,plus4K,76,1
Satsunai,left,13.4,fluvial_scour,plus4K,76,0
Satsunai,left,13.4,overflow,plus4K,76.2,1
Satsunai,left,13.4,fluvial_scour,plus4K,76.2,0
Satsunai,left,13.4,overflow,plus4K,76.4,1
Satsunai,left,13.4,fluvial_scour,plus4K,76.4,0
Satsunai,left,13.4,overflow,plus4K,76.6,1
Satsunai,left,13.4,fluvial_scour,plus4K,76.6,0
Satsunai,left,13.4,overflow,plus4K,76.8,1
Satsunai,left,13.4,fluvial_scour,plus4K,76.8,0
Satsunai,left,13.4,overflow,plus4K,77,1
Satsunai,left,13.4,fluvial_scour,plus4K,77,0
Satsunai,left,13.4,overflow,plus4K,77.2,1
Satsunai,left,13.4,fluvial_scour,plus4K,77.2,0
Satsunai,left,13.4,overflow,plus4K,77.4,1
Satsunai,left,13.4,fluvial_scour,plus4K,77.4,0
Satsunai,left,13.6,overflow,plus4K,71,0
Satsunai,left,13.6,fluvial_scour,plus4K,71,0
Satsunai,left,13.6,overflow,plus4K,71.2,0
Satsunai,left,13.6,fluvial_scour,plus4K,71.2,0
Satsunai,left,13.6,overflow,plus4K,71.4,0
Satsunai,left,13.6,fluvial_scour,plus4K,71.4,0
Satsunai,left,13.6,overflow,plus4K,71.6,0
Satsunai,left,13.6,fluvial_scour,plus4K,71.6,0
Satsunai,left,13.6,overflow,plus4K,71.8,0
Satsunai,left,13.6,fluvial_scour,plus4K,71.8,0
Satsunai,left,13.6,overflow,plus4K,72,0
Satsunai,left,13.6,fluvial_scour,plus4K,72,0
Satsunai,left,13.6,overflow,plus4K,72.2,0
Satsunai,left,13.6,fluvial_scour,plus4K,72.2,0
Satsunai,left,13.6,overflow,plus4K,72.4,0
Satsunai,left,13.6,fluvial_scour,plus4K,72.4,0
Satsunai,left,13.6,overflow,plus4K,72.6,0
Satsunai,left,13.6,fluvial_scour,plus4K,72.6,0
Satsunai,left,13.6,overflow,plus4K,72.8,0
Satsunai,left,13.6,fluvial_scour,plus4K,72.8,0
Satsunai,left,13.6,overflow,plus4K,73,0
Satsunai,left,13.6,fluvial_scour,plus4K,73,0
Satsunai,left,13.6,overflow,plus4K,73.2,0
Satsunai,left,13.6,fluvial_scour,plus4K,73.2,0
Satsunai,left,13.6,overflow,plus4K,73.4,0
Satsunai,left,13.6,fluvial_scour,plus4K,73.4,0
Satsunai,left,13.6,overflow,plus4K,73.6,0
Satsunai,left,13.6,fluvial_scour,plus4K,73.6,0
Satsunai,left,13.6,overflow,plus4K,73.8,0
Satsunai,left,13.6,fluvial_scour,plus4K,73.8,0
Satsunai,left,13.6,overflow,plus4K,74,0.0001
Satsunai,left,13.6,fluvial_scour,plus4K,74,0
Satsunai,left,13.6,overflow,plus4K,74.2,0.0017
Satsunai,left,13.6,fluvial_scour,plus4K,74.2,0
Satsunai,left,13.6,overflow,plus4K,74.4,0.0109
Satsunai,left,13.6,fluvial_scour,plus4K,74.4,0
Satsunai,left,13.6,overflow,plus4K,74.6,0.0557
Satsunai,left,13.6,fluvial_scour,plus4K,74.6,0
Satsunai,left,13.6,overflow,plus4K,74.8,0.185
Satsunai,left,13.6,fluvial_scour,plus4K,74.8,0
Satsunai,left,13.6,overflow,plus4K,75,0.4249
Satsunai,left,13.6,fluvial_scour,plus4K,75,0
Satsunai,left,13.6,overflow,plus4K,75.2,0.6954
Satsunai,left,13.6,fluvial_scour,plus4K,75.2,0
Satsunai,left,13.6,overflow,plus4K,75.4,0.885
Satsunai,left,13.6,fluvial_scour,plus4K,75.4,0
Satsunai,left,13.6,overflow,plus4K,75.6,0.9725
Satsunai,left,13.6,fluvial_scour,plus4K,75.6,0
Satsunai,left,13.6,overflow,plus4K,75.8,0.9969
Satsunai,left,13.6,fluvial_scour,plus4K,75.8,0
Satsunai,left,13.6,overflow,plus4K,76,0.9999
Satsunai,left,13.6,fluvial_scour,plus4K,76,0
Satsunai,left,13.6,overflow,plus4K,76.2,1
Satsunai,left,13.6,fluvial_scour,plus4K,76.2,0
Satsunai,left,13.6,overflow,plus4K,76.4,1
Satsunai,left,13.6,fluvial_scour,plus4K,76.4,0
Satsunai,left,13.6,overflow,plus4K,76.6,1
Satsunai,left,13.6,fluvial_scour,plus4K,76.6,0
Satsunai,left,13.6,overflow,plus4K,76.8,1
Satsunai,left,13.6,fluvial_scour,plus4K,76.8,0
Satsunai,left,13.6,overflow,plus4K,77,1
Satsunai,left,13.6,fluvial_scour,plus4K,77,0
Satsunai,left,13.6,overflow,plus4K,77.2,1
Satsunai,left,13.6,fluvial_scour,plus4K,77.2,0
Satsunai,left,13.6,overflow,plus4K,77.4,1
Satsunai,left,13.6,fluvial_scour,plus4K,77.4,0
Satsunai,left,13.6,overflow,plus4K,77.6,1
Satsunai,left,13.6,fluvial_scour,plus4K,77.6,0
Satsunai,left,13.6,overflow,plus4K,77.8,1
Satsunai,left,13.6,fluvial_scour,plus4K,77.8,0
Satsunai,left,13.8,overflow,plus4K,71.6,0
Satsunai,left,13.8,fluvial_scour,plus4K,71.6,0
Satsunai,left,13.8,overflow,plus4K,71.8,0
Satsunai,left,13.8,fluvial_scour,plus4K,71.8,0
Satsunai,left,13.8,overflow,plus4K,72,0
Satsunai,left,13.8,fluvial_scour,plus4K,72,0
Satsunai,left,13.8,overflow,plus4K,72.2,0
Satsunai,left,13.8,fluvial_scour,plus4K,72.2,0
Satsunai,left,13.8,overflow,plus4K,72.4,0
Satsunai,left,13.8,fluvial_scour,plus4K,72.4,0
Satsunai,left,13.8,overflow,plus4K,72.6,0
Satsunai,left,13.8,fluvial_scour,plus4K,72.6,0
Satsunai,left,13.8,overflow,plus4K,72.8,0
Satsunai,left,13.8,fluvial_scour,plus4K,72.8,0
Satsunai,left,13.8,overflow,plus4K,73,0
Satsunai,left,13.8,fluvial_scour,plus4K,73,0
Satsunai,left,13.8,overflow,plus4K,73.2,0
Satsunai,left,13.8,fluvial_scour,plus4K,73.2,0
Satsunai,left,13.8,overflow,plus4K,73.4,0
Satsunai,left,13.8,fluvial_scour,plus4K,73.4,0
Satsunai,left,13.8,overflow,plus4K,73.6,0
Satsunai,left,13.8,fluvial_scour,plus4K,73.6,0
Satsunai,left,13.8,overflow,plus4K,73.8,0
Satsunai,left,13.8,fluvial_scour,plus4K,73.8,0
Satsunai,left,13.8,overflow,plus4K,74,0
Satsunai,left,13.8,fluvial_scour,plus4K,74,0
Satsunai,left,13.8,overflow,plus4K,74.2,0
Satsunai,left,13.8,fluvial_scour,plus4K,74.2,0
Satsunai,left,13.8,overflow,plus4K,74.4,0
Satsunai,left,13.8,fluvial_scour,plus4K,74.4,0
Satsunai,left,13.8,overflow,plus4K,74.6,0
Satsunai,left,13.8,fluvial_scour,plus4K,74.6,0
Satsunai,left,13.8,overflow,plus4K,74.8,0.0003
Satsunai,left,13.8,fluvial_scour,plus4K,74.8,0
Satsunai,left,13.8,overflow,plus4K,75,0.0037
Satsunai,left,13.8,fluvial_scour,plus4K,75,0
Satsunai,left,13.8,overflow,plus4K,75.2,0.0264
Satsunai,left,13.8,fluvial_scour,plus4K,75.2,0
Satsunai,left,13.8,overflow,plus4K,75.4,0.1066
Satsunai,left,13.8,fluvial_scour,plus4K,75.4,0
Satsunai,left,13.8,overflow,plus4K,75.6,0.2967
Satsunai,left,13.8,fluvial_scour,plus4K,75.6,0
Satsunai,left,13.8,overflow,plus4K,75.8,0.5669
Satsunai,left,13.8,fluvial_scour,plus4K,75.8,0
Satsunai,left,13.8,overflow,plus4K,76,0.8073
Satsunai,left,13.8,fluvial_scour,plus4K,76,0
Satsunai,left,13.8,overflow,plus4K,76.2,0.9442
Satsunai,left,13.8,fluvial_scour,plus4K,76.2,0
Satsunai,left,13.8,overflow,plus4K,76.4,0.9898
Satsunai,left,13.8,fluvial_scour,plus4K,76.4,0
Satsunai,left,13.8,overflow,plus4K,76.6,0.9988
Satsunai,left,13.8,fluvial_scour,plus4K,76.6,0
Satsunai,left,13.8,overflow,plus4K,76.8,0.9998
Satsunai,left,13.8,fluvial_scour,plus4K,76.8,0
Satsunai,left,13.8,overflow,plus4K,77,1
Satsunai,left,13.8,fluvial_scour,plus4K,77,0
Satsunai,left,13.8,overflow,plus4K,77.2,1
Satsunai,left,13.8,fluvial_scour,plus4K,77.2,0
Satsunai,left,13.8,overflow,plus4K,77.4,1
Satsunai,left,13.8,fluvial_scour,plus4K,77.4,0
Satsunai,left,13.8,overflow,plus4K,77.6,1
Satsunai,left,13.8,fluvial_scour,plus4K,77.6,0
Satsunai,left,13.8,overflow,plus4K,77.8,1
Satsunai,left,13.8,fluvial_scour,plus4K,77.8,0
Satsunai,left,13.8,overflow,plus4K,78,1
Satsunai,left,13.8,fluvial_scour,plus4K,78,0
Satsunai,left,13.8,overflow,plus4K,78.2,1
Satsunai,left,13.8,fluvial_scour,plus4K,78.2,0
Satsunai,left,13.8,overflow,plus4K,78.4,1
Satsunai,left,13.8,fluvial_scour,plus4K,78.4,0
Satsunai,left,13.8,overflow,plus4K,78.6,1
Satsunai,left,13.8,fluvial_scour,plus4K,78.6,0
Satsunai,left,14,overflow,plus4K,72.2,0
Satsunai,left,14,fluvial_scour,plus4K,72.2,0
Satsunai,left,14,overflow,plus4K,72.4,0
Satsunai,left,14,fluvial_scour,plus4K,72.4,0
Satsunai,left,14,overflow,plus4K,72.6,0
Satsunai,left,14,fluvial_scour,plus4K,72.6,0
Satsunai,left,14,overflow,plus4K,72.8,0
Satsunai,left,14,fluvial_scour,plus4K,72.8,0
Satsunai,left,14,overflow,plus4K,73,0
Satsunai,left,14,fluvial_scour,plus4K,73,0
Satsunai,left,14,overflow,plus4K,73.2,0
Satsunai,left,14,fluvial_scour,plus4K,73.2,0
Satsunai,left,14,overflow,plus4K,73.4,0
Satsunai,left,14,fluvial_scour,plus4K,73.4,0
Satsunai,left,14,overflow,plus4K,73.6,0
Satsunai,left,14,fluvial_scour,plus4K,73.6,0
Satsunai,left,14,overflow,plus4K,73.8,0
Satsunai,left,14,fluvial_scour,plus4K,73.8,0
Satsunai,left,14,overflow,plus4K,74,0
Satsunai,left,14,fluvial_scour,plus4K,74,0
Satsunai,left,14,overflow,plus4K,74.2,0
Satsunai,left,14,fluvial_scour,plus4K,74.2,0
Satsunai,left,14,overflow,plus4K,74.4,0
Satsunai,left,14,fluvial_scour,plus4K,74.4,0
Satsunai,left,14,overflow,plus4K,74.6,0
Satsunai,left,14,fluvial_scour,plus4K,74.6,0
Satsunai,left,14,overflow,plus4K,74.8,0
Satsunai,left,14,fluvial_scour,plus4K,74.8,0
Satsunai,left,14,overflow,plus4K,75,0
Satsunai,left,14,fluvial_scour,plus4K,75,0
Satsunai,left,14,overflow,plus4K,75.2,0
Satsunai,left,14,fluvial_scour,plus4K,75.2,0
Satsunai,left,14,overflow,plus4K,75.4,0.0001
Satsunai,left,14,fluvial_scour,plus4K,75.4,0
Satsunai,left,14,overflow,plus4K,75.6,0.002
Satsunai,left,14,fluvial_scour,plus4K,75.6,0
Satsunai,left,14,overflow,plus4K,75.8,0.0112
Satsunai,left,14,fluvial_scour,plus4K,75.8,0
Satsunai,left,14,overflow,plus4K,76,0.0561
Satsunai,left,14,fluvial_scour,plus4K,76,0
Satsunai,left,14,overflow,plus4K,76.2,0.1926
Satsunai,left,14,fluvial_scour,plus4K,76.2,0
Satsunai,left,14,overflow,plus4K,76.4,0.4384
Satsunai,left,14,fluvial_scour,plus4K,76.4,0
Satsunai,left,14,overflow,plus4K,76.6,0.7106
Satsunai,left,14,fluvial_scour,plus4K,76.6,0
Satsunai,left,14,overflow,plus4K,76.8,0.8982
Satsunai,left,14,fluvial_scour,plus4K,76.8,0
Satsunai,left,14,overflow,plus4K,77,0.9763
Satsunai,left,14,fluvial_scour,plus4K,77,0
Satsunai,left,14,overflow,plus4K,77.2,0.9963
Satsunai,left,14,fluvial_scour,plus4K,77.2,0
Satsunai,left,14,overflow,plus4K,77.4,0.9996
Satsunai,left,14,fluvial_scour,plus4K,77.4,0
Satsunai,left,14,overflow,plus4K,77.6,1
Satsunai,left,14,fluvial_scour,plus4K,77.6,0
Satsunai,left,14,overflow,plus4K,77.8,1
Satsunai,left,14,fluvial_scour,plus4K,77.8,0
Satsunai,left,14,overflow,plus4K,78,1
Satsunai,left,14,fluvial_scour,plus4K,78,0
Satsunai,left,14,overflow,plus4K,78.2,1
Satsunai,left,14,fluvial_scour,plus4K,78.2,0
Satsunai,left,14,overflow,plus4K,78.4,1
Satsunai,left,14,fluvial_scour,plus4K,78.4,0
Satsunai,left,14,overflow,plus4K,78.6,1
Satsunai,left,14,fluvial_scour,plus4K,78.6,0
Satsunai,left,14,overflow,plus4K,78.8,1
Satsunai,left,14,fluvial_scour,plus4K,78.8,0
Satsunai,left,14,overflow,plus4K,79,1
Satsunai,left,14,fluvial_scour,plus4K,79,0
Satsunai,left,14,overflow,plus4K,79.2,1
Satsunai,left,14,fluvial_scour,plus4K,79.2,0
Satsunai,left,14.2,overflow,plus4K,73.4,0
Satsunai,left,14.2,fluvial_scour,plus4K,73.4,0
Satsunai,left,14.2,overflow,plus4K,73.6,0
Satsunai,left,14.2,fluvial_scour,plus4K,73.6,0
Satsunai,left,14.2,overflow,plus4K,73.8,0
Satsunai,left,14.2,fluvial_scour,plus4K,73.8,0
Satsunai,left,14.2,overflow,plus4K,74,0
Satsunai,left,14.2,fluvial_scour,plus4K,74,0
Satsunai,left,14.2,overflow,plus4K,74.2,0
Satsunai,left,14.2,fluvial_scour,plus4K,74.2,0
Satsunai,left,14.2,overflow,plus4K,74.4,0
Satsunai,left,14.2,fluvial_scour,plus4K,74.4,0
Satsunai,left,14.2,overflow,plus4K,74.6,0
Satsunai,left,14.2,fluvial_scour,plus4K,74.6,0
Satsunai,left,14.2,overflow,plus4K,74.8,0
Satsunai,left,14.2,fluvial_scour,plus4K,74.8,0
Satsunai,left,14.2,overflow,plus4K,75,0
Satsunai,left,14.2,fluvial_scour,plus4K,75,0
Satsunai,left,14.2,overflow,plus4K,75.2,0
Satsunai,left,14.2,fluvial_scour,plus4K,75.2,0
Satsunai,left,14.2,overflow,plus4K,75.4,0
Satsunai,left,14.2,fluvial_scour,plus4K,75.4,0
Satsunai,left,14.2,overflow,plus4K,75.6,0
Satsunai,left,14.2,fluvial_scour,plus4K,75.6,0
Satsunai,left,14.2,overflow,plus4K,75.8,0
Satsunai,left,14.2,fluvial_scour,plus4K,75.8,0
Satsunai,left,14.2,overflow,plus4K,76,0
Satsunai,left,14.2,fluvial_scour,plus4K,76,0
Satsunai,left,14.2,overflow,plus4K,76.2,0
Satsunai,left,14.2,fluvial_scour,plus4K,76.2,0
Satsunai,left,14.2,overflow,plus4K,76.4,0
Satsunai,left,14.2,fluvial_scour,plus4K,76.4,0
Satsunai,left,14.2,overflow,plus4K,76.6,0.0001
Satsunai,left,14.2,fluvial_scour,plus4K,76.6,0
Satsunai,left,14.2,overflow,plus4K,76.8,0.0015
Satsunai,left,14.2,fluvial_scour,plus4K,76.8,0
Satsunai,left,14.2,overflow,plus4K,77,0.0134
Satsunai,left,14.2,fluvial_scour,plus4K,77,0
Satsunai,left,14.2,overflow,plus4K,77.2,0.0678
Satsunai,left,14.2,fluvial_scour,plus4K,77.2,0
Satsunai,left,14.2,overflow,plus4K,77.4,0.2255
Satsunai,left,14.2,fluvial_scour,plus4K,77.4,0
Satsunai,left,14.2,overflow,plus4K,77.6,0.4762
Satsunai,left,14.2,fluvial_scour,plus4K,77.6,0
Satsunai,left,14.2,overflow,plus4K,77.8,0.7331
Satsunai,left,14.2,fluvial_scour,plus4K,77.8,0
Satsunai,left,14.2,overflow,plus4K,78,0.9103
Satsunai,left,14.2,fluvial_scour,plus4K,78,0
Satsunai,left,14.2,overflow,plus4K,78.2,0.98
Satsunai,left,14.2,fluvial_scour,plus4K,78.2,0
Satsunai,left,14.2,overflow,plus4K,78.4,0.9972
Satsunai,left,14.2,fluvial_scour,plus4K,78.4,0
Satsunai,left,14.2,overflow,plus4K,78.6,0.9997
Satsunai,left,14.2,fluvial_scour,plus4K,78.6,0
Satsunai,left,14.2,overflow,plus4K,78.8,1
Satsunai,left,14.2,fluvial_scour,plus4K,78.8,0
Satsunai,left,14.2,overflow,plus4K,79,1
Satsunai,left,14.2,fluvial_scour,plus4K,79,0
Satsunai,left,14.2,overflow,plus4K,79.2,1
Satsunai,left,14.2,fluvial_scour,plus4K,79.2,0
Satsunai,left,14.2,overflow,plus4K,79.4,1
Satsunai,left,14.2,fluvial_scour,plus4K,79.4,0
Satsunai,left,14.2,overflow,plus4K,79.6,1
Satsunai,left,14.2,fluvial_scour,plus4K,79.6,0
Satsunai,left,14.2,overflow,plus4K,79.8,1
Satsunai,left,14.2,fluvial_scour,plus4K,79.8,0
Satsunai,left,14.2,overflow,plus4K,80,1
Satsunai,left,14.2,fluvial_scour,plus4K,80,0
Satsunai,left,14.2,overflow,plus4K,80.2,1
Satsunai,left,14.2,fluvial_scour,plus4K,80.2,0
Satsunai,left,14.2,overflow,plus4K,80.4,1
Satsunai,left,14.2,fluvial_scour,plus4K,80.4,0
Satsunai,left,14.4,overflow,plus4K,74.6,0
Satsunai,left,14.4,fluvial_scour,plus4K,74.6,0
Satsunai,left,14.4,overflow,plus4K,74.8,0
Satsunai,left,14.4,fluvial_scour,plus4K,74.8,0
Satsunai,left,14.4,overflow,plus4K,75,0
Satsunai,left,14.4,fluvial_scour,plus4K,75,0
Satsunai,left,14.4,overflow,plus4K,75.2,0
Satsunai,left,14.4,fluvial_scour,plus4K,75.2,0
Satsunai,left,14.4,overflow,plus4K,75.4,0
Satsunai,left,14.4,fluvial_scour,plus4K,75.4,0
Satsunai,left,14.4,overflow,plus4K,75.6,0
Satsunai,left,14.4,fluvial_scour,plus4K,75.6,0
Satsunai,left,14.4,overflow,plus4K,75.8,0
Satsunai,left,14.4,fluvial_scour,plus4K,75.8,0
Satsunai,left,14.4,overflow,plus4K,76,0
Satsunai,left,14.4,fluvial_scour,plus4K,76,0
Satsunai,left,14.4,overflow,plus4K,76.2,0
Satsunai,left,14.4,fluvial_scour,plus4K,76.2,0
Satsunai,left,14.4,overflow,plus4K,76.4,0
Satsunai,left,14.4,fluvial_scour,plus4K,76.4,0
Satsunai,left,14.4,overflow,plus4K,76.6,0
Satsunai,left,14.4,fluvial_scour,plus4K,76.6,0
Satsunai,left,14.4,overflow,plus4K,76.8,0
Satsunai,left,14.4,fluvial_scour,plus4K,76.8,0
Satsunai,left,14.4,overflow,plus4K,77,0
Satsunai,left,14.4,fluvial_scour,plus4K,77,0
Satsunai,left,14.4,overflow,plus4K,77.2,0
Satsunai,left,14.4,fluvial_scour,plus4K,77.2,0
Satsunai,left,14.4,overflow,plus4K,77.4,0
Satsunai,left,14.4,fluvial_scour,plus4K,77.4,0
Satsunai,left,14.4,overflow,plus4K,77.6,0
Satsunai,left,14.4,fluvial_scour,plus4K,77.6,0
Satsunai,left,14.4,overflow,plus4K,77.8,0.0014
Satsunai,left,14.4,fluvial_scour,plus4K,77.8,0
Satsunai,left,14.4,overflow,plus4K,78,0.0139
Satsunai,left,14.4,fluvial_scour,plus4K,78,0
Satsunai,left,14.4,overflow,plus4K,78.2,0.0646
Satsunai,left,14.4,fluvial_scour,plus4K,78.2,0
Satsunai,left,14.4,overflow,plus4K,78.4,0.2109
Satsunai,left,14.4,fluvial_scour,plus4K,78.4,0
Satsunai,left,14.4,overflow,plus4K,78.6,0.4569
Satsunai,left,14.4,fluvial_scour,plus4K,78.6,0
Satsunai,left,14.4,overflow,plus4K,78.8,0.7223
Satsunai,left,14.4,fluvial_scour,plus4K,78.8,0
Satsunai,left,14.4,overflow,plus4K,79,0.9004
Satsunai,left,14.4,fluvial_scour,plus4K,79,0
Satsunai,left,14.4,overflow,plus4K,79.2,0.9779
Satsunai,left,14.4,fluvial_scour,plus4K,79.2,0
Satsunai,left,14.4,overflow,plus4K,79.4,0.9958
Satsunai,left,14.4,fluvial_scour,plus4K,79.4,0
Satsunai,left,14.4,overflow,plus4K,79.6,0.9994
Satsunai,left,14.4,fluvial_scour,plus4K,79.6,0
Satsunai,left,14.4,overflow,plus4K,79.8,1
Satsunai,left,14.4,fluvial_scour,plus4K,79.8,0
Satsunai,left,14.4,overflow,plus4K,80,1
Satsunai,left,14.4,fluvial_scour,plus4K,80,0
Satsunai,left,14.4,overflow,plus4K,80.2,1
Satsunai,left,14.4,fluvial_scour,plus4K,80.2,0
Satsunai,left,14.4,overflow,plus4K,80.4,1
Satsunai,left,14.4,fluvial_scour,plus4K,80.4,0
Satsunai,left,14.4,overflow,plus4K,80.6,1
Satsunai,left,14.4,fluvial_scour,plus4K,80.6,0
Satsunai,left,14.4,overflow,plus4K,80.8,1
Satsunai,left,14.4,fluvial_scour,plus4K,80.8,0
Satsunai,left,14.4,overflow,plus4K,81,1
Satsunai,left,14.4,fluvial_scour,plus4K,81,0
Satsunai,left,14.4,overflow,plus4K,81.2,1
Satsunai,left,14.4,fluvial_scour,plus4K,81.2,0
Satsunai,left,14.4,overflow,plus4K,81.4,1
Satsunai,left,14.4,fluvial_scour,plus4K,81.4,0
Satsunai,left,14.6,overflow,plus4K,75.4,0
Satsunai,left,14.6,fluvial_scour,plus4K,75.4,0
Satsunai,left,14.6,overflow,plus4K,75.6,0
Satsunai,left,14.6,fluvial_scour,plus4K,75.6,0
Satsunai,left,14.6,overflow,plus4K,75.8,0
Satsunai,left,14.6,fluvial_scour,plus4K,75.8,0
Satsunai,left,14.6,overflow,plus4K,76,0
Satsunai,left,14.6,fluvial_scour,plus4K,76,0
Satsunai,left,14.6,overflow,plus4K,76.2,0
Satsunai,left,14.6,fluvial_scour,plus4K,76.2,0
Satsunai,left,14.6,overflow,plus4K,76.4,0
Satsunai,left,14.6,fluvial_scour,plus4K,76.4,0
Satsunai,left,14.6,overflow,plus4K,76.6,0
Satsunai,left,14.6,fluvial_scour,plus4K,76.6,0
Satsunai,left,14.6,overflow,plus4K,76.8,0
Satsunai,left,14.6,fluvial_scour,plus4K,76.8,0
Satsunai,left,14.6,overflow,plus4K,77,0
Satsunai,left,14.6,fluvial_scour,plus4K,77,0
Satsunai,left,14.6,overflow,plus4K,77.2,0
Satsunai,left,14.6,fluvial_scour,plus4K,77.2,0
Satsunai,left,14.6,overflow,plus4K,77.4,0
Satsunai,left,14.6,fluvial_scour,plus4K,77.4,0
Satsunai,left,14.6,overflow,plus4K,77.6,0
Satsunai,left,14.6,fluvial_scour,plus4K,77.6,0
Satsunai,left,14.6,overflow,plus4K,77.8,0
Satsunai,left,14.6,fluvial_scour,plus4K,77.8,0
Satsunai,left,14.6,overflow,plus4K,78,0
Satsunai,left,14.6,fluvial_scour,plus4K,78,0
Satsunai,left,14.6,overflow,plus4K,78.2,0
Satsunai,left,14.6,fluvial_scour,plus4K,78.2,0
Satsunai,left,14.6,overflow,plus4K,78.4,0
Satsunai,left,14.6,fluvial_scour,plus4K,78.4,0
Satsunai,left,14.6,overflow,plus4K,78.6,0.0002
Satsunai,left,14.6,fluvial_scour,plus4K,78.6,0
Satsunai,left,14.6,overflow,plus4K,78.8,0.0009
Satsunai,left,14.6,fluvial_scour,plus4K,78.8,0
Satsunai,left,14.6,overflow,plus4K,79,0.0058
Satsunai,left,14.6,fluvial_scour,plus4K,79,0
Satsunai,left,14.6,overflow,plus4K,79.2,0.0342
Satsunai,left,14.6,fluvial_scour,plus4K,79.2,0
Satsunai,left,14.6,overflow,plus4K,79.4,0.1339
Satsunai,left,14.6,fluvial_scour,plus4K,79.4,0
Satsunai,left,14.6,overflow,plus4K,79.6,0.3383
Satsunai,left,14.6,fluvial_scour,plus4K,79.6,0
Satsunai,left,14.6,overflow,plus4K,79.8,0.616
Satsunai,left,14.6,fluvial_scour,plus4K,79.8,0
Satsunai,left,14.6,overflow,plus4K,80,0.8406
Satsunai,left,14.6,fluvial_scour,plus4K,80,0
Satsunai,left,14.6,overflow,plus4K,80.2,0.9553
Satsunai,left,14.6,fluvial_scour,plus4K,80.2,0
Satsunai,left,14.6,overflow,plus4K,80.4,0.9926
Satsunai,left,14.6,fluvial_scour,plus4K,80.4,0
Satsunai,left,14.6,overflow,plus4K,80.6,0.9988
Satsunai,left,14.6,fluvial_scour,plus4K,80.6,0
Satsunai,left,14.6,overflow,plus4K,80.8,1
Satsunai,left,14.6,fluvial_scour,plus4K,80.8,0
Satsunai,left,14.6,overflow,plus4K,81,1
Satsunai,left,14.6,fluvial_scour,plus4K,81,0
Satsunai,left,14.6,overflow,plus4K,81.2,1
Satsunai,left,14.6,fluvial_scour,plus4K,81.2,0
Satsunai,left,14.6,overflow,plus4K,81.4,1
Satsunai,left,14.6,fluvial_scour,plus4K,81.4,0
Satsunai,left,14.6,overflow,plus4K,81.6,1
Satsunai,left,14.6,fluvial_scour,plus4K,81.6,0
Satsunai,left,14.6,overflow,plus4K,81.8,1
Satsunai,left,14.6,fluvial_scour,plus4K,81.8,0
Satsunai,left,14.6,overflow,plus4K,82,1
Satsunai,left,14.6,fluvial_scour,plus4K,82,0
Satsunai,left,14.6,overflow,plus4K,82.2,1
Satsunai,left,14.6,fluvial_scour,plus4K,82.2,0
Satsunai,left,14.6,overflow,plus4K,82.4,1
Satsunai,left,14.6,fluvial_scour,plus4K,82.4,0
Satsunai,left,14.8,overflow,plus4K,76.4,0
Satsunai,left,14.8,fluvial_scour,plus4K,76.4,0
Satsunai,left,14.8,overflow,plus4K,76.6,0
Satsunai,left,14.8,fluvial_scour,plus4K,76.6,0
Satsunai,left,14.8,overflow,plus4K,76.8,0
Satsunai,left,14.8,fluvial_scour,plus4K,76.8,0
Satsunai,left,14.8,overflow,plus4K,77,0
Satsunai,left,14.8,fluvial_scour,plus4K,77,0
Satsunai,left,14.8,overflow,plus4K,77.2,0
Satsunai,left,14.8,fluvial_scour,plus4K,77.2,0
Satsunai,left,14.8,overflow,plus4K,77.4,0
Satsunai,left,14.8,fluvial_scour,plus4K,77.4,0
Satsunai,left,14.8,overflow,plus4K,77.6,0
Satsunai,left,14.8,fluvial_scour,plus4K,77.6,0
Satsunai,left,14.8,overflow,plus4K,77.8,0
Satsunai,left,14.8,fluvial_scour,plus4K,77.8,0
Satsunai,left,14.8,overflow,plus4K,78,0
Satsunai,left,14.8,fluvial_scour,plus4K,78,0
Satsunai,left,14.8,overflow,plus4K,78.2,0
Satsunai,left,14.8,fluvial_scour,plus4K,78.2,0
Satsunai,left,14.8,overflow,plus4K,78.4,0
Satsunai,left,14.8,fluvial_scour,plus4K,78.4,0
Satsunai,left,14.8,overflow,plus4K,78.6,0
Satsunai,left,14.8,fluvial_scour,plus4K,78.6,0
Satsunai,left,14.8,overflow,plus4K,78.8,0
Satsunai,left,14.8,fluvial_scour,plus4K,78.8,0
Satsunai,left,14.8,overflow,plus4K,79,0
Satsunai,left,14.8,fluvial_scour,plus4K,79,0
Satsunai,left,14.8,overflow,plus4K,79.2,0
Satsunai,left,14.8,fluvial_scour,plus4K,79.2,0
Satsunai,left,14.8,overflow,plus4K,79.4,0
Satsunai,left,14.8,fluvial_scour,plus4K,79.4,0
Satsunai,left,14.8,overflow,plus4K,79.6,0
Satsunai,left,14.8,fluvial_scour,plus4K,79.6,0
Satsunai,left,14.8,overflow,plus4K,79.8,0
Satsunai,left,14.8,fluvial_scour,plus4K,79.8,0
Satsunai,left,14.8,overflow,plus4K,80,0.0013
Satsunai,left,14.8,fluvial_scour,plus4K,80,0
Satsunai,left,14.8,overflow,plus4K,80.2,0.0095
Satsunai,left,14.8,fluvial_scour,plus4K,80.2,0
Satsunai,left,14.8,overflow,plus4K,80.4,0.0454
Satsunai,left,14.8,fluvial_scour,plus4K,80.4,0
Satsunai,left,14.8,overflow,plus4K,80.6,0.1577
Satsunai,left,14.8,fluvial_scour,plus4K,80.6,0
Satsunai,left,14.8,overflow,plus4K,80.8,0.38
Satsunai,left,14.8,fluvial_scour,plus4K,80.8,0
Satsunai,left,14.8,overflow,plus4K,81,0.6462
Satsunai,left,14.8,fluvial_scour,plus4K,81,0
Satsunai,left,14.8,overflow,plus4K,81.2,0.8603
Satsunai,left,14.8,fluvial_scour,plus4K,81.2,0
Satsunai,left,14.8,overflow,plus4K,81.4,0.9678
Satsunai,left,14.8,fluvial_scour,plus4K,81.4,0
Satsunai,left,14.8,overflow,plus4K,81.6,0.9955
Satsunai,left,14.8,fluvial_scour,plus4K,81.6,0
Satsunai,left,14.8,overflow,plus4K,81.8,0.9998
Satsunai,left,14.8,fluvial_scour,plus4K,81.8,0
Satsunai,left,14.8,overflow,plus4K,82,1
Satsunai,left,14.8,fluvial_scour,plus4K,82,0
Satsunai,left,14.8,overflow,plus4K,82.2,1
Satsunai,left,14.8,fluvial_scour,plus4K,82.2,0
Satsunai,left,14.8,overflow,plus4K,82.4,1
Satsunai,left,14.8,fluvial_scour,plus4K,82.4,0
Satsunai,left,14.8,overflow,plus4K,82.6,1
Satsunai,left,14.8,fluvial_scour,plus4K,82.6,0
Satsunai,left,14.8,overflow,plus4K,82.8,1
Satsunai,left,14.8,fluvial_scour,plus4K,82.8,0
Satsunai,left,14.8,overflow,plus4K,83,1
Satsunai,left,14.8,fluvial_scour,plus4K,83,0
Satsunai,left,14.8,overflow,plus4K,83.2,1
Satsunai,left,14.8,fluvial_scour,plus4K,83.2,0
Satsunai,left,14.8,overflow,plus4K,83.4,1
Satsunai,left,14.8,fluvial_scour,plus4K,83.4,0
Satsunai,left,14.8,overflow,plus4K,83.6,1
Satsunai,left,14.8,fluvial_scour,plus4K,83.6,0
Satsunai,left,15,overflow,plus4K,77.8,0
Satsunai,left,15,fluvial_scour,plus4K,77.8,0
Satsunai,left,15,overflow,plus4K,78,0
Satsunai,left,15,fluvial_scour,plus4K,78,0
Satsunai,left,15,overflow,plus4K,78.2,0
Satsunai,left,15,fluvial_scour,plus4K,78.2,0
Satsunai,left,15,overflow,plus4K,78.4,0
Satsunai,left,15,fluvial_scour,plus4K,78.4,0
Satsunai,left,15,overflow,plus4K,78.6,0
Satsunai,left,15,fluvial_scour,plus4K,78.6,0
Satsunai,left,15,overflow,plus4K,78.8,0
Satsunai,left,15,fluvial_scour,plus4K,78.8,0
Satsunai,left,15,overflow,plus4K,79,0
Satsunai,left,15,fluvial_scour,plus4K,79,0
Satsunai,left,15,overflow,plus4K,79.2,0
Satsunai,left,15,fluvial_scour,plus4K,79.2,0
Satsunai,left,15,overflow,plus4K,79.4,0
Satsunai,left,15,fluvial_scour,plus4K,79.4,0
Satsunai,left,15,overflow,plus4K,79.6,0
Satsunai,left,15,fluvial_scour,plus4K,79.6,0
Satsunai,left,15,overflow,plus4K,79.8,0.0001
Satsunai,left,15,fluvial_scour,plus4K,79.8,0
Satsunai,left,15,overflow,plus4K,80,0.0003
Satsunai,left,15,fluvial_scour,plus4K,80,0
Satsunai,left,15,overflow,plus4K,80.2,0.0008
Satsunai,left,15,fluvial_scour,plus4K,80.2,0
Satsunai,left,15,overflow,plus4K,80.4,0.0021
Satsunai,left,15,fluvial_scour,plus4K,80.4,0
Satsunai,left,15,overflow,plus4K,80.6,0.0058
Satsunai,left,15,fluvial_scour,plus4K,80.6,0
Satsunai,left,15,overflow,plus4K,80.8,0.0128
Satsunai,left,15,fluvial_scour,plus4K,80.8,0
Satsunai,left,15,overflow,plus4K,81,0.0263
Satsunai,left,15,fluvial_scour,plus4K,81,0
Satsunai,left,15,overflow,plus4K,81.2,0.053
Satsunai,left,15,fluvial_scour,plus4K,81.2,0
Satsunai,left,15,overflow,plus4K,81.4,0.0937
Satsunai,left,15,fluvial_scour,plus4K,81.4,0
Satsunai,left,15,overflow,plus4K,81.6,0.1527
Satsunai,left,15,fluvial_scour,plus4K,81.6,0
Satsunai,left,15,overflow,plus4K,81.8,0.2353
Satsunai,left,15,fluvial_scour,plus4K,81.8,0
Satsunai,left,15,overflow,plus4K,82,0.3362
Satsunai,left,15,fluvial_scour,plus4K,82,0
Satsunai,left,15,overflow,plus4K,82.2,0.4535
Satsunai,left,15,fluvial_scour,plus4K,82.2,0
Satsunai,left,15,overflow,plus4K,82.4,0.5744
Satsunai,left,15,fluvial_scour,plus4K,82.4,0
Satsunai,left,15,overflow,plus4K,82.6,0.6899
Satsunai,left,15,fluvial_scour,plus4K,82.6,0
Satsunai,left,15,overflow,plus4K,82.8,0.7861
Satsunai,left,15,fluvial_scour,plus4K,82.8,0
Satsunai,left,15,overflow,plus4K,83,0.8652
Satsunai,left,15,fluvial_scour,plus4K,83,0
Satsunai,left,15,overflow,plus4K,83.2,0.9205
Satsunai,left,15,fluvial_scour,plus4K,83.2,0
Satsunai,left,15,overflow,plus4K,83.4,0.9568
Satsunai,left,15,fluvial_scour,plus4K,83.4,0
Satsunai,left,15,overflow,plus4K,83.6,0.9799
Satsunai,left,15,fluvial_scour,plus4K,83.6,0
Satsunai,left,15,overflow,plus4K,83.8,0.9903
Satsunai,left,15,fluvial_scour,plus4K,83.8,0
Satsunai,left,15,overflow,plus4K,84,0.9967
Satsunai,left,15,fluvial_scour,plus4K,84,0
Satsunai,left,15,overflow,plus4K,84.2,0.9992
Satsunai,left,15,fluvial_scour,plus4K,84.2,0
Satsunai,left,15,overflow,plus4K,84.4,0.9996
Satsunai,left,15,fluvial_scour,plus4K,84.4,0
Satsunai,left,15,overflow,plus4K,84.6,1
Satsunai,left,15,fluvial_scour,plus4K,84.6,0
Satsunai,left,15,overflow,plus4K,84.8,1
Satsunai,left,15,fluvial_scour,plus4K,84.8,0
Satsunai,left,15,overflow,plus4K,85,1
Satsunai,left,15,fluvial_scour,plus4K,85,0
Satsunai,left,15.2,overflow,plus4K,78.4,0
Satsunai,left,15.2,fluvial_scour,plus4K,78.4,0
Satsunai,left,15.2,overflow,plus4K,78.6,0
Satsunai,left,15.2,fluvial_scour,plus4K,78.6,0
Satsunai,left,15.2,overflow,plus4K,78.8,0
Satsunai,left,15.2,fluvial_scour,plus4K,78.8,0
Satsunai,left,15.2,overflow,plus4K,79,0
Satsunai,left,15.2,fluvial_scour,plus4K,79,0
Satsunai,left,15.2,overflow,plus4K,79.2,0
Satsunai,left,15.2,fluvial_scour,plus4K,79.2,0
Satsunai,left,15.2,overflow,plus4K,79.4,0
Satsunai,left,15.2,fluvial_scour,plus4K,79.4,0
Satsunai,left,15.2,overflow,plus4K,79.6,0
Satsunai,left,15.2,fluvial_scour,plus4K,79.6,0
Satsunai,left,15.2,overflow,plus4K,79.8,0
Satsunai,left,15.2,fluvial_scour,plus4K,79.8,0
Satsunai,left,15.2,overflow,plus4K,80,0
Satsunai,left,15.2,fluvial_scour,plus4K,80,0
Satsunai,left,15.2,overflow,plus4K,80.2,0
Satsunai,left,15.2,fluvial_scour,plus4K,80.2,0
Satsunai,left,15.2,overflow,plus4K,80.4,0
Satsunai,left,15.2,fluvial_scour,plus4K,80.4,0
Satsunai,left,15.2,overflow,plus4K,80.6,0
Satsunai,left,15.2,fluvial_scour,plus4K,80.6,0
Satsunai,left,15.2,overflow,plus4K,80.8,0
Satsunai,left,15.2,fluvial_scour,plus4K,80.8,0
Satsunai,left,15.2,overflow,plus4K,81,0
Satsunai,left,15.2,fluvial_scour,plus4K,81,0
Satsunai,left,15.2,overflow,plus4K,81.2,0
Satsunai,left,15.2,fluvial_scour,plus4K,81.2,0
Satsunai,left,15.2,overflow,plus4K,81.4,0.0001
Satsunai,left,15.2,fluvial_scour,plus4K,81.4,0
Satsunai,left,15.2,overflow,plus4K,81.6,0.0018
Satsunai,left,15.2,fluvial_scour,plus4K,81.6,0
Satsunai,left,15.2,overflow,plus4K,81.8,0.0149
Satsunai,left,15.2,fluvial_scour,plus4K,81.8,0
Satsunai,left,15.2,overflow,plus4K,82,0.0756
Satsunai,left,15.2,fluvial_scour,plus4K,82,0
Satsunai,left,15.2,overflow,plus4K,82.2,0.2286
Satsunai,left,15.2,fluvial_scour,plus4K,82.2,0
Satsunai,left,15.2,overflow,plus4K,82.4,0.4832
Satsunai,left,15.2,fluvial_scour,plus4K,82.4,0
Satsunai,left,15.2,overflow,plus4K,82.6,0.7501
Satsunai,left,15.2,fluvial_scour,plus4K,82.6,0
Satsunai,left,15.2,overflow,plus4K,82.8,0.9177
Satsunai,left,15.2,fluvial_scour,plus4K,82.8,0
Satsunai,left,15.2,overflow,plus4K,83,0.9809
Satsunai,left,15.2,fluvial_scour,plus4K,83,0
Satsunai,left,15.2,overflow,plus4K,83.2,0.9977
Satsunai,left,15.2,fluvial_scour,plus4K,83.2,0
Satsunai,left,15.2,overflow,plus4K,83.4,0.9997
Satsunai,left,15.2,fluvial_scour,plus4K,83.4,0
Satsunai,left,15.2,overflow,plus4K,83.6,1
Satsunai,left,15.2,fluvial_scour,plus4K,83.6,0
Satsunai,left,15.2,overflow,plus4K,83.8,1
Satsunai,left,15.2,fluvial_scour,plus4K,83.8,0
Satsunai,left,15.2,overflow,plus4K,84,1
Satsunai,left,15.2,fluvial_scour,plus4K,84,0
Satsunai,left,15.2,overflow,plus4K,84.2,1
Satsunai,left,15.2,fluvial_scour,plus4K,84.2,0
Satsunai,left,15.2,overflow,plus4K,84.4,1
Satsunai,left,15.2,fluvial_scour,plus4K,84.4,0
Satsunai,left,15.2,overflow,plus4K,84.6,1
Satsunai,left,15.2,fluvial_scour,plus4K,84.6,0
Satsunai,left,15.2,overflow,plus4K,84.8,1
Satsunai,left,15.2,fluvial_scour,plus4K,84.8,0
Satsunai,left,15.2,overflow,plus4K,85,1
Satsunai,left,15.2,fluvial_scour,plus4K,85,0
Satsunai,left,15.2,overflow,plus4K,85.2,1
Satsunai,left,15.2,fluvial_scour,plus4K,85.2,0
Satsunai,left,15.4,overflow,plus4K,79.2,0
Satsunai,left,15.4,fluvial_scour,plus4K,79.2,0
Satsunai,left,15.4,overflow,plus4K,79.4,0
Satsunai,left,15.4,fluvial_scour,plus4K,79.4,0
Satsunai,left,15.4,overflow,plus4K,79.6,0
Satsunai,left,15.4,fluvial_scour,plus4K,79.6,0
Satsunai,left,15.4,overflow,plus4K,79.8,0
Satsunai,left,15.4,fluvial_scour,plus4K,79.8,0
Satsunai,left,15.4,overflow,plus4K,80,0
Satsunai,left,15.4,fluvial_scour,plus4K,80,0
Satsunai,left,15.4,overflow,plus4K,80.2,0
Satsunai,left,15.4,fluvial_scour,plus4K,80.2,0
Satsunai,left,15.4,overflow,plus4K,80.4,0
Satsunai,left,15.4,fluvial_scour,plus4K,80.4,0
Satsunai,left,15.4,overflow,plus4K,80.6,0
Satsunai,left,15.4,fluvial_scour,plus4K,80.6,0
Satsunai,left,15.4,overflow,plus4K,80.8,0
Satsunai,left,15.4,fluvial_scour,plus4K,80.8,0
Satsunai,left,15.4,overflow,plus4K,81,0
Satsunai,left,15.4,fluvial_scour,plus4K,81,0
Satsunai,left,15.4,overflow,plus4K,81.2,0
Satsunai,left,15.4,fluvial_scour,plus4K,81.2,0
Satsunai,left,15.4,overflow,plus4K,81.4,0
Satsunai,left,15.4,fluvial_scour,plus4K,81.4,0
Satsunai,left,15.4,overflow,plus4K,81.6,0
Satsunai,left,15.4,fluvial_scour,plus4K,81.6,0
Satsunai,left,15.4,overflow,plus4K,81.8,0
Satsunai,left,15.4,fluvial_scour,plus4K,81.8,0
Satsunai,left,15.4,overflow,plus4K,82,0
Satsunai,left,15.4,fluvial_scour,plus4K,82,0
Satsunai,left,15.4,overflow,plus4K,82.2,0.0001
Satsunai,left,15.4,fluvial_scour,plus4K,82.2,0
Satsunai,left,15.4,overflow,plus4K,82.4,0.0011
Satsunai,left,15.4,fluvial_scour,plus4K,82.4,0
Satsunai,left,15.4,overflow,plus4K,82.6,0.0091
Satsunai,left,15.4,fluvial_scour,plus4K,82.6,0
Satsunai,left,15.4,overflow,plus4K,82.8,0.0486
Satsunai,left,15.4,fluvial_scour,plus4K,82.8,0
Satsunai,left,15.4,overflow,plus4K,83,0.1687
Satsunai,left,15.4,fluvial_scour,plus4K,83,0
Satsunai,left,15.4,overflow,plus4K,83.2,0.3943
Satsunai,left,15.4,fluvial_scour,plus4K,83.2,0
Satsunai,left,15.4,overflow,plus4K,83.4,0.6699
Satsunai,left,15.4,fluvial_scour,plus4K,83.4,0
Satsunai,left,15.4,overflow,plus4K,83.6,0.8747
Satsunai,left,15.4,fluvial_scour,plus4K,83.6,0
Satsunai,left,15.4,overflow,plus4K,83.8,0.968
Satsunai,left,15.4,fluvial_scour,plus4K,83.8,0
Satsunai,left,15.4,overflow,plus4K,84,0.9944
Satsunai,left,15.4,fluvial_scour,plus4K,84,0
Satsunai,left,15.4,overflow,plus4K,84.2,0.9991
Satsunai,left,15.4,fluvial_scour,plus4K,84.2,0
Satsunai,left,15.4,overflow,plus4K,84.4,1
Satsunai,left,15.4,fluvial_scour,plus4K,84.4,0
Satsunai,left,15.4,overflow,plus4K,84.6,1
Satsunai,left,15.4,fluvial_scour,plus4K,84.6,0
Satsunai,left,15.4,overflow,plus4K,84.8,1
Satsunai,left,15.4,fluvial_scour,plus4K,84.8,0
Satsunai,left,15.4,overflow,plus4K,85,1
Satsunai,left,15.4,fluvial_scour,plus4K,85,0
Satsunai,left,15.4,overflow,plus4K,85.2,1
Satsunai,left,15.4,fluvial_scour,plus4K,85.2,0
Satsunai,left,15.4,overflow,plus4K,85.4,1
Satsunai,left,15.4,fluvial_scour,plus4K,85.4,0
Satsunai,left,15.4,overflow,plus4K,85.6,1
Satsunai,left,15.4,fluvial_scour,plus4K,85.6,0
Satsunai,left,15.4,overflow,plus4K,85.8,1
Satsunai,left,15.4,fluvial_scour,plus4K,85.8,0
Satsunai,left,15.4,overflow,plus4K,86,1
Satsunai,left,15.4,fluvial_scour,plus4K,86,0
Satsunai,left,15.6,overflow,plus4K,80,0
Satsunai,left,15.6,fluvial_scour,plus4K,80,0
Satsunai,left,15.6,overflow,plus4K,80.2,0
Satsunai,left,15.6,fluvial_scour,plus4K,80.2,0
Satsunai,left,15.6,overflow,plus4K,80.4,0
Satsunai,left,15.6,fluvial_scour,plus4K,80.4,0
Satsunai,left,15.6,overflow,plus4K,80.6,0
Satsunai,left,15.6,fluvial_scour,plus4K,80.6,0
Satsunai,left,15.6,overflow,plus4K,80.8,0
Satsunai,left,15.6,fluvial_scour,plus4K,80.8,0
Satsunai,left,15.6,overflow,plus4K,81,0
Satsunai,left,15.6,fluvial_scour,plus4K,81,0
Satsunai,left,15.6,overflow,plus4K,81.2,0
Satsunai,left,15.6,fluvial_scour,plus4K,81.2,0
Satsunai,left,15.6,overflow,plus4K,81.4,0
Satsunai,left,15.6,fluvial_scour,plus4K,81.4,0
Satsunai,left,15.6,overflow,plus4K,81.6,0
Satsunai,left,15.6,fluvial_scour,plus4K,81.6,0
Satsunai,left,15.6,overflow,plus4K,81.8,0
Satsunai,left,15.6,fluvial_scour,plus4K,81.8,0
Satsunai,left,15.6,overflow,plus4K,82,0
Satsunai,left,15.6,fluvial_scour,plus4K,82,0
Satsunai,left,15.6,overflow,plus4K,82.2,0
Satsunai,left,15.6,fluvial_scour,plus4K,82.2,0
Satsunai,left,15.6,overflow,plus4K,82.4,0
Satsunai,left,15.6,fluvial_scour,plus4K,82.4,0
Satsunai,left,15.6,overflow,plus4K,82.6,0
Satsunai,left,15.6,fluvial_scour,plus4K,82.6,0
Satsunai,left,15.6,overflow,plus4K,82.8,0
Satsunai,left,15.6,fluvial_scour,plus4K,82.8,0
Satsunai,left,15.6,overflow,plus4K,83,0
Satsunai,left,15.6,fluvial_scour,plus4K,83,0
Satsunai,left,15.6,overflow,plus4K,83.2,0.0006
Satsunai,left,15.6,fluvial_scour,plus4K,83.2,0
Satsunai,left,15.6,overflow,plus4K,83.4,0.0033
Satsunai,left,15.6,fluvial_scour,plus4K,83.4,0
Satsunai,left,15.6,overflow,plus4K,83.6,0.0193
Satsunai,left,15.6,fluvial_scour,plus4K,83.6,0
Satsunai,left,15.6,overflow,plus4K,83.8,0.0826
Satsunai,left,15.6,fluvial_scour,plus4K,83.8,0
Satsunai,left,15.6,overflow,plus4K,84,0.2451
Satsunai,left,15.6,fluvial_scour,plus4K,84,0
Satsunai,left,15.6,overflow,plus4K,84.2,0.5138
Satsunai,left,15.6,fluvial_scour,plus4K,84.2,0
Satsunai,left,15.6,overflow,plus4K,84.4,0.7739
Satsunai,left,15.6,fluvial_scour,plus4K,84.4,0
Satsunai,left,15.6,overflow,plus4K,84.6,0.9249
Satsunai,left,15.6,fluvial_scour,plus4K,84.6,0
Satsunai,left,15.6,overflow,plus4K,84.8,0.9822
Satsunai,left,15.6,fluvial_scour,plus4K,84.8,0
Satsunai,left,15.6,overflow,plus4K,85,0.9975
Satsunai,left,15.6,fluvial_scour,plus4K,85,0
Satsunai,left,15.6,overflow,plus4K,85.2,0.9996
Satsunai,left,15.6,fluvial_scour,plus4K,85.2,0
Satsunai,left,15.6,overflow,plus4K,85.4,0.9999
Satsunai,left,15.6,fluvial_scour,plus4K,85.4,0
Satsunai,left,15.6,overflow,plus4K,85.6,1
Satsunai,left,15.6,fluvial_scour,plus4K,85.6,0
Satsunai,left,15.6,overflow,plus4K,85.8,1
Satsunai,left,15.6,fluvial_scour,plus4K,85.8,0
Satsunai,left,15.6,overflow,plus4K,86,1
Satsunai,left,15.6,fluvial_scour,plus4K,86,0
Satsunai,left,15.6,overflow,plus4K,86.2,1
Satsunai,left,15.6,fluvial_scour,plus4K,86.2,0
Satsunai,left,15.6,overflow,plus4K,86.4,1
Satsunai,left,15.6,fluvial_scour,plus4K,86.4,0
Satsunai,left,15.6,overflow,plus4K,86.6,1
Satsunai,left,15.6,fluvial_scour,plus4K,86.6,0
Satsunai,left,15.6,overflow,plus4K,86.8,1
Satsunai,left,15.6,fluvial_scour,plus4K,86.8,0
Satsunai,left,15.6,overflow,plus4K,87,1
Satsunai,left,15.6,fluvial_scour,plus4K,87,0
Satsunai,left,15.8,overflow,plus4K,81.2,0
Satsunai,left,15.8,fluvial_scour,plus4K,81.2,0
Satsunai,left,15.8,overflow,plus4K,81.4,0
Satsunai,left,15.8,fluvial_scour,plus4K,81.4,0
Satsunai,left,15.8,overflow,plus4K,81.6,0
Satsunai,left,15.8,fluvial_scour,plus4K,81.6,0
Satsunai,left,15.8,overflow,plus4K,81.8,0
Satsunai,left,15.8,fluvial_scour,plus4K,81.8,0
Satsunai,left,15.8,overflow,plus4K,82,0
Satsunai,left,15.8,fluvial_scour,plus4K,82,0
Satsunai,left,15.8,overflow,plus4K,82.2,0
Satsunai,left,15.8,fluvial_scour,plus4K,82.2,0
Satsunai,left,15.8,overflow,plus4K,82.4,0
Satsunai,left,15.8,fluvial_scour,plus4K,82.4,0
Satsunai,left,15.8,overflow,plus4K,82.6,0
Satsunai,left,15.8,fluvial_scour,plus4K,82.6,0
Satsunai,left,15.8,overflow,plus4K,82.8,0
Satsunai,left,15.8,fluvial_scour,plus4K,82.8,0
Satsunai,left,15.8,overflow,plus4K,83,0
Satsunai,left,15.8,fluvial_scour,plus4K,83,0
Satsunai,left,15.8,overflow,plus4K,83.2,0
Satsunai,left,15.8,fluvial_scour,plus4K,83.2,0
Satsunai,left,15.8,overflow,plus4K,83.4,0
Satsunai,left,15.8,fluvial_scour,plus4K,83.4,0
Satsunai,left,15.8,overflow,plus4K,83.6,0
Satsunai,left,15.8,fluvial_scour,plus4K,83.6,0
Satsunai,left,15.8,overflow,plus4K,83.8,0
Satsunai,left,15.8,fluvial_scour,plus4K,83.8,0
Satsunai,left,15.8,overflow,plus4K,84,0
Satsunai,left,15.8,fluvial_scour,plus4K,84,0
Satsunai,left,15.8,overflow,plus4K,84.2,0
Satsunai,left,15.8,fluvial_scour,plus4K,84.2,0
Satsunai,left,15.8,overflow,plus4K,84.4,0.0005
Satsunai,left,15.8,fluvial_scour,plus4K,84.4,0
Satsunai,left,15.8,overflow,plus4K,84.6,0.0048
Satsunai,left,15.8,fluvial_scour,plus4K,84.6,0
Satsunai,left,15.8,overflow,plus4K,84.8,0.0265
Satsunai,left,15.8,fluvial_scour,plus4K,84.8,0
Satsunai,left,15.8,overflow,plus4K,85,0.1034
Satsunai,left,15.8,fluvial_scour,plus4K,85,0
Satsunai,left,15.8,overflow,plus4K,85.2,0.29
Satsunai,left,15.8,fluvial_scour,plus4K,85.2,0
Satsunai,left,15.8,overflow,plus4K,85.4,0.5638
Satsunai,left,15.8,fluvial_scour,plus4K,85.4,0
Satsunai,left,15.8,overflow,plus4K,85.6,0.8105
Satsunai,left,15.8,fluvial_scour,plus4K,85.6,0
Satsunai,left,15.8,overflow,plus4K,85.8,0.9445
Satsunai,left,15.8,fluvial_scour,plus4K,85.8,0
Satsunai,left,15.8,overflow,plus4K,86,0.9898
Satsunai,left,15.8,fluvial_scour,plus4K,86,0
Satsunai,left,15.8,overflow,plus4K,86.2,0.9988
Satsunai,left,15.8,fluvial_scour,plus4K,86.2,0
Satsunai,left,15.8,overflow,plus4K,86.4,0.9999
Satsunai,left,15.8,fluvial_scour,plus4K,86.4,0
Satsunai,left,15.8,overflow,plus4K,86.6,1
Satsunai,left,15.8,fluvial_scour,plus4K,86.6,0
Satsunai,left,15.8,overflow,plus4K,86.8,1
Satsunai,left,15.8,fluvial_scour,plus4K,86.8,0
Satsunai,left,15.8,overflow,plus4K,87,1
Satsunai,left,15.8,fluvial_scour,plus4K,87,0
Satsunai,left,15.8,overflow,plus4K,87.2,1
Satsunai,left,15.8,fluvial_scour,plus4K,87.2,0
Satsunai,left,15.8,overflow,plus4K,87.4,1
Satsunai,left,15.8,fluvial_scour,plus4K,87.4,0
Satsunai,left,15.8,overflow,plus4K,87.6,1
Satsunai,left,15.8,fluvial_scour,plus4K,87.6,0
Satsunai,left,15.8,overflow,plus4K,87.8,1
Satsunai,left,15.8,fluvial_scour,plus4K,87.8,0
Satsunai,left,15.8,overflow,plus4K,88,1
Satsunai,left,15.8,fluvial_scour,plus4K,88,0
Satsunai,left,15.8,overflow,plus4K,88.2,1
Satsunai,left,15.8,fluvial_scour,plus4K,88.2,0
Satsunai,left,16,overflow,plus4K,81.8,0
Satsunai,left,16,fluvial_scour,plus4K,81.8,0
Satsunai,left,16,overflow,plus4K,82,0
Satsunai,left,16,fluvial_scour,plus4K,82,0
Satsunai,left,16,overflow,plus4K,82.2,0
Satsunai,left,16,fluvial_scour,plus4K,82.2,0
Satsunai,left,16,overflow,plus4K,82.4,0
Satsunai,left,16,fluvial_scour,plus4K,82.4,0
Satsunai,left,16,overflow,plus4K,82.6,0
Satsunai,left,16,fluvial_scour,plus4K,82.6,0
Satsunai,left,16,overflow,plus4K,82.8,0
Satsunai,left,16,fluvial_scour,plus4K,82.8,0
Satsunai,left,16,overflow,plus4K,83,0
Satsunai,left,16,fluvial_scour,plus4K,83,0
Satsunai,left,16,overflow,plus4K,83.2,0
Satsunai,left,16,fluvial_scour,plus4K,83.2,0
Satsunai,left,16,overflow,plus4K,83.4,0
Satsunai,left,16,fluvial_scour,plus4K,83.4,0
Satsunai,left,16,overflow,plus4K,83.6,0
Satsunai,left,16,fluvial_scour,plus4K,83.6,0
Satsunai,left,16,overflow,plus4K,83.8,0
Satsunai,left,16,fluvial_scour,plus4K,83.8,0
Satsunai,left,16,overflow,plus4K,84,0
Satsunai,left,16,fluvial_scour,plus4K,84,0
Satsunai,left,16,overflow,plus4K,84.2,0
Satsunai,left,16,fluvial_scour,plus4K,84.2,0
Satsunai,left,16,overflow,plus4K,84.4,0
Satsunai,left,16,fluvial_scour,plus4K,84.4,0
Satsunai,left,16,overflow,plus4K,84.6,0.0001
Satsunai,left,16,fluvial_scour,plus4K,84.6,0
Satsunai,left,16,overflow,plus4K,84.8,0.0002
Satsunai,left,16,fluvial_scour,plus4K,84.8,0
Satsunai,left,16,overflow,plus4K,85,0.0014
Satsunai,left,16,fluvial_scour,plus4K,85,0
Satsunai,left,16,overflow,plus4K,85.2,0.0125
Satsunai,left,16,fluvial_scour,plus4K,85.2,0
Satsunai,left,16,overflow,plus4K,85.4,0.0644
Satsunai,left,16,fluvial_scour,plus4K,85.4,0
Satsunai,left,16,overflow,plus4K,85.6,0.2199
Satsunai,left,16,fluvial_scour,plus4K,85.6,0
Satsunai,left,16,overflow,plus4K,85.8,0.4699
Satsunai,left,16,fluvial_scour,plus4K,85.8,0
Satsunai,left,16,overflow,plus4K,86,0.729
Satsunai,left,16,fluvial_scour,plus4K,86,0
Satsunai,left,16,overflow,plus4K,86.2,0.9051
Satsunai,left,16,fluvial_scour,plus4K,86.2,0
Satsunai,left,16,overflow,plus4K,86.4,0.975
Satsunai,left,16,fluvial_scour,plus4K,86.4,0
Satsunai,left,16,overflow,plus4K,86.6,0.9957
Satsunai,left,16,fluvial_scour,plus4K,86.6,0
Satsunai,left,16,overflow,plus4K,86.8,0.9994
Satsunai,left,16,fluvial_scour,plus4K,86.8,0
Satsunai,left,16,overflow,plus4K,87,0.9998
Satsunai,left,16,fluvial_scour,plus4K,87,0
Satsunai,left,16,overflow,plus4K,87.2,0.9999
Satsunai,left,16,fluvial_scour,plus4K,87.2,0
Satsunai,left,16,overflow,plus4K,87.4,1
Satsunai,left,16,fluvial_scour,plus4K,87.4,0
Satsunai,left,16,overflow,plus4K,87.6,1
Satsunai,left,16,fluvial_scour,plus4K,87.6,0
Satsunai,left,16,overflow,plus4K,87.8,1
Satsunai,left,16,fluvial_scour,plus4K,87.8,0
Satsunai,left,16,overflow,plus4K,88,1
Satsunai,left,16,fluvial_scour,plus4K,88,0
Satsunai,left,16,overflow,plus4K,88.2,1
Satsunai,left,16,fluvial_scour,plus4K,88.2,0
Satsunai,left,16,overflow,plus4K,88.4,1
Satsunai,left,16,fluvial_scour,plus4K,88.4,0
Satsunai,left,16,overflow,plus4K,88.6,1
Satsunai,left,16,fluvial_scour,plus4K,88.6,0
Satsunai,left,16.2,overflow,plus4K,83.2,0
Satsunai,left,16.2,fluvial_scour,plus4K,83.2,0
Satsunai,left,16.2,overflow,plus4K,83.4,0
Satsunai,left,16.2,fluvial_scour,plus4K,83.4,0
Satsunai,left,16.2,overflow,plus4K,83.6,0
Satsunai,left,16.2,fluvial_scour,plus4K,83.6,0
Satsunai,left,16.2,overflow,plus4K,83.8,0
Satsunai,left,16.2,fluvial_scour,plus4K,83.8,0
Satsunai,left,16.2,overflow,plus4K,84,0
Satsunai,left,16.2,fluvial_scour,plus4K,84,0
Satsunai,left,16.2,overflow,plus4K,84.2,0
Satsunai,left,16.2,fluvial_scour,plus4K,84.2,0
Satsunai,left,16.2,overflow,plus4K,84.4,0
Satsunai,left,16.2,fluvial_scour,plus4K,84.4,0
Satsunai,left,16.2,overflow,plus4K,84.6,0
Satsunai,left,16.2,fluvial_scour,plus4K,84.6,0
Satsunai,left,16.2,overflow,plus4K,84.8,0
Satsunai,left,16.2,fluvial_scour,plus4K,84.8,0
Satsunai,left,16.2,overflow,plus4K,85,0
Satsunai,left,16.2,fluvial_scour,plus4K,85,0
Satsunai,left,16.2,overflow,plus4K,85.2,0
Satsunai,left,16.2,fluvial_scour,plus4K,85.2,0
Satsunai,left,16.2,overflow,plus4K,85.4,0
Satsunai,left,16.2,fluvial_scour,plus4K,85.4,0
Satsunai,left,16.2,overflow,plus4K,85.6,0
Satsunai,left,16.2,fluvial_scour,plus4K,85.6,0
Satsunai,left,16.2,overflow,plus4K,85.8,0.0001
Satsunai,left,16.2,fluvial_scour,plus4K,85.8,0
Satsunai,left,16.2,overflow,plus4K,86,0.0006
Satsunai,left,16.2,fluvial_scour,plus4K,86,0
Satsunai,left,16.2,overflow,plus4K,86.2,0.0054
Satsunai,left,16.2,fluvial_scour,plus4K,86.2,0
Satsunai,left,16.2,overflow,plus4K,86.4,0.0326
Satsunai,left,16.2,fluvial_scour,plus4K,86.4,0
Satsunai,left,16.2,overflow,plus4K,86.6,0.1259
Satsunai,left,16.2,fluvial_scour,plus4K,86.6,0
Satsunai,left,16.2,overflow,plus4K,86.8,0.3362
Satsunai,left,16.2,fluvial_scour,plus4K,86.8,0
Satsunai,left,16.2,overflow,plus4K,87,0.6013
Satsunai,left,16.2,fluvial_scour,plus4K,87,0
Satsunai,left,16.2,overflow,plus4K,87.2,0.8293
Satsunai,left,16.2,fluvial_scour,plus4K,87.2,0
Satsunai,left,16.2,overflow,plus4K,87.4,0.9528
Satsunai,left,16.2,fluvial_scour,plus4K,87.4,0
Satsunai,left,16.2,overflow,plus4K,87.6,0.9925
Satsunai,left,16.2,fluvial_scour,plus4K,87.6,0
Satsunai,left,16.2,overflow,plus4K,87.8,0.9988
Satsunai,left,16.2,fluvial_scour,plus4K,87.8,0
Satsunai,left,16.2,overflow,plus4K,88,0.9999
Satsunai,left,16.2,fluvial_scour,plus4K,88,0
Satsunai,left,16.2,overflow,plus4K,88.2,1
Satsunai,left,16.2,fluvial_scour,plus4K,88.2,0
Satsunai,left,16.2,overflow,plus4K,88.4,1
Satsunai,left,16.2,fluvial_scour,plus4K,88.4,0
Satsunai,left,16.2,overflow,plus4K,88.6,1
Satsunai,left,16.2,fluvial_scour,plus4K,88.6,0
Satsunai,left,16.2,overflow,plus4K,88.8,1
Satsunai,left,16.2,fluvial_scour,plus4K,88.8,0
Satsunai,left,16.2,overflow,plus4K,89,1
Satsunai,left,16.2,fluvial_scour,plus4K,89,0
Satsunai,left,16.2,overflow,plus4K,89.2,1
Satsunai,left,16.2,fluvial_scour,plus4K,89.2,0
Satsunai,left,16.2,overflow,plus4K,89.4,1
Satsunai,left,16.2,fluvial_scour,plus4K,89.4,0
Satsunai,left,16.2,overflow,plus4K,89.6,1
Satsunai,left,16.2,fluvial_scour,plus4K,89.6,0
Satsunai,left,16.4,overflow,plus4K,82,0
Satsunai,left,16.4,fluvial_scour,plus4K,82,0
Satsunai,left,16.4,overflow,plus4K,82.2,0
Satsunai,left,16.4,fluvial_scour,plus4K,82.2,0
Satsunai,left,16.4,overflow,plus4K,82.4,0
Satsunai,left,16.4,fluvial_scour,plus4K,82.4,0
Satsunai,left,16.4,overflow,plus4K,82.6,0
Satsunai,left,16.4,fluvial_scour,plus4K,82.6,0
Satsunai,left,16.4,overflow,plus4K,82.8,0
Satsunai,left,16.4,fluvial_scour,plus4K,82.8,0
Satsunai,left,16.4,overflow,plus4K,83,0
Satsunai,left,16.4,fluvial_scour,plus4K,83,0
Satsunai,left,16.4,overflow,plus4K,83.2,0
Satsunai,left,16.4,fluvial_scour,plus4K,83.2,0
Satsunai,left,16.4,overflow,plus4K,83.4,0
Satsunai,left,16.4,fluvial_scour,plus4K,83.4,0
Satsunai,left,16.4,overflow,plus4K,83.6,0
Satsunai,left,16.4,fluvial_scour,plus4K,83.6,0
Satsunai,left,16.4,overflow,plus4K,83.8,0
Satsunai,left,16.4,fluvial_scour,plus4K,83.8,0
Satsunai,left,16.4,overflow,plus4K,84,0
Satsunai,left,16.4,fluvial_scour,plus4K,84,0
Satsunai,left,16.4,overflow,plus4K,84.2,0
Satsunai,left,16.4,fluvial_scour,plus4K,84.2,0
Satsunai,left,16.4,overflow,plus4K,84.4,0
Satsunai,left,16.4,fluvial_scour,plus4K,84.4,0
Satsunai,left,16.4,overflow,plus4K,84.6,0
Satsunai,left,16.4,fluvial_scour,plus4K,84.6,0
Satsunai,left,16.4,overflow,plus4K,84.8,0
Satsunai,left,16.4,fluvial_scour,plus4K,84.8,0
Satsunai,left,16.4,overflow,plus4K,85,0
Satsunai,left,16.4,fluvial_scour,plus4K,85,0
Satsunai,left,16.4,overflow,plus4K,85.2,0
Satsunai,left,16.4,fluvial_scour,plus4K,85.2,0
Satsunai,left,16.4,overflow,plus4K,85.4,0
Satsunai,left,16.4,fluvial_scour,plus4K,85.4,0
Satsunai,left,16.4,overflow,plus4K,85.6,0
Satsunai,left,16.4,fluvial_scour,plus4K,85.6,0
Satsunai,left,16.4,overflow,plus4K,85.8,0
Satsunai,left,16.4,fluvial_scour,plus4K,85.8,0
Satsunai,left,16.4,overflow,plus4K,86,0
Satsunai,left,16.4,fluvial_scour,plus4K,86,0
Satsunai,left,16.4,overflow,plus4K,86.2,0
Satsunai,left,16.4,fluvial_scour,plus4K,86.2,0
Satsunai,left,16.4,overflow,plus4K,86.4,0
Satsunai,left,16.4,fluvial_scour,plus4K,86.4,0
Satsunai,left,16.4,overflow,plus4K,86.6,0
Satsunai,left,16.4,fluvial_scour,plus4K,86.6,0
Satsunai,left,16.4,overflow,plus4K,86.8,0
Satsunai,left,16.4,fluvial_scour,plus4K,86.8,0
Satsunai,left,16.4,overflow,plus4K,87,0.0001
Satsunai,left,16.4,fluvial_scour,plus4K,87,0
Satsunai,left,16.4,overflow,plus4K,87.2,0.0006
Satsunai,left,16.4,fluvial_scour,plus4K,87.2,0
Satsunai,left,16.4,overflow,plus4K,87.4,0.0048
Satsunai,left,16.4,fluvial_scour,plus4K,87.4,0
Satsunai,left,16.4,overflow,plus4K,87.6,0.0313
Satsunai,left,16.4,fluvial_scour,plus4K,87.6,0
Satsunai,left,16.4,overflow,plus4K,87.8,0.1208
Satsunai,left,16.4,fluvial_scour,plus4K,87.8,0
Satsunai,left,16.4,overflow,plus4K,88,0.3219
Satsunai,left,16.4,fluvial_scour,plus4K,88,0
Satsunai,left,16.4,overflow,plus4K,88.2,0.5934
Satsunai,left,16.4,fluvial_scour,plus4K,88.2,0
Satsunai,left,16.4,overflow,plus4K,88.4,0.8226
Satsunai,left,16.4,fluvial_scour,plus4K,88.4,0
Satsunai,left,16.4,overflow,plus4K,88.6,0.9447
Satsunai,left,16.4,fluvial_scour,plus4K,88.6,0
Satsunai,left,16.4,overflow,plus4K,88.8,0.9894
Satsunai,left,16.4,fluvial_scour,plus4K,88.8,0
Satsunai,left,16.4,overflow,plus4K,89,0.9988
Satsunai,left,16.4,fluvial_scour,plus4K,89,0
Satsunai,left,16.4,overflow,plus4K,89.2,0.9997
Satsunai,left,16.4,fluvial_scour,plus4K,89.2,0
Satsunai,left,16.4,overflow,plus4K,89.4,1
Satsunai,left,16.4,fluvial_scour,plus4K,89.4,0
Satsunai,left,16.4,overflow,plus4K,89.6,1
Satsunai,left,16.4,fluvial_scour,plus4K,89.6,0
Satsunai,left,16.4,overflow,plus4K,89.8,1
Satsunai,left,16.4,fluvial_scour,plus4K,89.8,0
Satsunai,left,16.4,overflow,plus4K,90,1
Satsunai,left,16.4,fluvial_scour,plus4K,90,0
Satsunai,left,16.4,overflow,plus4K,90.2,1
Satsunai,left,16.4,fluvial_scour,plus4K,90.2,0
Satsunai,left,16.4,overflow,plus4K,90.4,1
Satsunai,left,16.4,fluvial_scour,plus4K,90.4,0
Satsunai,left,16.4,overflow,plus4K,90.6,1
Satsunai,left,16.4,fluvial_scour,plus4K,90.6,0
Satsunai,left,16.4,overflow,plus4K,90.8,1
Satsunai,left,16.4,fluvial_scour,plus4K,90.8,0
Satsunai,left,16.4,overflow,plus4K,91,1
Satsunai,left,16.4,fluvial_scour,plus4K,91,0
Satsunai,left,16.6,overflow,plus4K,82.6,0
Satsunai,left,16.6,fluvial_scour,plus4K,82.6,0
Satsunai,left,16.6,overflow,plus4K,82.8,0
Satsunai,left,16.6,fluvial_scour,plus4K,82.8,0
Satsunai,left,16.6,overflow,plus4K,83,0
Satsunai,left,16.6,fluvial_scour,plus4K,83,0
Satsunai,left,16.6,overflow,plus4K,83.2,0
Satsunai,left,16.6,fluvial_scour,plus4K,83.2,0
Satsunai,left,16.6,overflow,plus4K,83.4,0
Satsunai,left,16.6,fluvial_scour,plus4K,83.4,0
Satsunai,left,16.6,overflow,plus4K,83.6,0
Satsunai,left,16.6,fluvial_scour,plus4K,83.6,0
Satsunai,left,16.6,overflow,plus4K,83.8,0
Satsunai,left,16.6,fluvial_scour,plus4K,83.8,0
Satsunai,left,16.6,overflow,plus4K,84,0
Satsunai,left,16.6,fluvial_scour,plus4K,84,0
Satsunai,left,16.6,overflow,plus4K,84.2,0
Satsunai,left,16.6,fluvial_scour,plus4K,84.2,0
Satsunai,left,16.6,overflow,plus4K,84.4,0
Satsunai,left,16.6,fluvial_scour,plus4K,84.4,0
Satsunai,left,16.6,overflow,plus4K,84.6,0
Satsunai,left,16.6,fluvial_scour,plus4K,84.6,0
Satsunai,left,16.6,overflow,plus4K,84.8,0
Satsunai,left,16.6,fluvial_scour,plus4K,84.8,0
Satsunai,left,16.6,overflow,plus4K,85,0
Satsunai,left,16.6,fluvial_scour,plus4K,85,0
Satsunai,left,16.6,overflow,plus4K,85.2,0
Satsunai,left,16.6,fluvial_scour,plus4K,85.2,0
Satsunai,left,16.6,overflow,plus4K,85.4,0
Satsunai,left,16.6,fluvial_scour,plus4K,85.4,0
Satsunai,left,16.6,overflow,plus4K,85.6,0
Satsunai,left,16.6,fluvial_scour,plus4K,85.6,0
Satsunai,left,16.6,overflow,plus4K,85.8,0
Satsunai,left,16.6,fluvial_scour,plus4K,85.8,0
Satsunai,left,16.6,overflow,plus4K,86,0
Satsunai,left,16.6,fluvial_scour,plus4K,86,0
Satsunai,left,16.6,overflow,plus4K,86.2,0
Satsunai,left,16.6,fluvial_scour,plus4K,86.2,0
Satsunai,left,16.6,overflow,plus4K,86.4,0
Satsunai,left,16.6,fluvial_scour,plus4K,86.4,0
Satsunai,left,16.6,overflow,plus4K,86.6,0
Satsunai,left,16.6,fluvial_scour,plus4K,86.6,0
Satsunai,left,16.6,overflow,plus4K,86.8,0
Satsunai,left,16.6,fluvial_scour,plus4K,86.8,0
Satsunai,left,16.6,overflow,plus4K,87,0
Satsunai,left,16.6,fluvial_scour,plus4K,87,0
Satsunai,left,16.6,overflow,plus4K,87.2,0
Satsunai,left,16.6,fluvial_scour,plus4K,87.2,0
Satsunai,left,16.6,overflow,plus4K,87.4,0
Satsunai,left,16.6,fluvial_scour,plus4K,87.4,0
Satsunai,left,16.6,overflow,plus4K,87.6,0
Satsunai,left,16.6,fluvial_scour,plus4K,87.6,0
Satsunai,left,16.6,overflow,plus4K,87.8,0.0006
Satsunai,left,16.6,fluvial_scour,plus4K,87.8,0
Satsunai,left,16.6,overflow,plus4K,88,0.0045
Satsunai,left,16.6,fluvial_scour,plus4K,88,0
Satsunai,left,16.6,overflow,plus4K,88.2,0.027
Satsunai,left,16.6,fluvial_scour,plus4K,88.2,0
Satsunai,left,16.6,overflow,plus4K,88.4,0.1124
Satsunai,left,16.6,fluvial_scour,plus4K,88.4,0
Satsunai,left,16.6,overflow,plus4K,88.6,0.2974
Satsunai,left,16.6,fluvial_scour,plus4K,88.6,0
Satsunai,left,16.6,overflow,plus4K,88.8,0.5703
Satsunai,left,16.6,fluvial_scour,plus4K,88.8,0
Satsunai,left,16.6,overflow,plus4K,89,0.808
Satsunai,left,16.6,fluvial_scour,plus4K,89,0
Satsunai,left,16.6,overflow,plus4K,89.2,0.9429
Satsunai,left,16.6,fluvial_scour,plus4K,89.2,0
Satsunai,left,16.6,overflow,plus4K,89.4,0.9896
Satsunai,left,16.6,fluvial_scour,plus4K,89.4,0
Satsunai,left,16.6,overflow,plus4K,89.6,0.9983
Satsunai,left,16.6,fluvial_scour,plus4K,89.6,0
Satsunai,left,16.6,overflow,plus4K,89.8,0.9999
Satsunai,left,16.6,fluvial_scour,plus4K,89.8,0
Satsunai,left,16.6,overflow,plus4K,90,1
Satsunai,left,16.6,fluvial_scour,plus4K,90,0
Satsunai,left,16.6,overflow,plus4K,90.2,1
Satsunai,left,16.6,fluvial_scour,plus4K,90.2,0
Satsunai,left,16.6,overflow,plus4K,90.4,1
Satsunai,left,16.6,fluvial_scour,plus4K,90.4,0
Satsunai,left,16.6,overflow,plus4K,90.6,1
Satsunai,left,16.6,fluvial_scour,plus4K,90.6,0
Satsunai,left,16.6,overflow,plus4K,90.8,1
Satsunai,left,16.6,fluvial_scour,plus4K,90.8,0
Satsunai,left,16.6,overflow,plus4K,91,1
Satsunai,left,16.6,fluvial_scour,plus4K,91,0
Satsunai,left,16.6,overflow,plus4K,91.2,1
Satsunai,left,16.6,fluvial_scour,plus4K,91.2,0
Satsunai,left,16.6,overflow,plus4K,91.4,1
Satsunai,left,16.6,fluvial_scour,plus4K,91.4,0
Satsunai,left,16.6,overflow,plus4K,91.6,1
Satsunai,left,16.6,fluvial_scour,plus4K,91.6,0
Tokachi,right,53.8,overflow,plus4K,30.8,0
Tokachi,right,53.8,fluvial_scour,plus4K,30.8,0
Tokachi,right,53.8,overflow,plus4K,31,0
Tokachi,right,53.8,fluvial_scour,plus4K,31,0
Tokachi,right,53.8,overflow,plus4K,31.2,0
Tokachi,right,53.8,fluvial_scour,plus4K,31.2,0
Tokachi,right,53.8,overflow,plus4K,31.4,0
Tokachi,right,53.8,fluvial_scour,plus4K,31.4,0
Tokachi,right,53.8,overflow,plus4K,31.6,0
Tokachi,right,53.8,fluvial_scour,plus4K,31.6,0
Tokachi,right,53.8,overflow,plus4K,31.8,0
Tokachi,right,53.8,fluvial_scour,plus4K,31.8,0
Tokachi,right,53.8,overflow,plus4K,32,0
Tokachi,right,53.8,fluvial_scour,plus4K,32,0
Tokachi,right,53.8,overflow,plus4K,32.2,0
Tokachi,right,53.8,fluvial_scour,plus4K,32.2,0
Tokachi,right,53.8,overflow,plus4K,32.4,0
Tokachi,right,53.8,fluvial_scour,plus4K,32.4,0
Tokachi,right,53.8,overflow,plus4K,32.6,0
Tokachi,right,53.8,fluvial_scour,plus4K,32.6,0
Tokachi,right,53.8,overflow,plus4K,32.8,0
Tokachi,right,53.8,fluvial_scour,plus4K,32.8,0
Tokachi,right,53.8,overflow,plus4K,33,0
Tokachi,right,53.8,fluvial_scour,plus4K,33,0
Tokachi,right,53.8,overflow,plus4K,33.2,0
Tokachi,right,53.8,fluvial_scour,plus4K,33.2,0
Tokachi,right,53.8,overflow,plus4K,33.4,0
Tokachi,right,53.8,fluvial_scour,plus4K,33.4,0
Tokachi,right,53.8,overflow,plus4K,33.6,0
Tokachi,right,53.8,fluvial_scour,plus4K,33.6,0
Tokachi,right,53.8,overflow,plus4K,33.8,0
Tokachi,right,53.8,fluvial_scour,plus4K,33.8,0
Tokachi,right,53.8,overflow,plus4K,34,0
Tokachi,right,53.8,fluvial_scour,plus4K,34,0
Tokachi,right,53.8,overflow,plus4K,34.2,0
Tokachi,right,53.8,fluvial_scour,plus4K,34.2,0
Tokachi,right,53.8,overflow,plus4K,34.4,0
Tokachi,right,53.8,fluvial_scour,plus4K,34.4,0
Tokachi,right,53.8,overflow,plus4K,34.6,0
Tokachi,right,53.8,fluvial_scour,plus4K,34.6,0
Tokachi,right,53.8,overflow,plus4K,34.8,0
Tokachi,right,53.8,fluvial_scour,plus4K,34.8,0
Tokachi,right,53.8,overflow,plus4K,35,0
Tokachi,right,53.8,fluvial_scour,plus4K,35,0
Tokachi,right,53.8,overflow,plus4K,35.2,0
Tokachi,right,53.8,fluvial_scour,plus4K,35.2,0
Tokachi,right,53.8,overflow,plus4K,35.4,0
Tokachi,right,53.8,fluvial_scour,plus4K,35.4,0
Tokachi,right,53.8,overflow,plus4K,35.6,0
Tokachi,right,53.8,fluvial_scour,plus4K,35.6,0
Tokachi,right,53.8,overflow,plus4K,35.8,0.0006
Tokachi,right,53.8,fluvial_scour,plus4K,35.8,0
Tokachi,right,53.8,overflow,plus4K,36,0.0052
Tokachi,right,53.8,fluvial_scour,plus4K,36,0
Tokachi,right,53.8,overflow,plus4K,36.2,0.0282
Tokachi,right,53.8,fluvial_scour,plus4K,36.2,0
Tokachi,right,53.8,overflow,plus4K,36.4,0.115
Tokachi,right,53.8,fluvial_scour,plus4K,36.4,0
Tokachi,right,53.8,overflow,plus4K,36.6,0.2993
Tokachi,right,53.8,fluvial_scour,plus4K,36.6,0
Tokachi,right,53.8,overflow,plus4K,36.8,0.5602
Tokachi,right,53.8,fluvial_scour,plus4K,36.8,0
Tokachi,right,53.8,overflow,plus4K,37,0.7955
Tokachi,right,53.8,fluvial_scour,plus4K,37,0
Tokachi,right,53.8,overflow,plus4K,37.2,0.9316
Tokachi,right,53.8,fluvial_scour,plus4K,37.2,0
Tokachi,right,53.8,overflow,plus4K,37.4,0.9847
Tokachi,right,53.8,fluvial_scour,plus4K,37.4,0
Tokachi,right,53.8,overflow,plus4K,37.6,0.9968
Tokachi,right,53.8,fluvial_scour,plus4K,37.6,0
Tokachi,right,53.8,overflow,plus4K,37.8,0.9998
Tokachi,right,53.8,fluvial_scour,plus4K,37.8,0
Tokachi,right,53.8,overflow,plus4K,38,1
Tokachi,right,53.8,fluvial_scour,plus4K,38,0
Tokachi,right,53.8,overflow,plus4K,38.2,1
Tokachi,right,53.8,fluvial_scour,plus4K,38.2,0
Tokachi,right,53.8,overflow,plus4K,38.4,1
Tokachi,right,53.8,fluvial_scour,plus4K,38.4,0
Tokachi,right,53.8,overflow,plus4K,38.6,1
Tokachi,right,53.8,fluvial_scour,plus4K,38.6,0
Tokachi,right,53.8,overflow,plus4K,38.8,1
Tokachi,right,53.8,fluvial_scour,plus4K,38.8,0
Tokachi,right,53.8,overflow,plus4K,39,1
Tokachi,right,53.8,fluvial_scour,plus4K,39,0
Tokachi,right,53.8,overflow,plus4K,39.2,1
Tokachi,right,53.8,fluvial_scour,plus4K,39.2,0
Tokachi,right,53.8,overflow,plus4K,39.4,1
Tokachi,right,53.8,fluvial_scour,plus4K,39.4,0
Tokachi,right,54,overflow,plus4K,31.2,0
Tokachi,right,54,fluvial_scour,plus4K,31.2,0
Tokachi,right,54,overflow,plus4K,31.4,0
Tokachi,right,54,fluvial_scour,plus4K,31.4,0
Tokachi,right,54,overflow,plus4K,31.6,0
Tokachi,right,54,fluvial_scour,plus4K,31.6,0
Tokachi,right,54,overflow,plus4K,31.8,0
Tokachi,right,54,fluvial_scour,plus4K,31.8,0
Tokachi,right,54,overflow,plus4K,32,0
Tokachi,right,54,fluvial_scour,plus4K,32,0
Tokachi,right,54,overflow,plus4K,32.2,0
Tokachi,right,54,fluvial_scour,plus4K,32.2,0
Tokachi,right,54,overflow,plus4K,32.4,0
Tokachi,right,54,fluvial_scour,plus4K,32.4,0
Tokachi,right,54,overflow,plus4K,32.6,0
Tokachi,right,54,fluvial_scour,plus4K,32.6,0
Tokachi,right,54,overflow,plus4K,32.8,0
Tokachi,right,54,fluvial_scour,plus4K,32.8,0
Tokachi,right,54,overflow,plus4K,33,0
Tokachi,right,54,fluvial_scour,plus4K,33,0
Tokachi,right,54,overflow,plus4K,33.2,0
Tokachi,right,54,fluvial_scour,plus4K,33.2,0
Tokachi,right,54,overflow,plus4K,33.4,0
Tokachi,right,54,fluvial_scour,plus4K,33.4,0
Tokachi,right,54,overflow,plus4K,33.6,0
Tokachi,right,54,fluvial_scour,plus4K,33.6,0
Tokachi,right,54,overflow,plus4K,33.8,0
Tokachi,right,54,fluvial_scour,plus4K,33.8,0
Tokachi,right,54,overflow,plus4K,34,0
Tokachi,right,54,fluvial_scour,plus4K,34,0
Tokachi,right,54,overflow,plus4K,34.2,0
Tokachi,right,54,fluvial_scour,plus4K,34.2,0
Tokachi,right,54,overflow,plus4K,34.4,0
Tokachi,right,54,fluvial_scour,plus4K,34.4,0
Tokachi,right,54,overflow,plus4K,34.6,0
Tokachi,right,54,fluvial_scour,plus4K,34.6,0
Tokachi,right,54,overflow,plus4K,34.8,0
Tokachi,right,54,fluvial_scour,plus4K,34.8,0
Tokachi,right,54,overflow,plus4K,35,0
Tokachi,right,54,fluvial_scour,plus4K,35,0
Tokachi,right,54,overflow,plus4K,35.2,0
Tokachi,right,54,fluvial_scour,plus4K,35.2,0
Tokachi,right,54,overflow,plus4K,35.4,0.0001
Tokachi,right,54,fluvial_scour,plus4K,35.4,0
Tokachi,right,54,overflow,plus4K,35.6,0.0001
Tokachi,right,54,fluvial_scour,plus4K,35.6,0
Tokachi,right,54,overflow,plus4K,35.8,0.0008
Tokachi,right,54,fluvial_scour,plus4K,35.8,0
Tokachi,right,54,overflow,plus4K,36,0.0059
Tokachi,right,54,fluvial_scour,plus4K,36,0
Tokachi,right,54,overflow,plus4K,36.2,0.0355
Tokachi,right,54,fluvial_scour,plus4K,36.2,0
Tokachi,right,54,overflow,plus4K,36.4,0.1354
Tokachi,right,54,fluvial_scour,plus4K,36.4,0
Tokachi,right,54,overflow,plus4K,36.6,0.3362
Tokachi,right,54,fluvial_scour,plus4K,36.6,0
Tokachi,right,54,overflow,plus4K,36.8,0.6037
Tokachi,right,54,fluvial_scour,plus4K,36.8,0
Tokachi,right,54,overflow,plus4K,37,0.825
Tokachi,right,54,fluvial_scour,plus4K,37,0
Tokachi,right,54,overflow,plus4K,37.2,0.9471
Tokachi,right,54,fluvial_scour,plus4K,37.2,0
Tokachi,right,54,overflow,plus4K,37.4,0.9878
Tokachi,right,54,fluvial_scour,plus4K,37.4,0
Tokachi,right,54,overflow,plus4K,37.6,0.9986
Tokachi,right,54,fluvial_scour,plus4K,37.6,0
Tokachi,right,54,overflow,plus4K,37.8,1
Tokachi,right,54,fluvial_scour,plus4K,37.8,0
Tokachi,right,54,overflow,plus4K,38,1
Tokachi,right,54,fluvial_scour,plus4K,38,0
Tokachi,right,54,overflow,plus4K,38.2,1
Tokachi,right,54,fluvial_scour,plus4K,38.2,0
Tokachi,right,54,overflow,plus4K,38.4,1
Tokachi,right,54,fluvial_scour,plus4K,38.4,0
Tokachi,right,54,overflow,plus4K,38.6,1
Tokachi,right,54,fluvial_scour,plus4K,38.6,0
Tokachi,right,54,overflow,plus4K,38.8,1
Tokachi,right,54,fluvial_scour,plus4K,38.8,0
Tokachi,right,54,overflow,plus4K,39,1
Tokachi,right,54,fluvial_scour,plus4K,39,0
Tokachi,right,54,overflow,plus4K,39.2,1
Tokachi,right,54,fluvial_scour,plus4K,39.2,0
Tokachi,right,54,overflow,plus4K,39.4,1
Tokachi,right,54,fluvial_scour,plus4K,39.4,0
Tokachi,right,54.2,overflow,plus4K,31.8,0
Tokachi,right,54.2,fluvial_scour,plus4K,31.8,0
Tokachi,right,54.2,overflow,plus4K,32,0
Tokachi,right,54.2,fluvial_scour,plus4K,32,0
Tokachi,right,54.2,overflow,plus4K,32.2,0
Tokachi,right,54.2,fluvial_scour,plus4K,32.2,0
Tokachi,right,54.2,overflow,plus4K,32.4,0
Tokachi,right,54.2,fluvial_scour,plus4K,32.4,0
Tokachi,right,54.2,overflow,plus4K,32.6,0
Tokachi,right,54.2,fluvial_scour,plus4K,32.6,0
Tokachi,right,54.2,overflow,plus4K,32.8,0
Tokachi,right,54.2,fluvial_scour,plus4K,32.8,0
Tokachi,right,54.2,overflow,plus4K,33,0
Tokachi,right,54.2,fluvial_scour,plus4K,33,0
Tokachi,right,54.2,overflow,plus4K,33.2,0
Tokachi,right,54.2,fluvial_scour,plus4K,33.2,0
Tokachi,right,54.2,overflow,plus4K,33.4,0
Tokachi,right,54.2,fluvial_scour,plus4K,33.4,0
Tokachi,right,54.2,overflow,plus4K,33.6,0
Tokachi,right,54.2,fluvial_scour,plus4K,33.6,0
Tokachi,right,54.2,overflow,plus4K,33.8,0
Tokachi,right,54.2,fluvial_scour,plus4K,33.8,0
Tokachi,right,54.2,overflow,plus4K,34,0
Tokachi,right,54.2,fluvial_scour,plus4K,34,0
Tokachi,right,54.2,overflow,plus4K,34.2,0
Tokachi,right,54.2,fluvial_scour,plus4K,34.2,0
Tokachi,right,54.2,overflow,plus4K,34.4,0
Tokachi,right,54.2,fluvial_scour,plus4K,34.4,0
Tokachi,right,54.2,overflow,plus4K,34.6,0
Tokachi,right,54.2,fluvial_scour,plus4K,34.6,0
Tokachi,right,54.2,overflow,plus4K,34.8,0
Tokachi,right,54.2,fluvial_scour,plus4K,34.8,0
Tokachi,right,54.2,overflow,plus4K,35,0
Tokachi,right,54.2,fluvial_scour,plus4K,35,0
Tokachi,right,54.2,overflow,plus4K,35.2,0
Tokachi,right,54.2,fluvial_scour,plus4K,35.2,0
Tokachi,right,54.2,overflow,plus4K,35.4,0
Tokachi,right,54.2,fluvial_scour,plus4K,35.4,0
Tokachi,right,54.2,overflow,plus4K,35.6,0
Tokachi,right,54.2,fluvial_scour,plus4K,35.6,0
Tokachi,right,54.2,overflow,plus4K,35.8,0
Tokachi,right,54.2,fluvial_scour,plus4K,35.8,0
Tokachi,right,54.2,overflow,plus4K,36,0.0002
Tokachi,right,54.2,fluvial_scour,plus4K,36,0
Tokachi,right,54.2,overflow,plus4K,36.2,0.0023
Tokachi,right,54.2,fluvial_scour,plus4K,36.2,0
Tokachi,right,54.2,overflow,plus4K,36.4,0.0133
Tokachi,right,54.2,fluvial_scour,plus4K,36.4,0
Tokachi,right,54.2,overflow,plus4K,36.6,0.0577
Tokachi,right,54.2,fluvial_scour,plus4K,36.6,0
Tokachi,right,54.2,overflow,plus4K,36.8,0.1915
Tokachi,right,54.2,fluvial_scour,plus4K,36.8,0
Tokachi,right,54.2,overflow,plus4K,37,0.4229
Tokachi,right,54.2,fluvial_scour,plus4K,37,0
Tokachi,right,54.2,overflow,plus4K,37.2,0.6804
Tokachi,right,54.2,fluvial_scour,plus4K,37.2,0
Tokachi,right,54.2,overflow,plus4K,37.4,0.875
Tokachi,right,54.2,fluvial_scour,plus4K,37.4,0
Tokachi,right,54.2,overflow,plus4K,37.6,0.9665
Tokachi,right,54.2,fluvial_scour,plus4K,37.6,0
Tokachi,right,54.2,overflow,plus4K,37.8,0.9938
Tokachi,right,54.2,fluvial_scour,plus4K,37.8,0
Tokachi,right,54.2,overflow,plus4K,38,0.999
Tokachi,right,54.2,fluvial_scour,plus4K,38,0
Tokachi,right,54.2,overflow,plus4K,38.2,0.9999
Tokachi,right,54.2,fluvial_scour,plus4K,38.2,0
Tokachi,right,54.2,overflow,plus4K,38.4,1
Tokachi,right,54.2,fluvial_scour,plus4K,38.4,0
Tokachi,right,54.2,overflow,plus4K,38.6,1
Tokachi,right,54.2,fluvial_scour,plus4K,38.6,0
Tokachi,right,54.2,overflow,plus4K,38.8,1
Tokachi,right,54.2,fluvial_scour,plus4K,38.8,0
Tokachi,right,54.2,overflow,plus4K,39,1
Tokachi,right,54.2,fluvial_scour,plus4K,39,0
Tokachi,right,54.2,overflow,plus4K,39.2,1
Tokachi,right,54.2,fluvial_scour,plus4K,39.2,0
Tokachi,right,54.2,overflow,plus4K,39.4,1
Tokachi,right,54.2,fluvial_scour,plus4K,39.4,0
Tokachi,right,54.2,overflow,plus4K,39.6,1
Tokachi,right,54.2,fluvial_scour,plus4K,39.6,0
Tokachi,right,54.2,overflow,plus4K,39.8,1
Tokachi,right,54.2,fluvial_scour,plus4K,39.8,0
Tokachi,right,54.4,overflow,plus4K,32.2,0
Tokachi,right,54.4,fluvial_scour,plus4K,32.2,0
Tokachi,right,54.4,overflow,plus4K,32.4,0
Tokachi,right,54.4,fluvial_scour,plus4K,32.4,0
Tokachi,right,54.4,overflow,plus4K,32.6,0
Tokachi,right,54.4,fluvial_scour,plus4K,32.6,0
Tokachi,right,54.4,overflow,plus4K,32.8,0
Tokachi,right,54.4,fluvial_scour,plus4K,32.8,0
Tokachi,right,54.4,overflow,plus4K,33,0
Tokachi,right,54.4,fluvial_scour,plus4K,33,0
Tokachi,right,54.4,overflow,plus4K,33.2,0
Tokachi,right,54.4,fluvial_scour,plus4K,33.2,0
Tokachi,right,54.4,overflow,plus4K,33.4,0
Tokachi,right,54.4,fluvial_scour,plus4K,33.4,0
Tokachi,right,54.4,overflow,plus4K,33.6,0
Tokachi,right,54.4,fluvial_scour,plus4K,33.6,0
Tokachi,right,54.4,overflow,plus4K,33.8,0
Tokachi,right,54.4,fluvial_scour,plus4K,33.8,0
Tokachi,right,54.4,overflow,plus4K,34,0
Tokachi,right,54.4,fluvial_scour,plus4K,34,0
Tokachi,right,54.4,overflow,plus4K,34.2,0
Tokachi,right,54.4,fluvial_scour,plus4K,34.2,0
Tokachi,right,54.4,overflow,plus4K,34.4,0
Tokachi,right,54.4,fluvial_scour,plus4K,34.4,0
Tokachi,right,54.4,overflow,plus4K,34.6,0
Tokachi,right,54.4,fluvial_scour,plus4K,34.6,0
Tokachi,right,54.4,overflow,plus4K,34.8,0
Tokachi,right,54.4,fluvial_scour,plus4K,34.8,0
Tokachi,right,54.4,overflow,plus4K,35,0
Tokachi,right,54.4,fluvial_scour,plus4K,35,0
Tokachi,right,54.4,overflow,plus4K,35.2,0
Tokachi,right,54.4,fluvial_scour,plus4K,35.2,0
Tokachi,right,54.4,overflow,plus4K,35.4,0
Tokachi,right,54.4,fluvial_scour,plus4K,35.4,0
Tokachi,right,54.4,overflow,plus4K,35.6,0
Tokachi,right,54.4,fluvial_scour,plus4K,35.6,0
Tokachi,right,54.4,overflow,plus4K,35.8,0
Tokachi,right,54.4,fluvial_scour,plus4K,35.8,0
Tokachi,right,54.4,overflow,plus4K,36,0
Tokachi,right,54.4,fluvial_scour,plus4K,36,0
Tokachi,right,54.4,overflow,plus4K,36.2,0.0003
Tokachi,right,54.4,fluvial_scour,plus4K,36.2,0
Tokachi,right,54.4,overflow,plus4K,36.4,0.0014
Tokachi,right,54.4,fluvial_scour,plus4K,36.4,0
Tokachi,right,54.4,overflow,plus4K,36.6,0.0093
Tokachi,right,54.4,fluvial_scour,plus4K,36.6,0
Tokachi,right,54.4,overflow,plus4K,36.8,0.0427
Tokachi,right,54.4,fluvial_scour,plus4K,36.8,0
Tokachi,right,54.4,overflow,plus4K,37,0.1626
Tokachi,right,54.4,fluvial_scour,plus4K,37,0
Tokachi,right,54.4,overflow,plus4K,37.2,0.3823
Tokachi,right,54.4,fluvial_scour,plus4K,37.2,0
Tokachi,right,54.4,overflow,plus4K,37.4,0.6443
Tokachi,right,54.4,fluvial_scour,plus4K,37.4,0
Tokachi,right,54.4,overflow,plus4K,37.6,0.8531
Tokachi,right,54.4,fluvial_scour,plus4K,37.6,0
Tokachi,right,54.4,overflow,plus4K,37.8,0.9554
Tokachi,right,54.4,fluvial_scour,plus4K,37.8,0
Tokachi,right,54.4,overflow,plus4K,38,0.992
Tokachi,right,54.4,fluvial_scour,plus4K,38,0
Tokachi,right,54.4,overflow,plus4K,38.2,0.9987
Tokachi,right,54.4,fluvial_scour,plus4K,38.2,0
Tokachi,right,54.4,overflow,plus4K,38.4,0.9999
Tokachi,right,54.4,fluvial_scour,plus4K,38.4,0
Tokachi,right,54.4,overflow,plus4K,38.6,1
Tokachi,right,54.4,fluvial_scour,plus4K,38.6,0
Tokachi,right,54.4,overflow,plus4K,38.8,1
Tokachi,right,54.4,fluvial_scour,plus4K,38.8,0
Tokachi,right,54.4,overflow,plus4K,39,1
Tokachi,right,54.4,fluvial_scour,plus4K,39,0
Tokachi,right,54.4,overflow,plus4K,39.2,1
Tokachi,right,54.4,fluvial_scour,plus4K,39.2,0
Tokachi,right,54.4,overflow,plus4K,39.4,1
Tokachi,right,54.4,fluvial_scour,plus4K,39.4,0
Tokachi,right,54.4,overflow,plus4K,39.6,1
Tokachi,right,54.4,fluvial_scour,plus4K,39.6,0
Tokachi,right,54.4,overflow,plus4K,39.8,1
Tokachi,right,54.4,fluvial_scour,plus4K,39.8,0
Tokachi,right,54.4,overflow,plus4K,40,1
Tokachi,right,54.4,fluvial_scour,plus4K,40,0
Tokachi,right,54.6,overflow,plus4K,32.4,0
Tokachi,right,54.6,fluvial_scour,plus4K,32.4,0
Tokachi,right,54.6,overflow,plus4K,32.6,0
Tokachi,right,54.6,fluvial_scour,plus4K,32.6,0
Tokachi,right,54.6,overflow,plus4K,32.8,0
Tokachi,right,54.6,fluvial_scour,plus4K,32.8,0
Tokachi,right,54.6,overflow,plus4K,33,0
Tokachi,right,54.6,fluvial_scour,plus4K,33,0
Tokachi,right,54.6,overflow,plus4K,33.2,0
Tokachi,right,54.6,fluvial_scour,plus4K,33.2,0
Tokachi,right,54.6,overflow,plus4K,33.4,0
Tokachi,right,54.6,fluvial_scour,plus4K,33.4,0
Tokachi,right,54.6,overflow,plus4K,33.6,0
Tokachi,right,54.6,fluvial_scour,plus4K,33.6,0
Tokachi,right,54.6,overflow,plus4K,33.8,0
Tokachi,right,54.6,fluvial_scour,plus4K,33.8,0
Tokachi,right,54.6,overflow,plus4K,34,0
Tokachi,right,54.6,fluvial_scour,plus4K,34,0
Tokachi,right,54.6,overflow,plus4K,34.2,0
Tokachi,right,54.6,fluvial_scour,plus4K,34.2,0
Tokachi,right,54.6,overflow,plus4K,34.4,0
Tokachi,right,54.6,fluvial_scour,plus4K,34.4,0
Tokachi,right,54.6,overflow,plus4K,34.6,0
Tokachi,right,54.6,fluvial_scour,plus4K,34.6,0
Tokachi,right,54.6,overflow,plus4K,34.8,0
Tokachi,right,54.6,fluvial_scour,plus4K,34.8,0
Tokachi,right,54.6,overflow,plus4K,35,0
Tokachi,right,54.6,fluvial_scour,plus4K,35,0
Tokachi,right,54.6,overflow,plus4K,35.2,0
Tokachi,right,54.6,fluvial_scour,plus4K,35.2,0
Tokachi,right,54.6,overflow,plus4K,35.4,0
Tokachi,right,54.6,fluvial_scour,plus4K,35.4,0
Tokachi,right,54.6,overflow,plus4K,35.6,0
Tokachi,right,54.6,fluvial_scour,plus4K,35.6,0
Tokachi,right,54.6,overflow,plus4K,35.8,0
Tokachi,right,54.6,fluvial_scour,plus4K,35.8,0
Tokachi,right,54.6,overflow,plus4K,36,0
Tokachi,right,54.6,fluvial_scour,plus4K,36,0
Tokachi,right,54.6,overflow,plus4K,36.2,0
Tokachi,right,54.6,fluvial_scour,plus4K,36.2,0
Tokachi,right,54.6,overflow,plus4K,36.4,0
Tokachi,right,54.6,fluvial_scour,plus4K,36.4,0
Tokachi,right,54.6,overflow,plus4K,36.6,0
Tokachi,right,54.6,fluvial_scour,plus4K,36.6,0
Tokachi,right,54.6,overflow,plus4K,36.8,0.0012
Tokachi,right,54.6,fluvial_scour,plus4K,36.8,0
Tokachi,right,54.6,overflow,plus4K,37,0.0063
Tokachi,right,54.6,fluvial_scour,plus4K,37,0
Tokachi,right,54.6,overflow,plus4K,37.2,0.0403
Tokachi,right,54.6,fluvial_scour,plus4K,37.2,0
Tokachi,right,54.6,overflow,plus4K,37.4,0.1466
Tokachi,right,54.6,fluvial_scour,plus4K,37.4,0
Tokachi,right,54.6,overflow,plus4K,37.6,0.3532
Tokachi,right,54.6,fluvial_scour,plus4K,37.6,0
Tokachi,right,54.6,overflow,plus4K,37.8,0.6235
Tokachi,right,54.6,fluvial_scour,plus4K,37.8,0
Tokachi,right,54.6,overflow,plus4K,38,0.8393
Tokachi,right,54.6,fluvial_scour,plus4K,38,0
Tokachi,right,54.6,overflow,plus4K,38.2,0.9504
Tokachi,right,54.6,fluvial_scour,plus4K,38.2,0
Tokachi,right,54.6,overflow,plus4K,38.4,0.9908
Tokachi,right,54.6,fluvial_scour,plus4K,38.4,0
Tokachi,right,54.6,overflow,plus4K,38.6,0.9985
Tokachi,right,54.6,fluvial_scour,plus4K,38.6,0
Tokachi,right,54.6,overflow,plus4K,38.8,1
Tokachi,right,54.6,fluvial_scour,plus4K,38.8,0
Tokachi,right,54.6,overflow,plus4K,39,1
Tokachi,right,54.6,fluvial_scour,plus4K,39,0
Tokachi,right,54.6,overflow,plus4K,39.2,1
Tokachi,right,54.6,fluvial_scour,plus4K,39.2,0
Tokachi,right,54.6,overflow,plus4K,39.4,1
Tokachi,right,54.6,fluvial_scour,plus4K,39.4,0
Tokachi,right,54.6,overflow,plus4K,39.6,1
Tokachi,right,54.6,fluvial_scour,plus4K,39.6,0
Tokachi,right,54.6,overflow,plus4K,39.8,1
Tokachi,right,54.6,fluvial_scour,plus4K,39.8,0
Tokachi,right,54.6,overflow,plus4K,40,1
Tokachi,right,54.6,fluvial_scour,plus4K,40,0
Tokachi,right,54.6,overflow,plus4K,40.2,1
Tokachi,right,54.6,fluvial_scour,plus4K,40.2,0
Tokachi,right,54.6,overflow,plus4K,40.4,1
Tokachi,right,54.6,fluvial_scour,plus4K,40.4,0
Tokachi,right,54.8,overflow,plus4K,32.6,0
Tokachi,right,54.8,fluvial_scour,plus4K,32.6,0
Tokachi,right,54.8,overflow,plus4K,32.8,0
Tokachi,right,54.8,fluvial_scour,plus4K,32.8,0
Tokachi,right,54.8,overflow,plus4K,33,0
Tokachi,right,54.8,fluvial_scour,plus4K,33,0
Tokachi,right,54.8,overflow,plus4K,33.2,0
Tokachi,right,54.8,fluvial_scour,plus4K,33.2,0
Tokachi,right,54.8,overflow,plus4K,33.4,0
Tokachi,right,54.8,fluvial_scour,plus4K,33.4,0
Tokachi,right,54.8,overflow,plus4K,33.6,0
Tokachi,right,54.8,fluvial_scour,plus4K,33.6,0
Tokachi,right,54.8,overflow,plus4K,33.8,0
Tokachi,right,54.8,fluvial_scour,plus4K,33.8,0
Tokachi,right,54.8,overflow,plus4K,34,0
Tokachi,right,54.8,fluvial_scour,plus4K,34,0
Tokachi,right,54.8,overflow,plus4K,34.2,0
Tokachi,right,54.8,fluvial_scour,plus4K,34.2,0
Tokachi,right,54.8,overflow,plus4K,34.4,0
Tokachi,right,54.8,fluvial_scour,plus4K,34.4,0
Tokachi,right,54.8,overflow,plus4K,34.6,0
Tokachi,right,54.8,fluvial_scour,plus4K,34.6,0
Tokachi,right,54.8,overflow,plus4K,34.8,0
Tokachi,right,54.8,fluvial_scour,plus4K,34.8,0
Tokachi,right,54.8,overflow,plus4K,35,0
Tokachi,right,54.8,fluvial_scour,plus4K,35,0
Tokachi,right,54.8,overflow,plus4K,35.2,0
Tokachi,right,54.8,fluvial_scour,plus4K,35.2,0
Tokachi,right,54.8,overflow,plus4K,35.4,0
Tokachi,right,54.8,fluvial_scour,plus4K,35.4,0
Tokachi,right,54.8,overflow,plus4K,35.6,0
Tokachi,right,54.8,fluvial_scour,plus4K,35.6,0
Tokachi,right,54.8,overflow,plus4K,35.8,0
Tokachi,right,54.8,fluvial_scour,plus4K,35.8,0
Tokachi,right,54.8,overflow,plus4K,36,0
Tokachi,right,54.8,fluvial_scour,plus4K,36,0
Tokachi,right,54.8,overflow,plus4K,36.2,0
Tokachi,right,54.8,fluvial_scour,plus4K,36.2,0
Tokachi,right,54.8,overflow,plus4K,36.4,0
Tokachi,right,54.8,fluvial_scour,plus4K,36.4,0
Tokachi,right,54.8,overflow,plus4K,36.6,0
Tokachi,right,54.8,fluvial_scour,plus4K,36.6,0
Tokachi,right,54.8,overflow,plus4K,36.8,0.0001
Tokachi,right,54.8,fluvial_scour,plus4K,36.8,0
Tokachi,right,54.8,overflow,plus4K,37,0.0005
Tokachi,right,54.8,fluvial_scour,plus4K,37,0
Tokachi,right,54.8,overflow,plus4K,37.2,0.0038
Tokachi,right,54.8,fluvial_scour,plus4K,37.2,0
Tokachi,right,54.8,overflow,plus4K,37.4,0.018
Tokachi,right,54.8,fluvial_scour,plus4K,37.4,0
Tokachi,right,54.8,overflow,plus4K,37.6,0.0822
Tokachi,right,54.8,fluvial_scour,plus4K,37.6,0
Tokachi,right,54.8,overflow,plus4K,37.8,0.2348
Tokachi,right,54.8,fluvial_scour,plus4K,37.8,0
Tokachi,right,54.8,overflow,plus4K,38,0.4797
Tokachi,right,54.8,fluvial_scour,plus4K,38,0
Tokachi,right,54.8,overflow,plus4K,38.2,0.7347
Tokachi,right,54.8,fluvial_scour,plus4K,38.2,0
Tokachi,right,54.8,overflow,plus4K,38.4,0.9059
Tokachi,right,54.8,fluvial_scour,plus4K,38.4,0
Tokachi,right,54.8,overflow,plus4K,38.6,0.9739
Tokachi,right,54.8,fluvial_scour,plus4K,38.6,0
Tokachi,right,54.8,overflow,plus4K,38.8,0.9959
Tokachi,right,54.8,fluvial_scour,plus4K,38.8,0
Tokachi,right,54.8,overflow,plus4K,39,0.9997
Tokachi,right,54.8,fluvial_scour,plus4K,39,0
Tokachi,right,54.8,overflow,plus4K,39.2,1
Tokachi,right,54.8,fluvial_scour,plus4K,39.2,0
Tokachi,right,54.8,overflow,plus4K,39.4,1
Tokachi,right,54.8,fluvial_scour,plus4K,39.4,0
Tokachi,right,54.8,overflow,plus4K,39.6,1
Tokachi,right,54.8,fluvial_scour,plus4K,39.6,0
Tokachi,right,54.8,overflow,plus4K,39.8,1
Tokachi,right,54.8,fluvial_scour,plus4K,39.8,0
Tokachi,right,54.8,overflow,plus4K,40,1
Tokachi,right,54.8,fluvial_scour,plus4K,40,0
Tokachi,right,54.8,overflow,plus4K,40.2,1
Tokachi,right,54.8,fluvial_scour,plus4K,40.2,0
Tokachi,right,54.8,overflow,plus4K,40.4,1
Tokachi,right,54.8,fluvial_scour,plus4K,40.4,0
Tokachi,right,54.8,overflow,plus4K,40.6,1
Tokachi,right,54.8,fluvial_scour,plus4K,40.6,0
Tokachi,right,55,overflow,plus4K,33,0
Tokachi,right,55,fluvial_scour,plus4K,33,0
Tokachi,right,55,overflow,plus4K,33.2,0
Tokachi,right,55,fluvial_scour,plus4K,33.2,0
Tokachi,right,55,overflow,plus4K,33.4,0
Tokachi,right,55,fluvial_scour,plus4K,33.4,0
Tokachi,right,55,overflow,plus4K,33.6,0
Tokachi,right,55,fluvial_scour,plus4K,33.6,0
Tokachi,right,55,overflow,plus4K,33.8,0
Tokachi,right,55,fluvial_scour,plus4K,33.8,0
Tokachi,right,55,overflow,plus4K,34,0
Tokachi,right,55,fluvial_scour,plus4K,34,0
Tokachi,right,55,overflow,plus4K,34.2,0
Tokachi,right,55,fluvial_scour,plus4K,34.2,0
Tokachi,right,55,overflow,plus4K,34.4,0
Tokachi,right,55,fluvial_scour,plus4K,34.4,0
Tokachi,right,55,overflow,plus4K,34.6,0
Tokachi,right,55,fluvial_scour,plus4K,34.6,0
Tokachi,right,55,overflow,plus4K,34.8,0
Tokachi,right,55,fluvial_scour,plus4K,34.8,0
Tokachi,right,55,overflow,plus4K,35,0
Tokachi,right,55,fluvial_scour,plus4K,35,0
Tokachi,right,55,overflow,plus4K,35.2,0
Tokachi,right,55,fluvial_scour,plus4K,35.2,0
Tokachi,right,55,overflow,plus4K,35.4,0
Tokachi,right,55,fluvial_scour,plus4K,35.4,0
Tokachi,right,55,overflow,plus4K,35.6,0
Tokachi,right,55,fluvial_scour,plus4K,35.6,0
Tokachi,right,55,overflow,plus4K,35.8,0
Tokachi,right,55,fluvial_scour,plus4K,35.8,0
Tokachi,right,55,overflow,plus4K,36,0
Tokachi,right,55,fluvial_scour,plus4K,36,0
Tokachi,right,55,overflow,plus4K,36.2,0
Tokachi,right,55,fluvial_scour,plus4K,36.2,0
Tokachi,right,55,overflow,plus4K,36.4,0
Tokachi,right,55,fluvial_scour,plus4K,36.4,0
Tokachi,right,55,overflow,plus4K,36.6,0
Tokachi,right,55,fluvial_scour,plus4K,36.6,0
Tokachi,right,55,overflow,plus4K,36.8,0
Tokachi,right,55,fluvial_scour,plus4K,36.8,0
Tokachi,right,55,overflow,plus4K,37,0
Tokachi,right,55,fluvial_scour,plus4K,37,0
Tokachi,right,55,overflow,plus4K,37.2,0.0002
Tokachi,right,55,fluvial_scour,plus4K,37.2,0
Tokachi,right,55,overflow,plus4K,37.4,0.0024
Tokachi,right,55,fluvial_scour,plus4K,37.4,0
Tokachi,right,55,overflow,plus4K,37.6,0.0133
Tokachi,right,55,fluvial_scour,plus4K,37.6,0
Tokachi,right,55,overflow,plus4K,37.8,0.0582
Tokachi,right,55,fluvial_scour,plus4K,37.8,0
Tokachi,right,55,overflow,plus4K,38,0.1802
Tokachi,right,55,fluvial_scour,plus4K,38,0
Tokachi,right,55,overflow,plus4K,38.2,0.4068
Tokachi,right,55,fluvial_scour,plus4K,38.2,0
Tokachi,right,55,overflow,plus4K,38.4,0.6727
Tokachi,right,55,fluvial_scour,plus4K,38.4,0
Tokachi,right,55,overflow,plus4K,38.6,0.8679
Tokachi,right,55,fluvial_scour,plus4K,38.6,0
Tokachi,right,55,overflow,plus4K,38.8,0.9655
Tokachi,right,55,fluvial_scour,plus4K,38.8,0
Tokachi,right,55,overflow,plus4K,39,0.9938
Tokachi,right,55,fluvial_scour,plus4K,39,0
Tokachi,right,55,overflow,plus4K,39.2,0.9989
Tokachi,right,55,fluvial_scour,plus4K,39.2,0
Tokachi,right,55,overflow,plus4K,39.4,0.9999
Tokachi,right,55,fluvial_scour,plus4K,39.4,0
Tokachi,right,55,overflow,plus4K,39.6,1
Tokachi,right,55,fluvial_scour,plus4K,39.6,0
Tokachi,right,55,overflow,plus4K,39.8,1
Tokachi,right,55,fluvial_scour,plus4K,39.8,0
Tokachi,right,55,overflow,plus4K,40,1
Tokachi,right,55,fluvial_scour,plus4K,40,0
Tokachi,right,55,overflow,plus4K,40.2,1
Tokachi,right,55,fluvial_scour,plus4K,40.2,0
Tokachi,right,55,overflow,plus4K,40.4,1
Tokachi,right,55,fluvial_scour,plus4K,40.4,0
Tokachi,right,55,overflow,plus4K,40.6,1
Tokachi,right,55,fluvial_scour,plus4K,40.6,0
Tokachi,right,55,overflow,plus4K,40.8,1
Tokachi,right,55,fluvial_scour,plus4K,40.8,0
Tokachi,right,55,overflow,plus4K,41,1
Tokachi,right,55,fluvial_scour,plus4K,41,0
Tokachi,right,55.2,overflow,plus4K,33.4,0
Tokachi,right,55.2,fluvial_scour,plus4K,33.4,0
Tokachi,right,55.2,overflow,plus4K,33.6,0
Tokachi,right,55.2,fluvial_scour,plus4K,33.6,0
Tokachi,right,55.2,overflow,plus4K,33.8,0
Tokachi,right,55.2,fluvial_scour,plus4K,33.8,0
Tokachi,right,55.2,overflow,plus4K,34,0
Tokachi,right,55.2,fluvial_scour,plus4K,34,0
Tokachi,right,55.2,overflow,plus4K,34.2,0
Tokachi,right,55.2,fluvial_scour,plus4K,34.2,0
Tokachi,right,55.2,overflow,plus4K,34.4,0
Tokachi,right,55.2,fluvial_scour,plus4K,34.4,0
Tokachi,right,55.2,overflow,plus4K,34.6,0
Tokachi,right,55.2,fluvial_scour,plus4K,34.6,0
Tokachi,right,55.2,overflow,plus4K,34.8,0
Tokachi,right,55.2,fluvial_scour,plus4K,34.8,0
Tokachi,right,55.2,overflow,plus4K,35,0
Tokachi,right,55.2,fluvial_scour,plus4K,35,0
Tokachi,right,55.2,overflow,plus4K,35.2,0
Tokachi,right,55.2,fluvial_scour,plus4K,35.2,0
Tokachi,right,55.2,overflow,plus4K,35.4,0
Tokachi,right,55.2,fluvial_scour,plus4K,35.4,0
Tokachi,right,55.2,overflow,plus4K,35.6,0
Tokachi,right,55.2,fluvial_scour,plus4K,35.6,0
Tokachi,right,55.2,overflow,plus4K,35.8,0
Tokachi,right,55.2,fluvial_scour,plus4K,35.8,0
Tokachi,right,55.2,overflow,plus4K,36,0
Tokachi,right,55.2,fluvial_scour,plus4K,36,0
Tokachi,right,55.2,overflow,plus4K,36.2,0
Tokachi,right,55.2,fluvial_scour,plus4K,36.2,0
Tokachi,right,55.2,overflow,plus4K,36.4,0
Tokachi,right,55.2,fluvial_scour,plus4K,36.4,0
Tokachi,right,55.2,overflow,plus4K,36.6,0
Tokachi,right,55.2,fluvial_scour,plus4K,36.6,0
Tokachi,right,55.2,overflow,plus4K,36.8,0
Tokachi,right,55.2,fluvial_scour,plus4K,36.8,0
Tokachi,right,55.2,overflow,plus4K,37,0
Tokachi,right,55.2,fluvial_scour,plus4K,37,0
Tokachi,right,55.2,overflow,plus4K,37.2,0
Tokachi,right,55.2,fluvial_scour,plus4K,37.2,0
Tokachi,right,55.2,overflow,plus4K,37.4,0
Tokachi,right,55.2,fluvial_scour,plus4K,37.4,0
Tokachi,right,55.2,overflow,plus4K,37.6,0.0004
Tokachi,right,55.2,fluvial_scour,plus4K,37.6,0
Tokachi,right,55.2,overflow,plus4K,37.8,0.0046
Tokachi,right,55.2,fluvial_scour,plus4K,37.8,0
Tokachi,right,55.2,overflow,plus4K,38,0.0292
Tokachi,right,55.2,fluvial_scour,plus4K,38,0
Tokachi,right,55.2,overflow,plus4K,38.2,0.1091
Tokachi,right,55.2,fluvial_scour,plus4K,38.2,0
Tokachi,right,55.2,overflow,plus4K,38.4,0.2926
Tokachi,right,55.2,fluvial_scour,plus4K,38.4,0
Tokachi,right,55.2,overflow,plus4K,38.6,0.5522
Tokachi,right,55.2,fluvial_scour,plus4K,38.6,0
Tokachi,right,55.2,overflow,plus4K,38.8,0.7951
Tokachi,right,55.2,fluvial_scour,plus4K,38.8,0
Tokachi,right,55.2,overflow,plus4K,39,0.9353
Tokachi,right,55.2,fluvial_scour,plus4K,39,0
Tokachi,right,55.2,overflow,plus4K,39.2,0.9877
Tokachi,right,55.2,fluvial_scour,plus4K,39.2,0
Tokachi,right,55.2,overflow,plus4K,39.4,0.9977
Tokachi,right,55.2,fluvial_scour,plus4K,39.4,0
Tokachi,right,55.2,overflow,plus4K,39.6,0.9996
Tokachi,right,55.2,fluvial_scour,plus4K,39.6,0
Tokachi,right,55.2,overflow,plus4K,39.8,1
Tokachi,right,55.2,fluvial_scour,plus4K,39.8,0
Tokachi,right,55.2,overflow,plus4K,40,1
Tokachi,right,55.2,fluvial_scour,plus4K,40,0
Tokachi,right,55.2,overflow,plus4K,40.2,1
Tokachi,right,55.2,fluvial_scour,plus4K,40.2,0
Tokachi,right,55.2,overflow,plus4K,40.4,1
Tokachi,right,55.2,fluvial_scour,plus4K,40.4,0
Tokachi,right,55.2,overflow,plus4K,40.6,1
Tokachi,right,55.2,fluvial_scour,plus4K,40.6,0
Tokachi,right,55.2,overflow,plus4K,40.8,1
Tokachi,right,55.2,fluvial_scour,plus4K,40.8,0
Tokachi,right,55.2,overflow,plus4K,41,1
Tokachi,right,55.2,fluvial_scour,plus4K,41,0
Tokachi,right,55.2,overflow,plus4K,41.2,1
Tokachi,right,55.2,fluvial_scour,plus4K,41.2,0
Tokachi,right,55.4,overflow,plus4K,33.8,0
Tokachi,right,55.4,fluvial_scour,plus4K,33.8,0
Tokachi,right,55.4,overflow,plus4K,34,0
Tokachi,right,55.4,fluvial_scour,plus4K,34,0
Tokachi,right,55.4,overflow,plus4K,34.2,0
Tokachi,right,55.4,fluvial_scour,plus4K,34.2,0
Tokachi,right,55.4,overflow,plus4K,34.4,0
Tokachi,right,55.4,fluvial_scour,plus4K,34.4,0
Tokachi,right,55.4,overflow,plus4K,34.6,0
Tokachi,right,55.4,fluvial_scour,plus4K,34.6,0
Tokachi,right,55.4,overflow,plus4K,34.8,0
Tokachi,right,55.4,fluvial_scour,plus4K,34.8,0
Tokachi,right,55.4,overflow,plus4K,35,0
Tokachi,right,55.4,fluvial_scour,plus4K,35,0
Tokachi,right,55.4,overflow,plus4K,35.2,0
Tokachi,right,55.4,fluvial_scour,plus4K,35.2,0
Tokachi,right,55.4,overflow,plus4K,35.4,0
Tokachi,right,55.4,fluvial_scour,plus4K,35.4,0
Tokachi,right,55.4,overflow,plus4K,35.6,0
Tokachi,right,55.4,fluvial_scour,plus4K,35.6,0
Tokachi,right,55.4,overflow,plus4K,35.8,0
Tokachi,right,55.4,fluvial_scour,plus4K,35.8,0
Tokachi,right,55.4,overflow,plus4K,36,0
Tokachi,right,55.4,fluvial_scour,plus4K,36,0
Tokachi,right,55.4,overflow,plus4K,36.2,0
Tokachi,right,55.4,fluvial_scour,plus4K,36.2,0
Tokachi,right,55.4,overflow,plus4K,36.4,0
Tokachi,right,55.4,fluvial_scour,plus4K,36.4,0
Tokachi,right,55.4,overflow,plus4K,36.6,0
Tokachi,right,55.4,fluvial_scour,plus4K,36.6,0
Tokachi,right,55.4,overflow,plus4K,36.8,0
Tokachi,right,55.4,fluvial_scour,plus4K,36.8,0
Tokachi,right,55.4,overflow,plus4K,37,0
Tokachi,right,55.4,fluvial_scour,plus4K,37,0
Tokachi,right,55.4,overflow,plus4K,37.2,0
Tokachi,right,55.4,fluvial_scour,plus4K,37.2,0
Tokachi,right,55.4,overflow,plus4K,37.4,0
Tokachi,right,55.4,fluvial_scour,plus4K,37.4,0
Tokachi,right,55.4,overflow,plus4K,37.6,0
Tokachi,right,55.4,fluvial_scour,plus4K,37.6,0
Tokachi,right,55.4,overflow,plus4K,37.8,0.0001
Tokachi,right,55.4,fluvial_scour,plus4K,37.8,0
Tokachi,right,55.4,overflow,plus4K,38,0.0011
Tokachi,right,55.4,fluvial_scour,plus4K,38,0
Tokachi,right,55.4,overflow,plus4K,38.2,0.0076
Tokachi,right,55.4,fluvial_scour,plus4K,38.2,0
Tokachi,right,55.4,overflow,plus4K,38.4,0.0477
Tokachi,right,55.4,fluvial_scour,plus4K,38.4,0
Tokachi,right,55.4,overflow,plus4K,38.6,0.1599
Tokachi,right,55.4,fluvial_scour,plus4K,38.6,0
Tokachi,right,55.4,overflow,plus4K,38.8,0.3758
Tokachi,right,55.4,fluvial_scour,plus4K,38.8,0
Tokachi,right,55.4,overflow,plus4K,39,0.648
Tokachi,right,55.4,fluvial_scour,plus4K,39,0
Tokachi,right,55.4,overflow,plus4K,39.2,0.8523
Tokachi,right,55.4,fluvial_scour,plus4K,39.2,0
Tokachi,right,55.4,overflow,plus4K,39.4,0.9552
Tokachi,right,55.4,fluvial_scour,plus4K,39.4,0
Tokachi,right,55.4,overflow,plus4K,39.6,0.9911
Tokachi,right,55.4,fluvial_scour,plus4K,39.6,0
Tokachi,right,55.4,overflow,plus4K,39.8,0.9989
Tokachi,right,55.4,fluvial_scour,plus4K,39.8,0
Tokachi,right,55.4,overflow,plus4K,40,1
Tokachi,right,55.4,fluvial_scour,plus4K,40,0
Tokachi,right,55.4,overflow,plus4K,40.2,1
Tokachi,right,55.4,fluvial_scour,plus4K,40.2,0
Tokachi,right,55.4,overflow,plus4K,40.4,1
Tokachi,right,55.4,fluvial_scour,plus4K,40.4,0
Tokachi,right,55.4,overflow,plus4K,40.6,1
Tokachi,right,55.4,fluvial_scour,plus4K,40.6,0
Tokachi,right,55.4,overflow,plus4K,40.8,1
Tokachi,right,55.4,fluvial_scour,plus4K,40.8,0
Tokachi,right,55.4,overflow,plus4K,41,1
Tokachi,right,55.4,fluvial_scour,plus4K,41,0
Tokachi,right,55.4,overflow,plus4K,41.2,1
Tokachi,right,55.4,fluvial_scour,plus4K,41.2,0
Tokachi,right,55.4,overflow,plus4K,41.4,1
Tokachi,right,55.4,fluvial_scour,plus4K,41.4,0
Tokachi,right,55.4,overflow,plus4K,41.6,1
Tokachi,right,55.4,fluvial_scour,plus4K,41.6,0
Tokachi,right,55.6,overflow,plus4K,34,0
Tokachi,right,55.6,fluvial_scour,plus4K,34,0
Tokachi,right,55.6,overflow,plus4K,34.2,0
Tokachi,right,55.6,fluvial_scour,plus4K,34.2,0
Tokachi,right,55.6,overflow,plus4K,34.4,0
Tokachi,right,55.6,fluvial_scour,plus4K,34.4,0
Tokachi,right,55.6,overflow,plus4K,34.6,0
Tokachi,right,55.6,fluvial_scour,plus4K,34.6,0
Tokachi,right,55.6,overflow,plus4K,34.8,0
Tokachi,right,55.6,fluvial_scour,plus4K,34.8,0
Tokachi,right,55.6,overflow,plus4K,35,0
Tokachi,right,55.6,fluvial_scour,plus4K,35,0
Tokachi,right,55.6,overflow,plus4K,35.2,0
Tokachi,right,55.6,fluvial_scour,plus4K,35.2,0
Tokachi,right,55.6,overflow,plus4K,35.4,0
Tokachi,right,55.6,fluvial_scour,plus4K,35.4,0
Tokachi,right,55.6,overflow,plus4K,35.6,0
Tokachi,right,55.6,fluvial_scour,plus4K,35.6,0
Tokachi,right,55.6,overflow,plus4K,35.8,0
Tokachi,right,55.6,fluvial_scour,plus4K,35.8,0
Tokachi,right,55.6,overflow,plus4K,36,0
Tokachi,right,55.6,fluvial_scour,plus4K,36,0
Tokachi,right,55.6,overflow,plus4K,36.2,0
Tokachi,right,55.6,fluvial_scour,plus4K,36.2,0
Tokachi,right,55.6,overflow,plus4K,36.4,0
Tokachi,right,55.6,fluvial_scour,plus4K,36.4,0
Tokachi,right,55.6,overflow,plus4K,36.6,0
Tokachi,right,55.6,fluvial_scour,plus4K,36.6,0
Tokachi,right,55.6,overflow,plus4K,36.8,0
Tokachi,right,55.6,fluvial_scour,plus4K,36.8,0
Tokachi,right,55.6,overflow,plus4K,37,0
Tokachi,right,55.6,fluvial_scour,plus4K,37,0
Tokachi,right,55.6,overflow,plus4K,37.2,0
Tokachi,right,55.6,fluvial_scour,plus4K,37.2,0
Tokachi,right,55.6,overflow,plus4K,37.4,0
Tokachi,right,55.6,fluvial_scour,plus4K,37.4,0
Tokachi,right,55.6,overflow,plus4K,37.6,0
Tokachi,right,55.6,fluvial_scour,plus4K,37.6,0
Tokachi,right,55.6,overflow,plus4K,37.8,0
Tokachi,right,55.6,fluvial_scour,plus4K,37.8,0
Tokachi,right,55.6,overflow,plus4K,38,0
Tokachi,right,55.6,fluvial_scour,plus4K,38,0
Tokachi,right,55.6,overflow,plus4K,38.2,0.0003
Tokachi,right,55.6,fluvial_scour,plus4K,38.2,0
Tokachi,right,55.6,overflow,plus4K,38.4,0.0034
Tokachi,right,55.6,fluvial_scour,plus4K,38.4,0
Tokachi,right,55.6,overflow,plus4K,38.6,0.0196
Tokachi,right,55.6,fluvial_scour,plus4K,38.6,0
Tokachi,right,55.6,overflow,plus4K,38.8,0.0769
Tokachi,right,55.6,fluvial_scour,plus4K,38.8,0
Tokachi,right,55.6,overflow,plus4K,39,0.2199
Tokachi,right,55.6,fluvial_scour,plus4K,39,0
Tokachi,right,55.6,overflow,plus4K,39.2,0.4659
Tokachi,right,55.6,fluvial_scour,plus4K,39.2,0
Tokachi,right,55.6,overflow,plus4K,39.4,0.7168
Tokachi,right,55.6,fluvial_scour,plus4K,39.4,0
Tokachi,right,55.6,overflow,plus4K,39.6,0.8971
Tokachi,right,55.6,fluvial_scour,plus4K,39.6,0
Tokachi,right,55.6,overflow,plus4K,39.8,0.9739
Tokachi,right,55.6,fluvial_scour,plus4K,39.8,0
Tokachi,right,55.6,overflow,plus4K,40,0.9954
Tokachi,right,55.6,fluvial_scour,plus4K,40,0
Tokachi,right,55.6,overflow,plus4K,40.2,0.9994
Tokachi,right,55.6,fluvial_scour,plus4K,40.2,0
Tokachi,right,55.6,overflow,plus4K,40.4,0.9999
Tokachi,right,55.6,fluvial_scour,plus4K,40.4,0
Tokachi,right,55.6,overflow,plus4K,40.6,1
Tokachi,right,55.6,fluvial_scour,plus4K,40.6,0
Tokachi,right,55.6,overflow,plus4K,40.8,1
Tokachi,right,55.6,fluvial_scour,plus4K,40.8,0
Tokachi,right,55.6,overflow,plus4K,41,1
Tokachi,right,55.6,fluvial_scour,plus4K,41,0
Tokachi,right,55.6,overflow,plus4K,41.2,1
Tokachi,right,55.6,fluvial_scour,plus4K,41.2,0
Tokachi,right,55.6,overflow,plus4K,41.4,1
Tokachi,right,55.6,fluvial_scour,plus4K,41.4,0
Tokachi,right,55.6,overflow,plus4K,41.6,1
Tokachi,right,55.6,fluvial_scour,plus4K,41.6,0
Tokachi,right,55.6,overflow,plus4K,41.8,1
Tokachi,right,55.6,fluvial_scour,plus4K,41.8,0
Tokachi,right,55.8,overflow,plus4K,34.4,0
Tokachi,right,55.8,fluvial_scour,plus4K,34.4,0
Tokachi,right,55.8,overflow,plus4K,34.6,0
Tokachi,right,55.8,fluvial_scour,plus4K,34.6,0
Tokachi,right,55.8,overflow,plus4K,34.8,0
Tokachi,right,55.8,fluvial_scour,plus4K,34.8,0
Tokachi,right,55.8,overflow,plus4K,35,0
Tokachi,right,55.8,fluvial_scour,plus4K,35,0
Tokachi,right,55.8,overflow,plus4K,35.2,0
Tokachi,right,55.8,fluvial_scour,plus4K,35.2,0
Tokachi,right,55.8,overflow,plus4K,35.4,0
Tokachi,right,55.8,fluvial_scour,plus4K,35.4,0
Tokachi,right,55.8,overflow,plus4K,35.6,0
Tokachi,right,55.8,fluvial_scour,plus4K,35.6,0
Tokachi,right,55.8,overflow,plus4K,35.8,0
Tokachi,right,55.8,fluvial_scour,plus4K,35.8,0
Tokachi,right,55.8,overflow,plus4K,36,0
Tokachi,right,55.8,fluvial_scour,plus4K,36,0
Tokachi,right,55.8,overflow,plus4K,36.2,0
Tokachi,right,55.8,fluvial_scour,plus4K,36.2,0
Tokachi,right,55.8,overflow,plus4K,36.4,0
Tokachi,right,55.8,fluvial_scour,plus4K,36.4,0
Tokachi,right,55.8,overflow,plus4K,36.6,0
Tokachi,right,55.8,fluvial_scour,plus4K,36.6,0
Tokachi,right,55.8,overflow,plus4K,36.8,0
Tokachi,right,55.8,fluvial_scour,plus4K,36.8,0
Tokachi,right,55.8,overflow,plus4K,37,0
Tokachi,right,55.8,fluvial_scour,plus4K,37,0
Tokachi,right,55.8,overflow,plus4K,37.2,0
Tokachi,right,55.8,fluvial_scour,plus4K,37.2,0
Tokachi,right,55.8,overflow,plus4K,37.4,0
Tokachi,right,55.8,fluvial_scour,plus4K,37.4,0
Tokachi,right,55.8,overflow,plus4K,37.6,0
Tokachi,right,55.8,fluvial_scour,plus4K,37.6,0
Tokachi,right,55.8,overflow,plus4K,37.8,0
Tokachi,right,55.8,fluvial_scour,plus4K,37.8,0
Tokachi,right,55.8,overflow,plus4K,38,0
Tokachi,right,55.8,fluvial_scour,plus4K,38,0
Tokachi,right,55.8,overflow,plus4K,38.2,0
Tokachi,right,55.8,fluvial_scour,plus4K,38.2,0
Tokachi,right,55.8,overflow,plus4K,38.4,0.0001
Tokachi,right,55.8,fluvial_scour,plus4K,38.4,0
Tokachi,right,55.8,overflow,plus4K,38.6,0.0019
Tokachi,right,55.8,fluvial_scour,plus4K,38.6,0
Tokachi,right,55.8,overflow,plus4K,38.8,0.0088
Tokachi,right,55.8,fluvial_scour,plus4K,38.8,0
Tokachi,right,55.8,overflow,plus4K,39,0.043
Tokachi,right,55.8,fluvial_scour,plus4K,39,0
Tokachi,right,55.8,overflow,plus4K,39.2,0.144
Tokachi,right,55.8,fluvial_scour,plus4K,39.2,0
Tokachi,right,55.8,overflow,plus4K,39.4,0.3464
Tokachi,right,55.8,fluvial_scour,plus4K,39.4,0
Tokachi,right,55.8,overflow,plus4K,39.6,0.6117
Tokachi,right,55.8,fluvial_scour,plus4K,39.6,0
Tokachi,right,55.8,overflow,plus4K,39.8,0.8342
Tokachi,right,55.8,fluvial_scour,plus4K,39.8,0
Tokachi,right,55.8,overflow,plus4K,40,0.949
Tokachi,right,55.8,fluvial_scour,plus4K,40,0
Tokachi,right,55.8,overflow,plus4K,40.2,0.9901
Tokachi,right,55.8,fluvial_scour,plus4K,40.2,0
Tokachi,right,55.8,overflow,plus4K,40.4,0.9988
Tokachi,right,55.8,fluvial_scour,plus4K,40.4,0
Tokachi,right,55.8,overflow,plus4K,40.6,0.9999
Tokachi,right,55.8,fluvial_scour,plus4K,40.6,0
Tokachi,right,55.8,overflow,plus4K,40.8,1
Tokachi,right,55.8,fluvial_scour,plus4K,40.8,0
Tokachi,right,55.8,overflow,plus4K,41,1
Tokachi,right,55.8,fluvial_scour,plus4K,41,0
Tokachi,right,55.8,overflow,plus4K,41.2,1
Tokachi,right,55.8,fluvial_scour,plus4K,41.2,0
Tokachi,right,55.8,overflow,plus4K,41.4,1
Tokachi,right,55.8,fluvial_scour,plus4K,41.4,0
Tokachi,right,55.8,overflow,plus4K,41.6,1
Tokachi,right,55.8,fluvial_scour,plus4K,41.6,0
Tokachi,right,55.8,overflow,plus4K,41.8,1
Tokachi,right,55.8,fluvial_scour,plus4K,41.8,0
Tokachi,right,55.8,overflow,plus4K,42,1
Tokachi,right,55.8,fluvial_scour,plus4K,42,0
Tokachi,right,55.8,overflow,plus4K,42.2,1
Tokachi,right,55.8,fluvial_scour,plus4K,42.2,0
Tokachi,right,56,overflow,plus4K,34.6,0
Tokachi,right,56,fluvial_scour,plus4K,34.6,0
Tokachi,right,56,overflow,plus4K,34.8,0
Tokachi,right,56,fluvial_scour,plus4K,34.8,0
Tokachi,right,56,overflow,plus4K,35,0
Tokachi,right,56,fluvial_scour,plus4K,35,0
Tokachi,right,56,overflow,plus4K,35.2,0
Tokachi,right,56,fluvial_scour,plus4K,35.2,0
Tokachi,right,56,overflow,plus4K,35.4,0
Tokachi,right,56,fluvial_scour,plus4K,35.4,0
Tokachi,right,56,overflow,plus4K,35.6,0
Tokachi,right,56,fluvial_scour,plus4K,35.6,0
Tokachi,right,56,overflow,plus4K,35.8,0
Tokachi,right,56,fluvial_scour,plus4K,35.8,0
Tokachi,right,56,overflow,plus4K,36,0
Tokachi,right,56,fluvial_scour,plus4K,36,0
Tokachi,right,56,overflow,plus4K,36.2,0
Tokachi,right,56,fluvial_scour,plus4K,36.2,0
Tokachi,right,56,overflow,plus4K,36.4,0
Tokachi,right,56,fluvial_scour,plus4K,36.4,0
Tokachi,right,56,overflow,plus4K,36.6,0
Tokachi,right,56,fluvial_scour,plus4K,36.6,0
Tokachi,right,56,overflow,plus4K,36.8,0
Tokachi,right,56,fluvial_scour,plus4K,36.8,0
Tokachi,right,56,overflow,plus4K,37,0
Tokachi,right,56,fluvial_scour,plus4K,37,0
Tokachi,right,56,overflow,plus4K,37.2,0
Tokachi,right,56,fluvial_scour,plus4K,37.2,0
Tokachi,right,56,overflow,plus4K,37.4,0
Tokachi,right,56,fluvial_scour,plus4K,37.4,0
Tokachi,right,56,overflow,plus4K,37.6,0
Tokachi,right,56,fluvial_scour,plus4K,37.6,0
Tokachi,right,56,overflow,plus4K,37.8,0
Tokachi,right,56,fluvial_scour,plus4K,37.8,0
Tokachi,right,56,overflow,plus4K,38,0
Tokachi,right,56,fluvial_scour,plus4K,38,0
Tokachi,right,56,overflow,plus4K,38.2,0
Tokachi,right,56,fluvial_scour,plus4K,38.2,0
Tokachi,right,56,overflow,plus4K,38.4,0
Tokachi,right,56,fluvial_scour,plus4K,38.4,0
Tokachi,right,56,overflow,plus4K,38.6,0
Tokachi,right,56,fluvial_scour,plus4K,38.6,0
Tokachi,right,56,overflow,plus4K,38.8,0.0005
Tokachi,right,56,fluvial_scour,plus4K,38.8,0
Tokachi,right,56,overflow,plus4K,39,0.0049
Tokachi,right,56,fluvial_scour,plus4K,39,0
Tokachi,right,56,overflow,plus4K,39.2,0.0319
Tokachi,right,56,fluvial_scour,plus4K,39.2,0
Tokachi,right,56,overflow,plus4K,39.4,0.1208
Tokachi,right,56,fluvial_scour,plus4K,39.4,0
Tokachi,right,56,overflow,plus4K,39.6,0.3047
Tokachi,right,56,fluvial_scour,plus4K,39.6,0
Tokachi,right,56,overflow,plus4K,39.8,0.5668
Tokachi,right,56,fluvial_scour,plus4K,39.8,0
Tokachi,right,56,overflow,plus4K,40,0.8018
Tokachi,right,56,fluvial_scour,plus4K,40,0
Tokachi,right,56,overflow,plus4K,40.2,0.9383
Tokachi,right,56,fluvial_scour,plus4K,40.2,0
Tokachi,right,56,overflow,plus4K,40.4,0.986
Tokachi,right,56,fluvial_scour,plus4K,40.4,0
Tokachi,right,56,overflow,plus4K,40.6,0.9988
Tokachi,right,56,fluvial_scour,plus4K,40.6,0
Tokachi,right,56,overflow,plus4K,40.8,1
Tokachi,right,56,fluvial_scour,plus4K,40.8,0
Tokachi,right,56,overflow,plus4K,41,1
Tokachi,right,56,fluvial_scour,plus4K,41,0
Tokachi,right,56,overflow,plus4K,41.2,1
Tokachi,right,56,fluvial_scour,plus4K,41.2,0
Tokachi,right,56,overflow,plus4K,41.4,1
Tokachi,right,56,fluvial_scour,plus4K,41.4,0
Tokachi,right,56,overflow,plus4K,41.6,1
Tokachi,right,56,fluvial_scour,plus4K,41.6,0
Tokachi,right,56,overflow,plus4K,41.8,1
Tokachi,right,56,fluvial_scour,plus4K,41.8,0
Tokachi,right,56,overflow,plus4K,42,1
Tokachi,right,56,fluvial_scour,plus4K,42,0
Tokachi,right,56,overflow,plus4K,42.2,1
Tokachi,right,56,fluvial_scour,plus4K,42.2,0
Tokachi,right,56,overflow,plus4K,42.4,1
Tokachi,right,56,fluvial_scour,plus4K,42.4,0
Tokachi,right,56.2,overflow,plus4K,34.6,0
Tokachi,right,56.2,fluvial_scour,plus4K,34.6,0
Tokachi,right,56.2,overflow,plus4K,34.8,0
Tokachi,right,56.2,fluvial_scour,plus4K,34.8,0
Tokachi,right,56.2,overflow,plus4K,35,0
Tokachi,right,56.2,fluvial_scour,plus4K,35,0
Tokachi,right,56.2,overflow,plus4K,35.2,0
Tokachi,right,56.2,fluvial_scour,plus4K,35.2,0
Tokachi,right,56.2,overflow,plus4K,35.4,0
Tokachi,right,56.2,fluvial_scour,plus4K,35.4,0
Tokachi,right,56.2,overflow,plus4K,35.6,0
Tokachi,right,56.2,fluvial_scour,plus4K,35.6,0
Tokachi,right,56.2,overflow,plus4K,35.8,0
Tokachi,right,56.2,fluvial_scour,plus4K,35.8,0
Tokachi,right,56.2,overflow,plus4K,36,0
Tokachi,right,56.2,fluvial_scour,plus4K,36,0
Tokachi,right,56.2,overflow,plus4K,36.2,0
Tokachi,right,56.2,fluvial_scour,plus4K,36.2,0
Tokachi,right,56.2,overflow,plus4K,36.4,0
Tokachi,right,56.2,fluvial_scour,plus4K,36.4,0
Tokachi,right,56.2,overflow,plus4K,36.6,0
Tokachi,right,56.2,fluvial_scour,plus4K,36.6,0
Tokachi,right,56.2,overflow,plus4K,36.8,0
Tokachi,right,56.2,fluvial_scour,plus4K,36.8,0
Tokachi,right,56.2,overflow,plus4K,37,0
Tokachi,right,56.2,fluvial_scour,plus4K,37,0
Tokachi,right,56.2,overflow,plus4K,37.2,0
Tokachi,right,56.2,fluvial_scour,plus4K,37.2,0
Tokachi,right,56.2,overflow,plus4K,37.4,0
Tokachi,right,56.2,fluvial_scour,plus4K,37.4,0
Tokachi,right,56.2,overflow,plus4K,37.6,0
Tokachi,right,56.2,fluvial_scour,plus4K,37.6,0
Tokachi,right,56.2,overflow,plus4K,37.8,0
Tokachi,right,56.2,fluvial_scour,plus4K,37.8,0
Tokachi,right,56.2,overflow,plus4K,38,0
Tokachi,right,56.2,fluvial_scour,plus4K,38,0
Tokachi,right,56.2,overflow,plus4K,38.2,0
Tokachi,right,56.2,fluvial_scour,plus4K,38.2,0
Tokachi,right,56.2,overflow,plus4K,38.4,0
Tokachi,right,56.2,fluvial_scour,plus4K,38.4,0
Tokachi,right,56.2,overflow,plus4K,38.6,0
Tokachi,right,56.2,fluvial_scour,plus4K,38.6,0
Tokachi,right,56.2,overflow,plus4K,38.8,0
Tokachi,right,56.2,fluvial_scour,plus4K,38.8,0
Tokachi,right,56.2,overflow,plus4K,39,0
Tokachi,right,56.2,fluvial_scour,plus4K,39,0
Tokachi,right,56.2,overflow,plus4K,39.2,0.0002
Tokachi,right,56.2,fluvial_scour,plus4K,39.2,0
Tokachi,right,56.2,overflow,plus4K,39.4,0.0024
Tokachi,right,56.2,fluvial_scour,plus4K,39.4,0
Tokachi,right,56.2,overflow,plus4K,39.6,0.0165
Tokachi,right,56.2,fluvial_scour,plus4K,39.6,0
Tokachi,right,56.2,overflow,plus4K,39.8,0.0717
Tokachi,right,56.2,fluvial_scour,plus4K,39.8,0
Tokachi,right,56.2,overflow,plus4K,40,0.2094
Tokachi,right,56.2,fluvial_scour,plus4K,40,0
Tokachi,right,56.2,overflow,plus4K,40.2,0.437
Tokachi,right,56.2,fluvial_scour,plus4K,40.2,0
Tokachi,right,56.2,overflow,plus4K,40.4,0.7024
Tokachi,right,56.2,fluvial_scour,plus4K,40.4,0
Tokachi,right,56.2,overflow,plus4K,40.6,0.8876
Tokachi,right,56.2,fluvial_scour,plus4K,40.6,0
Tokachi,right,56.2,overflow,plus4K,40.8,0.9711
Tokachi,right,56.2,fluvial_scour,plus4K,40.8,0
Tokachi,right,56.2,overflow,plus4K,41,0.9951
Tokachi,right,56.2,fluvial_scour,plus4K,41,0
Tokachi,right,56.2,overflow,plus4K,41.2,0.9993
Tokachi,right,56.2,fluvial_scour,plus4K,41.2,0
Tokachi,right,56.2,overflow,plus4K,41.4,1
Tokachi,right,56.2,fluvial_scour,plus4K,41.4,0
Tokachi,right,56.2,overflow,plus4K,41.6,1
Tokachi,right,56.2,fluvial_scour,plus4K,41.6,0
Tokachi,right,56.2,overflow,plus4K,41.8,1
Tokachi,right,56.2,fluvial_scour,plus4K,41.8,0
Tokachi,right,56.2,overflow,plus4K,42,1
Tokachi,right,56.2,fluvial_scour,plus4K,42,0
Tokachi,right,56.2,overflow,plus4K,42.2,1
Tokachi,right,56.2,fluvial_scour,plus4K,42.2,0
Tokachi,right,56.2,overflow,plus4K,42.4,1
Tokachi,right,56.2,fluvial_scour,plus4K,42.4,0
Tokachi,right,56.2,overflow,plus4K,42.6,1
Tokachi,right,56.2,fluvial_scour,plus4K,42.6,0
Tokachi,right,56.2,overflow,plus4K,42.8,1
Tokachi,right,56.2,fluvial_scour,plus4K,42.8,0
Tokachi,right,56.2,overflow,plus4K,43,1
Tokachi,right,56.2,fluvial_scour,plus4K,43,0
Tokachi,right,56.4,overflow,plus4K,35.2,0
Tokachi,right,56.4,fluvial_scour,plus4K,35.2,0
Tokachi,right,56.4,overflow,plus4K,35.4,0
Tokachi,right,56.4,fluvial_scour,plus4K,35.4,0
Tokachi,right,56.4,overflow,plus4K,35.6,0
Tokachi,right,56.4,fluvial_scour,plus4K,35.6,0
Tokachi,right,56.4,overflow,plus4K,35.8,0
Tokachi,right,56.4,fluvial_scour,plus4K,35.8,0
Tokachi,right,56.4,overflow,plus4K,36,0
Tokachi,right,56.4,fluvial_scour,plus4K,36,0
Tokachi,right,56.4,overflow,plus4K,36.2,0
Tokachi,right,56.4,fluvial_scour,plus4K,36.2,0
Tokachi,right,56.4,overflow,plus4K,36.4,0
Tokachi,right,56.4,fluvial_scour,plus4K,36.4,0
Tokachi,right,56.4,overflow,plus4K,36.6,0
Tokachi,right,56.4,fluvial_scour,plus4K,36.6,0
Tokachi,right,56.4,overflow,plus4K,36.8,0
Tokachi,right,56.4,fluvial_scour,plus4K,36.8,0
Tokachi,right,56.4,overflow,plus4K,37,0
Tokachi,right,56.4,fluvial_scour,plus4K,37,0
Tokachi,right,56.4,overflow,plus4K,37.2,0
Tokachi,right,56.4,fluvial_scour,plus4K,37.2,0
Tokachi,right,56.4,overflow,plus4K,37.4,0
Tokachi,right,56.4,fluvial_scour,plus4K,37.4,0
Tokachi,right,56.4,overflow,plus4K,37.6,0
Tokachi,right,56.4,fluvial_scour,plus4K,37.6,0
Tokachi,right,56.4,overflow,plus4K,37.8,0
Tokachi,right,56.4,fluvial_scour,plus4K,37.8,0
Tokachi,right,56.4,overflow,plus4K,38,0
Tokachi,right,56.4,fluvial_scour,plus4K,38,0
Tokachi,right,56.4,overflow,plus4K,38.2,0
Tokachi,right,56.4,fluvial_scour,plus4K,38.2,0
Tokachi,right,56.4,overflow,plus4K,38.4,0
Tokachi,right,56.4,fluvial_scour,plus4K,38.4,0
Tokachi,right,56.4,overflow,plus4K,38.6,0
Tokachi,right,56.4,fluvial_scour,plus4K,38.6,0
Tokachi,right,56.4,overflow,plus4K,38.8,0
Tokachi,right,56.4,fluvial_scour,plus4K,38.8,0
Tokachi,right,56.4,overflow,plus4K,39,0
Tokachi,right,56.4,fluvial_scour,plus4K,39,0
Tokachi,right,56.4,overflow,plus4K,39.2,0
Tokachi,right,56.4,fluvial_scour,plus4K,39.2,0
Tokachi,right,56.4,overflow,plus4K,39.4,0.0001
Tokachi,right,56.4,fluvial_scour,plus4K,39.4,0
Tokachi,right,56.4,overflow,plus4K,39.6,0.0001
Tokachi,right,56.4,fluvial_scour,plus4K,39.6,0
Tokachi,right,56.4,overflow,plus4K,39.8,0.0024
Tokachi,right,56.4,fluvial_scour,plus4K,39.8,0
Tokachi,right,56.4,overflow,plus4K,40,0.0168
Tokachi,right,56.4,fluvial_scour,plus4K,40,0
Tokachi,right,56.4,overflow,plus4K,40.2,0.0643
Tokachi,right,56.4,fluvial_scour,plus4K,40.2,0
Tokachi,right,56.4,overflow,plus4K,40.4,0.1991
Tokachi,right,56.4,fluvial_scour,plus4K,40.4,0
Tokachi,right,56.4,overflow,plus4K,40.6,0.4329
Tokachi,right,56.4,fluvial_scour,plus4K,40.6,0
Tokachi,right,56.4,overflow,plus4K,40.8,0.6966
Tokachi,right,56.4,fluvial_scour,plus4K,40.8,0
Tokachi,right,56.4,overflow,plus4K,41,0.8817
Tokachi,right,56.4,fluvial_scour,plus4K,41,0
Tokachi,right,56.4,overflow,plus4K,41.2,0.9672
Tokachi,right,56.4,fluvial_scour,plus4K,41.2,0
Tokachi,right,56.4,overflow,plus4K,41.4,0.9939
Tokachi,right,56.4,fluvial_scour,plus4K,41.4,0
Tokachi,right,56.4,overflow,plus4K,41.6,0.9992
Tokachi,right,56.4,fluvial_scour,plus4K,41.6,0
Tokachi,right,56.4,overflow,plus4K,41.8,0.9999
Tokachi,right,56.4,fluvial_scour,plus4K,41.8,0
Tokachi,right,56.4,overflow,plus4K,42,1
Tokachi,right,56.4,fluvial_scour,plus4K,42,0
Tokachi,right,56.4,overflow,plus4K,42.2,1
Tokachi,right,56.4,fluvial_scour,plus4K,42.2,0
Tokachi,right,56.4,overflow,plus4K,42.4,1
Tokachi,right,56.4,fluvial_scour,plus4K,42.4,0
Tokachi,right,56.4,overflow,plus4K,42.6,1
Tokachi,right,56.4,fluvial_scour,plus4K,42.6,0
Tokachi,right,56.4,overflow,plus4K,42.8,1
Tokachi,right,56.4,fluvial_scour,plus4K,42.8,0
Tokachi,right,56.4,overflow,plus4K,43,1
Tokachi,right,56.4,fluvial_scour,plus4K,43,0
Tokachi,right,56.4,overflow,plus4K,43.2,1
Tokachi,right,56.4,fluvial_scour,plus4K,43.2,0
Tokachi,right,56.4,overflow,plus4K,43.4,1
Tokachi,right,56.4,fluvial_scour,plus4K,43.4,0
Tokachi,right,56.6,overflow,plus4K,35.2,0
Tokachi,right,56.6,fluvial_scour,plus4K,35.2,0
Tokachi,right,56.6,overflow,plus4K,35.4,0
Tokachi,right,56.6,fluvial_scour,plus4K,35.4,0
Tokachi,right,56.6,overflow,plus4K,35.6,0
Tokachi,right,56.6,fluvial_scour,plus4K,35.6,0
Tokachi,right,56.6,overflow,plus4K,35.8,0
Tokachi,right,56.6,fluvial_scour,plus4K,35.8,0
Tokachi,right,56.6,overflow,plus4K,36,0
Tokachi,right,56.6,fluvial_scour,plus4K,36,0
Tokachi,right,56.6,overflow,plus4K,36.2,0
Tokachi,right,56.6,fluvial_scour,plus4K,36.2,0
Tokachi,right,56.6,overflow,plus4K,36.4,0
Tokachi,right,56.6,fluvial_scour,plus4K,36.4,0
Tokachi,right,56.6,overflow,plus4K,36.6,0
Tokachi,right,56.6,fluvial_scour,plus4K,36.6,0
Tokachi,right,56.6,overflow,plus4K,36.8,0
Tokachi,right,56.6,fluvial_scour,plus4K,36.8,0
Tokachi,right,56.6,overflow,plus4K,37,0
Tokachi,right,56.6,fluvial_scour,plus4K,37,0
Tokachi,right,56.6,overflow,plus4K,37.2,0
Tokachi,right,56.6,fluvial_scour,plus4K,37.2,0
Tokachi,right,56.6,overflow,plus4K,37.4,0
Tokachi,right,56.6,fluvial_scour,plus4K,37.4,0
Tokachi,right,56.6,overflow,plus4K,37.6,0
Tokachi,right,56.6,fluvial_scour,plus4K,37.6,0
Tokachi,right,56.6,overflow,plus4K,37.8,0
Tokachi,right,56.6,fluvial_scour,plus4K,37.8,0
Tokachi,right,56.6,overflow,plus4K,38,0
Tokachi,right,56.6,fluvial_scour,plus4K,38,0
Tokachi,right,56.6,overflow,plus4K,38.2,0
Tokachi,right,56.6,fluvial_scour,plus4K,38.2,0
Tokachi,right,56.6,overflow,plus4K,38.4,0
Tokachi,right,56.6,fluvial_scour,plus4K,38.4,0
Tokachi,right,56.6,overflow,plus4K,38.6,0.0001
Tokachi,right,56.6,fluvial_scour,plus4K,38.6,0
Tokachi,right,56.6,overflow,plus4K,38.8,0.0001
Tokachi,right,56.6,fluvial_scour,plus4K,38.8,0
Tokachi,right,56.6,overflow,plus4K,39,0.0004
Tokachi,right,56.6,fluvial_scour,plus4K,39,0
Tokachi,right,56.6,overflow,plus4K,39.2,0.0016
Tokachi,right,56.6,fluvial_scour,plus4K,39.2,0
Tokachi,right,56.6,overflow,plus4K,39.4,0.0025
Tokachi,right,56.6,fluvial_scour,plus4K,39.4,0
Tokachi,right,56.6,overflow,plus4K,39.6,0.006
Tokachi,right,56.6,fluvial_scour,plus4K,39.6,0
Tokachi,right,56.6,overflow,plus4K,39.8,0.0124
Tokachi,right,56.6,fluvial_scour,plus4K,39.8,0
Tokachi,right,56.6,overflow,plus4K,40,0.0252
Tokachi,right,56.6,fluvial_scour,plus4K,40,0
Tokachi,right,56.6,overflow,plus4K,40.2,0.0433
Tokachi,right,56.6,fluvial_scour,plus4K,40.2,0
Tokachi,right,56.6,overflow,plus4K,40.4,0.0741
Tokachi,right,56.6,fluvial_scour,plus4K,40.4,0
Tokachi,right,56.6,overflow,plus4K,40.6,0.119
Tokachi,right,56.6,fluvial_scour,plus4K,40.6,0
Tokachi,right,56.6,overflow,plus4K,40.8,0.173
Tokachi,right,56.6,fluvial_scour,plus4K,40.8,0
Tokachi,right,56.6,overflow,plus4K,41,0.2464
Tokachi,right,56.6,fluvial_scour,plus4K,41,0
Tokachi,right,56.6,overflow,plus4K,41.2,0.3373
Tokachi,right,56.6,fluvial_scour,plus4K,41.2,0
Tokachi,right,56.6,overflow,plus4K,41.4,0.4314
Tokachi,right,56.6,fluvial_scour,plus4K,41.4,0
Tokachi,right,56.6,overflow,plus4K,41.6,0.5406
Tokachi,right,56.6,fluvial_scour,plus4K,41.6,0
Tokachi,right,56.6,overflow,plus4K,41.8,0.6424
Tokachi,right,56.6,fluvial_scour,plus4K,41.8,0
Tokachi,right,56.6,overflow,plus4K,42,0.737
Tokachi,right,56.6,fluvial_scour,plus4K,42,0
Tokachi,right,56.6,overflow,plus4K,42.2,0.8163
Tokachi,right,56.6,fluvial_scour,plus4K,42.2,0
Tokachi,right,56.6,overflow,plus4K,42.4,0.8787
Tokachi,right,56.6,fluvial_scour,plus4K,42.4,0
Tokachi,right,56.6,overflow,plus4K,42.6,0.9242
Tokachi,right,56.6,fluvial_scour,plus4K,42.6,0
Tokachi,right,56.6,overflow,plus4K,42.8,0.9524
Tokachi,right,56.6,fluvial_scour,plus4K,42.8,0
Tokachi,right,56.6,overflow,plus4K,43,0.9716
Tokachi,right,56.6,fluvial_scour,plus4K,43,0
Tokachi,right,56.6,overflow,plus4K,43.2,0.9856
Tokachi,right,56.6,fluvial_scour,plus4K,43.2,0
Tokachi,right,56.6,overflow,plus4K,43.4,0.9929
Tokachi,right,56.6,fluvial_scour,plus4K,43.4,0
Tokachi,right,56.6,overflow,plus4K,43.6,0.9962
Tokachi,right,56.6,fluvial_scour,plus4K,43.6,0
Tokachi,right,56.6,overflow,plus4K,43.8,0.9984
Tokachi,right,56.6,fluvial_scour,plus4K,43.8,0
Tokachi,right,56.6,overflow,plus4K,44,0.9993
Tokachi,right,56.6,fluvial_scour,plus4K,44,0
Tokachi,right,56.6,overflow,plus4K,44.2,0.9998
Tokachi,right,56.6,fluvial_scour,plus4K,44.2,0
Tokachi,right,56.8,overflow,plus4K,35.6,0
Tokachi,right,56.8,fluvial_scour,plus4K,35.6,0
Tokachi,right,56.8,overflow,plus4K,35.8,0
Tokachi,right,56.8,fluvial_scour,plus4K,35.8,0
Tokachi,right,56.8,overflow,plus4K,36,0
Tokachi,right,56.8,fluvial_scour,plus4K,36,0
Tokachi,right,56.8,overflow,plus4K,36.2,0
Tokachi,right,56.8,fluvial_scour,plus4K,36.2,0
Tokachi,right,56.8,overflow,plus4K,36.4,0
Tokachi,right,56.8,fluvial_scour,plus4K,36.4,0
Tokachi,right,56.8,overflow,plus4K,36.6,0
Tokachi,right,56.8,fluvial_scour,plus4K,36.6,0
Tokachi,right,56.8,overflow,plus4K,36.8,0
Tokachi,right,56.8,fluvial_scour,plus4K,36.8,0
Tokachi,right,56.8,overflow,plus4K,37,0
Tokachi,right,56.8,fluvial_scour,plus4K,37,0
Tokachi,right,56.8,overflow,plus4K,37.2,0
Tokachi,right,56.8,fluvial_scour,plus4K,37.2,0
Tokachi,right,56.8,overflow,plus4K,37.4,0
Tokachi,right,56.8,fluvial_scour,plus4K,37.4,0
Tokachi,right,56.8,overflow,plus4K,37.6,0
Tokachi,right,56.8,fluvial_scour,plus4K,37.6,0
Tokachi,right,56.8,overflow,plus4K,37.8,0
Tokachi,right,56.8,fluvial_scour,plus4K,37.8,0
Tokachi,right,56.8,overflow,plus4K,38,0
Tokachi,right,56.8,fluvial_scour,plus4K,38,0
Tokachi,right,56.8,overflow,plus4K,38.2,0
Tokachi,right,56.8,fluvial_scour,plus4K,38.2,0
Tokachi,right,56.8,overflow,plus4K,38.4,0
Tokachi,right,56.8,fluvial_scour,plus4K,38.4,0
Tokachi,right,56.8,overflow,plus4K,38.6,0
Tokachi,right,56.8,fluvial_scour,plus4K,38.6,0
Tokachi,right,56.8,overflow,plus4K,38.8,0
Tokachi,right,56.8,fluvial_scour,plus4K,38.8,0
Tokachi,right,56.8,overflow,plus4K,39,0
Tokachi,right,56.8,fluvial_scour,plus4K,39,0
Tokachi,right,56.8,overflow,plus4K,39.2,0
Tokachi,right,56.8,fluvial_scour,plus4K,39.2,0
Tokachi,right,56.8,overflow,plus4K,39.4,0
Tokachi,right,56.8,fluvial_scour,plus4K,39.4,0
Tokachi,right,56.8,overflow,plus4K,39.6,0
Tokachi,right,56.8,fluvial_scour,plus4K,39.6,0
Tokachi,right,56.8,overflow,plus4K,39.8,0.0001
Tokachi,right,56.8,fluvial_scour,plus4K,39.8,0
Tokachi,right,56.8,overflow,plus4K,40,0.0003
Tokachi,right,56.8,fluvial_scour,plus4K,40,0
Tokachi,right,56.8,overflow,plus4K,40.2,0.0008
Tokachi,right,56.8,fluvial_scour,plus4K,40.2,0
Tokachi,right,56.8,overflow,plus4K,40.4,0.002
Tokachi,right,56.8,fluvial_scour,plus4K,40.4,0
Tokachi,right,56.8,overflow,plus4K,40.6,0.0069
Tokachi,right,56.8,fluvial_scour,plus4K,40.6,0
Tokachi,right,56.8,overflow,plus4K,40.8,0.0213
Tokachi,right,56.8,fluvial_scour,plus4K,40.8,0
Tokachi,right,56.8,overflow,plus4K,41,0.0552
Tokachi,right,56.8,fluvial_scour,plus4K,41,0
Tokachi,right,56.8,overflow,plus4K,41.2,0.1133
Tokachi,right,56.8,fluvial_scour,plus4K,41.2,0
Tokachi,right,56.8,overflow,plus4K,41.4,0.2097
Tokachi,right,56.8,fluvial_scour,plus4K,41.4,0
Tokachi,right,56.8,overflow,plus4K,41.6,0.3429
Tokachi,right,56.8,fluvial_scour,plus4K,41.6,0
Tokachi,right,56.8,overflow,plus4K,41.8,0.5011
Tokachi,right,56.8,fluvial_scour,plus4K,41.8,0
Tokachi,right,56.8,overflow,plus4K,42,0.6611
Tokachi,right,56.8,fluvial_scour,plus4K,42,0
Tokachi,right,56.8,overflow,plus4K,42.2,0.7979
Tokachi,right,56.8,fluvial_scour,plus4K,42.2,0
Tokachi,right,56.8,overflow,plus4K,42.4,0.8918
Tokachi,right,56.8,fluvial_scour,plus4K,42.4,0
Tokachi,right,56.8,overflow,plus4K,42.6,0.9468
Tokachi,right,56.8,fluvial_scour,plus4K,42.6,0
Tokachi,right,56.8,overflow,plus4K,42.8,0.9771
Tokachi,right,56.8,fluvial_scour,plus4K,42.8,0
Tokachi,right,56.8,overflow,plus4K,43,0.9909
Tokachi,right,56.8,fluvial_scour,plus4K,43,0
Tokachi,right,56.8,overflow,plus4K,43.2,0.9973
Tokachi,right,56.8,fluvial_scour,plus4K,43.2,0
Tokachi,right,56.8,overflow,plus4K,43.4,0.9993
Tokachi,right,56.8,fluvial_scour,plus4K,43.4,0
Tokachi,right,56.8,overflow,plus4K,43.6,1
Tokachi,right,56.8,fluvial_scour,plus4K,43.6,0
Tokachi,right,56.8,overflow,plus4K,43.8,1
Tokachi,right,56.8,fluvial_scour,plus4K,43.8,0
Tokachi,right,56.8,overflow,plus4K,44,1
Tokachi,right,56.8,fluvial_scour,plus4K,44,0
Tokachi,right,56.8,overflow,plus4K,44.2,1
Tokachi,right,56.8,fluvial_scour,plus4K,44.2,0
Tokachi,right,56.8,overflow,plus4K,44.4,1
Tokachi,right,56.8,fluvial_scour,plus4K,44.4,0
Tokachi,right,57,overflow,plus4K,35.6,0
Tokachi,right,57,fluvial_scour,plus4K,35.6,0
Tokachi,right,57,overflow,plus4K,35.8,0
Tokachi,right,57,fluvial_scour,plus4K,35.8,0
Tokachi,right,57,overflow,plus4K,36,0
Tokachi,right,57,fluvial_scour,plus4K,36,0
Tokachi,right,57,overflow,plus4K,36.2,0
Tokachi,right,57,fluvial_scour,plus4K,36.2,0
Tokachi,right,57,overflow,plus4K,36.4,0
Tokachi,right,57,fluvial_scour,plus4K,36.4,0
Tokachi,right,57,overflow,plus4K,36.6,0
Tokachi,right,57,fluvial_scour,plus4K,36.6,0
Tokachi,right,57,overflow,plus4K,36.8,0
Tokachi,right,57,fluvial_scour,plus4K,36.8,0
Tokachi,right,57,overflow,plus4K,37,0
Tokachi,right,57,fluvial_scour,plus4K,37,0
Tokachi,right,57,overflow,plus4K,37.2,0
Tokachi,right,57,fluvial_scour,plus4K,37.2,0
Tokachi,right,57,overflow,plus4K,37.4,0
Tokachi,right,57,fluvial_scour,plus4K,37.4,0
Tokachi,right,57,overflow,plus4K,37.6,0
Tokachi,right,57,fluvial_scour,plus4K,37.6,0
Tokachi,right,57,overflow,plus4K,37.8,0
Tokachi,right,57,fluvial_scour,plus4K,37.8,0
Tokachi,right,57,overflow,plus4K,38,0
Tokachi,right,57,fluvial_scour,plus4K,38,0
Tokachi,right,57,overflow,plus4K,38.2,0
Tokachi,right,57,fluvial_scour,plus4K,38.2,0
Tokachi,right,57,overflow,plus4K,38.4,0
Tokachi,right,57,fluvial_scour,plus4K,38.4,0
Tokachi,right,57,overflow,plus4K,38.6,0
Tokachi,right,57,fluvial_scour,plus4K,38.6,0
Tokachi,right,57,overflow,plus4K,38.8,0
Tokachi,right,57,fluvial_scour,plus4K,38.8,0
Tokachi,right,57,overflow,plus4K,39,0
Tokachi,right,57,fluvial_scour,plus4K,39,0
Tokachi,right,57,overflow,plus4K,39.2,0
Tokachi,right,57,fluvial_scour,plus4K,39.2,0
Tokachi,right,57,overflow,plus4K,39.4,0
Tokachi,right,57,fluvial_scour,plus4K,39.4,0
Tokachi,right,57,overflow,plus4K,39.6,0
Tokachi,right,57,fluvial_scour,plus4K,39.6,0
Tokachi,right,57,overflow,plus4K,39.8,0
Tokachi,right,57,fluvial_scour,plus4K,39.8,0
Tokachi,right,57,overflow,plus4K,40,0
Tokachi,right,57,fluvial_scour,plus4K,40,0
Tokachi,right,57,overflow,plus4K,40.2,0
Tokachi,right,57,fluvial_scour,plus4K,40.2,0
Tokachi,right,57,overflow,plus4K,40.4,0
Tokachi,right,57,fluvial_scour,plus4K,40.4,0
Tokachi,right,57,overflow,plus4K,40.6,0.0004
Tokachi,right,57,fluvial_scour,plus4K,40.6,0
Tokachi,right,57,overflow,plus4K,40.8,0.0016
Tokachi,right,57,fluvial_scour,plus4K,40.8,0
Tokachi,right,57,overflow,plus4K,41,0.014
Tokachi,right,57,fluvial_scour,plus4K,41,0
Tokachi,right,57,overflow,plus4K,41.2,0.0667
Tokachi,right,57,fluvial_scour,plus4K,41.2,0
Tokachi,right,57,overflow,plus4K,41.4,0.2065
Tokachi,right,57,fluvial_scour,plus4K,41.4,0
Tokachi,right,57,overflow,plus4K,41.6,0.4532
Tokachi,right,57,fluvial_scour,plus4K,41.6,0
Tokachi,right,57,overflow,plus4K,41.8,0.7036
Tokachi,right,57,fluvial_scour,plus4K,41.8,0
Tokachi,right,57,overflow,plus4K,42,0.8859
Tokachi,right,57,fluvial_scour,plus4K,42,0
Tokachi,right,57,overflow,plus4K,42.2,0.9699
Tokachi,right,57,fluvial_scour,plus4K,42.2,0
Tokachi,right,57,overflow,plus4K,42.4,0.9953
Tokachi,right,57,fluvial_scour,plus4K,42.4,0
Tokachi,right,57,overflow,plus4K,42.6,0.9988
Tokachi,right,57,fluvial_scour,plus4K,42.6,0
Tokachi,right,57,overflow,plus4K,42.8,0.9999
Tokachi,right,57,fluvial_scour,plus4K,42.8,0
Tokachi,right,57,overflow,plus4K,43,1
Tokachi,right,57,fluvial_scour,plus4K,43,0
Tokachi,right,57,overflow,plus4K,43.2,1
Tokachi,right,57,fluvial_scour,plus4K,43.2,0
Tokachi,right,57,overflow,plus4K,43.4,1
Tokachi,right,57,fluvial_scour,plus4K,43.4,0
Tokachi,right,57,overflow,plus4K,43.6,1
Tokachi,right,57,fluvial_scour,plus4K,43.6,0
Tokachi,right,57,overflow,plus4K,43.8,1
Tokachi,right,57,fluvial_scour,plus4K,43.8,0
Tokachi,right,57,overflow,plus4K,44,1
Tokachi,right,57,fluvial_scour,plus4K,44,0
Tokachi,right,57,overflow,plus4K,44.2,1
Tokachi,right,57,fluvial_scour,plus4K,44.2,0
Tokachi,right,57,overflow,plus4K,44.4,1
Tokachi,right,57,fluvial_scour,plus4K,44.4,0
Tokachi,right,57.2,overflow,plus4K,36.2,0
Tokachi,right,57.2,fluvial_scour,plus4K,36.2,0
Tokachi,right,57.2,overflow,plus4K,36.4,0
Tokachi,right,57.2,fluvial_scour,plus4K,36.4,0
Tokachi,right,57.2,overflow,plus4K,36.6,0
Tokachi,right,57.2,fluvial_scour,plus4K,36.6,0
Tokachi,right,57.2,overflow,plus4K,36.8,0
Tokachi,right,57.2,fluvial_scour,plus4K,36.8,0
Tokachi,right,57.2,overflow,plus4K,37,0
Tokachi,right,57.2,fluvial_scour,plus4K,37,0
Tokachi,right,57.2,overflow,plus4K,37.2,0
Tokachi,right,57.2,fluvial_scour,plus4K,37.2,0
Tokachi,right,57.2,overflow,plus4K,37.4,0
Tokachi,right,57.2,fluvial_scour,plus4K,37.4,0
Tokachi,right,57.2,overflow,plus4K,37.6,0
Tokachi,right,57.2,fluvial_scour,plus4K,37.6,0
Tokachi,right,57.2,overflow,plus4K,37.8,0
Tokachi,right,57.2,fluvial_scour,plus4K,37.8,0
Tokachi,right,57.2,overflow,plus4K,38,0
Tokachi,right,57.2,fluvial_scour,plus4K,38,0
Tokachi,right,57.2,overflow,plus4K,38.2,0
Tokachi,right,57.2,fluvial_scour,plus4K,38.2,0
Tokachi,right,57.2,overflow,plus4K,38.4,0
Tokachi,right,57.2,fluvial_scour,plus4K,38.4,0
Tokachi,right,57.2,overflow,plus4K,38.6,0
Tokachi,right,57.2,fluvial_scour,plus4K,38.6,0
Tokachi,right,57.2,overflow,plus4K,38.8,0
Tokachi,right,57.2,fluvial_scour,plus4K,38.8,0
Tokachi,right,57.2,overflow,plus4K,39,0
Tokachi,right,57.2,fluvial_scour,plus4K,39,0
Tokachi,right,57.2,overflow,plus4K,39.2,0
Tokachi,right,57.2,fluvial_scour,plus4K,39.2,0
Tokachi,right,57.2,overflow,plus4K,39.4,0
Tokachi,right,57.2,fluvial_scour,plus4K,39.4,0
Tokachi,right,57.2,overflow,plus4K,39.6,0
Tokachi,right,57.2,fluvial_scour,plus4K,39.6,0
Tokachi,right,57.2,overflow,plus4K,39.8,0
Tokachi,right,57.2,fluvial_scour,plus4K,39.8,0
Tokachi,right,57.2,overflow,plus4K,40,0
Tokachi,right,57.2,fluvial_scour,plus4K,40,0
Tokachi,right,57.2,overflow,plus4K,40.2,0
Tokachi,right,57.2,fluvial_scour,plus4K,40.2,0
Tokachi,right,57.2,overflow,plus4K,40.4,0
Tokachi,right,57.2,fluvial_scour,plus4K,40.4,0
Tokachi,right,57.2,overflow,plus4K,40.6,0
Tokachi,right,57.2,fluvial_scour,plus4K,40.6,0
Tokachi,right,57.2,overflow,plus4K,40.8,0
Tokachi,right,57.2,fluvial_scour,plus4K,40.8,0
Tokachi,right,57.2,overflow,plus4K,41,0.0001
Tokachi,right,57.2,fluvial_scour,plus4K,41,0
Tokachi,right,57.2,overflow,plus4K,41.2,0.0008
Tokachi,right,57.2,fluvial_scour,plus4K,41.2,0
Tokachi,right,57.2,overflow,plus4K,41.4,0.0066
Tokachi,right,57.2,fluvial_scour,plus4K,41.4,0
Tokachi,right,57.2,overflow,plus4K,41.6,0.0355
Tokachi,right,57.2,fluvial_scour,plus4K,41.6,0
Tokachi,right,57.2,overflow,plus4K,41.8,0.1263
Tokachi,right,57.2,fluvial_scour,plus4K,41.8,0
Tokachi,right,57.2,overflow,plus4K,42,0.3133
Tokachi,right,57.2,fluvial_scour,plus4K,42,0
Tokachi,right,57.2,overflow,plus4K,42.2,0.5839
Tokachi,right,57.2,fluvial_scour,plus4K,42.2,0
Tokachi,right,57.2,overflow,plus4K,42.4,0.8167
Tokachi,right,57.2,fluvial_scour,plus4K,42.4,0
Tokachi,right,57.2,overflow,plus4K,42.6,0.9407
Tokachi,right,57.2,fluvial_scour,plus4K,42.6,0
Tokachi,right,57.2,overflow,plus4K,42.8,0.9875
Tokachi,right,57.2,fluvial_scour,plus4K,42.8,0
Tokachi,right,57.2,overflow,plus4K,43,0.9977
Tokachi,right,57.2,fluvial_scour,plus4K,43,0
Tokachi,right,57.2,overflow,plus4K,43.2,0.9996
Tokachi,right,57.2,fluvial_scour,plus4K,43.2,0
Tokachi,right,57.2,overflow,plus4K,43.4,0.9999
Tokachi,right,57.2,fluvial_scour,plus4K,43.4,0
Tokachi,right,57.2,overflow,plus4K,43.6,1
Tokachi,right,57.2,fluvial_scour,plus4K,43.6,0
Tokachi,right,57.2,overflow,plus4K,43.8,1
Tokachi,right,57.2,fluvial_scour,plus4K,43.8,0
Tokachi,right,57.2,overflow,plus4K,44,1
Tokachi,right,57.2,fluvial_scour,plus4K,44,0
Tokachi,right,57.2,overflow,plus4K,44.2,1
Tokachi,right,57.2,fluvial_scour,plus4K,44.2,0
Tokachi,right,57.2,overflow,plus4K,44.4,1
Tokachi,right,57.2,fluvial_scour,plus4K,44.4,0
Tokachi,right,57.2,overflow,plus4K,44.6,1
Tokachi,right,57.2,fluvial_scour,plus4K,44.6,0
Tokachi,right,57.2,overflow,plus4K,44.8,1
Tokachi,right,57.2,fluvial_scour,plus4K,44.8,0
Tokachi,right,57.4,overflow,plus4K,36.4,0
Tokachi,right,57.4,fluvial_scour,plus4K,36.4,0
Tokachi,right,57.4,overflow,plus4K,36.6,0
Tokachi,right,57.4,fluvial_scour,plus4K,36.6,0
Tokachi,right,57.4,overflow,plus4K,36.8,0
Tokachi,right,57.4,fluvial_scour,plus4K,36.8,0
Tokachi,right,57.4,overflow,plus4K,37,0
Tokachi,right,57.4,fluvial_scour,plus4K,37,0
Tokachi,right,57.4,overflow,plus4K,37.2,0
Tokachi,right,57.4,fluvial_scour,plus4K,37.2,0
Tokachi,right,57.4,overflow,plus4K,37.4,0
Tokachi,right,57.4,fluvial_scour,plus4K,37.4,0
Tokachi,right,57.4,overflow,plus4K,37.6,0
Tokachi,right,57.4,fluvial_scour,plus4K,37.6,0
Tokachi,right,57.4,overflow,plus4K,37.8,0
Tokachi,right,57.4,fluvial_scour,plus4K,37.8,0
Tokachi,right,57.4,overflow,plus4K,38,0
Tokachi,right,57.4,fluvial_scour,plus4K,38,0
Tokachi,right,57.4,overflow,plus4K,38.2,0
Tokachi,right,57.4,fluvial_scour,plus4K,38.2,0
Tokachi,right,57.4,overflow,plus4K,38.4,0
Tokachi,right,57.4,fluvial_scour,plus4K,38.4,0
Tokachi,right,57.4,overflow,plus4K,38.6,0
Tokachi,right,57.4,fluvial_scour,plus4K,38.6,0
Tokachi,right,57.4,overflow,plus4K,38.8,0
Tokachi,right,57.4,fluvial_scour,plus4K,38.8,0
Tokachi,right,57.4,overflow,plus4K,39,0
Tokachi,right,57.4,fluvial_scour,plus4K,39,0
Tokachi,right,57.4,overflow,plus4K,39.2,0
Tokachi,right,57.4,fluvial_scour,plus4K,39.2,0
Tokachi,right,57.4,overflow,plus4K,39.4,0
Tokachi,right,57.4,fluvial_scour,plus4K,39.4,0
Tokachi,right,57.4,overflow,plus4K,39.6,0
Tokachi,right,57.4,fluvial_scour,plus4K,39.6,0
Tokachi,right,57.4,overflow,plus4K,39.8,0
Tokachi,right,57.4,fluvial_scour,plus4K,39.8,0
Tokachi,right,57.4,overflow,plus4K,40,0
Tokachi,right,57.4,fluvial_scour,plus4K,40,0
Tokachi,right,57.4,overflow,plus4K,40.2,0
Tokachi,right,57.4,fluvial_scour,plus4K,40.2,0
Tokachi,right,57.4,overflow,plus4K,40.4,0
Tokachi,right,57.4,fluvial_scour,plus4K,40.4,0
Tokachi,right,57.4,overflow,plus4K,40.6,0
Tokachi,right,57.4,fluvial_scour,plus4K,40.6,0
Tokachi,right,57.4,overflow,plus4K,40.8,0
Tokachi,right,57.4,fluvial_scour,plus4K,40.8,0
Tokachi,right,57.4,overflow,plus4K,41,0
Tokachi,right,57.4,fluvial_scour,plus4K,41,0
Tokachi,right,57.4,overflow,plus4K,41.2,0
Tokachi,right,57.4,fluvial_scour,plus4K,41.2,0
Tokachi,right,57.4,overflow,plus4K,41.4,0
Tokachi,right,57.4,fluvial_scour,plus4K,41.4,0
Tokachi,right,57.4,overflow,plus4K,41.6,0.0005
Tokachi,right,57.4,fluvial_scour,plus4K,41.6,0
Tokachi,right,57.4,overflow,plus4K,41.8,0.0024
Tokachi,right,57.4,fluvial_scour,plus4K,41.8,0
Tokachi,right,57.4,overflow,plus4K,42,0.0128
Tokachi,right,57.4,fluvial_scour,plus4K,42,0
Tokachi,right,57.4,overflow,plus4K,42.2,0.0654
Tokachi,right,57.4,fluvial_scour,plus4K,42.2,0
Tokachi,right,57.4,overflow,plus4K,42.4,0.2011
Tokachi,right,57.4,fluvial_scour,plus4K,42.4,0
Tokachi,right,57.4,overflow,plus4K,42.6,0.4372
Tokachi,right,57.4,fluvial_scour,plus4K,42.6,0
Tokachi,right,57.4,overflow,plus4K,42.8,0.7055
Tokachi,right,57.4,fluvial_scour,plus4K,42.8,0
Tokachi,right,57.4,overflow,plus4K,43,0.8868
Tokachi,right,57.4,fluvial_scour,plus4K,43,0
Tokachi,right,57.4,overflow,plus4K,43.2,0.9699
Tokachi,right,57.4,fluvial_scour,plus4K,43.2,0
Tokachi,right,57.4,overflow,plus4K,43.4,0.9943
Tokachi,right,57.4,fluvial_scour,plus4K,43.4,0
Tokachi,right,57.4,overflow,plus4K,43.6,0.9994
Tokachi,right,57.4,fluvial_scour,plus4K,43.6,0
Tokachi,right,57.4,overflow,plus4K,43.8,1
Tokachi,right,57.4,fluvial_scour,plus4K,43.8,0
Tokachi,right,57.4,overflow,plus4K,44,1
Tokachi,right,57.4,fluvial_scour,plus4K,44,0
Tokachi,right,57.4,overflow,plus4K,44.2,1
Tokachi,right,57.4,fluvial_scour,plus4K,44.2,0
Tokachi,right,57.4,overflow,plus4K,44.4,1
Tokachi,right,57.4,fluvial_scour,plus4K,44.4,0
Tokachi,right,57.4,overflow,plus4K,44.6,1
Tokachi,right,57.4,fluvial_scour,plus4K,44.6,0
Tokachi,right,57.4,overflow,plus4K,44.8,1
Tokachi,right,57.4,fluvial_scour,plus4K,44.8,0
Tokachi,right,57.4,overflow,plus4K,45,1
Tokachi,right,57.4,fluvial_scour,plus4K,45,0
Tokachi,right,57.4,overflow,plus4K,45.2,1
Tokachi,right,57.4,fluvial_scour,plus4K,45.2,0
Tokachi,right,57.4,overflow,plus4K,45.4,1
Tokachi,right,57.4,fluvial_scour,plus4K,45.4,0
Tokachi,right,57.6,overflow,plus4K,36.2,0
Tokachi,right,57.6,fluvial_scour,plus4K,36.2,0
Tokachi,right,57.6,overflow,plus4K,36.4,0
Tokachi,right,57.6,fluvial_scour,plus4K,36.4,0
Tokachi,right,57.6,overflow,plus4K,36.6,0
Tokachi,right,57.6,fluvial_scour,plus4K,36.6,0
Tokachi,right,57.6,overflow,plus4K,36.8,0
Tokachi,right,57.6,fluvial_scour,plus4K,36.8,0
Tokachi,right,57.6,overflow,plus4K,37,0
Tokachi,right,57.6,fluvial_scour,plus4K,37,0
Tokachi,right,57.6,overflow,plus4K,37.2,0
Tokachi,right,57.6,fluvial_scour,plus4K,37.2,0
Tokachi,right,57.6,overflow,plus4K,37.4,0
Tokachi,right,57.6,fluvial_scour,plus4K,37.4,0
Tokachi,right,57.6,overflow,plus4K,37.6,0
Tokachi,right,57.6,fluvial_scour,plus4K,37.6,0
Tokachi,right,57.6,overflow,plus4K,37.8,0
Tokachi,right,57.6,fluvial_scour,plus4K,37.8,0
Tokachi,right,57.6,overflow,plus4K,38,0
Tokachi,right,57.6,fluvial_scour,plus4K,38,0
Tokachi,right,57.6,overflow,plus4K,38.2,0
Tokachi,right,57.6,fluvial_scour,plus4K,38.2,0
Tokachi,right,57.6,overflow,plus4K,38.4,0
Tokachi,right,57.6,fluvial_scour,plus4K,38.4,0
Tokachi,right,57.6,overflow,plus4K,38.6,0
Tokachi,right,57.6,fluvial_scour,plus4K,38.6,0
Tokachi,right,57.6,overflow,plus4K,38.8,0
Tokachi,right,57.6,fluvial_scour,plus4K,38.8,0
Tokachi,right,57.6,overflow,plus4K,39,0
Tokachi,right,57.6,fluvial_scour,plus4K,39,0
Tokachi,right,57.6,overflow,plus4K,39.2,0
Tokachi,right,57.6,fluvial_scour,plus4K,39.2,0
Tokachi,right,57.6,overflow,plus4K,39.4,0
Tokachi,right,57.6,fluvial_scour,plus4K,39.4,0
Tokachi,right,57.6,overflow,plus4K,39.6,0
Tokachi,right,57.6,fluvial_scour,plus4K,39.6,0
Tokachi,right,57.6,overflow,plus4K,39.8,0
Tokachi,right,57.6,fluvial_scour,plus4K,39.8,0
Tokachi,right,57.6,overflow,plus4K,40,0
Tokachi,right,57.6,fluvial_scour,plus4K,40,0
Tokachi,right,57.6,overflow,plus4K,40.2,0
Tokachi,right,57.6,fluvial_scour,plus4K,40.2,0
Tokachi,right,57.6,overflow,plus4K,40.4,0
Tokachi,right,57.6,fluvial_scour,plus4K,40.4,0
Tokachi,right,57.6,overflow,plus4K,40.6,0
Tokachi,right,57.6,fluvial_scour,plus4K,40.6,0
Tokachi,right,57.6,overflow,plus4K,40.8,0
Tokachi,right,57.6,fluvial_scour,plus4K,40.8,0
Tokachi,right,57.6,overflow,plus4K,41,0
Tokachi,right,57.6,fluvial_scour,plus4K,41,0
Tokachi,right,57.6,overflow,plus4K,41.2,0
Tokachi,right,57.6,fluvial_scour,plus4K,41.2,0
Tokachi,right,57.6,overflow,plus4K,41.4,0.0001
Tokachi,right,57.6,fluvial_scour,plus4K,41.4,0
Tokachi,right,57.6,overflow,plus4K,41.6,0.0008
Tokachi,right,57.6,fluvial_scour,plus4K,41.6,0
Tokachi,right,57.6,overflow,plus4K,41.8,0.0051
Tokachi,right,57.6,fluvial_scour,plus4K,41.8,0
Tokachi,right,57.6,overflow,plus4K,42,0.0269
Tokachi,right,57.6,fluvial_scour,plus4K,42,0
Tokachi,right,57.6,overflow,plus4K,42.2,0.1175
Tokachi,right,57.6,fluvial_scour,plus4K,42.2,0
Tokachi,right,57.6,overflow,plus4K,42.4,0.3057
Tokachi,right,57.6,fluvial_scour,plus4K,42.4,0
Tokachi,right,57.6,overflow,plus4K,42.6,0.5595
Tokachi,right,57.6,fluvial_scour,plus4K,42.6,0
Tokachi,right,57.6,overflow,plus4K,42.8,0.7908
Tokachi,right,57.6,fluvial_scour,plus4K,42.8,0
Tokachi,right,57.6,overflow,plus4K,43,0.9332
Tokachi,right,57.6,fluvial_scour,plus4K,43,0
Tokachi,right,57.6,overflow,plus4K,43.2,0.9842
Tokachi,right,57.6,fluvial_scour,plus4K,43.2,0
Tokachi,right,57.6,overflow,plus4K,43.4,0.9971
Tokachi,right,57.6,fluvial_scour,plus4K,43.4,0
Tokachi,right,57.6,overflow,plus4K,43.6,0.9996
Tokachi,right,57.6,fluvial_scour,plus4K,43.6,0
Tokachi,right,57.6,overflow,plus4K,43.8,0.9999
Tokachi,right,57.6,fluvial_scour,plus4K,43.8,0
Tokachi,right,57.6,overflow,plus4K,44,1
Tokachi,right,57.6,fluvial_scour,plus4K,44,0
Tokachi,right,57.6,overflow,plus4K,44.2,1
Tokachi,right,57.6,fluvial_scour,plus4K,44.2,0
Tokachi,right,57.6,overflow,plus4K,44.4,1
Tokachi,right,57.6,fluvial_scour,plus4K,44.4,0
Tokachi,right,57.6,overflow,plus4K,44.6,1
Tokachi,right,57.6,fluvial_scour,plus4K,44.6,0
Tokachi,right,57.6,overflow,plus4K,44.8,1
Tokachi,right,57.6,fluvial_scour,plus4K,44.8,0
Tokachi,right,57.6,overflow,plus4K,45,1
Tokachi,right,57.6,fluvial_scour,plus4K,45,0
Tokachi,right,57.6,overflow,plus4K,45.2,1
Tokachi,right,57.6,fluvial_scour,plus4K,45.2,0
Tokachi,right,57.8,overflow,plus4K,36.8,0
Tokachi,right,57.8,fluvial_scour,plus4K,36.8,0
Tokachi,right,57.8,overflow,plus4K,37,0
Tokachi,right,57.8,fluvial_scour,plus4K,37,0
Tokachi,right,57.8,overflow,plus4K,37.2,0
Tokachi,right,57.8,fluvial_scour,plus4K,37.2,0
Tokachi,right,57.8,overflow,plus4K,37.4,0
Tokachi,right,57.8,fluvial_scour,plus4K,37.4,0
Tokachi,right,57.8,overflow,plus4K,37.6,0
Tokachi,right,57.8,fluvial_scour,plus4K,37.6,0
Tokachi,right,57.8,overflow,plus4K,37.8,0
Tokachi,right,57.8,fluvial_scour,plus4K,37.8,0
Tokachi,right,57.8,overflow,plus4K,38,0
Tokachi,right,57.8,fluvial_scour,plus4K,38,0
Tokachi,right,57.8,overflow,plus4K,38.2,0
Tokachi,right,57.8,fluvial_scour,plus4K,38.2,0
Tokachi,right,57.8,overflow,plus4K,38.4,0
Tokachi,right,57.8,fluvial_scour,plus4K,38.4,0
Tokachi,right,57.8,overflow,plus4K,38.6,0
Tokachi,right,57.8,fluvial_scour,plus4K,38.6,0
Tokachi,right,57.8,overflow,plus4K,38.8,0
Tokachi,right,57.8,fluvial_scour,plus4K,38.8,0
Tokachi,right,57.8,overflow,plus4K,39,0
Tokachi,right,57.8,fluvial_scour,plus4K,39,0
Tokachi,right,57.8,overflow,plus4K,39.2,0
Tokachi,right,57.8,fluvial_scour,plus4K,39.2,0
Tokachi,right,57.8,overflow,plus4K,39.4,0
Tokachi,right,57.8,fluvial_scour,plus4K,39.4,0
Tokachi,right,57.8,overflow,plus4K,39.6,0
Tokachi,right,57.8,fluvial_scour,plus4K,39.6,0
Tokachi,right,57.8,overflow,plus4K,39.8,0
Tokachi,right,57.8,fluvial_scour,plus4K,39.8,0
Tokachi,right,57.8,overflow,plus4K,40,0
Tokachi,right,57.8,fluvial_scour,plus4K,40,0
Tokachi,right,57.8,overflow,plus4K,40.2,0
Tokachi,right,57.8,fluvial_scour,plus4K,40.2,0
Tokachi,right,57.8,overflow,plus4K,40.4,0
Tokachi,right,57.8,fluvial_scour,plus4K,40.4,0
Tokachi,right,57.8,overflow,plus4K,40.6,0
Tokachi,right,57.8,fluvial_scour,plus4K,40.6,0
Tokachi,right,57.8,overflow,plus4K,40.8,0
Tokachi,right,57.8,fluvial_scour,plus4K,40.8,0
Tokachi,right,57.8,overflow,plus4K,41,0
Tokachi,right,57.8,fluvial_scour,plus4K,41,0
Tokachi,right,57.8,overflow,plus4K,41.2,0
Tokachi,right,57.8,fluvial_scour,plus4K,41.2,0
Tokachi,right,57.8,overflow,plus4K,41.4,0
Tokachi,right,57.8,fluvial_scour,plus4K,41.4,0
Tokachi,right,57.8,overflow,plus4K,41.6,0.0001
Tokachi,right,57.8,fluvial_scour,plus4K,41.6,0
Tokachi,right,57.8,overflow,plus4K,41.8,0.0013
Tokachi,right,57.8,fluvial_scour,plus4K,41.8,0
Tokachi,right,57.8,overflow,plus4K,42,0.0073
Tokachi,right,57.8,fluvial_scour,plus4K,42,0
Tokachi,right,57.8,overflow,plus4K,42.2,0.0439
Tokachi,right,57.8,fluvial_scour,plus4K,42.2,0
Tokachi,right,57.8,overflow,plus4K,42.4,0.1446
Tokachi,right,57.8,fluvial_scour,plus4K,42.4,0
Tokachi,right,57.8,overflow,plus4K,42.6,0.3406
Tokachi,right,57.8,fluvial_scour,plus4K,42.6,0
Tokachi,right,57.8,overflow,plus4K,42.8,0.6016
Tokachi,right,57.8,fluvial_scour,plus4K,42.8,0
Tokachi,right,57.8,overflow,plus4K,43,0.8289
Tokachi,right,57.8,fluvial_scour,plus4K,43,0
Tokachi,right,57.8,overflow,plus4K,43.2,0.9506
Tokachi,right,57.8,fluvial_scour,plus4K,43.2,0
Tokachi,right,57.8,overflow,plus4K,43.4,0.9902
Tokachi,right,57.8,fluvial_scour,plus4K,43.4,0
Tokachi,right,57.8,overflow,plus4K,43.6,0.9989
Tokachi,right,57.8,fluvial_scour,plus4K,43.6,0
Tokachi,right,57.8,overflow,plus4K,43.8,1
Tokachi,right,57.8,fluvial_scour,plus4K,43.8,0
Tokachi,right,57.8,overflow,plus4K,44,1
Tokachi,right,57.8,fluvial_scour,plus4K,44,0
Tokachi,right,57.8,overflow,plus4K,44.2,1
Tokachi,right,57.8,fluvial_scour,plus4K,44.2,0
Tokachi,right,57.8,overflow,plus4K,44.4,1
Tokachi,right,57.8,fluvial_scour,plus4K,44.4,0
Tokachi,right,57.8,overflow,plus4K,44.6,1
Tokachi,right,57.8,fluvial_scour,plus4K,44.6,0
Tokachi,right,57.8,overflow,plus4K,44.8,1
Tokachi,right,57.8,fluvial_scour,plus4K,44.8,0
Tokachi,right,57.8,overflow,plus4K,45,1
Tokachi,right,57.8,fluvial_scour,plus4K,45,0
Tokachi,right,57.8,overflow,plus4K,45.2,1
Tokachi,right,57.8,fluvial_scour,plus4K,45.2,0
Tokachi,right,57.8,overflow,plus4K,45.4,1
Tokachi,right,57.8,fluvial_scour,plus4K,45.4,0
Tokachi,right,58,overflow,plus4K,37.2,0
Tokachi,right,58,fluvial_scour,plus4K,37.2,0
Tokachi,right,58,overflow,plus4K,37.4,0
Tokachi,right,58,fluvial_scour,plus4K,37.4,0
Tokachi,right,58,overflow,plus4K,37.6,0
Tokachi,right,58,fluvial_scour,plus4K,37.6,0
Tokachi,right,58,overflow,plus4K,37.8,0
Tokachi,right,58,fluvial_scour,plus4K,37.8,0
Tokachi,right,58,overflow,plus4K,38,0
Tokachi,right,58,fluvial_scour,plus4K,38,0
Tokachi,right,58,overflow,plus4K,38.2,0
Tokachi,right,58,fluvial_scour,plus4K,38.2,0
Tokachi,right,58,overflow,plus4K,38.4,0
Tokachi,right,58,fluvial_scour,plus4K,38.4,0
Tokachi,right,58,overflow,plus4K,38.6,0
Tokachi,right,58,fluvial_scour,plus4K,38.6,0
Tokachi,right,58,overflow,plus4K,38.8,0
Tokachi,right,58,fluvial_scour,plus4K,38.8,0
Tokachi,right,58,overflow,plus4K,39,0
Tokachi,right,58,fluvial_scour,plus4K,39,0
Tokachi,right,58,overflow,plus4K,39.2,0
Tokachi,right,58,fluvial_scour,plus4K,39.2,0
Tokachi,right,58,overflow,plus4K,39.4,0
Tokachi,right,58,fluvial_scour,plus4K,39.4,0
Tokachi,right,58,overflow,plus4K,39.6,0
Tokachi,right,58,fluvial_scour,plus4K,39.6,0
Tokachi,right,58,overflow,plus4K,39.8,0
Tokachi,right,58,fluvial_scour,plus4K,39.8,0
Tokachi,right,58,overflow,plus4K,40,0
Tokachi,right,58,fluvial_scour,plus4K,40,0
Tokachi,right,58,overflow,plus4K,40.2,0
Tokachi,right,58,fluvial_scour,plus4K,40.2,0
Tokachi,right,58,overflow,plus4K,40.4,0
Tokachi,right,58,fluvial_scour,plus4K,40.4,0
Tokachi,right,58,overflow,plus4K,40.6,0
Tokachi,right,58,fluvial_scour,plus4K,40.6,0
Tokachi,right,58,overflow,plus4K,40.8,0
Tokachi,right,58,fluvial_scour,plus4K,40.8,0
Tokachi,right,58,overflow,plus4K,41,0
Tokachi,right,58,fluvial_scour,plus4K,41,0
Tokachi,right,58,overflow,plus4K,41.2,0
Tokachi,right,58,fluvial_scour,plus4K,41.2,0
Tokachi,right,58,overflow,plus4K,41.4,0
Tokachi,right,58,fluvial_scour,plus4K,41.4,0
Tokachi,right,58,overflow,plus4K,41.6,0
Tokachi,right,58,fluvial_scour,plus4K,41.6,0
Tokachi,right,58,overflow,plus4K,41.8,0.0001
Tokachi,right,58,fluvial_scour,plus4K,41.8,0
Tokachi,right,58,overflow,plus4K,42,0.0003
Tokachi,right,58,fluvial_scour,plus4K,42,0
Tokachi,right,58,overflow,plus4K,42.2,0.0022
Tokachi,right,58,fluvial_scour,plus4K,42.2,0
Tokachi,right,58,overflow,plus4K,42.4,0.0164
Tokachi,right,58,fluvial_scour,plus4K,42.4,0
Tokachi,right,58,overflow,plus4K,42.6,0.0752
Tokachi,right,58,fluvial_scour,plus4K,42.6,0
Tokachi,right,58,overflow,plus4K,42.8,0.2212
Tokachi,right,58,fluvial_scour,plus4K,42.8,0
Tokachi,right,58,overflow,plus4K,43,0.4681
Tokachi,right,58,fluvial_scour,plus4K,43,0
Tokachi,right,58,overflow,plus4K,43.2,0.7263
Tokachi,right,58,fluvial_scour,plus4K,43.2,0
Tokachi,right,58,overflow,plus4K,43.4,0.8963
Tokachi,right,58,fluvial_scour,plus4K,43.4,0
Tokachi,right,58,overflow,plus4K,43.6,0.9731
Tokachi,right,58,fluvial_scour,plus4K,43.6,0
Tokachi,right,58,overflow,plus4K,43.8,0.9948
Tokachi,right,58,fluvial_scour,plus4K,43.8,0
Tokachi,right,58,overflow,plus4K,44,0.9995
Tokachi,right,58,fluvial_scour,plus4K,44,0
Tokachi,right,58,overflow,plus4K,44.2,1
Tokachi,right,58,fluvial_scour,plus4K,44.2,0
Tokachi,right,58,overflow,plus4K,44.4,1
Tokachi,right,58,fluvial_scour,plus4K,44.4,0
Tokachi,right,58,overflow,plus4K,44.6,1
Tokachi,right,58,fluvial_scour,plus4K,44.6,0
Tokachi,right,58,overflow,plus4K,44.8,1
Tokachi,right,58,fluvial_scour,plus4K,44.8,0
Tokachi,right,58,overflow,plus4K,45,1
Tokachi,right,58,fluvial_scour,plus4K,45,0
Tokachi,right,58,overflow,plus4K,45.2,1
Tokachi,right,58,fluvial_scour,plus4K,45.2,0
Tokachi,right,58,overflow,plus4K,45.4,1
Tokachi,right,58,fluvial_scour,plus4K,45.4,0
Tokachi,right,58,overflow,plus4K,45.6,1
Tokachi,right,58,fluvial_scour,plus4K,45.6,0
Tokachi,right,58,overflow,plus4K,45.8,1
Tokachi,right,58,fluvial_scour,plus4K,45.8,0
Tokachi,right,58.2,overflow,plus4K,37.8,0
Tokachi,right,58.2,fluvial_scour,plus4K,37.8,0
Tokachi,right,58.2,overflow,plus4K,38,0
Tokachi,right,58.2,fluvial_scour,plus4K,38,0
Tokachi,right,58.2,overflow,plus4K,38.2,0
Tokachi,right,58.2,fluvial_scour,plus4K,38.2,0
Tokachi,right,58.2,overflow,plus4K,38.4,0
Tokachi,right,58.2,fluvial_scour,plus4K,38.4,0
Tokachi,right,58.2,overflow,plus4K,38.6,0
Tokachi,right,58.2,fluvial_scour,plus4K,38.6,0
Tokachi,right,58.2,overflow,plus4K,38.8,0
Tokachi,right,58.2,fluvial_scour,plus4K,38.8,0
Tokachi,right,58.2,overflow,plus4K,39,0
Tokachi,right,58.2,fluvial_scour,plus4K,39,0
Tokachi,right,58.2,overflow,plus4K,39.2,0
Tokachi,right,58.2,fluvial_scour,plus4K,39.2,0
Tokachi,right,58.2,overflow,plus4K,39.4,0
Tokachi,right,58.2,fluvial_scour,plus4K,39.4,0
Tokachi,right,58.2,overflow,plus4K,39.6,0
Tokachi,right,58.2,fluvial_scour,plus4K,39.6,0
Tokachi,right,58.2,overflow,plus4K,39.8,0
Tokachi,right,58.2,fluvial_scour,plus4K,39.8,0
Tokachi,right,58.2,overflow,plus4K,40,0
Tokachi,right,58.2,fluvial_scour,plus4K,40,0
Tokachi,right,58.2,overflow,plus4K,40.2,0
Tokachi,right,58.2,fluvial_scour,plus4K,40.2,0
Tokachi,right,58.2,overflow,plus4K,40.4,0
Tokachi,right,58.2,fluvial_scour,plus4K,40.4,0
Tokachi,right,58.2,overflow,plus4K,40.6,0
Tokachi,right,58.2,fluvial_scour,plus4K,40.6,0
Tokachi,right,58.2,overflow,plus4K,40.8,0
Tokachi,right,58.2,fluvial_scour,plus4K,40.8,0
Tokachi,right,58.2,overflow,plus4K,41,0
Tokachi,right,58.2,fluvial_scour,plus4K,41,0
Tokachi,right,58.2,overflow,plus4K,41.2,0
Tokachi,right,58.2,fluvial_scour,plus4K,41.2,0
Tokachi,right,58.2,overflow,plus4K,41.4,0
Tokachi,right,58.2,fluvial_scour,plus4K,41.4,0
Tokachi,right,58.2,overflow,plus4K,41.6,0
Tokachi,right,58.2,fluvial_scour,plus4K,41.6,0
Tokachi,right,58.2,overflow,plus4K,41.8,0
Tokachi,right,58.2,fluvial_scour,plus4K,41.8,0
Tokachi,right,58.2,overflow,plus4K,42,0
Tokachi,right,58.2,fluvial_scour,plus4K,42,0
Tokachi,right,58.2,overflow,plus4K,42.2,0.0001
Tokachi,right,58.2,fluvial_scour,plus4K,42.2,0
Tokachi,right,58.2,overflow,plus4K,42.4,0.0007
Tokachi,right,58.2,fluvial_scour,plus4K,42.4,0
Tokachi,right,58.2,overflow,plus4K,42.6,0.0087
Tokachi,right,58.2,fluvial_scour,plus4K,42.6,0
Tokachi,right,58.2,overflow,plus4K,42.8,0.0426
Tokachi,right,58.2,fluvial_scour,plus4K,42.8,0
Tokachi,right,58.2,overflow,plus4K,43,0.1509
Tokachi,right,58.2,fluvial_scour,plus4K,43,0
Tokachi,right,58.2,overflow,plus4K,43.2,0.3655
Tokachi,right,58.2,fluvial_scour,plus4K,43.2,0
Tokachi,right,58.2,overflow,plus4K,43.4,0.6221
Tokachi,right,58.2,fluvial_scour,plus4K,43.4,0
Tokachi,right,58.2,overflow,plus4K,43.6,0.8376
Tokachi,right,58.2,fluvial_scour,plus4K,43.6,0
Tokachi,right,58.2,overflow,plus4K,43.8,0.9507
Tokachi,right,58.2,fluvial_scour,plus4K,43.8,0
Tokachi,right,58.2,overflow,plus4K,44,0.9908
Tokachi,right,58.2,fluvial_scour,plus4K,44,0
Tokachi,right,58.2,overflow,plus4K,44.2,0.9989
Tokachi,right,58.2,fluvial_scour,plus4K,44.2,0
Tokachi,right,58.2,overflow,plus4K,44.4,0.9998
Tokachi,right,58.2,fluvial_scour,plus4K,44.4,0
Tokachi,right,58.2,overflow,plus4K,44.6,1
Tokachi,right,58.2,fluvial_scour,plus4K,44.6,0
Tokachi,right,58.2,overflow,plus4K,44.8,1
Tokachi,right,58.2,fluvial_scour,plus4K,44.8,0
Tokachi,right,58.2,overflow,plus4K,45,1
Tokachi,right,58.2,fluvial_scour,plus4K,45,0
Tokachi,right,58.2,overflow,plus4K,45.2,1
Tokachi,right,58.2,fluvial_scour,plus4K,45.2,0
Tokachi,right,58.2,overflow,plus4K,45.4,1
Tokachi,right,58.2,fluvial_scour,plus4K,45.4,0
Tokachi,right,58.2,overflow,plus4K,45.6,1
Tokachi,right,58.2,fluvial_scour,plus4K,45.6,0
Tokachi,right,58.2,overflow,plus4K,45.8,1
Tokachi,right,58.2,fluvial_scour,plus4K,45.8,0
Tokachi,right,58.2,overflow,plus4K,46,1
Tokachi,right,58.2,fluvial_scour,plus4K,46,0
Tokachi,right,58.4,overflow,plus4K,38,0
Tokachi,right,58.4,fluvial_scour,plus4K,38,0
Tokachi,right,58.4,overflow,plus4K,38.2,0
Tokachi,right,58.4,fluvial_scour,plus4K,38.2,0
Tokachi,right,58.4,overflow,plus4K,38.4,0
Tokachi,right,58.4,fluvial_scour,plus4K,38.4,0
Tokachi,right,58.4,overflow,plus4K,38.6,0
Tokachi,right,58.4,fluvial_scour,plus4K,38.6,0
Tokachi,right,58.4,overflow,plus4K,38.8,0
Tokachi,right,58.4,fluvial_scour,plus4K,38.8,0
Tokachi,right,58.4,overflow,plus4K,39,0
Tokachi,right,58.4,fluvial_scour,plus4K,39,0
Tokachi,right,58.4,overflow,plus4K,39.2,0
Tokachi,right,58.4,fluvial_scour,plus4K,39.2,0
Tokachi,right,58.4,overflow,plus4K,39.4,0
Tokachi,right,58.4,fluvial_scour,plus4K,39.4,0
Tokachi,right,58.4,overflow,plus4K,39.6,0
Tokachi,right,58.4,fluvial_scour,plus4K,39.6,0
Tokachi,right,58.4,overflow,plus4K,39.8,0
Tokachi,right,58.4,fluvial_scour,plus4K,39.8,0
Tokachi,right,58.4,overflow,plus4K,40,0
Tokachi,right,58.4,fluvial_scour,plus4K,40,0
Tokachi,right,58.4,overflow,plus4K,40.2,0
Tokachi,right,58.4,fluvial_scour,plus4K,40.2,0
Tokachi,right,58.4,overflow,plus4K,40.4,0
Tokachi,right,58.4,fluvial_scour,plus4K,40.4,0
Tokachi,right,58.4,overflow,plus4K,40.6,0
Tokachi,right,58.4,fluvial_scour,plus4K,40.6,0
Tokachi,right,58.4,overflow,plus4K,40.8,0
Tokachi,right,58.4,fluvial_scour,plus4K,40.8,0
Tokachi,right,58.4,overflow,plus4K,41,0
Tokachi,right,58.4,fluvial_scour,plus4K,41,0
Tokachi,right,58.4,overflow,plus4K,41.2,0
Tokachi,right,58.4,fluvial_scour,plus4K,41.2,0
Tokachi,right,58.4,overflow,plus4K,41.4,0
Tokachi,right,58.4,fluvial_scour,plus4K,41.4,0
Tokachi,right,58.4,overflow,plus4K,41.6,0
Tokachi,right,58.4,fluvial_scour,plus4K,41.6,0
Tokachi,right,58.4,overflow,plus4K,41.8,0
Tokachi,right,58.4,fluvial_scour,plus4K,41.8,0
Tokachi,right,58.4,overflow,plus4K,42,0
Tokachi,right,58.4,fluvial_scour,plus4K,42,0
Tokachi,right,58.4,overflow,plus4K,42.2,0
Tokachi,right,58.4,fluvial_scour,plus4K,42.2,0
Tokachi,right,58.4,overflow,plus4K,42.4,0.0001
Tokachi,right,58.4,fluvial_scour,plus4K,42.4,0
Tokachi,right,58.4,overflow,plus4K,42.6,0.0031
Tokachi,right,58.4,fluvial_scour,plus4K,42.6,0
Tokachi,right,58.4,overflow,plus4K,42.8,0.0178
Tokachi,right,58.4,fluvial_scour,plus4K,42.8,0
Tokachi,right,58.4,overflow,plus4K,43,0.0747
Tokachi,right,58.4,fluvial_scour,plus4K,43,0
Tokachi,right,58.4,overflow,plus4K,43.2,0.2263
Tokachi,right,58.4,fluvial_scour,plus4K,43.2,0
Tokachi,right,58.4,overflow,plus4K,43.4,0.4737
Tokachi,right,58.4,fluvial_scour,plus4K,43.4,0
Tokachi,right,58.4,overflow,plus4K,43.6,0.7258
Tokachi,right,58.4,fluvial_scour,plus4K,43.6,0
Tokachi,right,58.4,overflow,plus4K,43.8,0.8944
Tokachi,right,58.4,fluvial_scour,plus4K,43.8,0
Tokachi,right,58.4,overflow,plus4K,44,0.9748
Tokachi,right,58.4,fluvial_scour,plus4K,44,0
Tokachi,right,58.4,overflow,plus4K,44.2,0.9959
Tokachi,right,58.4,fluvial_scour,plus4K,44.2,0
Tokachi,right,58.4,overflow,plus4K,44.4,0.9997
Tokachi,right,58.4,fluvial_scour,plus4K,44.4,0
Tokachi,right,58.4,overflow,plus4K,44.6,1
Tokachi,right,58.4,fluvial_scour,plus4K,44.6,0
Tokachi,right,58.4,overflow,plus4K,44.8,1
Tokachi,right,58.4,fluvial_scour,plus4K,44.8,0
Tokachi,right,58.4,overflow,plus4K,45,1
Tokachi,right,58.4,fluvial_scour,plus4K,45,0
Tokachi,right,58.4,overflow,plus4K,45.2,1
Tokachi,right,58.4,fluvial_scour,plus4K,45.2,0
Tokachi,right,58.4,overflow,plus4K,45.4,1
Tokachi,right,58.4,fluvial_scour,plus4K,45.4,0
Tokachi,right,58.4,overflow,plus4K,45.6,1
Tokachi,right,58.4,fluvial_scour,plus4K,45.6,0
Tokachi,right,58.4,overflow,plus4K,45.8,1
Tokachi,right,58.4,fluvial_scour,plus4K,45.8,0
Tokachi,right,58.4,overflow,plus4K,46,1
Tokachi,right,58.4,fluvial_scour,plus4K,46,0
Tokachi,right,58.6,overflow,plus4K,38.4,0
Tokachi,right,58.6,fluvial_scour,plus4K,38.4,0
Tokachi,right,58.6,overflow,plus4K,38.6,0
Tokachi,right,58.6,fluvial_scour,plus4K,38.6,0
Tokachi,right,58.6,overflow,plus4K,38.8,0
Tokachi,right,58.6,fluvial_scour,plus4K,38.8,0
Tokachi,right,58.6,overflow,plus4K,39,0
Tokachi,right,58.6,fluvial_scour,plus4K,39,0
Tokachi,right,58.6,overflow,plus4K,39.2,0
Tokachi,right,58.6,fluvial_scour,plus4K,39.2,0
Tokachi,right,58.6,overflow,plus4K,39.4,0
Tokachi,right,58.6,fluvial_scour,plus4K,39.4,0
Tokachi,right,58.6,overflow,plus4K,39.6,0
Tokachi,right,58.6,fluvial_scour,plus4K,39.6,0
Tokachi,right,58.6,overflow,plus4K,39.8,0
Tokachi,right,58.6,fluvial_scour,plus4K,39.8,0
Tokachi,right,58.6,overflow,plus4K,40,0
Tokachi,right,58.6,fluvial_scour,plus4K,40,0
Tokachi,right,58.6,overflow,plus4K,40.2,0
Tokachi,right,58.6,fluvial_scour,plus4K,40.2,0
Tokachi,right,58.6,overflow,plus4K,40.4,0
Tokachi,right,58.6,fluvial_scour,plus4K,40.4,0
Tokachi,right,58.6,overflow,plus4K,40.6,0
Tokachi,right,58.6,fluvial_scour,plus4K,40.6,0
Tokachi,right,58.6,overflow,plus4K,40.8,0
Tokachi,right,58.6,fluvial_scour,plus4K,40.8,0
Tokachi,right,58.6,overflow,plus4K,41,0
Tokachi,right,58.6,fluvial_scour,plus4K,41,0
Tokachi,right,58.6,overflow,plus4K,41.2,0
Tokachi,right,58.6,fluvial_scour,plus4K,41.2,0
Tokachi,right,58.6,overflow,plus4K,41.4,0
Tokachi,right,58.6,fluvial_scour,plus4K,41.4,0
Tokachi,right,58.6,overflow,plus4K,41.6,0
Tokachi,right,58.6,fluvial_scour,plus4K,41.6,0
Tokachi,right,58.6,overflow,plus4K,41.8,0
Tokachi,right,58.6,fluvial_scour,plus4K,41.8,0
Tokachi,right,58.6,overflow,plus4K,42,0
Tokachi,right,58.6,fluvial_scour,plus4K,42,0
Tokachi,right,58.6,overflow,plus4K,42.2,0
Tokachi,right,58.6,fluvial_scour,plus4K,42.2,0
Tokachi,right,58.6,overflow,plus4K,42.4,0
Tokachi,right,58.6,fluvial_scour,plus4K,42.4,0
Tokachi,right,58.6,overflow,plus4K,42.6,0.0003
Tokachi,right,58.6,fluvial_scour,plus4K,42.6,0
Tokachi,right,58.6,overflow,plus4K,42.8,0.0056
Tokachi,right,58.6,fluvial_scour,plus4K,42.8,0
Tokachi,right,58.6,overflow,plus4K,43,0.0266
Tokachi,right,58.6,fluvial_scour,plus4K,43,0
Tokachi,right,58.6,overflow,plus4K,43.2,0.106
Tokachi,right,58.6,fluvial_scour,plus4K,43.2,0
Tokachi,right,58.6,overflow,plus4K,43.4,0.287
Tokachi,right,58.6,fluvial_scour,plus4K,43.4,0
Tokachi,right,58.6,overflow,plus4K,43.6,0.5461
Tokachi,right,58.6,fluvial_scour,plus4K,43.6,0
Tokachi,right,58.6,overflow,plus4K,43.8,0.7858
Tokachi,right,58.6,fluvial_scour,plus4K,43.8,0
Tokachi,right,58.6,overflow,plus4K,44,0.9275
Tokachi,right,58.6,fluvial_scour,plus4K,44,0
Tokachi,right,58.6,overflow,plus4K,44.2,0.985
Tokachi,right,58.6,fluvial_scour,plus4K,44.2,0
Tokachi,right,58.6,overflow,plus4K,44.4,0.9968
Tokachi,right,58.6,fluvial_scour,plus4K,44.4,0
Tokachi,right,58.6,overflow,plus4K,44.6,0.9998
Tokachi,right,58.6,fluvial_scour,plus4K,44.6,0
Tokachi,right,58.6,overflow,plus4K,44.8,1
Tokachi,right,58.6,fluvial_scour,plus4K,44.8,0
Tokachi,right,58.6,overflow,plus4K,45,1
Tokachi,right,58.6,fluvial_scour,plus4K,45,0
Tokachi,right,58.6,overflow,plus4K,45.2,1
Tokachi,right,58.6,fluvial_scour,plus4K,45.2,0
Tokachi,right,58.6,overflow,plus4K,45.4,1
Tokachi,right,58.6,fluvial_scour,plus4K,45.4,0
Tokachi,right,58.6,overflow,plus4K,45.6,1
Tokachi,right,58.6,fluvial_scour,plus4K,45.6,0
Tokachi,right,58.6,overflow,plus4K,45.8,1
Tokachi,right,58.6,fluvial_scour,plus4K,45.8,0
Tokachi,right,58.6,overflow,plus4K,46,1
Tokachi,right,58.6,fluvial_scour,plus4K,46,0
Tokachi,right,58.6,overflow,plus4K,46.2,1
Tokachi,right,58.6,fluvial_scour,plus4K,46.2,0
Tokachi,right,58.8,overflow,plus4K,37.4,0
Tokachi,right,58.8,fluvial_scour,plus4K,37.4,0
Tokachi,right,58.8,overflow,plus4K,37.6,0
Tokachi,right,58.8,fluvial_scour,plus4K,37.6,0
Tokachi,right,58.8,overflow,plus4K,37.8,0
Tokachi,right,58.8,fluvial_scour,plus4K,37.8,0
Tokachi,right,58.8,overflow,plus4K,38,0
Tokachi,right,58.8,fluvial_scour,plus4K,38,0
Tokachi,right,58.8,overflow,plus4K,38.2,0
Tokachi,right,58.8,fluvial_scour,plus4K,38.2,0
Tokachi,right,58.8,overflow,plus4K,38.4,0
Tokachi,right,58.8,fluvial_scour,plus4K,38.4,0
Tokachi,right,58.8,overflow,plus4K,38.6,0
Tokachi,right,58.8,fluvial_scour,plus4K,38.6,0
Tokachi,right,58.8,overflow,plus4K,38.8,0
Tokachi,right,58.8,fluvial_scour,plus4K,38.8,0
Tokachi,right,58.8,overflow,plus4K,39,0
Tokachi,right,58.8,fluvial_scour,plus4K,39,0
Tokachi,right,58.8,overflow,plus4K,39.2,0
Tokachi,right,58.8,fluvial_scour,plus4K,39.2,0
Tokachi,right,58.8,overflow,plus4K,39.4,0
Tokachi,right,58.8,fluvial_scour,plus4K,39.4,0
Tokachi,right,58.8,overflow,plus4K,39.6,0
Tokachi,right,58.8,fluvial_scour,plus4K,39.6,0
Tokachi,right,58.8,overflow,plus4K,39.8,0
Tokachi,right,58.8,fluvial_scour,plus4K,39.8,0
Tokachi,right,58.8,overflow,plus4K,40,0
Tokachi,right,58.8,fluvial_scour,plus4K,40,0
Tokachi,right,58.8,overflow,plus4K,40.2,0.0002
Tokachi,right,58.8,fluvial_scour,plus4K,40.2,0
Tokachi,right,58.8,overflow,plus4K,40.4,0.0004
Tokachi,right,58.8,fluvial_scour,plus4K,40.4,0
Tokachi,right,58.8,overflow,plus4K,40.6,0.001
Tokachi,right,58.8,fluvial_scour,plus4K,40.6,0
Tokachi,right,58.8,overflow,plus4K,40.8,0.0015
Tokachi,right,58.8,fluvial_scour,plus4K,40.8,0
Tokachi,right,58.8,overflow,plus4K,41,0.0027
Tokachi,right,58.8,fluvial_scour,plus4K,41,0
Tokachi,right,58.8,overflow,plus4K,41.2,0.0043
Tokachi,right,58.8,fluvial_scour,plus4K,41.2,0
Tokachi,right,58.8,overflow,plus4K,41.4,0.0068
Tokachi,right,58.8,fluvial_scour,plus4K,41.4,0
Tokachi,right,58.8,overflow,plus4K,41.6,0.0105
Tokachi,right,58.8,fluvial_scour,plus4K,41.6,0
Tokachi,right,58.8,overflow,plus4K,41.8,0.0153
Tokachi,right,58.8,fluvial_scour,plus4K,41.8,0
Tokachi,right,58.8,overflow,plus4K,42,0.0226
Tokachi,right,58.8,fluvial_scour,plus4K,42,0
Tokachi,right,58.8,overflow,plus4K,42.2,0.0317
Tokachi,right,58.8,fluvial_scour,plus4K,42.2,0
Tokachi,right,58.8,overflow,plus4K,42.4,0.0446
Tokachi,right,58.8,fluvial_scour,plus4K,42.4,0
Tokachi,right,58.8,overflow,plus4K,42.6,0.0605
Tokachi,right,58.8,fluvial_scour,plus4K,42.6,0
Tokachi,right,58.8,overflow,plus4K,42.8,0.0782
Tokachi,right,58.8,fluvial_scour,plus4K,42.8,0
Tokachi,right,58.8,overflow,plus4K,43,0.1006
Tokachi,right,58.8,fluvial_scour,plus4K,43,0
Tokachi,right,58.8,overflow,plus4K,43.2,0.1309
Tokachi,right,58.8,fluvial_scour,plus4K,43.2,0
Tokachi,right,58.8,overflow,plus4K,43.4,0.1663
Tokachi,right,58.8,fluvial_scour,plus4K,43.4,0
Tokachi,right,58.8,overflow,plus4K,43.6,0.2056
Tokachi,right,58.8,fluvial_scour,plus4K,43.6,0
Tokachi,right,58.8,overflow,plus4K,43.8,0.2476
Tokachi,right,58.8,fluvial_scour,plus4K,43.8,0
Tokachi,right,58.8,overflow,plus4K,44,0.2963
Tokachi,right,58.8,fluvial_scour,plus4K,44,0
Tokachi,right,58.8,overflow,plus4K,44.2,0.349
Tokachi,right,58.8,fluvial_scour,plus4K,44.2,0
Tokachi,right,58.8,overflow,plus4K,44.4,0.4069
Tokachi,right,58.8,fluvial_scour,plus4K,44.4,0
Tokachi,right,58.8,overflow,plus4K,44.6,0.4659
Tokachi,right,58.8,fluvial_scour,plus4K,44.6,0
Tokachi,right,58.8,overflow,plus4K,44.8,0.5253
Tokachi,right,58.8,fluvial_scour,plus4K,44.8,0
Tokachi,right,58.8,overflow,plus4K,45,0.5836
Tokachi,right,58.8,fluvial_scour,plus4K,45,0
Tokachi,right,58.8,overflow,plus4K,45.2,0.6408
Tokachi,right,58.8,fluvial_scour,plus4K,45.2,0
Tokachi,right,58.8,overflow,plus4K,45.4,0.697
Tokachi,right,58.8,fluvial_scour,plus4K,45.4,0
Tokachi,right,58.8,overflow,plus4K,45.6,0.7481
Tokachi,right,58.8,fluvial_scour,plus4K,45.6,0
Tokachi,right,58.8,overflow,plus4K,45.8,0.7961
Tokachi,right,58.8,fluvial_scour,plus4K,45.8,0
Tokachi,right,58.8,overflow,plus4K,46,0.8344
Tokachi,right,58.8,fluvial_scour,plus4K,46,0
Tokachi,right,58.8,overflow,plus4K,46.2,0.8668
Tokachi,right,58.8,fluvial_scour,plus4K,46.2,0
Tokachi,right,58.8,overflow,plus4K,46.4,0.8935
Tokachi,right,58.8,fluvial_scour,plus4K,46.4,0
Tokachi,right,58.8,overflow,plus4K,46.6,0.9194
Tokachi,right,58.8,fluvial_scour,plus4K,46.6,0
Tokachi,right,58.8,overflow,plus4K,46.8,0.9396
Tokachi,right,58.8,fluvial_scour,plus4K,46.8,0
Tokachi,right,58.8,overflow,plus4K,47,0.9551
Tokachi,right,58.8,fluvial_scour,plus4K,47,0
Tokachi,right,58.8,overflow,plus4K,47.2,0.968
Tokachi,right,58.8,fluvial_scour,plus4K,47.2,0
Tokachi,right,58.8,overflow,plus4K,47.4,0.9776
Tokachi,right,58.8,fluvial_scour,plus4K,47.4,0
Tokachi,right,59,overflow,plus4K,37.8,0
Tokachi,right,59,fluvial_scour,plus4K,37.8,0
Tokachi,right,59,overflow,plus4K,38,0
Tokachi,right,59,fluvial_scour,plus4K,38,0
Tokachi,right,59,overflow,plus4K,38.2,0
Tokachi,right,59,fluvial_scour,plus4K,38.2,0
Tokachi,right,59,overflow,plus4K,38.4,0
Tokachi,right,59,fluvial_scour,plus4K,38.4,0
Tokachi,right,59,overflow,plus4K,38.6,0
Tokachi,right,59,fluvial_scour,plus4K,38.6,0
Tokachi,right,59,overflow,plus4K,38.8,0
Tokachi,right,59,fluvial_scour,plus4K,38.8,0
Tokachi,right,59,overflow,plus4K,39,0
Tokachi,right,59,fluvial_scour,plus4K,39,0
Tokachi,right,59,overflow,plus4K,39.2,0
Tokachi,right,59,fluvial_scour,plus4K,39.2,0
Tokachi,right,59,overflow,plus4K,39.4,0
Tokachi,right,59,fluvial_scour,plus4K,39.4,0
Tokachi,right,59,overflow,plus4K,39.6,0
Tokachi,right,59,fluvial_scour,plus4K,39.6,0
Tokachi,right,59,overflow,plus4K,39.8,0
Tokachi,right,59,fluvial_scour,plus4K,39.8,0
Tokachi,right,59,overflow,plus4K,40,0
Tokachi,right,59,fluvial_scour,plus4K,40,0
Tokachi,right,59,overflow,plus4K,40.2,0
Tokachi,right,59,fluvial_scour,plus4K,40.2,0
Tokachi,right,59,overflow,plus4K,40.4,0
Tokachi,right,59,fluvial_scour,plus4K,40.4,0
Tokachi,right,59,overflow,plus4K,40.6,0
Tokachi,right,59,fluvial_scour,plus4K,40.6,0
Tokachi,right,59,overflow,plus4K,40.8,0
Tokachi,right,59,fluvial_scour,plus4K,40.8,0
Tokachi,right,59,overflow,plus4K,41,0
Tokachi,right,59,fluvial_scour,plus4K,41,0
Tokachi,right,59,overflow,plus4K,41.2,0
Tokachi,right,59,fluvial_scour,plus4K,41.2,0
Tokachi,right,59,overflow,plus4K,41.4,0
Tokachi,right,59,fluvial_scour,plus4K,41.4,0
Tokachi,right,59,overflow,plus4K,41.6,0
Tokachi,right,59,fluvial_scour,plus4K,41.6,0
Tokachi,right,59,overflow,plus4K,41.8,0
Tokachi,right,59,fluvial_scour,plus4K,41.8,0
Tokachi,right,59,overflow,plus4K,42,0
Tokachi,right,59,fluvial_scour,plus4K,42,0
Tokachi,right,59,overflow,plus4K,42.2,0.0001
Tokachi,right,59,fluvial_scour,plus4K,42.2,0
Tokachi,right,59,overflow,plus4K,42.4,0.0003
Tokachi,right,59,fluvial_scour,plus4K,42.4,0
Tokachi,right,59,overflow,plus4K,42.6,0.001
Tokachi,right,59,fluvial_scour,plus4K,42.6,0
Tokachi,right,59,overflow,plus4K,42.8,0.002
Tokachi,right,59,fluvial_scour,plus4K,42.8,0
Tokachi,right,59,overflow,plus4K,43,0.0068
Tokachi,right,59,fluvial_scour,plus4K,43,0
Tokachi,right,59,overflow,plus4K,43.2,0.0199
Tokachi,right,59,fluvial_scour,plus4K,43.2,0
Tokachi,right,59,overflow,plus4K,43.4,0.0452
Tokachi,right,59,fluvial_scour,plus4K,43.4,0
Tokachi,right,59,overflow,plus4K,43.6,0.0906
Tokachi,right,59,fluvial_scour,plus4K,43.6,0
Tokachi,right,59,overflow,plus4K,43.8,0.1638
Tokachi,right,59,fluvial_scour,plus4K,43.8,0
Tokachi,right,59,overflow,plus4K,44,0.2776
Tokachi,right,59,fluvial_scour,plus4K,44,0
Tokachi,right,59,overflow,plus4K,44.2,0.4163
Tokachi,right,59,fluvial_scour,plus4K,44.2,0
Tokachi,right,59,overflow,plus4K,44.4,0.5669
Tokachi,right,59,fluvial_scour,plus4K,44.4,0
Tokachi,right,59,overflow,plus4K,44.6,0.7067
Tokachi,right,59,fluvial_scour,plus4K,44.6,0
Tokachi,right,59,overflow,plus4K,44.8,0.8215
Tokachi,right,59,fluvial_scour,plus4K,44.8,0
Tokachi,right,59,overflow,plus4K,45,0.9028
Tokachi,right,59,fluvial_scour,plus4K,45,0
Tokachi,right,59,overflow,plus4K,45.2,0.9528
Tokachi,right,59,fluvial_scour,plus4K,45.2,0
Tokachi,right,59,overflow,plus4K,45.4,0.9815
Tokachi,right,59,fluvial_scour,plus4K,45.4,0
Tokachi,right,59,overflow,plus4K,45.6,0.9931
Tokachi,right,59,fluvial_scour,plus4K,45.6,0
Tokachi,right,59,overflow,plus4K,45.8,0.998
Tokachi,right,59,fluvial_scour,plus4K,45.8,0
Tokachi,right,59,overflow,plus4K,46,0.9997
Tokachi,right,59,fluvial_scour,plus4K,46,0
Tokachi,right,59,overflow,plus4K,46.2,1
Tokachi,right,59,fluvial_scour,plus4K,46.2,0
Tokachi,right,59,overflow,plus4K,46.4,1
Tokachi,right,59,fluvial_scour,plus4K,46.4,0
Tokachi,right,59,overflow,plus4K,46.6,1
Tokachi,right,59,fluvial_scour,plus4K,46.6,0
Tokachi,right,59,overflow,plus4K,46.8,1
Tokachi,right,59,fluvial_scour,plus4K,46.8,0
Tokachi,right,59,overflow,plus4K,47,1
Tokachi,right,59,fluvial_scour,plus4K,47,0
Tokachi,right,59.2,overflow,plus4K,38.2,0
Tokachi,right,59.2,fluvial_scour,plus4K,38.2,0
Tokachi,right,59.2,overflow,plus4K,38.4,0
Tokachi,right,59.2,fluvial_scour,plus4K,38.4,0
Tokachi,right,59.2,overflow,plus4K,38.6,0
Tokachi,right,59.2,fluvial_scour,plus4K,38.6,0
Tokachi,right,59.2,overflow,plus4K,38.8,0
Tokachi,right,59.2,fluvial_scour,plus4K,38.8,0
Tokachi,right,59.2,overflow,plus4K,39,0
Tokachi,right,59.2,fluvial_scour,plus4K,39,0
Tokachi,right,59.2,overflow,plus4K,39.2,0
Tokachi,right,59.2,fluvial_scour,plus4K,39.2,0
Tokachi,right,59.2,overflow,plus4K,39.4,0
Tokachi,right,59.2,fluvial_scour,plus4K,39.4,0
Tokachi,right,59.2,overflow,plus4K,39.6,0
Tokachi,right,59.2,fluvial_scour,plus4K,39.6,0
Tokachi,right,59.2,overflow,plus4K,39.8,0
Tokachi,right,59.2,fluvial_scour,plus4K,39.8,0
Tokachi,right,59.2,overflow,plus4K,40,0
Tokachi,right,59.2,fluvial_scour,plus4K,40,0
Tokachi,right,59.2,overflow,plus4K,40.2,0
Tokachi,right,59.2,fluvial_scour,plus4K,40.2,0
Tokachi,right,59.2,overflow,plus4K,40.4,0
Tokachi,right,59.2,fluvial_scour,plus4K,40.4,0
Tokachi,right,59.2,overflow,plus4K,40.6,0
Tokachi,right,59.2,fluvial_scour,plus4K,40.6,0
Tokachi,right,59.2,overflow,plus4K,40.8,0
Tokachi,right,59.2,fluvial_scour,plus4K,40.8,0
Tokachi,right,59.2,overflow,plus4K,41,0
Tokachi,right,59.2,fluvial_scour,plus4K,41,0
Tokachi,right,59.2,overflow,plus4K,41.2,0
Tokachi,right,59.2,fluvial_scour,plus4K,41.2,0
Tokachi,right,59.2,overflow,plus4K,41.4,0
Tokachi,right,59.2,fluvial_scour,plus4K,41.4,0
Tokachi,right,59.2,overflow,plus4K,41.6,0
Tokachi,right,59.2,fluvial_scour,plus4K,41.6,0
Tokachi,right,59.2,overflow,plus4K,41.8,0
Tokachi,right,59.2,fluvial_scour,plus4K,41.8,0
Tokachi,right,59.2,overflow,plus4K,42,0
Tokachi,right,59.2,fluvial_scour,plus4K,42,0
Tokachi,right,59.2,overflow,plus4K,42.2,0
Tokachi,right,59.2,fluvial_scour,plus4K,42.2,0
Tokachi,right,59.2,overflow,plus4K,42.4,0
Tokachi,right,59.2,fluvial_scour,plus4K,42.4,0
Tokachi,right,59.2,overflow,plus4K,42.6,0
Tokachi,right,59.2,fluvial_scour,plus4K,42.6,0
Tokachi,right,59.2,overflow,plus4K,42.8,0
Tokachi,right,59.2,fluvial_scour,plus4K,42.8,0
Tokachi,right,59.2,overflow,plus4K,43,0.0001
Tokachi,right,59.2,fluvial_scour,plus4K,43,0
Tokachi,right,59.2,overflow,plus4K,43.2,0.0001
Tokachi,right,59.2,fluvial_scour,plus4K,43.2,0
Tokachi,right,59.2,overflow,plus4K,43.4,0.0014
Tokachi,right,59.2,fluvial_scour,plus4K,43.4,0
Tokachi,right,59.2,overflow,plus4K,43.6,0.0163
Tokachi,right,59.2,fluvial_scour,plus4K,43.6,0
Tokachi,right,59.2,overflow,plus4K,43.8,0.0714
Tokachi,right,59.2,fluvial_scour,plus4K,43.8,0
Tokachi,right,59.2,overflow,plus4K,44,0.2204
Tokachi,right,59.2,fluvial_scour,plus4K,44,0
Tokachi,right,59.2,overflow,plus4K,44.2,0.4633
Tokachi,right,59.2,fluvial_scour,plus4K,44.2,0
Tokachi,right,59.2,overflow,plus4K,44.4,0.7178
Tokachi,right,59.2,fluvial_scour,plus4K,44.4,0
Tokachi,right,59.2,overflow,plus4K,44.6,0.8914
Tokachi,right,59.2,fluvial_scour,plus4K,44.6,0
Tokachi,right,59.2,overflow,plus4K,44.8,0.9762
Tokachi,right,59.2,fluvial_scour,plus4K,44.8,0
Tokachi,right,59.2,overflow,plus4K,45,0.996
Tokachi,right,59.2,fluvial_scour,plus4K,45,0
Tokachi,right,59.2,overflow,plus4K,45.2,0.9995
Tokachi,right,59.2,fluvial_scour,plus4K,45.2,0
Tokachi,right,59.2,overflow,plus4K,45.4,0.9998
Tokachi,right,59.2,fluvial_scour,plus4K,45.4,0
Tokachi,right,59.2,overflow,plus4K,45.6,1
Tokachi,right,59.2,fluvial_scour,plus4K,45.6,0
Tokachi,right,59.2,overflow,plus4K,45.8,1
Tokachi,right,59.2,fluvial_scour,plus4K,45.8,0
Tokachi,right,59.2,overflow,plus4K,46,1
Tokachi,right,59.2,fluvial_scour,plus4K,46,0
Tokachi,right,59.2,overflow,plus4K,46.2,1
Tokachi,right,59.2,fluvial_scour,plus4K,46.2,0
Tokachi,right,59.2,overflow,plus4K,46.4,1
Tokachi,right,59.2,fluvial_scour,plus4K,46.4,0
Tokachi,right,59.2,overflow,plus4K,46.6,1
Tokachi,right,59.2,fluvial_scour,plus4K,46.6,0
Tokachi,right,59.2,overflow,plus4K,46.8,1
Tokachi,right,59.2,fluvial_scour,plus4K,46.8,0
Tokachi,right,59.2,overflow,plus4K,47,1
Tokachi,right,59.2,fluvial_scour,plus4K,47,0
Tokachi,right,59.4,overflow,plus4K,38.4,0
Tokachi,right,59.4,fluvial_scour,plus4K,38.4,0
Tokachi,right,59.4,overflow,plus4K,38.6,0
Tokachi,right,59.4,fluvial_scour,plus4K,38.6,0
Tokachi,right,59.4,overflow,plus4K,38.8,0
Tokachi,right,59.4,fluvial_scour,plus4K,38.8,0
Tokachi,right,59.4,overflow,plus4K,39,0
Tokachi,right,59.4,fluvial_scour,plus4K,39,0
Tokachi,right,59.4,overflow,plus4K,39.2,0
Tokachi,right,59.4,fluvial_scour,plus4K,39.2,0
Tokachi,right,59.4,overflow,plus4K,39.4,0
Tokachi,right,59.4,fluvial_scour,plus4K,39.4,0
Tokachi,right,59.4,overflow,plus4K,39.6,0
Tokachi,right,59.4,fluvial_scour,plus4K,39.6,0
Tokachi,right,59.4,overflow,plus4K,39.8,0
Tokachi,right,59.4,fluvial_scour,plus4K,39.8,0
Tokachi,right,59.4,overflow,plus4K,40,0
Tokachi,right,59.4,fluvial_scour,plus4K,40,0
Tokachi,right,59.4,overflow,plus4K,40.2,0
Tokachi,right,59.4,fluvial_scour,plus4K,40.2,0
Tokachi,right,59.4,overflow,plus4K,40.4,0
Tokachi,right,59.4,fluvial_scour,plus4K,40.4,0
Tokachi,right,59.4,overflow,plus4K,40.6,0
Tokachi,right,59.4,fluvial_scour,plus4K,40.6,0
Tokachi,right,59.4,overflow,plus4K,40.8,0
Tokachi,right,59.4,fluvial_scour,plus4K,40.8,0
Tokachi,right,59.4,overflow,plus4K,41,0
Tokachi,right,59.4,fluvial_scour,plus4K,41,0
Tokachi,right,59.4,overflow,plus4K,41.2,0
Tokachi,right,59.4,fluvial_scour,plus4K,41.2,0
Tokachi,right,59.4,overflow,plus4K,41.4,0
Tokachi,right,59.4,fluvial_scour,plus4K,41.4,0
Tokachi,right,59.4,overflow,plus4K,41.6,0
Tokachi,right,59.4,fluvial_scour,plus4K,41.6,0
Tokachi,right,59.4,overflow,plus4K,41.8,0
Tokachi,right,59.4,fluvial_scour,plus4K,41.8,0
Tokachi,right,59.4,overflow,plus4K,42,0
Tokachi,right,59.4,fluvial_scour,plus4K,42,0
Tokachi,right,59.4,overflow,plus4K,42.2,0
Tokachi,right,59.4,fluvial_scour,plus4K,42.2,0
Tokachi,right,59.4,overflow,plus4K,42.4,0
Tokachi,right,59.4,fluvial_scour,plus4K,42.4,0
Tokachi,right,59.4,overflow,plus4K,42.6,0
Tokachi,right,59.4,fluvial_scour,plus4K,42.6,0
Tokachi,right,59.4,overflow,plus4K,42.8,0
Tokachi,right,59.4,fluvial_scour,plus4K,42.8,0
Tokachi,right,59.4,overflow,plus4K,43,0
Tokachi,right,59.4,fluvial_scour,plus4K,43,0
Tokachi,right,59.4,overflow,plus4K,43.2,0.0001
Tokachi,right,59.4,fluvial_scour,plus4K,43.2,0
Tokachi,right,59.4,overflow,plus4K,43.4,0.001
Tokachi,right,59.4,fluvial_scour,plus4K,43.4,0
Tokachi,right,59.4,overflow,plus4K,43.6,0.0068
Tokachi,right,59.4,fluvial_scour,plus4K,43.6,0
Tokachi,right,59.4,overflow,plus4K,43.8,0.0401
Tokachi,right,59.4,fluvial_scour,plus4K,43.8,0
Tokachi,right,59.4,overflow,plus4K,44,0.136
Tokachi,right,59.4,fluvial_scour,plus4K,44,0
Tokachi,right,59.4,overflow,plus4K,44.2,0.3353
Tokachi,right,59.4,fluvial_scour,plus4K,44.2,0
Tokachi,right,59.4,overflow,plus4K,44.4,0.6019
Tokachi,right,59.4,fluvial_scour,plus4K,44.4,0
Tokachi,right,59.4,overflow,plus4K,44.6,0.8272
Tokachi,right,59.4,fluvial_scour,plus4K,44.6,0
Tokachi,right,59.4,overflow,plus4K,44.8,0.9456
Tokachi,right,59.4,fluvial_scour,plus4K,44.8,0
Tokachi,right,59.4,overflow,plus4K,45,0.9884
Tokachi,right,59.4,fluvial_scour,plus4K,45,0
Tokachi,right,59.4,overflow,plus4K,45.2,0.9985
Tokachi,right,59.4,fluvial_scour,plus4K,45.2,0
Tokachi,right,59.4,overflow,plus4K,45.4,0.9998
Tokachi,right,59.4,fluvial_scour,plus4K,45.4,0
Tokachi,right,59.4,overflow,plus4K,45.6,1
Tokachi,right,59.4,fluvial_scour,plus4K,45.6,0
Tokachi,right,59.4,overflow,plus4K,45.8,1
Tokachi,right,59.4,fluvial_scour,plus4K,45.8,0
Tokachi,right,59.4,overflow,plus4K,46,1
Tokachi,right,59.4,fluvial_scour,plus4K,46,0
Tokachi,right,59.4,overflow,plus4K,46.2,1
Tokachi,right,59.4,fluvial_scour,plus4K,46.2,0
Tokachi,right,59.4,overflow,plus4K,46.4,1
Tokachi,right,59.4,fluvial_scour,plus4K,46.4,0
Tokachi,right,59.4,overflow,plus4K,46.6,1
Tokachi,right,59.4,fluvial_scour,plus4K,46.6,0
Tokachi,right,59.4,overflow,plus4K,46.8,1
Tokachi,right,59.4,fluvial_scour,plus4K,46.8,0
Tokachi,right,59.4,overflow,plus4K,47,1
Tokachi,right,59.4,fluvial_scour,plus4K,47,0
Tokachi,right,59.6,overflow,plus4K,39,0
Tokachi,right,59.6,fluvial_scour,plus4K,39,0
Tokachi,right,59.6,overflow,plus4K,39.2,0
Tokachi,right,59.6,fluvial_scour,plus4K,39.2,0
Tokachi,right,59.6,overflow,plus4K,39.4,0
Tokachi,right,59.6,fluvial_scour,plus4K,39.4,0
Tokachi,right,59.6,overflow,plus4K,39.6,0
Tokachi,right,59.6,fluvial_scour,plus4K,39.6,0
Tokachi,right,59.6,overflow,plus4K,39.8,0
Tokachi,right,59.6,fluvial_scour,plus4K,39.8,0
Tokachi,right,59.6,overflow,plus4K,40,0
Tokachi,right,59.6,fluvial_scour,plus4K,40,0
Tokachi,right,59.6,overflow,plus4K,40.2,0
Tokachi,right,59.6,fluvial_scour,plus4K,40.2,0
Tokachi,right,59.6,overflow,plus4K,40.4,0
Tokachi,right,59.6,fluvial_scour,plus4K,40.4,0
Tokachi,right,59.6,overflow,plus4K,40.6,0
Tokachi,right,59.6,fluvial_scour,plus4K,40.6,0
Tokachi,right,59.6,overflow,plus4K,40.8,0
Tokachi,right,59.6,fluvial_scour,plus4K,40.8,0
Tokachi,right,59.6,overflow,plus4K,41,0
Tokachi,right,59.6,fluvial_scour,plus4K,41,0
Tokachi,right,59.6,overflow,plus4K,41.2,0
Tokachi,right,59.6,fluvial_scour,plus4K,41.2,0
Tokachi,right,59.6,overflow,plus4K,41.4,0
Tokachi,right,59.6,fluvial_scour,plus4K,41.4,0
Tokachi,right,59.6,overflow,plus4K,41.6,0
Tokachi,right,59.6,fluvial_scour,plus4K,41.6,0
Tokachi,right,59.6,overflow,plus4K,41.8,0
Tokachi,right,59.6,fluvial_scour,plus4K,41.8,0
Tokachi,right,59.6,overflow,plus4K,42,0
Tokachi,right,59.6,fluvial_scour,plus4K,42,0
Tokachi,right,59.6,overflow,plus4K,42.2,0
Tokachi,right,59.6,fluvial_scour,plus4K,42.2,0
Tokachi,right,59.6,overflow,plus4K,42.4,0
Tokachi,right,59.6,fluvial_scour,plus4K,42.4,0
Tokachi,right,59.6,overflow,plus4K,42.6,0
Tokachi,right,59.6,fluvial_scour,plus4K,42.6,0
Tokachi,right,59.6,overflow,plus4K,42.8,0
Tokachi,right,59.6,fluvial_scour,plus4K,42.8,0
Tokachi,right,59.6,overflow,plus4K,43,0
Tokachi,right,59.6,fluvial_scour,plus4K,43,0
Tokachi,right,59.6,overflow,plus4K,43.2,0
Tokachi,right,59.6,fluvial_scour,plus4K,43.2,0
Tokachi,right,59.6,overflow,plus4K,43.4,0
Tokachi,right,59.6,fluvial_scour,plus4K,43.4,0
Tokachi,right,59.6,overflow,plus4K,43.6,0.0006
Tokachi,right,59.6,fluvial_scour,plus4K,43.6,0
Tokachi,right,59.6,overflow,plus4K,43.8,0.0035
Tokachi,right,59.6,fluvial_scour,plus4K,43.8,0
Tokachi,right,59.6,overflow,plus4K,44,0.0211
Tokachi,right,59.6,fluvial_scour,plus4K,44,0
Tokachi,right,59.6,overflow,plus4K,44.2,0.0855
Tokachi,right,59.6,fluvial_scour,plus4K,44.2,0
Tokachi,right,59.6,overflow,plus4K,44.4,0.2421
Tokachi,right,59.6,fluvial_scour,plus4K,44.4,0
Tokachi,right,59.6,overflow,plus4K,44.6,0.4917
Tokachi,right,59.6,fluvial_scour,plus4K,44.6,0
Tokachi,right,59.6,overflow,plus4K,44.8,0.7535
Tokachi,right,59.6,fluvial_scour,plus4K,44.8,0
Tokachi,right,59.6,overflow,plus4K,45,0.9071
Tokachi,right,59.6,fluvial_scour,plus4K,45,0
Tokachi,right,59.6,overflow,plus4K,45.2,0.9791
Tokachi,right,59.6,fluvial_scour,plus4K,45.2,0
Tokachi,right,59.6,overflow,plus4K,45.4,0.9971
Tokachi,right,59.6,fluvial_scour,plus4K,45.4,0
Tokachi,right,59.6,overflow,plus4K,45.6,1
Tokachi,right,59.6,fluvial_scour,plus4K,45.6,0
Tokachi,right,59.6,overflow,plus4K,45.8,1
Tokachi,right,59.6,fluvial_scour,plus4K,45.8,0
Tokachi,right,59.6,overflow,plus4K,46,1
Tokachi,right,59.6,fluvial_scour,plus4K,46,0
Tokachi,right,59.6,overflow,plus4K,46.2,1
Tokachi,right,59.6,fluvial_scour,plus4K,46.2,0
Tokachi,right,59.6,overflow,plus4K,46.4,1
Tokachi,right,59.6,fluvial_scour,plus4K,46.4,0
Tokachi,right,59.6,overflow,plus4K,46.6,1
Tokachi,right,59.6,fluvial_scour,plus4K,46.6,0
Tokachi,right,59.6,overflow,plus4K,46.8,1
Tokachi,right,59.6,fluvial_scour,plus4K,46.8,0
Tokachi,right,59.6,overflow,plus4K,47,1
Tokachi,right,59.6,fluvial_scour,plus4K,47,0
Tokachi,right,59.6,overflow,plus4K,47.2,1
Tokachi,right,59.6,fluvial_scour,plus4K,47.2,0
Tokachi,right,59.8,overflow,plus4K,39.4,0
Tokachi,right,59.8,fluvial_scour,plus4K,39.4,0
Tokachi,right,59.8,overflow,plus4K,39.6,0
Tokachi,right,59.8,fluvial_scour,plus4K,39.6,0
Tokachi,right,59.8,overflow,plus4K,39.8,0
Tokachi,right,59.8,fluvial_scour,plus4K,39.8,0
Tokachi,right,59.8,overflow,plus4K,40,0
Tokachi,right,59.8,fluvial_scour,plus4K,40,0
Tokachi,right,59.8,overflow,plus4K,40.2,0
Tokachi,right,59.8,fluvial_scour,plus4K,40.2,0
Tokachi,right,59.8,overflow,plus4K,40.4,0
Tokachi,right,59.8,fluvial_scour,plus4K,40.4,0
Tokachi,right,59.8,overflow,plus4K,40.6,0
Tokachi,right,59.8,fluvial_scour,plus4K,40.6,0
Tokachi,right,59.8,overflow,plus4K,40.8,0
Tokachi,right,59.8,fluvial_scour,plus4K,40.8,0
Tokachi,right,59.8,overflow,plus4K,41,0
Tokachi,right,59.8,fluvial_scour,plus4K,41,0
Tokachi,right,59.8,overflow,plus4K,41.2,0
Tokachi,right,59.8,fluvial_scour,plus4K,41.2,0
Tokachi,right,59.8,overflow,plus4K,41.4,0
Tokachi,right,59.8,fluvial_scour,plus4K,41.4,0
Tokachi,right,59.8,overflow,plus4K,41.6,0
Tokachi,right,59.8,fluvial_scour,plus4K,41.6,0
Tokachi,right,59.8,overflow,plus4K,41.8,0
Tokachi,right,59.8,fluvial_scour,plus4K,41.8,0
Tokachi,right,59.8,overflow,plus4K,42,0
Tokachi,right,59.8,fluvial_scour,plus4K,42,0
Tokachi,right,59.8,overflow,plus4K,42.2,0
Tokachi,right,59.8,fluvial_scour,plus4K,42.2,0
Tokachi,right,59.8,overflow,plus4K,42.4,0
Tokachi,right,59.8,fluvial_scour,plus4K,42.4,0
Tokachi,right,59.8,overflow,plus4K,42.6,0
Tokachi,right,59.8,fluvial_scour,plus4K,42.6,0
Tokachi,right,59.8,overflow,plus4K,42.8,0
Tokachi,right,59.8,fluvial_scour,plus4K,42.8,0
Tokachi,right,59.8,overflow,plus4K,43,0
Tokachi,right,59.8,fluvial_scour,plus4K,43,0
Tokachi,right,59.8,overflow,plus4K,43.2,0
Tokachi,right,59.8,fluvial_scour,plus4K,43.2,0
Tokachi,right,59.8,overflow,plus4K,43.4,0
Tokachi,right,59.8,fluvial_scour,plus4K,43.4,0
Tokachi,right,59.8,overflow,plus4K,43.6,0
Tokachi,right,59.8,fluvial_scour,plus4K,43.6,0
Tokachi,right,59.8,overflow,plus4K,43.8,0.0001
Tokachi,right,59.8,fluvial_scour,plus4K,43.8,0
Tokachi,right,59.8,overflow,plus4K,44,0.0014
Tokachi,right,59.8,fluvial_scour,plus4K,44,0
Tokachi,right,59.8,overflow,plus4K,44.2,0.0076
Tokachi,right,59.8,fluvial_scour,plus4K,44.2,0
Tokachi,right,59.8,overflow,plus4K,44.4,0.0405
Tokachi,right,59.8,fluvial_scour,plus4K,44.4,0
Tokachi,right,59.8,overflow,plus4K,44.6,0.1389
Tokachi,right,59.8,fluvial_scour,plus4K,44.6,0
Tokachi,right,59.8,overflow,plus4K,44.8,0.3484
Tokachi,right,59.8,fluvial_scour,plus4K,44.8,0
Tokachi,right,59.8,overflow,plus4K,45,0.6149
Tokachi,right,59.8,fluvial_scour,plus4K,45,0
Tokachi,right,59.8,overflow,plus4K,45.2,0.8367
Tokachi,right,59.8,fluvial_scour,plus4K,45.2,0
Tokachi,right,59.8,overflow,plus4K,45.4,0.952
Tokachi,right,59.8,fluvial_scour,plus4K,45.4,0
Tokachi,right,59.8,overflow,plus4K,45.6,0.9912
Tokachi,right,59.8,fluvial_scour,plus4K,45.6,0
Tokachi,right,59.8,overflow,plus4K,45.8,0.9993
Tokachi,right,59.8,fluvial_scour,plus4K,45.8,0
Tokachi,right,59.8,overflow,plus4K,46,1
Tokachi,right,59.8,fluvial_scour,plus4K,46,0
Tokachi,right,59.8,overflow,plus4K,46.2,1
Tokachi,right,59.8,fluvial_scour,plus4K,46.2,0
Tokachi,right,59.8,overflow,plus4K,46.4,1
Tokachi,right,59.8,fluvial_scour,plus4K,46.4,0
Tokachi,right,59.8,overflow,plus4K,46.6,1
Tokachi,right,59.8,fluvial_scour,plus4K,46.6,0
Tokachi,right,59.8,overflow,plus4K,46.8,1
Tokachi,right,59.8,fluvial_scour,plus4K,46.8,0
Tokachi,right,59.8,overflow,plus4K,47,1
Tokachi,right,59.8,fluvial_scour,plus4K,47,0
Tokachi,right,59.8,overflow,plus4K,47.2,1
Tokachi,right,59.8,fluvial_scour,plus4K,47.2,0
Tokachi,right,59.8,overflow,plus4K,47.4,1
Tokachi,right,59.8,fluvial_scour,plus4K,47.4,0
Tokachi,right,59.8,overflow,plus4K,47.6,1
Tokachi,right,59.8,fluvial_scour,plus4K,47.6,0
Tokachi,right,60,overflow,plus4K,40.2,0
Tokachi,right,60,fluvial_scour,plus4K,40.2,0
Tokachi,right,60,overflow,plus4K,40.4,0
Tokachi,right,60,fluvial_scour,plus4K,40.4,0
Tokachi,right,60,overflow,plus4K,40.6,0
Tokachi,right,60,fluvial_scour,plus4K,40.6,0
Tokachi,right,60,overflow,plus4K,40.8,0
Tokachi,right,60,fluvial_scour,plus4K,40.8,0
Tokachi,right,60,overflow,plus4K,41,0
Tokachi,right,60,fluvial_scour,plus4K,41,0
Tokachi,right,60,overflow,plus4K,41.2,0
Tokachi,right,60,fluvial_scour,plus4K,41.2,0
Tokachi,right,60,overflow,plus4K,41.4,0
Tokachi,right,60,fluvial_scour,plus4K,41.4,0
Tokachi,right,60,overflow,plus4K,41.6,0
Tokachi,right,60,fluvial_scour,plus4K,41.6,0
Tokachi,right,60,overflow,plus4K,41.8,0
Tokachi,right,60,fluvial_scour,plus4K,41.8,0
Tokachi,right,60,overflow,plus4K,42,0
Tokachi,right,60,fluvial_scour,plus4K,42,0
Tokachi,right,60,overflow,plus4K,42.2,0
Tokachi,right,60,fluvial_scour,plus4K,42.2,0
Tokachi,right,60,overflow,plus4K,42.4,0
Tokachi,right,60,fluvial_scour,plus4K,42.4,0
Tokachi,right,60,overflow,plus4K,42.6,0
Tokachi,right,60,fluvial_scour,plus4K,42.6,0
Tokachi,right,60,overflow,plus4K,42.8,0
Tokachi,right,60,fluvial_scour,plus4K,42.8,0
Tokachi,right,60,overflow,plus4K,43,0
Tokachi,right,60,fluvial_scour,plus4K,43,0
Tokachi,right,60,overflow,plus4K,43.2,0
Tokachi,right,60,fluvial_scour,plus4K,43.2,0
Tokachi,right,60,overflow,plus4K,43.4,0
Tokachi,right,60,fluvial_scour,plus4K,43.4,0
Tokachi,right,60,overflow,plus4K,43.6,0
Tokachi,right,60,fluvial_scour,plus4K,43.6,0
Tokachi,right,60,overflow,plus4K,43.8,0
Tokachi,right,60,fluvial_scour,plus4K,43.8,0
Tokachi,right,60,overflow,plus4K,44,0
Tokachi,right,60,fluvial_scour,plus4K,44,0
Tokachi,right,60,overflow,plus4K,44.2,0
Tokachi,right,60,fluvial_scour,plus4K,44.2,0
Tokachi,right,60,overflow,plus4K,44.4,0
Tokachi,right,60,fluvial_scour,plus4K,44.4,0
Tokachi,right,60,overflow,plus4K,44.6,0.0023
Tokachi,right,60,fluvial_scour,plus4K,44.6,0
Tokachi,right,60,overflow,plus4K,44.8,0.0159
Tokachi,right,60,fluvial_scour,plus4K,44.8,0
Tokachi,right,60,overflow,plus4K,45,0.0711
Tokachi,right,60,fluvial_scour,plus4K,45,0
Tokachi,right,60,overflow,plus4K,45.2,0.2215
Tokachi,right,60,fluvial_scour,plus4K,45.2,0
Tokachi,right,60,overflow,plus4K,45.4,0.4617
Tokachi,right,60,fluvial_scour,plus4K,45.4,0
Tokachi,right,60,overflow,plus4K,45.6,0.7188
Tokachi,right,60,fluvial_scour,plus4K,45.6,0
Tokachi,right,60,overflow,plus4K,45.8,0.8936
Tokachi,right,60,fluvial_scour,plus4K,45.8,0
Tokachi,right,60,overflow,plus4K,46,0.9744
Tokachi,right,60,fluvial_scour,plus4K,46,0
Tokachi,right,60,overflow,plus4K,46.2,0.9951
Tokachi,right,60,fluvial_scour,plus4K,46.2,0
Tokachi,right,60,overflow,plus4K,46.4,0.9997
Tokachi,right,60,fluvial_scour,plus4K,46.4,0
Tokachi,right,60,overflow,plus4K,46.6,1
Tokachi,right,60,fluvial_scour,plus4K,46.6,0
Tokachi,right,60,overflow,plus4K,46.8,1
Tokachi,right,60,fluvial_scour,plus4K,46.8,0
Tokachi,right,60,overflow,plus4K,47,1
Tokachi,right,60,fluvial_scour,plus4K,47,0
Tokachi,right,60,overflow,plus4K,47.2,1
Tokachi,right,60,fluvial_scour,plus4K,47.2,0
Tokachi,right,60,overflow,plus4K,47.4,1
Tokachi,right,60,fluvial_scour,plus4K,47.4,0
Tokachi,right,60,overflow,plus4K,47.6,1
Tokachi,right,60,fluvial_scour,plus4K,47.6,0
Tokachi,right,60,overflow,plus4K,47.8,1
Tokachi,right,60,fluvial_scour,plus4K,47.8,0
Tokachi,right,60,overflow,plus4K,48,1
Tokachi,right,60,fluvial_scour,plus4K,48,0
Tokachi,right,60,overflow,plus4K,48.2,1
Tokachi,right,60,fluvial_scour,plus4K,48.2,0
Tokachi,right,60.2,overflow,plus4K,40.8,0
Tokachi,right,60.2,fluvial_scour,plus4K,40.8,0
Tokachi,right,60.2,overflow,plus4K,41,0
Tokachi,right,60.2,fluvial_scour,plus4K,41,0
Tokachi,right,60.2,overflow,plus4K,41.2,0
Tokachi,right,60.2,fluvial_scour,plus4K,41.2,0
Tokachi,right,60.2,overflow,plus4K,41.4,0
Tokachi,right,60.2,fluvial_scour,plus4K,41.4,0
Tokachi,right,60.2,overflow,plus4K,41.6,0
Tokachi,right,60.2,fluvial_scour,plus4K,41.6,0
Tokachi,right,60.2,overflow,plus4K,41.8,0
Tokachi,right,60.2,fluvial_scour,plus4K,41.8,0
Tokachi,right,60.2,overflow,plus4K,42,0
Tokachi,right,60.2,fluvial_scour,plus4K,42,0
Tokachi,right,60.2,overflow,plus4K,42.2,0
Tokachi,right,60.2,fluvial_scour,plus4K,42.2,0
Tokachi,right,60.2,overflow,plus4K,42.4,0
Tokachi,right,60.2,fluvial_scour,plus4K,42.4,0
Tokachi,right,60.2,overflow,plus4K,42.6,0
Tokachi,right,60.2,fluvial_scour,plus4K,42.6,0
Tokachi,right,60.2,overflow,plus4K,42.8,0
Tokachi,right,60.2,fluvial_scour,plus4K,42.8,0
Tokachi,right,60.2,overflow,plus4K,43,0
Tokachi,right,60.2,fluvial_scour,plus4K,43,0
Tokachi,right,60.2,overflow,plus4K,43.2,0
Tokachi,right,60.2,fluvial_scour,plus4K,43.2,0
Tokachi,right,60.2,overflow,plus4K,43.4,0
Tokachi,right,60.2,fluvial_scour,plus4K,43.4,0
Tokachi,right,60.2,overflow,plus4K,43.6,0
Tokachi,right,60.2,fluvial_scour,plus4K,43.6,0
Tokachi,right,60.2,overflow,plus4K,43.8,0
Tokachi,right,60.2,fluvial_scour,plus4K,43.8,0
Tokachi,right,60.2,overflow,plus4K,44,0
Tokachi,right,60.2,fluvial_scour,plus4K,44,0
Tokachi,right,60.2,overflow,plus4K,44.2,0
Tokachi,right,60.2,fluvial_scour,plus4K,44.2,0
Tokachi,right,60.2,overflow,plus4K,44.4,0
Tokachi,right,60.2,fluvial_scour,plus4K,44.4,0
Tokachi,right,60.2,overflow,plus4K,44.6,0
Tokachi,right,60.2,fluvial_scour,plus4K,44.6,0
Tokachi,right,60.2,overflow,plus4K,44.8,0.0007
Tokachi,right,60.2,fluvial_scour,plus4K,44.8,0
Tokachi,right,60.2,overflow,plus4K,45,0.0051
Tokachi,right,60.2,fluvial_scour,plus4K,45,0
Tokachi,right,60.2,overflow,plus4K,45.2,0.0319
Tokachi,right,60.2,fluvial_scour,plus4K,45.2,0
Tokachi,right,60.2,overflow,plus4K,45.4,0.1226
Tokachi,right,60.2,fluvial_scour,plus4K,45.4,0
Tokachi,right,60.2,overflow,plus4K,45.6,0.3086
Tokachi,right,60.2,fluvial_scour,plus4K,45.6,0
Tokachi,right,60.2,overflow,plus4K,45.8,0.5724
Tokachi,right,60.2,fluvial_scour,plus4K,45.8,0
Tokachi,right,60.2,overflow,plus4K,46,0.8021
Tokachi,right,60.2,fluvial_scour,plus4K,46,0
Tokachi,right,60.2,overflow,plus4K,46.2,0.9338
Tokachi,right,60.2,fluvial_scour,plus4K,46.2,0
Tokachi,right,60.2,overflow,plus4K,46.4,0.9854
Tokachi,right,60.2,fluvial_scour,plus4K,46.4,0
Tokachi,right,60.2,overflow,plus4K,46.6,0.9975
Tokachi,right,60.2,fluvial_scour,plus4K,46.6,0
Tokachi,right,60.2,overflow,plus4K,46.8,0.9996
Tokachi,right,60.2,fluvial_scour,plus4K,46.8,0
Tokachi,right,60.2,overflow,plus4K,47,0.9999
Tokachi,right,60.2,fluvial_scour,plus4K,47,0
Tokachi,right,60.2,overflow,plus4K,47.2,1
Tokachi,right,60.2,fluvial_scour,plus4K,47.2,0
Tokachi,right,60.2,overflow,plus4K,47.4,1
Tokachi,right,60.2,fluvial_scour,plus4K,47.4,0
Tokachi,right,60.2,overflow,plus4K,47.6,1
Tokachi,right,60.2,fluvial_scour,plus4K,47.6,0
Tokachi,right,60.2,overflow,plus4K,47.8,1
Tokachi,right,60.2,fluvial_scour,plus4K,47.8,0
Tokachi,right,60.2,overflow,plus4K,48,1
Tokachi,right,60.2,fluvial_scour,plus4K,48,0
Tokachi,right,60.2,overflow,plus4K,48.2,1
Tokachi,right,60.2,fluvial_scour,plus4K,48.2,0
Tokachi,right,60.2,overflow,plus4K,48.4,1
Tokachi,right,60.2,fluvial_scour,plus4K,48.4,0
Tokachi,right,60.4,overflow,plus4K,40.8,0
Tokachi,right,60.4,fluvial_scour,plus4K,40.8,0
Tokachi,right,60.4,overflow,plus4K,41,0
Tokachi,right,60.4,fluvial_scour,plus4K,41,0
Tokachi,right,60.4,overflow,plus4K,41.2,0
Tokachi,right,60.4,fluvial_scour,plus4K,41.2,0
Tokachi,right,60.4,overflow,plus4K,41.4,0
Tokachi,right,60.4,fluvial_scour,plus4K,41.4,0
Tokachi,right,60.4,overflow,plus4K,41.6,0
Tokachi,right,60.4,fluvial_scour,plus4K,41.6,0
Tokachi,right,60.4,overflow,plus4K,41.8,0
Tokachi,right,60.4,fluvial_scour,plus4K,41.8,0
Tokachi,right,60.4,overflow,plus4K,42,0
Tokachi,right,60.4,fluvial_scour,plus4K,42,0
Tokachi,right,60.4,overflow,plus4K,42.2,0
Tokachi,right,60.4,fluvial_scour,plus4K,42.2,0
Tokachi,right,60.4,overflow,plus4K,42.4,0
Tokachi,right,60.4,fluvial_scour,plus4K,42.4,0
Tokachi,right,60.4,overflow,plus4K,42.6,0
Tokachi,right,60.4,fluvial_scour,plus4K,42.6,0
Tokachi,right,60.4,overflow,plus4K,42.8,0
Tokachi,right,60.4,fluvial_scour,plus4K,42.8,0
Tokachi,right,60.4,overflow,plus4K,43,0
Tokachi,right,60.4,fluvial_scour,plus4K,43,0
Tokachi,right,60.4,overflow,plus4K,43.2,0
Tokachi,right,60.4,fluvial_scour,plus4K,43.2,0
Tokachi,right,60.4,overflow,plus4K,43.4,0
Tokachi,right,60.4,fluvial_scour,plus4K,43.4,0
Tokachi,right,60.4,overflow,plus4K,43.6,0
Tokachi,right,60.4,fluvial_scour,plus4K,43.6,0
Tokachi,right,60.4,overflow,plus4K,43.8,0
Tokachi,right,60.4,fluvial_scour,plus4K,43.8,0
Tokachi,right,60.4,overflow,plus4K,44,0
Tokachi,right,60.4,fluvial_scour,plus4K,44,0
Tokachi,right,60.4,overflow,plus4K,44.2,0
Tokachi,right,60.4,fluvial_scour,plus4K,44.2,0
Tokachi,right,60.4,overflow,plus4K,44.4,0
Tokachi,right,60.4,fluvial_scour,plus4K,44.4,0
Tokachi,right,60.4,overflow,plus4K,44.6,0
Tokachi,right,60.4,fluvial_scour,plus4K,44.6,0
Tokachi,right,60.4,overflow,plus4K,44.8,0
Tokachi,right,60.4,fluvial_scour,plus4K,44.8,0
Tokachi,right,60.4,overflow,plus4K,45,0.0003
Tokachi,right,60.4,fluvial_scour,plus4K,45,0
Tokachi,right,60.4,overflow,plus4K,45.2,0.0029
Tokachi,right,60.4,fluvial_scour,plus4K,45.2,0
Tokachi,right,60.4,overflow,plus4K,45.4,0.0224
Tokachi,right,60.4,fluvial_scour,plus4K,45.4,0
Tokachi,right,60.4,overflow,plus4K,45.6,0.0855
Tokachi,right,60.4,fluvial_scour,plus4K,45.6,0
Tokachi,right,60.4,overflow,plus4K,45.8,0.2503
Tokachi,right,60.4,fluvial_scour,plus4K,45.8,0
Tokachi,right,60.4,overflow,plus4K,46,0.5027
Tokachi,right,60.4,fluvial_scour,plus4K,46,0
Tokachi,right,60.4,overflow,plus4K,46.2,0.7525
Tokachi,right,60.4,fluvial_scour,plus4K,46.2,0
Tokachi,right,60.4,overflow,plus4K,46.4,0.915
Tokachi,right,60.4,fluvial_scour,plus4K,46.4,0
Tokachi,right,60.4,overflow,plus4K,46.6,0.9798
Tokachi,right,60.4,fluvial_scour,plus4K,46.6,0
Tokachi,right,60.4,overflow,plus4K,46.8,0.996
Tokachi,right,60.4,fluvial_scour,plus4K,46.8,0
Tokachi,right,60.4,overflow,plus4K,47,0.9998
Tokachi,right,60.4,fluvial_scour,plus4K,47,0
Tokachi,right,60.4,overflow,plus4K,47.2,1
Tokachi,right,60.4,fluvial_scour,plus4K,47.2,0
Tokachi,right,60.4,overflow,plus4K,47.4,1
Tokachi,right,60.4,fluvial_scour,plus4K,47.4,0
Tokachi,right,60.4,overflow,plus4K,47.6,1
Tokachi,right,60.4,fluvial_scour,plus4K,47.6,0
Tokachi,right,60.4,overflow,plus4K,47.8,1
Tokachi,right,60.4,fluvial_scour,plus4K,47.8,0
Tokachi,right,60.4,overflow,plus4K,48,1
Tokachi,right,60.4,fluvial_scour,plus4K,48,0
Tokachi,right,60.4,overflow,plus4K,48.2,1
Tokachi,right,60.4,fluvial_scour,plus4K,48.2,0
Tokachi,right,60.4,overflow,plus4K,48.4,1
Tokachi,right,60.4,fluvial_scour,plus4K,48.4,0
Tokachi,right,60.4,overflow,plus4K,48.6,1
Tokachi,right,60.4,fluvial_scour,plus4K,48.6,0
Tokachi,right,60.6,overflow,plus4K,41.2,0
Tokachi,right,60.6,fluvial_scour,plus4K,41.2,0
Tokachi,right,60.6,overflow,plus4K,41.4,0
Tokachi,right,60.6,fluvial_scour,plus4K,41.4,0
Tokachi,right,60.6,overflow,plus4K,41.6,0
Tokachi,right,60.6,fluvial_scour,plus4K,41.6,0
Tokachi,right,60.6,overflow,plus4K,41.8,0
Tokachi,right,60.6,fluvial_scour,plus4K,41.8,0
Tokachi,right,60.6,overflow,plus4K,42,0
Tokachi,right,60.6,fluvial_scour,plus4K,42,0
Tokachi,right,60.6,overflow,plus4K,42.2,0
Tokachi,right,60.6,fluvial_scour,plus4K,42.2,0
Tokachi,right,60.6,overflow,plus4K,42.4,0
Tokachi,right,60.6,fluvial_scour,plus4K,42.4,0
Tokachi,right,60.6,overflow,plus4K,42.6,0
Tokachi,right,60.6,fluvial_scour,plus4K,42.6,0
Tokachi,right,60.6,overflow,plus4K,42.8,0
Tokachi,right,60.6,fluvial_scour,plus4K,42.8,0
Tokachi,right,60.6,overflow,plus4K,43,0
Tokachi,right,60.6,fluvial_scour,plus4K,43,0
Tokachi,right,60.6,overflow,plus4K,43.2,0
Tokachi,right,60.6,fluvial_scour,plus4K,43.2,0
Tokachi,right,60.6,overflow,plus4K,43.4,0
Tokachi,right,60.6,fluvial_scour,plus4K,43.4,0
Tokachi,right,60.6,overflow,plus4K,43.6,0
Tokachi,right,60.6,fluvial_scour,plus4K,43.6,0
Tokachi,right,60.6,overflow,plus4K,43.8,0
Tokachi,right,60.6,fluvial_scour,plus4K,43.8,0
Tokachi,right,60.6,overflow,plus4K,44,0
Tokachi,right,60.6,fluvial_scour,plus4K,44,0
Tokachi,right,60.6,overflow,plus4K,44.2,0
Tokachi,right,60.6,fluvial_scour,plus4K,44.2,0
Tokachi,right,60.6,overflow,plus4K,44.4,0
Tokachi,right,60.6,fluvial_scour,plus4K,44.4,0
Tokachi,right,60.6,overflow,plus4K,44.6,0
Tokachi,right,60.6,fluvial_scour,plus4K,44.6,0
Tokachi,right,60.6,overflow,plus4K,44.8,0
Tokachi,right,60.6,fluvial_scour,plus4K,44.8,0
Tokachi,right,60.6,overflow,plus4K,45,0
Tokachi,right,60.6,fluvial_scour,plus4K,45,0
Tokachi,right,60.6,overflow,plus4K,45.2,0
Tokachi,right,60.6,fluvial_scour,plus4K,45.2,0
Tokachi,right,60.6,overflow,plus4K,45.4,0.0015
Tokachi,right,60.6,fluvial_scour,plus4K,45.4,0
Tokachi,right,60.6,overflow,plus4K,45.6,0.0128
Tokachi,right,60.6,fluvial_scour,plus4K,45.6,0
Tokachi,right,60.6,overflow,plus4K,45.8,0.0611
Tokachi,right,60.6,fluvial_scour,plus4K,45.8,0
Tokachi,right,60.6,overflow,plus4K,46,0.2031
Tokachi,right,60.6,fluvial_scour,plus4K,46,0
Tokachi,right,60.6,overflow,plus4K,46.2,0.4327
Tokachi,right,60.6,fluvial_scour,plus4K,46.2,0
Tokachi,right,60.6,overflow,plus4K,46.4,0.6923
Tokachi,right,60.6,fluvial_scour,plus4K,46.4,0
Tokachi,right,60.6,overflow,plus4K,46.6,0.8766
Tokachi,right,60.6,fluvial_scour,plus4K,46.6,0
Tokachi,right,60.6,overflow,plus4K,46.8,0.9659
Tokachi,right,60.6,fluvial_scour,plus4K,46.8,0
Tokachi,right,60.6,overflow,plus4K,47,0.9939
Tokachi,right,60.6,fluvial_scour,plus4K,47,0
Tokachi,right,60.6,overflow,plus4K,47.2,0.9995
Tokachi,right,60.6,fluvial_scour,plus4K,47.2,0
Tokachi,right,60.6,overflow,plus4K,47.4,1
Tokachi,right,60.6,fluvial_scour,plus4K,47.4,0
Tokachi,right,60.6,overflow,plus4K,47.6,1
Tokachi,right,60.6,fluvial_scour,plus4K,47.6,0
Tokachi,right,60.6,overflow,plus4K,47.8,1
Tokachi,right,60.6,fluvial_scour,plus4K,47.8,0
Tokachi,right,60.6,overflow,plus4K,48,1
Tokachi,right,60.6,fluvial_scour,plus4K,48,0
Tokachi,right,60.6,overflow,plus4K,48.2,1
Tokachi,right,60.6,fluvial_scour,plus4K,48.2,0
Tokachi,right,60.6,overflow,plus4K,48.4,1
Tokachi,right,60.6,fluvial_scour,plus4K,48.4,0
Tokachi,right,60.6,overflow,plus4K,48.6,1
Tokachi,right,60.6,fluvial_scour,plus4K,48.6,0
Tokachi,right,60.6,overflow,plus4K,48.8,1
Tokachi,right,60.6,fluvial_scour,plus4K,48.8,0
Tokachi,right,60.6,overflow,plus4K,49,1
Tokachi,right,60.6,fluvial_scour,plus4K,49,0
Tokachi,right,60.8,overflow,plus4K,41.8,0
Tokachi,right,60.8,fluvial_scour,plus4K,41.8,0
Tokachi,right,60.8,overflow,plus4K,42,0
Tokachi,right,60.8,fluvial_scour,plus4K,42,0
Tokachi,right,60.8,overflow,plus4K,42.2,0
Tokachi,right,60.8,fluvial_scour,plus4K,42.2,0
Tokachi,right,60.8,overflow,plus4K,42.4,0
Tokachi,right,60.8,fluvial_scour,plus4K,42.4,0
Tokachi,right,60.8,overflow,plus4K,42.6,0
Tokachi,right,60.8,fluvial_scour,plus4K,42.6,0
Tokachi,right,60.8,overflow,plus4K,42.8,0
Tokachi,right,60.8,fluvial_scour,plus4K,42.8,0
Tokachi,right,60.8,overflow,plus4K,43,0
Tokachi,right,60.8,fluvial_scour,plus4K,43,0
Tokachi,right,60.8,overflow,plus4K,43.2,0
Tokachi,right,60.8,fluvial_scour,plus4K,43.2,0
Tokachi,right,60.8,overflow,plus4K,43.4,0
Tokachi,right,60.8,fluvial_scour,plus4K,43.4,0
Tokachi,right,60.8,overflow,plus4K,43.6,0
Tokachi,right,60.8,fluvial_scour,plus4K,43.6,0
Tokachi,right,60.8,overflow,plus4K,43.8,0
Tokachi,right,60.8,fluvial_scour,plus4K,43.8,0
Tokachi,right,60.8,overflow,plus4K,44,0
Tokachi,right,60.8,fluvial_scour,plus4K,44,0
Tokachi,right,60.8,overflow,plus4K,44.2,0
Tokachi,right,60.8,fluvial_scour,plus4K,44.2,0
Tokachi,right,60.8,overflow,plus4K,44.4,0
Tokachi,right,60.8,fluvial_scour,plus4K,44.4,0
Tokachi,right,60.8,overflow,plus4K,44.6,0
Tokachi,right,60.8,fluvial_scour,plus4K,44.6,0
Tokachi,right,60.8,overflow,plus4K,44.8,0
Tokachi,right,60.8,fluvial_scour,plus4K,44.8,0
Tokachi,right,60.8,overflow,plus4K,45,0
Tokachi,right,60.8,fluvial_scour,plus4K,45,0
Tokachi,right,60.8,overflow,plus4K,45.2,0
Tokachi,right,60.8,fluvial_scour,plus4K,45.2,0
Tokachi,right,60.8,overflow,plus4K,45.4,0
Tokachi,right,60.8,fluvial_scour,plus4K,45.4,0
Tokachi,right,60.8,overflow,plus4K,45.6,0.0006
Tokachi,right,60.8,fluvial_scour,plus4K,45.6,0
Tokachi,right,60.8,overflow,plus4K,45.8,0.0021
Tokachi,right,60.8,fluvial_scour,plus4K,45.8,0
Tokachi,right,60.8,overflow,plus4K,46,0.0051
Tokachi,right,60.8,fluvial_scour,plus4K,46,0
Tokachi,right,60.8,overflow,plus4K,46.2,0.0125
Tokachi,right,60.8,fluvial_scour,plus4K,46.2,0
Tokachi,right,60.8,overflow,plus4K,46.4,0.0254
Tokachi,right,60.8,fluvial_scour,plus4K,46.4,0
Tokachi,right,60.8,overflow,plus4K,46.6,0.0501
Tokachi,right,60.8,fluvial_scour,plus4K,46.6,0
Tokachi,right,60.8,overflow,plus4K,46.8,0.0936
Tokachi,right,60.8,fluvial_scour,plus4K,46.8,0
Tokachi,right,60.8,overflow,plus4K,47,0.1526
Tokachi,right,60.8,fluvial_scour,plus4K,47,0
Tokachi,right,60.8,overflow,plus4K,47.2,0.2309
Tokachi,right,60.8,fluvial_scour,plus4K,47.2,0
Tokachi,right,60.8,overflow,plus4K,47.4,0.3273
Tokachi,right,60.8,fluvial_scour,plus4K,47.4,0
Tokachi,right,60.8,overflow,plus4K,47.6,0.4398
Tokachi,right,60.8,fluvial_scour,plus4K,47.6,0
Tokachi,right,60.8,overflow,plus4K,47.8,0.559
Tokachi,right,60.8,fluvial_scour,plus4K,47.8,0
Tokachi,right,60.8,overflow,plus4K,48,0.671
Tokachi,right,60.8,fluvial_scour,plus4K,48,0
Tokachi,right,60.8,overflow,plus4K,48.2,0.7746
Tokachi,right,60.8,fluvial_scour,plus4K,48.2,0
Tokachi,right,60.8,overflow,plus4K,48.4,0.8567
Tokachi,right,60.8,fluvial_scour,plus4K,48.4,0
Tokachi,right,60.8,overflow,plus4K,48.6,0.9131
Tokachi,right,60.8,fluvial_scour,plus4K,48.6,0
Tokachi,right,60.8,overflow,plus4K,48.8,0.9517
Tokachi,right,60.8,fluvial_scour,plus4K,48.8,0
Tokachi,right,60.8,overflow,plus4K,49,0.9723
Tokachi,right,60.8,fluvial_scour,plus4K,49,0
Tokachi,right,60.8,overflow,plus4K,49.2,0.9854
Tokachi,right,60.8,fluvial_scour,plus4K,49.2,0
Tokachi,right,60.8,overflow,plus4K,49.4,0.9936
Tokachi,right,60.8,fluvial_scour,plus4K,49.4,0
Tokachi,right,60.8,overflow,plus4K,49.6,0.9981
Tokachi,right,60.8,fluvial_scour,plus4K,49.6,0
Tokachi,right,60.8,overflow,plus4K,49.8,0.9994
Tokachi,right,60.8,fluvial_scour,plus4K,49.8,0
Tokachi,right,60.8,overflow,plus4K,50,0.9997
Tokachi,right,60.8,fluvial_scour,plus4K,50,0
Tokachi,right,60.8,overflow,plus4K,50.2,0.9999
Tokachi,right,60.8,fluvial_scour,plus4K,50.2,0
Tokachi,right,60.8,overflow,plus4K,50.4,1
Tokachi,right,60.8,fluvial_scour,plus4K,50.4,0
Tokachi,right,61,overflow,plus4K,42.2,0
Tokachi,right,61,fluvial_scour,plus4K,42.2,0
Tokachi,right,61,overflow,plus4K,42.4,0
Tokachi,right,61,fluvial_scour,plus4K,42.4,0
Tokachi,right,61,overflow,plus4K,42.6,0
Tokachi,right,61,fluvial_scour,plus4K,42.6,0
Tokachi,right,61,overflow,plus4K,42.8,0
Tokachi,right,61,fluvial_scour,plus4K,42.8,0
Tokachi,right,61,overflow,plus4K,43,0
Tokachi,right,61,fluvial_scour,plus4K,43,0
Tokachi,right,61,overflow,plus4K,43.2,0
Tokachi,right,61,fluvial_scour,plus4K,43.2,0
Tokachi,right,61,overflow,plus4K,43.4,0
Tokachi,right,61,fluvial_scour,plus4K,43.4,0
Tokachi,right,61,overflow,plus4K,43.6,0
Tokachi,right,61,fluvial_scour,plus4K,43.6,0
Tokachi,right,61,overflow,plus4K,43.8,0
Tokachi,right,61,fluvial_scour,plus4K,43.8,0
Tokachi,right,61,overflow,plus4K,44,0
Tokachi,right,61,fluvial_scour,plus4K,44,0
Tokachi,right,61,overflow,plus4K,44.2,0
Tokachi,right,61,fluvial_scour,plus4K,44.2,0
Tokachi,right,61,overflow,plus4K,44.4,0
Tokachi,right,61,fluvial_scour,plus4K,44.4,0
Tokachi,right,61,overflow,plus4K,44.6,0
Tokachi,right,61,fluvial_scour,plus4K,44.6,0
Tokachi,right,61,overflow,plus4K,44.8,0
Tokachi,right,61,fluvial_scour,plus4K,44.8,0
Tokachi,right,61,overflow,plus4K,45,0
Tokachi,right,61,fluvial_scour,plus4K,45,0
Tokachi,right,61,overflow,plus4K,45.2,0
Tokachi,right,61,fluvial_scour,plus4K,45.2,0
Tokachi,right,61,overflow,plus4K,45.4,0
Tokachi,right,61,fluvial_scour,plus4K,45.4,0
Tokachi,right,61,overflow,plus4K,45.6,0
Tokachi,right,61,fluvial_scour,plus4K,45.6,0
Tokachi,right,61,overflow,plus4K,45.8,0.0002
Tokachi,right,61,fluvial_scour,plus4K,45.8,0
Tokachi,right,61,overflow,plus4K,46,0.002
Tokachi,right,61,fluvial_scour,plus4K,46,0
Tokachi,right,61,overflow,plus4K,46.2,0.0127
Tokachi,right,61,fluvial_scour,plus4K,46.2,0
Tokachi,right,61,overflow,plus4K,46.4,0.0585
Tokachi,right,61,fluvial_scour,plus4K,46.4,0
Tokachi,right,61,overflow,plus4K,46.6,0.1841
Tokachi,right,61,fluvial_scour,plus4K,46.6,0
Tokachi,right,61,overflow,plus4K,46.8,0.406
Tokachi,right,61,fluvial_scour,plus4K,46.8,0
Tokachi,right,61,overflow,plus4K,47,0.6749
Tokachi,right,61,fluvial_scour,plus4K,47,0
Tokachi,right,61,overflow,plus4K,47.2,0.8715
Tokachi,right,61,fluvial_scour,plus4K,47.2,0
Tokachi,right,61,overflow,plus4K,47.4,0.9637
Tokachi,right,61,fluvial_scour,plus4K,47.4,0
Tokachi,right,61,overflow,plus4K,47.6,0.9931
Tokachi,right,61,fluvial_scour,plus4K,47.6,0
Tokachi,right,61,overflow,plus4K,47.8,0.9997
Tokachi,right,61,fluvial_scour,plus4K,47.8,0
Tokachi,right,61,overflow,plus4K,48,1
Tokachi,right,61,fluvial_scour,plus4K,48,0
Tokachi,right,61,overflow,plus4K,48.2,1
Tokachi,right,61,fluvial_scour,plus4K,48.2,0
Tokachi,right,61,overflow,plus4K,48.4,1
Tokachi,right,61,fluvial_scour,plus4K,48.4,0
Tokachi,right,61,overflow,plus4K,48.6,1
Tokachi,right,61,fluvial_scour,plus4K,48.6,0
Tokachi,right,61,overflow,plus4K,48.8,1
Tokachi,right,61,fluvial_scour,plus4K,48.8,0
Tokachi,right,61,overflow,plus4K,49,1
Tokachi,right,61,fluvial_scour,plus4K,49,0
Tokachi,right,61,overflow,plus4K,49.2,1
Tokachi,right,61,fluvial_scour,plus4K,49.2,0
Tokachi,right,61,overflow,plus4K,49.4,1
Tokachi,right,61,fluvial_scour,plus4K,49.4,0
Tokachi,right,61,overflow,plus4K,49.6,1
Tokachi,right,61,fluvial_scour,plus4K,49.6,0
Tokachi,right,61.2,overflow,plus4K,42,0
Tokachi,right,61.2,fluvial_scour,plus4K,42,0
Tokachi,right,61.2,overflow,plus4K,42.2,0
Tokachi,right,61.2,fluvial_scour,plus4K,42.2,0
Tokachi,right,61.2,overflow,plus4K,42.4,0
Tokachi,right,61.2,fluvial_scour,plus4K,42.4,0
Tokachi,right,61.2,overflow,plus4K,42.6,0
Tokachi,right,61.2,fluvial_scour,plus4K,42.6,0
Tokachi,right,61.2,overflow,plus4K,42.8,0
Tokachi,right,61.2,fluvial_scour,plus4K,42.8,0
Tokachi,right,61.2,overflow,plus4K,43,0
Tokachi,right,61.2,fluvial_scour,plus4K,43,0
Tokachi,right,61.2,overflow,plus4K,43.2,0
Tokachi,right,61.2,fluvial_scour,plus4K,43.2,0
Tokachi,right,61.2,overflow,plus4K,43.4,0
Tokachi,right,61.2,fluvial_scour,plus4K,43.4,0
Tokachi,right,61.2,overflow,plus4K,43.6,0
Tokachi,right,61.2,fluvial_scour,plus4K,43.6,0
Tokachi,right,61.2,overflow,plus4K,43.8,0
Tokachi,right,61.2,fluvial_scour,plus4K,43.8,0
Tokachi,right,61.2,overflow,plus4K,44,0
Tokachi,right,61.2,fluvial_scour,plus4K,44,0
Tokachi,right,61.2,overflow,plus4K,44.2,0
Tokachi,right,61.2,fluvial_scour,plus4K,44.2,0
Tokachi,right,61.2,overflow,plus4K,44.4,0
Tokachi,right,61.2,fluvial_scour,plus4K,44.4,0
Tokachi,right,61.2,overflow,plus4K,44.6,0
Tokachi,right,61.2,fluvial_scour,plus4K,44.6,0
Tokachi,right,61.2,overflow,plus4K,44.8,0
Tokachi,right,61.2,fluvial_scour,plus4K,44.8,0
Tokachi,right,61.2,overflow,plus4K,45,0
Tokachi,right,61.2,fluvial_scour,plus4K,45,0
Tokachi,right,61.2,overflow,plus4K,45.2,0
Tokachi,right,61.2,fluvial_scour,plus4K,45.2,0
Tokachi,right,61.2,overflow,plus4K,45.4,0
Tokachi,right,61.2,fluvial_scour,plus4K,45.4,0
Tokachi,right,61.2,overflow,plus4K,45.6,0
Tokachi,right,61.2,fluvial_scour,plus4K,45.6,0
Tokachi,right,61.2,overflow,plus4K,45.8,0
Tokachi,right,61.2,fluvial_scour,plus4K,45.8,0
Tokachi,right,61.2,overflow,plus4K,46,0.0001
Tokachi,right,61.2,fluvial_scour,plus4K,46,0
Tokachi,right,61.2,overflow,plus4K,46.2,0.0008
Tokachi,right,61.2,fluvial_scour,plus4K,46.2,0
Tokachi,right,61.2,overflow,plus4K,46.4,0.0071
Tokachi,right,61.2,fluvial_scour,plus4K,46.4,0
Tokachi,right,61.2,overflow,plus4K,46.6,0.0371
Tokachi,right,61.2,fluvial_scour,plus4K,46.6,0
Tokachi,right,61.2,overflow,plus4K,46.8,0.1355
Tokachi,right,61.2,fluvial_scour,plus4K,46.8,0
Tokachi,right,61.2,overflow,plus4K,47,0.3241
Tokachi,right,61.2,fluvial_scour,plus4K,47,0
Tokachi,right,61.2,overflow,plus4K,47.2,0.5894
Tokachi,right,61.2,fluvial_scour,plus4K,47.2,0
Tokachi,right,61.2,overflow,plus4K,47.4,0.8141
Tokachi,right,61.2,fluvial_scour,plus4K,47.4,0
Tokachi,right,61.2,overflow,plus4K,47.6,0.9452
Tokachi,right,61.2,fluvial_scour,plus4K,47.6,0
Tokachi,right,61.2,overflow,plus4K,47.8,0.9886
Tokachi,right,61.2,fluvial_scour,plus4K,47.8,0
Tokachi,right,61.2,overflow,plus4K,48,0.9985
Tokachi,right,61.2,fluvial_scour,plus4K,48,0
Tokachi,right,61.2,overflow,plus4K,48.2,0.9997
Tokachi,right,61.2,fluvial_scour,plus4K,48.2,0
Tokachi,right,61.2,overflow,plus4K,48.4,1
Tokachi,right,61.2,fluvial_scour,plus4K,48.4,0
Tokachi,right,61.2,overflow,plus4K,48.6,1
Tokachi,right,61.2,fluvial_scour,plus4K,48.6,0
Tokachi,right,61.2,overflow,plus4K,48.8,1
Tokachi,right,61.2,fluvial_scour,plus4K,48.8,0
Tokachi,right,61.2,overflow,plus4K,49,1
Tokachi,right,61.2,fluvial_scour,plus4K,49,0
Tokachi,right,61.2,overflow,plus4K,49.2,1
Tokachi,right,61.2,fluvial_scour,plus4K,49.2,0
Tokachi,right,61.2,overflow,plus4K,49.4,1
Tokachi,right,61.2,fluvial_scour,plus4K,49.4,0
Tokachi,right,61.2,overflow,plus4K,49.6,1
Tokachi,right,61.2,fluvial_scour,plus4K,49.6,0
Tokachi,right,61.2,overflow,plus4K,49.8,1
Tokachi,right,61.2,fluvial_scour,plus4K,49.8,0
Tokachi,right,61.4,overflow,plus4K,42.6,0
Tokachi,right,61.4,fluvial_scour,plus4K,42.6,0
Tokachi,right,61.4,overflow,plus4K,42.8,0
Tokachi,right,61.4,fluvial_scour,plus4K,42.8,0
Tokachi,right,61.4,overflow,plus4K,43,0
Tokachi,right,61.4,fluvial_scour,plus4K,43,0
Tokachi,right,61.4,overflow,plus4K,43.2,0
Tokachi,right,61.4,fluvial_scour,plus4K,43.2,0
Tokachi,right,61.4,overflow,plus4K,43.4,0
Tokachi,right,61.4,fluvial_scour,plus4K,43.4,0
Tokachi,right,61.4,overflow,plus4K,43.6,0
Tokachi,right,61.4,fluvial_scour,plus4K,43.6,0
Tokachi,right,61.4,overflow,plus4K,43.8,0
Tokachi,right,61.4,fluvial_scour,plus4K,43.8,0
Tokachi,right,61.4,overflow,plus4K,44,0
Tokachi,right,61.4,fluvial_scour,plus4K,44,0
Tokachi,right,61.4,overflow,plus4K,44.2,0
Tokachi,right,61.4,fluvial_scour,plus4K,44.2,0
Tokachi,right,61.4,overflow,plus4K,44.4,0
Tokachi,right,61.4,fluvial_scour,plus4K,44.4,0
Tokachi,right,61.4,overflow,plus4K,44.6,0
Tokachi,right,61.4,fluvial_scour,plus4K,44.6,0
Tokachi,right,61.4,overflow,plus4K,44.8,0
Tokachi,right,61.4,fluvial_scour,plus4K,44.8,0
Tokachi,right,61.4,overflow,plus4K,45,0
Tokachi,right,61.4,fluvial_scour,plus4K,45,0
Tokachi,right,61.4,overflow,plus4K,45.2,0
Tokachi,right,61.4,fluvial_scour,plus4K,45.2,0
Tokachi,right,61.4,overflow,plus4K,45.4,0
Tokachi,right,61.4,fluvial_scour,plus4K,45.4,0
Tokachi,right,61.4,overflow,plus4K,45.6,0
Tokachi,right,61.4,fluvial_scour,plus4K,45.6,0
Tokachi,right,61.4,overflow,plus4K,45.8,0
Tokachi,right,61.4,fluvial_scour,plus4K,45.8,0
Tokachi,right,61.4,overflow,plus4K,46,0
Tokachi,right,61.4,fluvial_scour,plus4K,46,0
Tokachi,right,61.4,overflow,plus4K,46.2,0
Tokachi,right,61.4,fluvial_scour,plus4K,46.2,0
Tokachi,right,61.4,overflow,plus4K,46.4,0
Tokachi,right,61.4,fluvial_scour,plus4K,46.4,0
Tokachi,right,61.4,overflow,plus4K,46.6,0.0002
Tokachi,right,61.4,fluvial_scour,plus4K,46.6,0
Tokachi,right,61.4,overflow,plus4K,46.8,0.0057
Tokachi,right,61.4,fluvial_scour,plus4K,46.8,0
Tokachi,right,61.4,overflow,plus4K,47,0.0377
Tokachi,right,61.4,fluvial_scour,plus4K,47,0
Tokachi,right,61.4,overflow,plus4K,47.2,0.139
Tokachi,right,61.4,fluvial_scour,plus4K,47.2,0
Tokachi,right,61.4,overflow,plus4K,47.4,0.3495
Tokachi,right,61.4,fluvial_scour,plus4K,47.4,0
Tokachi,right,61.4,overflow,plus4K,47.6,0.6106
Tokachi,right,61.4,fluvial_scour,plus4K,47.6,0
Tokachi,right,61.4,overflow,plus4K,47.8,0.8231
Tokachi,right,61.4,fluvial_scour,plus4K,47.8,0
Tokachi,right,61.4,overflow,plus4K,48,0.9456
Tokachi,right,61.4,fluvial_scour,plus4K,48,0
Tokachi,right,61.4,overflow,plus4K,48.2,0.9885
Tokachi,right,61.4,fluvial_scour,plus4K,48.2,0
Tokachi,right,61.4,overflow,plus4K,48.4,0.9975
Tokachi,right,61.4,fluvial_scour,plus4K,48.4,0
Tokachi,right,61.4,overflow,plus4K,48.6,0.9998
Tokachi,right,61.4,fluvial_scour,plus4K,48.6,0
Tokachi,right,61.4,overflow,plus4K,48.8,1
Tokachi,right,61.4,fluvial_scour,plus4K,48.8,0
Tokachi,right,61.4,overflow,plus4K,49,1
Tokachi,right,61.4,fluvial_scour,plus4K,49,0
Tokachi,right,61.4,overflow,plus4K,49.2,1
Tokachi,right,61.4,fluvial_scour,plus4K,49.2,0
Tokachi,right,61.4,overflow,plus4K,49.4,1
Tokachi,right,61.4,fluvial_scour,plus4K,49.4,0
Tokachi,right,61.4,overflow,plus4K,49.6,1
Tokachi,right,61.4,fluvial_scour,plus4K,49.6,0
Tokachi,right,61.4,overflow,plus4K,49.8,1
Tokachi,right,61.4,fluvial_scour,plus4K,49.8,0
Tokachi,right,61.4,overflow,plus4K,50,1
Tokachi,right,61.4,fluvial_scour,plus4K,50,0
Tokachi,right,61.4,overflow,plus4K,50.2,1
Tokachi,right,61.4,fluvial_scour,plus4K,50.2,0
Tokachi,right,61.6,overflow,plus4K,42.6,0
Tokachi,right,61.6,fluvial_scour,plus4K,42.6,0
Tokachi,right,61.6,overflow,plus4K,42.8,0
Tokachi,right,61.6,fluvial_scour,plus4K,42.8,0
Tokachi,right,61.6,overflow,plus4K,43,0
Tokachi,right,61.6,fluvial_scour,plus4K,43,0
Tokachi,right,61.6,overflow,plus4K,43.2,0
Tokachi,right,61.6,fluvial_scour,plus4K,43.2,0
Tokachi,right,61.6,overflow,plus4K,43.4,0
Tokachi,right,61.6,fluvial_scour,plus4K,43.4,0
Tokachi,right,61.6,overflow,plus4K,43.6,0
Tokachi,right,61.6,fluvial_scour,plus4K,43.6,0
Tokachi,right,61.6,overflow,plus4K,43.8,0
Tokachi,right,61.6,fluvial_scour,plus4K,43.8,0
Tokachi,right,61.6,overflow,plus4K,44,0
Tokachi,right,61.6,fluvial_scour,plus4K,44,0
Tokachi,right,61.6,overflow,plus4K,44.2,0
Tokachi,right,61.6,fluvial_scour,plus4K,44.2,0
Tokachi,right,61.6,overflow,plus4K,44.4,0
Tokachi,right,61.6,fluvial_scour,plus4K,44.4,0
Tokachi,right,61.6,overflow,plus4K,44.6,0
Tokachi,right,61.6,fluvial_scour,plus4K,44.6,0
Tokachi,right,61.6,overflow,plus4K,44.8,0
Tokachi,right,61.6,fluvial_scour,plus4K,44.8,0
Tokachi,right,61.6,overflow,plus4K,45,0
Tokachi,right,61.6,fluvial_scour,plus4K,45,0
Tokachi,right,61.6,overflow,plus4K,45.2,0
Tokachi,right,61.6,fluvial_scour,plus4K,45.2,0
Tokachi,right,61.6,overflow,plus4K,45.4,0
Tokachi,right,61.6,fluvial_scour,plus4K,45.4,0
Tokachi,right,61.6,overflow,plus4K,45.6,0
Tokachi,right,61.6,fluvial_scour,plus4K,45.6,0
Tokachi,right,61.6,overflow,plus4K,45.8,0
Tokachi,right,61.6,fluvial_scour,plus4K,45.8,0
Tokachi,right,61.6,overflow,plus4K,46,0
Tokachi,right,61.6,fluvial_scour,plus4K,46,0
Tokachi,right,61.6,overflow,plus4K,46.2,0
Tokachi,right,61.6,fluvial_scour,plus4K,46.2,0
Tokachi,right,61.6,overflow,plus4K,46.4,0
Tokachi,right,61.6,fluvial_scour,plus4K,46.4,0
Tokachi,right,61.6,overflow,plus4K,46.6,0
Tokachi,right,61.6,fluvial_scour,plus4K,46.6,0
Tokachi,right,61.6,overflow,plus4K,46.8,0
Tokachi,right,61.6,fluvial_scour,plus4K,46.8,0
Tokachi,right,61.6,overflow,plus4K,47,0
Tokachi,right,61.6,fluvial_scour,plus4K,47,0
Tokachi,right,61.6,overflow,plus4K,47.2,0.0008
Tokachi,right,61.6,fluvial_scour,plus4K,47.2,0
Tokachi,right,61.6,overflow,plus4K,47.4,0.0091
Tokachi,right,61.6,fluvial_scour,plus4K,47.4,0
Tokachi,right,61.6,overflow,plus4K,47.6,0.0473
Tokachi,right,61.6,fluvial_scour,plus4K,47.6,0
Tokachi,right,61.6,overflow,plus4K,47.8,0.1623
Tokachi,right,61.6,fluvial_scour,plus4K,47.8,0
Tokachi,right,61.6,overflow,plus4K,48,0.3807
Tokachi,right,61.6,fluvial_scour,plus4K,48,0
Tokachi,right,61.6,overflow,plus4K,48.2,0.6452
Tokachi,right,61.6,fluvial_scour,plus4K,48.2,0
Tokachi,right,61.6,overflow,plus4K,48.4,0.8546
Tokachi,right,61.6,fluvial_scour,plus4K,48.4,0
Tokachi,right,61.6,overflow,plus4K,48.6,0.9576
Tokachi,right,61.6,fluvial_scour,plus4K,48.6,0
Tokachi,right,61.6,overflow,plus4K,48.8,0.992
Tokachi,right,61.6,fluvial_scour,plus4K,48.8,0
Tokachi,right,61.6,overflow,plus4K,49,0.999
Tokachi,right,61.6,fluvial_scour,plus4K,49,0
Tokachi,right,61.6,overflow,plus4K,49.2,1
Tokachi,right,61.6,fluvial_scour,plus4K,49.2,0
Tokachi,right,61.6,overflow,plus4K,49.4,1
Tokachi,right,61.6,fluvial_scour,plus4K,49.4,0
Tokachi,right,61.6,overflow,plus4K,49.6,1
Tokachi,right,61.6,fluvial_scour,plus4K,49.6,0
Tokachi,right,61.6,overflow,plus4K,49.8,1
Tokachi,right,61.6,fluvial_scour,plus4K,49.8,0
Tokachi,right,61.6,overflow,plus4K,50,1
Tokachi,right,61.6,fluvial_scour,plus4K,50,0
Tokachi,right,61.6,overflow,plus4K,50.2,1
Tokachi,right,61.6,fluvial_scour,plus4K,50.2,0
Tokachi,right,61.6,overflow,plus4K,50.4,1
Tokachi,right,61.6,fluvial_scour,plus4K,50.4,0
Tokachi,right,61.6,overflow,plus4K,50.6,1
Tokachi,right,61.6,fluvial_scour,plus4K,50.6,0
Tokachi,right,61.6,overflow,plus4K,50.8,1
Tokachi,right,61.6,fluvial_scour,plus4K,50.8,0
Tokachi,right,61.8,overflow,plus4K,43.4,0
Tokachi,right,61.8,fluvial_scour,plus4K,43.4,0
Tokachi,right,61.8,overflow,plus4K,43.6,0
Tokachi,right,61.8,fluvial_scour,plus4K,43.6,0
Tokachi,right,61.8,overflow,plus4K,43.8,0
Tokachi,right,61.8,fluvial_scour,plus4K,43.8,0
Tokachi,right,61.8,overflow,plus4K,44,0
Tokachi,right,61.8,fluvial_scour,plus4K,44,0
Tokachi,right,61.8,overflow,plus4K,44.2,0
Tokachi,right,61.8,fluvial_scour,plus4K,44.2,0
Tokachi,right,61.8,overflow,plus4K,44.4,0
Tokachi,right,61.8,fluvial_scour,plus4K,44.4,0
Tokachi,right,61.8,overflow,plus4K,44.6,0
Tokachi,right,61.8,fluvial_scour,plus4K,44.6,0
Tokachi,right,61.8,overflow,plus4K,44.8,0
Tokachi,right,61.8,fluvial_scour,plus4K,44.8,0
Tokachi,right,61.8,overflow,plus4K,45,0
Tokachi,right,61.8,fluvial_scour,plus4K,45,0
Tokachi,right,61.8,overflow,plus4K,45.2,0
Tokachi,right,61.8,fluvial_scour,plus4K,45.2,0
Tokachi,right,61.8,overflow,plus4K,45.4,0
Tokachi,right,61.8,fluvial_scour,plus4K,45.4,0
Tokachi,right,61.8,overflow,plus4K,45.6,0
Tokachi,right,61.8,fluvial_scour,plus4K,45.6,0
Tokachi,right,61.8,overflow,plus4K,45.8,0
Tokachi,right,61.8,fluvial_scour,plus4K,45.8,0
Tokachi,right,61.8,overflow,plus4K,46,0
Tokachi,right,61.8,fluvial_scour,plus4K,46,0
Tokachi,right,61.8,overflow,plus4K,46.2,0
Tokachi,right,61.8,fluvial_scour,plus4K,46.2,0
Tokachi,right,61.8,overflow,plus4K,46.4,0
Tokachi,right,61.8,fluvial_scour,plus4K,46.4,0
Tokachi,right,61.8,overflow,plus4K,46.6,0
Tokachi,right,61.8,fluvial_scour,plus4K,46.6,0
Tokachi,right,61.8,overflow,plus4K,46.8,0
Tokachi,right,61.8,fluvial_scour,plus4K,46.8,0
Tokachi,right,61.8,overflow,plus4K,47,0
Tokachi,right,61.8,fluvial_scour,plus4K,47,0
Tokachi,right,61.8,overflow,plus4K,47.2,0
Tokachi,right,61.8,fluvial_scour,plus4K,47.2,0
Tokachi,right,61.8,overflow,plus4K,47.4,0.0003
Tokachi,right,61.8,fluvial_scour,plus4K,47.4,0
Tokachi,right,61.8,overflow,plus4K,47.6,0.0023
Tokachi,right,61.8,fluvial_scour,plus4K,47.6,0
Tokachi,right,61.8,overflow,plus4K,47.8,0.0147
Tokachi,right,61.8,fluvial_scour,plus4K,47.8,0
Tokachi,right,61.8,overflow,plus4K,48,0.0672
Tokachi,right,61.8,fluvial_scour,plus4K,48,0
Tokachi,right,61.8,overflow,plus4K,48.2,0.2029
Tokachi,right,61.8,fluvial_scour,plus4K,48.2,0
Tokachi,right,61.8,overflow,plus4K,48.4,0.4475
Tokachi,right,61.8,fluvial_scour,plus4K,48.4,0
Tokachi,right,61.8,overflow,plus4K,48.6,0.7093
Tokachi,right,61.8,fluvial_scour,plus4K,48.6,0
Tokachi,right,61.8,overflow,plus4K,48.8,0.8883
Tokachi,right,61.8,fluvial_scour,plus4K,48.8,0
Tokachi,right,61.8,overflow,plus4K,49,0.9727
Tokachi,right,61.8,fluvial_scour,plus4K,49,0
Tokachi,right,61.8,overflow,plus4K,49.2,0.9958
Tokachi,right,61.8,fluvial_scour,plus4K,49.2,0
Tokachi,right,61.8,overflow,plus4K,49.4,0.9995
Tokachi,right,61.8,fluvial_scour,plus4K,49.4,0
Tokachi,right,61.8,overflow,plus4K,49.6,1
Tokachi,right,61.8,fluvial_scour,plus4K,49.6,0
Tokachi,right,61.8,overflow,plus4K,49.8,1
Tokachi,right,61.8,fluvial_scour,plus4K,49.8,0
Tokachi,right,61.8,overflow,plus4K,50,1
Tokachi,right,61.8,fluvial_scour,plus4K,50,0
Tokachi,right,61.8,overflow,plus4K,50.2,1
Tokachi,right,61.8,fluvial_scour,plus4K,50.2,0
Tokachi,right,61.8,overflow,plus4K,50.4,1
Tokachi,right,61.8,fluvial_scour,plus4K,50.4,0
Tokachi,right,61.8,overflow,plus4K,50.6,1
Tokachi,right,61.8,fluvial_scour,plus4K,50.6,0
Tokachi,right,61.8,overflow,plus4K,50.8,1
Tokachi,right,61.8,fluvial_scour,plus4K,50.8,0
Tokachi,right,61.8,overflow,plus4K,51,1
Tokachi,right,61.8,fluvial_scour,plus4K,51,0
Tokachi,right,61.8,overflow,plus4K,51.2,1
Tokachi,right,61.8,fluvial_scour,plus4K,51.2,0
Tokachi,right,62,overflow,plus4K,43.8,0
Tokachi,right,62,fluvial_scour,plus4K,43.8,0
Tokachi,right,62,overflow,plus4K,44,0
Tokachi,right,62,fluvial_scour,plus4K,44,0
Tokachi,right,62,overflow,plus4K,44.2,0
Tokachi,right,62,fluvial_scour,plus4K,44.2,0
Tokachi,right,62,overflow,plus4K,44.4,0
Tokachi,right,62,fluvial_scour,plus4K,44.4,0
Tokachi,right,62,overflow,plus4K,44.6,0
Tokachi,right,62,fluvial_scour,plus4K,44.6,0
Tokachi,right,62,overflow,plus4K,44.8,0
Tokachi,right,62,fluvial_scour,plus4K,44.8,0
Tokachi,right,62,overflow,plus4K,45,0
Tokachi,right,62,fluvial_scour,plus4K,45,0
Tokachi,right,62,overflow,plus4K,45.2,0
Tokachi,right,62,fluvial_scour,plus4K,45.2,0
Tokachi,right,62,overflow,plus4K,45.4,0
Tokachi,right,62,fluvial_scour,plus4K,45.4,0
Tokachi,right,62,overflow,plus4K,45.6,0
Tokachi,right,62,fluvial_scour,plus4K,45.6,0
Tokachi,right,62,overflow,plus4K,45.8,0
Tokachi,right,62,fluvial_scour,plus4K,45.8,0
Tokachi,right,62,overflow,plus4K,46,0
Tokachi,right,62,fluvial_scour,plus4K,46,0
Tokachi,right,62,overflow,plus4K,46.2,0
Tokachi,right,62,fluvial_scour,plus4K,46.2,0
Tokachi,right,62,overflow,plus4K,46.4,0
Tokachi,right,62,fluvial_scour,plus4K,46.4,0
Tokachi,right,62,overflow,plus4K,46.6,0
Tokachi,right,62,fluvial_scour,plus4K,46.6,0
Tokachi,right,62,overflow,plus4K,46.8,0
Tokachi,right,62,fluvial_scour,plus4K,46.8,0
Tokachi,right,62,overflow,plus4K,47,0
Tokachi,right,62,fluvial_scour,plus4K,47,0
Tokachi,right,62,overflow,plus4K,47.2,0
Tokachi,right,62,fluvial_scour,plus4K,47.2,0
Tokachi,right,62,overflow,plus4K,47.4,0
Tokachi,right,62,fluvial_scour,plus4K,47.4,0
Tokachi,right,62,overflow,plus4K,47.6,0
Tokachi,right,62,fluvial_scour,plus4K,47.6,0
Tokachi,right,62,overflow,plus4K,47.8,0
Tokachi,right,62,fluvial_scour,plus4K,47.8,0
Tokachi,right,62,overflow,plus4K,48,0.0009
Tokachi,right,62,fluvial_scour,plus4K,48,0
Tokachi,right,62,overflow,plus4K,48.2,0.0048
Tokachi,right,62,fluvial_scour,plus4K,48.2,0
Tokachi,right,62,overflow,plus4K,48.4,0.0272
Tokachi,right,62,fluvial_scour,plus4K,48.4,0
Tokachi,right,62,overflow,plus4K,48.6,0.1111
Tokachi,right,62,fluvial_scour,plus4K,48.6,0
Tokachi,right,62,overflow,plus4K,48.8,0.2925
Tokachi,right,62,fluvial_scour,plus4K,48.8,0
Tokachi,right,62,overflow,plus4K,49,0.547
Tokachi,right,62,fluvial_scour,plus4K,49,0
Tokachi,right,62,overflow,plus4K,49.2,0.7857
Tokachi,right,62,fluvial_scour,plus4K,49.2,0
Tokachi,right,62,overflow,plus4K,49.4,0.9302
Tokachi,right,62,fluvial_scour,plus4K,49.4,0
Tokachi,right,62,overflow,plus4K,49.6,0.9839
Tokachi,right,62,fluvial_scour,plus4K,49.6,0
Tokachi,right,62,overflow,plus4K,49.8,0.9974
Tokachi,right,62,fluvial_scour,plus4K,49.8,0
Tokachi,right,62,overflow,plus4K,50,0.9998
Tokachi,right,62,fluvial_scour,plus4K,50,0
Tokachi,right,62,overflow,plus4K,50.2,1
Tokachi,right,62,fluvial_scour,plus4K,50.2,0
Tokachi,right,62,overflow,plus4K,50.4,1
Tokachi,right,62,fluvial_scour,plus4K,50.4,0
Tokachi,right,62,overflow,plus4K,50.6,1
Tokachi,right,62,fluvial_scour,plus4K,50.6,0
Tokachi,right,62,overflow,plus4K,50.8,1
Tokachi,right,62,fluvial_scour,plus4K,50.8,0
Tokachi,right,62,overflow,plus4K,51,1
Tokachi,right,62,fluvial_scour,plus4K,51,0
Tokachi,right,62,overflow,plus4K,51.2,1
Tokachi,right,62,fluvial_scour,plus4K,51.2,0
Tokachi,right,62,overflow,plus4K,51.4,1
Tokachi,right,62,fluvial_scour,plus4K,51.4,0
Tokachi,right,62,overflow,plus4K,51.6,1
Tokachi,right,62,fluvial_scour,plus4K,51.6,0
Tokachi,right,62.2,overflow,plus4K,44.4,0
Tokachi,right,62.2,fluvial_scour,plus4K,44.4,0
Tokachi,right,62.2,overflow,plus4K,44.6,0
Tokachi,right,62.2,fluvial_scour,plus4K,44.6,0
Tokachi,right,62.2,overflow,plus4K,44.8,0
Tokachi,right,62.2,fluvial_scour,plus4K,44.8,0
Tokachi,right,62.2,overflow,plus4K,45,0
Tokachi,right,62.2,fluvial_scour,plus4K,45,0
Tokachi,right,62.2,overflow,plus4K,45.2,0
Tokachi,right,62.2,fluvial_scour,plus4K,45.2,0
Tokachi,right,62.2,overflow,plus4K,45.4,0
Tokachi,right,62.2,fluvial_scour,plus4K,45.4,0
Tokachi,right,62.2,overflow,plus4K,45.6,0
Tokachi,right,62.2,fluvial_scour,plus4K,45.6,0
Tokachi,right,62.2,overflow,plus4K,45.8,0
Tokachi,right,62.2,fluvial_scour,plus4K,45.8,0
Tokachi,right,62.2,overflow,plus4K,46,0
Tokachi,right,62.2,fluvial_scour,plus4K,46,0
Tokachi,right,62.2,overflow,plus4K,46.2,0
Tokachi,right,62.2,fluvial_scour,plus4K,46.2,0
Tokachi,right,62.2,overflow,plus4K,46.4,0
Tokachi,right,62.2,fluvial_scour,plus4K,46.4,0
Tokachi,right,62.2,overflow,plus4K,46.6,0
Tokachi,right,62.2,fluvial_scour,plus4K,46.6,0
Tokachi,right,62.2,overflow,plus4K,46.8,0
Tokachi,right,62.2,fluvial_scour,plus4K,46.8,0
Tokachi,right,62.2,overflow,plus4K,47,0
Tokachi,right,62.2,fluvial_scour,plus4K,47,0
Tokachi,right,62.2,overflow,plus4K,47.2,0
Tokachi,right,62.2,fluvial_scour,plus4K,47.2,0
Tokachi,right,62.2,overflow,plus4K,47.4,0
Tokachi,right,62.2,fluvial_scour,plus4K,47.4,0
Tokachi,right,62.2,overflow,plus4K,47.6,0
Tokachi,right,62.2,fluvial_scour,plus4K,47.6,0
Tokachi,right,62.2,overflow,plus4K,47.8,0
Tokachi,right,62.2,fluvial_scour,plus4K,47.8,0
Tokachi,right,62.2,overflow,plus4K,48,0.0001
Tokachi,right,62.2,fluvial_scour,plus4K,48,0
Tokachi,right,62.2,overflow,plus4K,48.2,0.0013
Tokachi,right,62.2,fluvial_scour,plus4K,48.2,0
Tokachi,right,62.2,overflow,plus4K,48.4,0.0094
Tokachi,right,62.2,fluvial_scour,plus4K,48.4,0
Tokachi,right,62.2,overflow,plus4K,48.6,0.0466
Tokachi,right,62.2,fluvial_scour,plus4K,48.6,0
Tokachi,right,62.2,overflow,plus4K,48.8,0.1553
Tokachi,right,62.2,fluvial_scour,plus4K,48.8,0
Tokachi,right,62.2,overflow,plus4K,49,0.3711
Tokachi,right,62.2,fluvial_scour,plus4K,49,0
Tokachi,right,62.2,overflow,plus4K,49.2,0.6357
Tokachi,right,62.2,fluvial_scour,plus4K,49.2,0
Tokachi,right,62.2,overflow,plus4K,49.4,0.8425
Tokachi,right,62.2,fluvial_scour,plus4K,49.4,0
Tokachi,right,62.2,overflow,plus4K,49.6,0.954
Tokachi,right,62.2,fluvial_scour,plus4K,49.6,0
Tokachi,right,62.2,overflow,plus4K,49.8,0.9917
Tokachi,right,62.2,fluvial_scour,plus4K,49.8,0
Tokachi,right,62.2,overflow,plus4K,50,0.999
Tokachi,right,62.2,fluvial_scour,plus4K,50,0
Tokachi,right,62.2,overflow,plus4K,50.2,1
Tokachi,right,62.2,fluvial_scour,plus4K,50.2,0
Tokachi,right,62.2,overflow,plus4K,50.4,1
Tokachi,right,62.2,fluvial_scour,plus4K,50.4,0
Tokachi,right,62.2,overflow,plus4K,50.6,1
Tokachi,right,62.2,fluvial_scour,plus4K,50.6,0
Tokachi,right,62.2,overflow,plus4K,50.8,1
Tokachi,right,62.2,fluvial_scour,plus4K,50.8,0
Tokachi,right,62.2,overflow,plus4K,51,1
Tokachi,right,62.2,fluvial_scour,plus4K,51,0
Tokachi,right,62.2,overflow,plus4K,51.2,1
Tokachi,right,62.2,fluvial_scour,plus4K,51.2,0
Tokachi,right,62.2,overflow,plus4K,51.4,1
Tokachi,right,62.2,fluvial_scour,plus4K,51.4,0
Tokachi,right,62.2,overflow,plus4K,51.6,1
Tokachi,right,62.2,fluvial_scour,plus4K,51.6,0
Tokachi,right,62.2,overflow,plus4K,51.8,1
Tokachi,right,62.2,fluvial_scour,plus4K,51.8,0
Tokachi,right,62.4,overflow,plus4K,45,0
Tokachi,right,62.4,fluvial_scour,plus4K,45,0
Tokachi,right,62.4,overflow,plus4K,45.2,0
Tokachi,right,62.4,fluvial_scour,plus4K,45.2,0
Tokachi,right,62.4,overflow,plus4K,45.4,0
Tokachi,right,62.4,fluvial_scour,plus4K,45.4,0
Tokachi,right,62.4,overflow,plus4K,45.6,0
Tokachi,right,62.4,fluvial_scour,plus4K,45.6,0
Tokachi,right,62.4,overflow,plus4K,45.8,0
Tokachi,right,62.4,fluvial_scour,plus4K,45.8,0
Tokachi,right,62.4,overflow,plus4K,46,0
Tokachi,right,62.4,fluvial_scour,plus4K,46,0
Tokachi,right,62.4,overflow,plus4K,46.2,0
Tokachi,right,62.4,fluvial_scour,plus4K,46.2,0
Tokachi,right,62.4,overflow,plus4K,46.4,0
Tokachi,right,62.4,fluvial_scour,plus4K,46.4,0
Tokachi,right,62.4,overflow,plus4K,46.6,0
Tokachi,right,62.4,fluvial_scour,plus4K,46.6,0
Tokachi,right,62.4,overflow,plus4K,46.8,0
Tokachi,right,62.4,fluvial_scour,plus4K,46.8,0
Tokachi,right,62.4,overflow,plus4K,47,0
Tokachi,right,62.4,fluvial_scour,plus4K,47,0
Tokachi,right,62.4,overflow,plus4K,47.2,0
Tokachi,right,62.4,fluvial_scour,plus4K,47.2,0
Tokachi,right,62.4,overflow,plus4K,47.4,0
Tokachi,right,62.4,fluvial_scour,plus4K,47.4,0
Tokachi,right,62.4,overflow,plus4K,47.6,0
Tokachi,right,62.4,fluvial_scour,plus4K,47.6,0
Tokachi,right,62.4,overflow,plus4K,47.8,0
Tokachi,right,62.4,fluvial_scour,plus4K,47.8,0
Tokachi,right,62.4,overflow,plus4K,48,0
Tokachi,right,62.4,fluvial_scour,plus4K,48,0
Tokachi,right,62.4,overflow,plus4K,48.2,0.0001
Tokachi,right,62.4,fluvial_scour,plus4K,48.2,0
Tokachi,right,62.4,overflow,plus4K,48.4,0.0007
Tokachi,right,62.4,fluvial_scour,plus4K,48.4,0
Tokachi,right,62.4,overflow,plus4K,48.6,0.0068
Tokachi,right,62.4,fluvial_scour,plus4K,48.6,0
Tokachi,right,62.4,overflow,plus4K,48.8,0.0438
Tokachi,right,62.4,fluvial_scour,plus4K,48.8,0
Tokachi,right,62.4,overflow,plus4K,49,0.1531
Tokachi,right,62.4,fluvial_scour,plus4K,49,0
Tokachi,right,62.4,overflow,plus4K,49.2,0.3662
Tokachi,right,62.4,fluvial_scour,plus4K,49.2,0
Tokachi,right,62.4,overflow,plus4K,49.4,0.6326
Tokachi,right,62.4,fluvial_scour,plus4K,49.4,0
Tokachi,right,62.4,overflow,plus4K,49.6,0.8433
Tokachi,right,62.4,fluvial_scour,plus4K,49.6,0
Tokachi,right,62.4,overflow,plus4K,49.8,0.9542
Tokachi,right,62.4,fluvial_scour,plus4K,49.8,0
Tokachi,right,62.4,overflow,plus4K,50,0.9906
Tokachi,right,62.4,fluvial_scour,plus4K,50,0
Tokachi,right,62.4,overflow,plus4K,50.2,0.9989
Tokachi,right,62.4,fluvial_scour,plus4K,50.2,0
Tokachi,right,62.4,overflow,plus4K,50.4,0.9999
Tokachi,right,62.4,fluvial_scour,plus4K,50.4,0
Tokachi,right,62.4,overflow,plus4K,50.6,1
Tokachi,right,62.4,fluvial_scour,plus4K,50.6,0
Tokachi,right,62.4,overflow,plus4K,50.8,1
Tokachi,right,62.4,fluvial_scour,plus4K,50.8,0
Tokachi,right,62.4,overflow,plus4K,51,1
Tokachi,right,62.4,fluvial_scour,plus4K,51,0
Tokachi,right,62.4,overflow,plus4K,51.2,1
Tokachi,right,62.4,fluvial_scour,plus4K,51.2,0
Tokachi,right,62.4,overflow,plus4K,51.4,1
Tokachi,right,62.4,fluvial_scour,plus4K,51.4,0
Tokachi,right,62.4,overflow,plus4K,51.6,1
Tokachi,right,62.4,fluvial_scour,plus4K,51.6,0
Tokachi,right,62.4,overflow,plus4K,51.8,1
Tokachi,right,62.4,fluvial_scour,plus4K,51.8,0
Tokachi,right,62.4,overflow,plus4K,52,1
Tokachi,right,62.4,fluvial_scour,plus4K,52,0
Tokachi,right,62.6,overflow,plus4K,44.6,0
Tokachi,right,62.6,fluvial_scour,plus4K,44.6,0
Tokachi,right,62.6,overflow,plus4K,44.8,0
Tokachi,right,62.6,fluvial_scour,plus4K,44.8,0
Tokachi,right,62.6,overflow,plus4K,45,0
Tokachi,right,62.6,fluvial_scour,plus4K,45,0
Tokachi,right,62.6,overflow,plus4K,45.2,0
Tokachi,right,62.6,fluvial_scour,plus4K,45.2,0
Tokachi,right,62.6,overflow,plus4K,45.4,0
Tokachi,right,62.6,fluvial_scour,plus4K,45.4,0
Tokachi,right,62.6,overflow,plus4K,45.6,0
Tokachi,right,62.6,fluvial_scour,plus4K,45.6,0
Tokachi,right,62.6,overflow,plus4K,45.8,0
Tokachi,right,62.6,fluvial_scour,plus4K,45.8,0
Tokachi,right,62.6,overflow,plus4K,46,0
Tokachi,right,62.6,fluvial_scour,plus4K,46,0
Tokachi,right,62.6,overflow,plus4K,46.2,0
Tokachi,right,62.6,fluvial_scour,plus4K,46.2,0
Tokachi,right,62.6,overflow,plus4K,46.4,0
Tokachi,right,62.6,fluvial_scour,plus4K,46.4,0
Tokachi,right,62.6,overflow,plus4K,46.6,0
Tokachi,right,62.6,fluvial_scour,plus4K,46.6,0
Tokachi,right,62.6,overflow,plus4K,46.8,0
Tokachi,right,62.6,fluvial_scour,plus4K,46.8,0
Tokachi,right,62.6,overflow,plus4K,47,0
Tokachi,right,62.6,fluvial_scour,plus4K,47,0
Tokachi,right,62.6,overflow,plus4K,47.2,0
Tokachi,right,62.6,fluvial_scour,plus4K,47.2,0
Tokachi,right,62.6,overflow,plus4K,47.4,0
Tokachi,right,62.6,fluvial_scour,plus4K,47.4,0
Tokachi,right,62.6,overflow,plus4K,47.6,0
Tokachi,right,62.6,fluvial_scour,plus4K,47.6,0
Tokachi,right,62.6,overflow,plus4K,47.8,0
Tokachi,right,62.6,fluvial_scour,plus4K,47.8,0
Tokachi,right,62.6,overflow,plus4K,48,0
Tokachi,right,62.6,fluvial_scour,plus4K,48,0
Tokachi,right,62.6,overflow,plus4K,48.2,0
Tokachi,right,62.6,fluvial_scour,plus4K,48.2,0
Tokachi,right,62.6,overflow,plus4K,48.4,0
Tokachi,right,62.6,fluvial_scour,plus4K,48.4,0
Tokachi,right,62.6,overflow,plus4K,48.6,0
Tokachi,right,62.6,fluvial_scour,plus4K,48.6,0
Tokachi,right,62.6,overflow,plus4K,48.8,0.0017
Tokachi,right,62.6,fluvial_scour,plus4K,48.8,0
Tokachi,right,62.6,overflow,plus4K,49,0.0128
Tokachi,right,62.6,fluvial_scour,plus4K,49,0
Tokachi,right,62.6,overflow,plus4K,49.2,0.0632
Tokachi,right,62.6,fluvial_scour,plus4K,49.2,0
Tokachi,right,62.6,overflow,plus4K,49.4,0.2016
Tokachi,right,62.6,fluvial_scour,plus4K,49.4,0
Tokachi,right,62.6,overflow,plus4K,49.6,0.4371
Tokachi,right,62.6,fluvial_scour,plus4K,49.6,0
Tokachi,right,62.6,overflow,plus4K,49.8,0.7036
Tokachi,right,62.6,fluvial_scour,plus4K,49.8,0
Tokachi,right,62.6,overflow,plus4K,50,0.8899
Tokachi,right,62.6,fluvial_scour,plus4K,50,0
Tokachi,right,62.6,overflow,plus4K,50.2,0.9725
Tokachi,right,62.6,fluvial_scour,plus4K,50.2,0
Tokachi,right,62.6,overflow,plus4K,50.4,0.9951
Tokachi,right,62.6,fluvial_scour,plus4K,50.4,0
Tokachi,right,62.6,overflow,plus4K,50.6,0.9992
Tokachi,right,62.6,fluvial_scour,plus4K,50.6,0
Tokachi,right,62.6,overflow,plus4K,50.8,1
Tokachi,right,62.6,fluvial_scour,plus4K,50.8,0
Tokachi,right,62.6,overflow,plus4K,51,1
Tokachi,right,62.6,fluvial_scour,plus4K,51,0
Tokachi,right,62.6,overflow,plus4K,51.2,1
Tokachi,right,62.6,fluvial_scour,plus4K,51.2,0
Tokachi,right,62.6,overflow,plus4K,51.4,1
Tokachi,right,62.6,fluvial_scour,plus4K,51.4,0
Tokachi,right,62.6,overflow,plus4K,51.6,1
Tokachi,right,62.6,fluvial_scour,plus4K,51.6,0
Tokachi,right,62.6,overflow,plus4K,51.8,1
Tokachi,right,62.6,fluvial_scour,plus4K,51.8,0
Tokachi,right,62.6,overflow,plus4K,52,1
Tokachi,right,62.6,fluvial_scour,plus4K,52,0
Tokachi,right,62.6,overflow,plus4K,52.2,1
Tokachi,right,62.6,fluvial_scour,plus4K,52.2,0
Tokachi,right,62.6,overflow,plus4K,52.4,1
Tokachi,right,62.6,fluvial_scour,plus4K,52.4,0
Tokachi,right,62.8,overflow,plus4K,45,0
Tokachi,right,62.8,fluvial_scour,plus4K,45,0
Tokachi,right,62.8,overflow,plus4K,45.2,0
Tokachi,right,62.8,fluvial_scour,plus4K,45.2,0
Tokachi,right,62.8,overflow,plus4K,45.4,0
Tokachi,right,62.8,fluvial_scour,plus4K,45.4,0
Tokachi,right,62.8,overflow,plus4K,45.6,0
Tokachi,right,62.8,fluvial_scour,plus4K,45.6,0
Tokachi,right,62.8,overflow,plus4K,45.8,0
Tokachi,right,62.8,fluvial_scour,plus4K,45.8,0
Tokachi,right,62.8,overflow,plus4K,46,0
Tokachi,right,62.8,fluvial_scour,plus4K,46,0
Tokachi,right,62.8,overflow,plus4K,46.2,0
Tokachi,right,62.8,fluvial_scour,plus4K,46.2,0
Tokachi,right,62.8,overflow,plus4K,46.4,0
Tokachi,right,62.8,fluvial_scour,plus4K,46.4,0
Tokachi,right,62.8,overflow,plus4K,46.6,0
Tokachi,right,62.8,fluvial_scour,plus4K,46.6,0
Tokachi,right,62.8,overflow,plus4K,46.8,0
Tokachi,right,62.8,fluvial_scour,plus4K,46.8,0
Tokachi,right,62.8,overflow,plus4K,47,0
Tokachi,right,62.8,fluvial_scour,plus4K,47,0
Tokachi,right,62.8,overflow,plus4K,47.2,0
Tokachi,right,62.8,fluvial_scour,plus4K,47.2,0
Tokachi,right,62.8,overflow,plus4K,47.4,0
Tokachi,right,62.8,fluvial_scour,plus4K,47.4,0
Tokachi,right,62.8,overflow,plus4K,47.6,0
Tokachi,right,62.8,fluvial_scour,plus4K,47.6,0
Tokachi,right,62.8,overflow,plus4K,47.8,0
Tokachi,right,62.8,fluvial_scour,plus4K,47.8,0
Tokachi,right,62.8,overflow,plus4K,48,0
Tokachi,right,62.8,fluvial_scour,plus4K,48,0
Tokachi,right,62.8,overflow,plus4K,48.2,0
Tokachi,right,62.8,fluvial_scour,plus4K,48.2,0
Tokachi,right,62.8,overflow,plus4K,48.4,0
Tokachi,right,62.8,fluvial_scour,plus4K,48.4,0
Tokachi,right,62.8,overflow,plus4K,48.6,0
Tokachi,right,62.8,fluvial_scour,plus4K,48.6,0
Tokachi,right,62.8,overflow,plus4K,48.8,0.0001
Tokachi,right,62.8,fluvial_scour,plus4K,48.8,0
Tokachi,right,62.8,overflow,plus4K,49,0.0005
Tokachi,right,62.8,fluvial_scour,plus4K,49,0
Tokachi,right,62.8,overflow,plus4K,49.2,0.0062
Tokachi,right,62.8,fluvial_scour,plus4K,49.2,0
Tokachi,right,62.8,overflow,plus4K,49.4,0.0335
Tokachi,right,62.8,fluvial_scour,plus4K,49.4,0
Tokachi,right,62.8,overflow,plus4K,49.6,0.1206
Tokachi,right,62.8,fluvial_scour,plus4K,49.6,0
Tokachi,right,62.8,overflow,plus4K,49.8,0.3086
Tokachi,right,62.8,fluvial_scour,plus4K,49.8,0
Tokachi,right,62.8,overflow,plus4K,50,0.5769
Tokachi,right,62.8,fluvial_scour,plus4K,50,0
Tokachi,right,62.8,overflow,plus4K,50.2,0.8053
Tokachi,right,62.8,fluvial_scour,plus4K,50.2,0
Tokachi,right,62.8,overflow,plus4K,50.4,0.9398
Tokachi,right,62.8,fluvial_scour,plus4K,50.4,0
Tokachi,right,62.8,overflow,plus4K,50.6,0.9855
Tokachi,right,62.8,fluvial_scour,plus4K,50.6,0
Tokachi,right,62.8,overflow,plus4K,50.8,0.9979
Tokachi,right,62.8,fluvial_scour,plus4K,50.8,0
Tokachi,right,62.8,overflow,plus4K,51,0.9999
Tokachi,right,62.8,fluvial_scour,plus4K,51,0
Tokachi,right,62.8,overflow,plus4K,51.2,1
Tokachi,right,62.8,fluvial_scour,plus4K,51.2,0
Tokachi,right,62.8,overflow,plus4K,51.4,1
Tokachi,right,62.8,fluvial_scour,plus4K,51.4,0
Tokachi,right,62.8,overflow,plus4K,51.6,1
Tokachi,right,62.8,fluvial_scour,plus4K,51.6,0
Tokachi,right,62.8,overflow,plus4K,51.8,1
Tokachi,right,62.8,fluvial_scour,plus4K,51.8,0
Tokachi,right,62.8,overflow,plus4K,52,1
Tokachi,right,62.8,fluvial_scour,plus4K,52,0
Tokachi,right,62.8,overflow,plus4K,52.2,1
Tokachi,right,62.8,fluvial_scour,plus4K,52.2,0
Tokachi,right,62.8,overflow,plus4K,52.4,1
Tokachi,right,62.8,fluvial_scour,plus4K,52.4,0
Tokachi,right,62.8,overflow,plus4K,52.6,1
Tokachi,right,62.8,fluvial_scour,plus4K,52.6,0
